"scenario","d","n","beta","rep","seed_data","seed_bootstrap","status","error_message","warning_message","ks_observed","cvm_observed","ks_pvalue","cvm_pvalue","ks_reject","cvm_reject","effective_bootstrap_method","elapsed_seconds","slurm_job_id"
"S3",5,100,0,1,24261926,34261945,"ok",NA,NA,1.41799167438582,0.130723650113255,0.13986013986014,0.220779220779221,FALSE,FALSE,"fast_multiplier",1.016,"35328"
"S3",5,100,0,2,24262935,34262954,"ok",NA,NA,1.08215785291824,0.0786957075658993,0.685314685314685,0.714285714285714,FALSE,FALSE,"fast_multiplier",1.017,"35328"
"S3",5,100,0,3,24263944,34263963,"ok",NA,NA,1.1903632270381,0.0976333373391537,0.445554445554446,0.470529470529471,FALSE,FALSE,"fast_multiplier",1.006,"35328"
"S3",5,100,0,4,24264953,34264972,"ok",NA,NA,1.2313757904781,0.0967364851257716,0.410589410589411,0.526473526473527,FALSE,FALSE,"fast_multiplier",1.015,"35328"
"S3",5,100,0,5,24265962,34265981,"ok",NA,NA,1.16368379019256,0.0881234999988547,0.484515484515485,0.571428571428571,FALSE,FALSE,"fast_multiplier",1.009,"35328"
"S3",5,100,0,6,24266971,34266990,"ok",NA,NA,1.39110691057219,0.150830142736298,0.156843156843157,0.161838161838162,FALSE,FALSE,"fast_multiplier",1.011,"35328"
"S3",5,100,0,7,24267980,34267999,"ok",NA,NA,1.6145210802945,0.275704182475445,0.023976023976024,0.00999000999000999,TRUE,TRUE,"fast_multiplier",1.007,"35328"
"S3",5,100,0,8,24268989,34269008,"ok",NA,NA,1.28844732097623,0.105138905739826,0.277722277722278,0.400599400599401,FALSE,FALSE,"fast_multiplier",1.007,"35328"
"S3",5,100,0,9,24269998,34270017,"ok",NA,NA,1.05082920121315,0.0720728456826019,0.715284715284715,0.766233766233766,FALSE,FALSE,"fast_multiplier",0.999,"35328"
"S3",5,100,0,10,24271007,34271026,"ok",NA,NA,1.12401295519853,0.0743327503911805,0.597402597402597,0.775224775224775,FALSE,FALSE,"fast_multiplier",0.993,"35328"
"S3",5,100,0,11,24272016,34272035,"ok",NA,NA,1.13370142299456,0.0987150353153931,0.544455544455544,0.453546453546454,FALSE,FALSE,"fast_multiplier",1.002,"35328"
"S3",5,100,0,12,24273025,34273044,"ok",NA,NA,1.26097904457364,0.098505433305357,0.312687312687313,0.457542457542458,FALSE,FALSE,"fast_multiplier",0.991,"35328"
"S3",5,100,0,13,24274034,34274053,"ok",NA,NA,1.35387386958967,0.165782398449451,0.191808191808192,0.12987012987013,FALSE,FALSE,"fast_multiplier",1.001,"35328"
"S3",5,100,0,14,24275043,34275062,"ok",NA,NA,1.20113963513899,0.109917351696656,0.38961038961039,0.308691308691309,FALSE,FALSE,"fast_multiplier",0.999,"35328"
"S3",5,100,0,15,24276052,34276071,"ok",NA,NA,1.15682175796178,0.0853703081051177,0.462537462537463,0.569430569430569,FALSE,FALSE,"fast_multiplier",0.99,"35328"
"S3",5,100,0,16,24277061,34277080,"ok",NA,NA,1.34705725814798,0.133636842468367,0.170829170829171,0.172827172827173,FALSE,FALSE,"fast_multiplier",0.996,"35328"
"S3",5,100,0,17,24278070,34278089,"ok",NA,NA,1.32433548707956,0.124054089233869,0.254745254745255,0.2997002997003,FALSE,FALSE,"fast_multiplier",0.99,"35328"
"S3",5,100,0,18,24279079,34279098,"ok",NA,NA,1.09936455802548,0.0802914976523563,0.594405594405594,0.639360639360639,FALSE,FALSE,"fast_multiplier",0.975,"35328"
"S3",5,100,0,19,24280088,34280107,"ok",NA,NA,1.26769376419229,0.121128745783954,0.255744255744256,0.196803196803197,FALSE,FALSE,"fast_multiplier",0.947,"35328"
"S3",5,100,0,20,24281097,34281116,"ok",NA,NA,1.14393563855724,0.111424381067555,0.531468531468531,0.321678321678322,FALSE,FALSE,"fast_multiplier",0.965,"35328"
"S3",5,100,0,21,24282106,34282125,"ok",NA,NA,1.19843050442341,0.116054610532429,0.418581418581419,0.290709290709291,FALSE,FALSE,"fast_multiplier",0.984,"35328"
"S3",5,100,0,22,24283115,34283134,"ok",NA,NA,1.34277771142614,0.122829455773555,0.186813186813187,0.266733266733267,FALSE,FALSE,"fast_multiplier",0.943,"35328"
"S3",5,100,0,23,24284124,34284143,"ok",NA,NA,1.26436939697423,0.0776585477247809,0.311688311688312,0.727272727272727,FALSE,FALSE,"fast_multiplier",0.982,"35328"
"S3",5,100,0,24,24285133,34285152,"ok",NA,NA,1.24329914669465,0.127673398013318,0.356643356643357,0.261738261738262,FALSE,FALSE,"fast_multiplier",0.982,"35328"
"S3",5,100,0,25,24286142,34286161,"ok",NA,NA,1.45370264038298,0.19195929264919,0.0999000999000999,0.0769230769230769,FALSE,FALSE,"fast_multiplier",0.978,"35328"
"S3",5,100,0,26,24287151,34287170,"ok",NA,NA,1.38328378981148,0.18340105090986,0.137862137862138,0.0719280719280719,FALSE,FALSE,"fast_multiplier",0.981,"35328"
"S3",5,100,0,27,24288160,34288179,"ok",NA,NA,1.04232526188308,0.0795689622525747,0.755244755244755,0.671328671328671,FALSE,FALSE,"fast_multiplier",1.013,"35328"
"S3",5,100,0,28,24289169,34289188,"ok",NA,NA,1.32463597721,0.0923556882417139,0.203796203796204,0.511488511488511,FALSE,FALSE,"fast_multiplier",0.978,"35328"
"S3",5,100,0,29,24290178,34290197,"ok",NA,NA,1.70998657027144,0.255349520348937,0.020979020979021,0.03996003996004,TRUE,TRUE,"fast_multiplier",0.977,"35328"
"S3",5,100,0,30,24291187,34291206,"ok",NA,NA,1.07263706147663,0.067852498678801,0.657342657342657,0.836163836163836,FALSE,FALSE,"fast_multiplier",0.971,"35328"
"S3",5,100,0,31,24292196,34292215,"ok",NA,NA,1.10238006601614,0.0816898712294237,0.613386613386613,0.633366633366633,FALSE,FALSE,"fast_multiplier",0.974,"35328"
"S3",5,100,0,32,24293205,34293224,"ok",NA,NA,1.69772814712698,0.318958207529501,0.015984015984016,0.004995004995005,TRUE,TRUE,"fast_multiplier",0.973,"35328"
"S3",5,100,0,33,24294214,34294233,"ok",NA,NA,1.32974685124634,0.0939075575953732,0.228771228771229,0.512487512487512,FALSE,FALSE,"fast_multiplier",0.998,"35328"
"S3",5,100,0,34,24295223,34295242,"ok",NA,NA,1.0262087693897,0.0775668655656342,0.776223776223776,0.698301698301698,FALSE,FALSE,"fast_multiplier",0.997,"35328"
"S3",5,100,0,35,24296232,34296251,"ok",NA,NA,1.40814874792863,0.152198973979603,0.0999000999000999,0.0959040959040959,FALSE,FALSE,"fast_multiplier",1.026,"35328"
"S3",5,100,0,36,24297241,34297260,"ok",NA,NA,1.05643224120714,0.0708316073371558,0.748251748251748,0.849150849150849,FALSE,FALSE,"fast_multiplier",1.019,"35328"
"S3",5,100,0,37,24298250,34298269,"ok",NA,NA,1.16624165548814,0.072529631662156,0.43956043956044,0.743256743256743,FALSE,FALSE,"fast_multiplier",1.023,"35328"
"S3",5,100,0,38,24299259,34299278,"ok",NA,NA,1.17692876865028,0.129661082875193,0.43956043956044,0.214785214785215,FALSE,FALSE,"fast_multiplier",1.017,"35328"
"S3",5,100,0,39,24300268,34300287,"ok",NA,NA,1.62900464012368,0.230863385077186,0.045954045954046,0.0609390609390609,TRUE,FALSE,"fast_multiplier",1.02,"35328"
"S3",5,100,0,40,24301277,34301296,"ok",NA,NA,0.985501326132565,0.0708393478913514,0.871128871128871,0.82017982017982,FALSE,FALSE,"fast_multiplier",1.024,"35328"
"S3",5,100,0,41,24302286,34302305,"ok",NA,NA,1.28525062975847,0.143491745098931,0.291708291708292,0.172827172827173,FALSE,FALSE,"fast_multiplier",1.018,"35328"
"S3",5,100,0,42,24303295,34303314,"ok",NA,NA,1.0082766119247,0.0710372594516396,0.795204795204795,0.771228771228771,FALSE,FALSE,"fast_multiplier",1.013,"35328"
"S3",5,100,0,43,24304304,34304323,"ok",NA,NA,1.33265620038503,0.130046069030086,0.21978021978022,0.210789210789211,FALSE,FALSE,"fast_multiplier",1.022,"35328"
"S3",5,100,0,44,24305313,34305332,"ok",NA,NA,1.12438748846305,0.10804855076844,0.614385614385614,0.391608391608392,FALSE,FALSE,"fast_multiplier",1.022,"35328"
"S3",5,100,0,45,24306322,34306341,"ok",NA,NA,1.0740012375916,0.0715451071712041,0.679320679320679,0.811188811188811,FALSE,FALSE,"fast_multiplier",1.02,"35328"
"S3",5,100,0,46,24307331,34307350,"ok",NA,NA,1.10636679825225,0.104175995144748,0.6003996003996,0.331668331668332,FALSE,FALSE,"fast_multiplier",1.019,"35328"
"S3",5,100,0,47,24308340,34308359,"ok",NA,NA,1.30364799764846,0.0731434275821667,0.24975024975025,0.787212787212787,FALSE,FALSE,"fast_multiplier",1.018,"35328"
"S3",5,100,0,48,24309349,34309368,"ok",NA,NA,1.20693833820857,0.108959082731894,0.362637362637363,0.301698301698302,FALSE,FALSE,"fast_multiplier",1.016,"35328"
"S3",5,100,0,49,24310358,34310377,"ok",NA,NA,1.220539178338,0.0865449165293265,0.38961038961039,0.581418581418581,FALSE,FALSE,"fast_multiplier",1.022,"35328"
"S3",5,100,0,50,24311367,34311386,"ok",NA,NA,1.19371591132916,0.0726805081310169,0.406593406593407,0.766233766233766,FALSE,FALSE,"fast_multiplier",1.021,"35328"
"S3",5,100,0,51,24312376,34312395,"ok",NA,NA,1.03096654243891,0.0857391716017702,0.755244755244755,0.555444555444555,FALSE,FALSE,"fast_multiplier",1.02,"35328"
"S3",5,100,0,52,24313385,34313404,"ok",NA,NA,1.1520055693433,0.0822818421087383,0.514485514485514,0.655344655344655,FALSE,FALSE,"fast_multiplier",1.036,"35328"
"S3",5,100,0,53,24314394,34314413,"ok",NA,NA,1.18079547919969,0.111856155996551,0.442557442557443,0.326673326673327,FALSE,FALSE,"fast_multiplier",1.008,"35328"
"S3",5,100,0,54,24315403,34315422,"ok",NA,NA,1.20483989829283,0.0889819969910045,0.427572427572428,0.59040959040959,FALSE,FALSE,"fast_multiplier",1.021,"35328"
"S3",5,100,0,55,24316412,34316431,"ok",NA,NA,1.30856160284104,0.103329183108714,0.296703296703297,0.463536463536464,FALSE,FALSE,"fast_multiplier",1.03,"35328"
"S3",5,100,0,56,24317421,34317440,"ok",NA,NA,0.988529316753584,0.0788495183399599,0.87012987012987,0.713286713286713,FALSE,FALSE,"fast_multiplier",1.029,"35328"
"S3",5,100,0,57,24318430,34318449,"ok",NA,NA,1.15665071756092,0.0743738924762522,0.48951048951049,0.735264735264735,FALSE,FALSE,"fast_multiplier",1.026,"35328"
"S3",5,100,0,58,24319439,34319458,"ok",NA,NA,1.00264160850196,0.0697882420125538,0.802197802197802,0.8001998001998,FALSE,FALSE,"fast_multiplier",1.028,"35328"
"S3",5,100,0,59,24320448,34320467,"ok",NA,NA,1.20587554465833,0.117175516737921,0.390609390609391,0.288711288711289,FALSE,FALSE,"fast_multiplier",1.027,"35328"
"S3",5,100,0,60,24321457,34321476,"ok",NA,NA,1.07330031636563,0.0902629582231751,0.712287712287712,0.598401598401598,FALSE,FALSE,"fast_multiplier",1.023,"35328"
"S3",5,100,0,61,24322466,34322485,"ok",NA,NA,1.15546373129688,0.0992752757226004,0.47952047952048,0.407592407592408,FALSE,FALSE,"fast_multiplier",1.024,"35328"
"S3",5,100,0,62,24323475,34323494,"ok",NA,NA,1.0767635884076,0.0824365189656687,0.682317682317682,0.653346653346653,FALSE,FALSE,"fast_multiplier",1.025,"35328"
"S3",5,100,0,63,24324484,34324503,"ok",NA,NA,1.00022957159893,0.0623873452090209,0.845154845154845,0.925074925074925,FALSE,FALSE,"fast_multiplier",1.024,"35328"
"S3",5,100,0,64,24325493,34325512,"ok",NA,NA,1.70930233837136,0.2372779901739,0.00599400599400599,0.017982017982018,TRUE,TRUE,"fast_multiplier",1.007,"35328"
"S3",5,100,0,65,24326502,34326521,"ok",NA,NA,1.17006086058628,0.130895973734461,0.441558441558442,0.171828171828172,FALSE,FALSE,"fast_multiplier",0.951,"35328"
"S3",5,100,0,66,24327511,34327530,"ok",NA,NA,1.16187905448796,0.0753280269347646,0.526473526473527,0.768231768231768,FALSE,FALSE,"fast_multiplier",0.932,"35328"
"S3",5,100,0,67,24328520,34328539,"ok",NA,NA,1.31997591842426,0.109794969392942,0.216783216783217,0.331668331668332,FALSE,FALSE,"fast_multiplier",0.94,"35328"
"S3",5,100,0,68,24329529,34329548,"ok",NA,NA,1.72923010577245,0.325576787396766,0.00999000999000999,0.004995004995005,TRUE,TRUE,"fast_multiplier",0.954000000000001,"35328"
"S3",5,100,0,69,24330538,34330557,"ok",NA,NA,1.07652760527369,0.085046192755796,0.622377622377622,0.542457542457542,FALSE,FALSE,"fast_multiplier",0.959000000000001,"35328"
"S3",5,100,0,70,24331547,34331566,"ok",NA,NA,0.943930164518664,0.0544635851198375,0.9000999000999,0.965034965034965,FALSE,FALSE,"fast_multiplier",0.965,"35328"
"S3",5,100,0,71,24332556,34332575,"ok",NA,NA,1.10151556147406,0.0843398980192403,0.617382617382617,0.632367632367632,FALSE,FALSE,"fast_multiplier",0.948,"35328"
"S3",5,100,0,72,24333565,34333584,"ok",NA,NA,1.33979684055051,0.103118280415757,0.222777222777223,0.446553446553447,FALSE,FALSE,"fast_multiplier",0.973,"35328"
"S3",5,100,0,73,24334574,34334593,"ok",NA,NA,0.959323058749051,0.0673391616837973,0.901098901098901,0.866133866133866,FALSE,FALSE,"fast_multiplier",0.949,"35328"
"S3",5,100,0,74,24335583,34335602,"ok",NA,NA,1.19288461162579,0.102595448906749,0.475524475524476,0.445554445554446,FALSE,FALSE,"fast_multiplier",0.975,"35328"
"S3",5,100,0,75,24336592,34336611,"ok",NA,NA,0.960571571814076,0.0640024708390159,0.893106893106893,0.907092907092907,FALSE,FALSE,"fast_multiplier",0.999,"35328"
"S3",5,100,0,76,24337601,34337620,"ok",NA,NA,1.05999184513658,0.0955727569743937,0.749250749250749,0.515484515484515,FALSE,FALSE,"fast_multiplier",0.972,"35328"
"S3",5,100,0,77,24338610,34338629,"ok",NA,NA,1.61976471987497,0.447009495330958,0.032967032967033,0.001998001998002,TRUE,TRUE,"fast_multiplier",0.956,"35328"
"S3",5,100,0,78,24339619,34339638,"ok",NA,NA,1.07501306408447,0.088894078560507,0.717282717282717,0.566433566433566,FALSE,FALSE,"fast_multiplier",0.97,"35328"
"S3",5,100,0,79,24340628,34340647,"ok",NA,NA,1.43032558634648,0.136146812625634,0.115884115884116,0.21978021978022,FALSE,FALSE,"fast_multiplier",0.976999999999999,"35328"
"S3",5,100,0,80,24341637,34341656,"ok",NA,NA,1.16676898115669,0.116985093223951,0.541458541458541,0.334665334665335,FALSE,FALSE,"fast_multiplier",1.077,"35328"
"S3",5,100,0,81,24342646,34342665,"ok",NA,NA,1.40970485478694,0.266299853645408,0.137862137862138,0.020979020979021,FALSE,TRUE,"fast_multiplier",0.968999999999999,"35328"
"S3",5,100,0,82,24343655,34343674,"ok",NA,NA,1.25630463695254,0.0923807113203396,0.353646353646354,0.555444555444555,FALSE,FALSE,"fast_multiplier",1.016,"35328"
"S3",5,100,0,83,24344664,34344683,"ok",NA,NA,1.16226419303885,0.124863796621341,0.4995004995005,0.232767232767233,FALSE,FALSE,"fast_multiplier",1.014,"35328"
"S3",5,100,0,84,24345673,34345692,"ok",NA,NA,1.21050296425756,0.106840317350095,0.348651348651349,0.323676323676324,FALSE,FALSE,"fast_multiplier",1.014,"35328"
"S3",5,100,0,85,24346682,34346701,"ok",NA,NA,1.03265308742977,0.0807832137988878,0.733266733266733,0.598401598401598,FALSE,FALSE,"fast_multiplier",1.014,"35328"
"S3",5,100,0,86,24347691,34347710,"ok",NA,NA,1.16842858883728,0.0665078625372974,0.467532467532468,0.855144855144855,FALSE,FALSE,"fast_multiplier",1.011,"35328"
"S3",5,100,0,87,24348700,34348719,"ok",NA,NA,1.01748927841951,0.0583569474925464,0.8001998001998,0.945054945054945,FALSE,FALSE,"fast_multiplier",0.976,"35328"
"S3",5,100,0,88,24349709,34349728,"ok",NA,NA,1.10763830514684,0.0989463144324666,0.629370629370629,0.464535464535465,FALSE,FALSE,"fast_multiplier",1.009,"35328"
"S3",5,100,0,89,24350718,34350737,"ok",NA,NA,1.25723466712917,0.103387351416205,0.271728271728272,0.367632367632368,FALSE,FALSE,"fast_multiplier",1.022,"35328"
"S3",5,100,0,90,24351727,34351746,"ok",NA,NA,1.08789329800622,0.0826765273134094,0.665334665334665,0.638361638361638,FALSE,FALSE,"fast_multiplier",1.033,"35328"
"S3",5,100,0,91,24352736,34352755,"ok",NA,NA,1.08135146525329,0.113177840923293,0.683316683316683,0.326673326673327,FALSE,FALSE,"fast_multiplier",1.022,"35328"
"S3",5,100,0,92,24353745,34353764,"ok",NA,NA,1.59108171632373,0.183546121150742,0.027972027972028,0.0549450549450549,TRUE,FALSE,"fast_multiplier",1.014,"35328"
"S3",5,100,0,93,24354754,34354773,"ok",NA,NA,1.28066023063001,0.0798388608588017,0.290709290709291,0.683316683316683,FALSE,FALSE,"fast_multiplier",1.012,"35328"
"S3",5,100,0,94,24355763,34355782,"ok",NA,NA,1.21042143130295,0.0740207470599263,0.425574425574426,0.771228771228771,FALSE,FALSE,"fast_multiplier",1.011,"35328"
"S3",5,100,0,95,24356772,34356791,"ok",NA,NA,1.56949935183784,0.175112615043859,0.02997002997003,0.0759240759240759,TRUE,FALSE,"fast_multiplier",1.011,"35328"
"S3",5,100,0,96,24357781,34357800,"ok",NA,NA,1.20014739535995,0.0777967715653456,0.37962037962038,0.697302697302697,FALSE,FALSE,"fast_multiplier",1.002,"35328"
"S3",5,100,0,97,24358790,34358809,"ok",NA,NA,1.04884758917818,0.0962353833243491,0.748251748251748,0.453546453546454,FALSE,FALSE,"fast_multiplier",0.996,"35328"
"S3",5,100,0,98,24359799,34359818,"ok",NA,NA,1.34226575225304,0.166480454685966,0.221778221778222,0.120879120879121,FALSE,FALSE,"fast_multiplier",0.987,"35328"
"S3",5,100,0,99,24360808,34360827,"ok",NA,NA,1.41969445882539,0.144776751068932,0.120879120879121,0.150849150849151,FALSE,FALSE,"fast_multiplier",1.025,"35328"
"S3",5,100,0,100,24361817,34361836,"ok",NA,NA,1.16015966846483,0.105425029627654,0.491508491508492,0.342657342657343,FALSE,FALSE,"fast_multiplier",0.984,"35328"
"S3",5,100,0,101,24362826,34362845,"ok",NA,NA,1.46457012821656,0.150132902040714,0.0899100899100899,0.126873126873127,FALSE,FALSE,"fast_multiplier",1.036,"35328"
"S3",5,100,0,102,24363835,34363854,"ok",NA,NA,1.42627710613265,0.13068777444052,0.10989010989011,0.194805194805195,FALSE,FALSE,"fast_multiplier",1.009,"35328"
"S3",5,100,0,103,24364844,34364863,"ok",NA,NA,1.1302777705273,0.0894996469064253,0.565434565434565,0.558441558441558,FALSE,FALSE,"fast_multiplier",1.007,"35328"
"S3",5,100,0,104,24365853,34365872,"ok",NA,NA,1.0196306542913,0.0784498479909069,0.782217782217782,0.703296703296703,FALSE,FALSE,"fast_multiplier",1.005,"35328"
"S3",5,100,0,105,24366862,34366881,"ok",NA,NA,1.54255999112309,0.26447665531487,0.0659340659340659,0.017982017982018,FALSE,TRUE,"fast_multiplier",1.028,"35328"
"S3",5,100,0,106,24367871,34367890,"ok",NA,NA,1.35408504152653,0.252603028267732,0.198801198801199,0.027972027972028,FALSE,TRUE,"fast_multiplier",1.025,"35328"
"S3",5,100,0,107,24368880,34368899,"ok",NA,NA,1.51315999261841,0.0965463140851067,0.0669330669330669,0.461538461538462,FALSE,FALSE,"fast_multiplier",1.025,"35328"
"S3",5,100,0,108,24369889,34369908,"ok",NA,NA,1.45590433229923,0.169651396086011,0.106893106893107,0.12987012987013,FALSE,FALSE,"fast_multiplier",1.022,"35328"
"S3",5,100,0,109,24370898,34370917,"ok",NA,NA,1.4474526548939,0.168096955157266,0.0609390609390609,0.0699300699300699,FALSE,FALSE,"fast_multiplier",1.016,"35328"
"S3",5,100,0,110,24371907,34371926,"ok",NA,NA,0.894929553858952,0.0590657335043642,0.972027972027972,0.956043956043956,FALSE,FALSE,"fast_multiplier",1.006,"35328"
"S3",5,100,0,111,24372916,34372935,"ok",NA,NA,1.11075450789735,0.0965184681201019,0.62037962037962,0.476523476523477,FALSE,FALSE,"fast_multiplier",1.016,"35328"
"S3",5,100,0,112,24373925,34373944,"ok",NA,NA,1.20549460770548,0.0997514720559608,0.388611388611389,0.402597402597403,FALSE,FALSE,"fast_multiplier",1.017,"35328"
"S3",5,100,0,113,24374934,34374953,"ok",NA,NA,1.5162168464802,0.134339700078603,0.047952047952048,0.187812187812188,TRUE,FALSE,"fast_multiplier",0.976000000000001,"35328"
"S3",5,100,0,114,24375943,34375962,"ok",NA,NA,1.45199655389203,0.156189224713064,0.0809190809190809,0.100899100899101,FALSE,FALSE,"fast_multiplier",0.941000000000001,"35328"
"S3",5,100,0,115,24376952,34376971,"ok",NA,NA,1.46990067084482,0.164819956022916,0.12987012987013,0.153846153846154,FALSE,FALSE,"fast_multiplier",0.973000000000001,"35328"
"S3",5,100,0,116,24377961,34377980,"ok",NA,NA,1.11172933674098,0.0947932228238397,0.579420579420579,0.467532467532468,FALSE,FALSE,"fast_multiplier",0.963000000000001,"35328"
"S3",5,100,0,117,24378970,34378989,"ok",NA,NA,1.21875120071962,0.170017374781105,0.378621378621379,0.0839160839160839,FALSE,FALSE,"fast_multiplier",0.970000000000001,"35328"
"S3",5,100,0,118,24379979,34379998,"ok",NA,NA,0.925979572376347,0.0574597341857634,0.923076923076923,0.938061938061938,FALSE,FALSE,"fast_multiplier",0.971,"35328"
"S3",5,100,0,119,24380988,34381007,"ok",NA,NA,1.1531696195839,0.1303709144506,0.516483516483517,0.227772227772228,FALSE,FALSE,"fast_multiplier",1.005,"35328"
"S3",5,100,0,120,24381997,34382016,"ok",NA,NA,1.41068125725664,0.191506957327804,0.113886113886114,0.051948051948052,FALSE,FALSE,"fast_multiplier",0.999000000000001,"35328"
"S3",5,100,0,121,24383006,34383025,"ok",NA,NA,1.0733612357138,0.0828474646334915,0.693306693306693,0.635364635364635,FALSE,FALSE,"fast_multiplier",1.006,"35328"
"S3",5,100,0,122,24384015,34384034,"ok",NA,NA,1.39039263273806,0.0843374870056306,0.125874125874126,0.575424575424575,FALSE,FALSE,"fast_multiplier",1.005,"35328"
"S3",5,100,0,123,24385024,34385043,"ok",NA,NA,1.46528543675011,0.169730580112076,0.0959040959040959,0.10989010989011,FALSE,FALSE,"fast_multiplier",1.002,"35328"
"S3",5,100,0,124,24386033,34386052,"ok",NA,NA,1.10077693683628,0.0779352542695305,0.581418581418581,0.683316683316683,FALSE,FALSE,"fast_multiplier",0.997,"35328"
"S3",5,100,0,125,24387042,34387061,"ok",NA,NA,1.54415770233746,0.217913686538671,0.047952047952048,0.043956043956044,TRUE,TRUE,"fast_multiplier",0.997,"35328"
"S3",5,100,0,126,24388051,34388070,"ok",NA,NA,1.11040986898464,0.0670230433539652,0.625374625374625,0.859140859140859,FALSE,FALSE,"fast_multiplier",0.997,"35328"
"S3",5,100,0,127,24389060,34389079,"ok",NA,NA,1.26911693192043,0.140613825082591,0.260739260739261,0.142857142857143,FALSE,FALSE,"fast_multiplier",0.995999999999999,"35328"
"S3",5,100,0,128,24390069,34390088,"ok",NA,NA,1.12779850592334,0.0892003550735621,0.545454545454545,0.542457542457542,FALSE,FALSE,"fast_multiplier",0.994,"35328"
"S3",5,100,0,129,24391078,34391097,"ok",NA,NA,1.33227934219379,0.134372272674676,0.236763236763237,0.221778221778222,FALSE,FALSE,"fast_multiplier",1.002,"35328"
"S3",5,100,0,130,24392087,34392106,"ok",NA,NA,1.00668483459497,0.0669837900016105,0.822177822177822,0.85014985014985,FALSE,FALSE,"fast_multiplier",0.983000000000001,"35328"
"S3",5,100,0,131,24393096,34393115,"ok",NA,NA,1.35085664411281,0.105495893372954,0.176823176823177,0.402597402597403,FALSE,FALSE,"fast_multiplier",1,"35328"
"S3",5,100,0,132,24394105,34394124,"ok",NA,NA,1.18762564731585,0.102437388758409,0.485514485514486,0.432567432567433,FALSE,FALSE,"fast_multiplier",0.981999999999999,"35328"
"S3",5,100,0,133,24395114,34395133,"ok",NA,NA,0.994095023962895,0.077030301453249,0.828171828171828,0.742257742257742,FALSE,FALSE,"fast_multiplier",0.997999999999999,"35328"
"S3",5,100,0,134,24396123,34396142,"ok",NA,NA,1.20862525821269,0.0982975543926385,0.38961038961039,0.41958041958042,FALSE,FALSE,"fast_multiplier",0.985999999999999,"35328"
"S3",5,100,0,135,24397132,34397151,"ok",NA,NA,1.07005523466537,0.0716753268628524,0.685314685314685,0.791208791208791,FALSE,FALSE,"fast_multiplier",1.008,"35328"
"S3",5,100,0,136,24398141,34398160,"ok",NA,NA,1.56433519699039,0.170710369728053,0.0579420579420579,0.155844155844156,FALSE,FALSE,"fast_multiplier",0.984999999999999,"35328"
"S3",5,100,0,137,24399150,34399169,"ok",NA,NA,1.32864176861258,0.161682203894812,0.222777222777223,0.123876123876124,FALSE,FALSE,"fast_multiplier",0.994,"35328"
"S3",5,100,0,138,24400159,34400178,"ok",NA,NA,1.35324172390644,0.111272904229606,0.151848151848152,0.292707292707293,FALSE,FALSE,"fast_multiplier",0.997999999999999,"35328"
"S3",5,100,0,139,24401168,34401187,"ok",NA,NA,1.0456991252004,0.0834818708945058,0.745254745254745,0.615384615384615,FALSE,FALSE,"fast_multiplier",1.002,"35328"
"S3",5,100,0,140,24402177,34402196,"ok",NA,NA,1.33782121033009,0.141322198635563,0.160839160839161,0.138861138861139,FALSE,FALSE,"fast_multiplier",0.995999999999999,"35328"
"S3",5,100,0,141,24403186,34403205,"ok",NA,NA,1.02139181887091,0.0831814452616678,0.813186813186813,0.663336663336663,FALSE,FALSE,"fast_multiplier",1.001,"35328"
"S3",5,100,0,142,24404195,34404214,"ok",NA,NA,1.00143472414401,0.0738154982558724,0.843156843156843,0.786213786213786,FALSE,FALSE,"fast_multiplier",0.992000000000001,"35328"
"S3",5,100,0,143,24405204,34405223,"ok",NA,NA,1.03140764536695,0.07624110644048,0.764235764235764,0.715284715284715,FALSE,FALSE,"fast_multiplier",1.025,"35328"
"S3",5,100,0,144,24406213,34406232,"ok",NA,NA,1.22909818049849,0.105363932684086,0.382617382617383,0.411588411588412,FALSE,FALSE,"fast_multiplier",0.994000000000002,"35328"
"S3",5,100,0,145,24407222,34407241,"ok",NA,NA,0.884145643396319,0.0739976080308601,0.978021978021978,0.785214785214785,FALSE,FALSE,"fast_multiplier",1.018,"35328"
"S3",5,100,0,146,24408231,34408250,"ok",NA,NA,1.17736484169697,0.106099543968266,0.515484515484515,0.40959040959041,FALSE,FALSE,"fast_multiplier",1.025,"35328"
"S3",5,100,0,147,24409240,34409259,"ok",NA,NA,1.46443522702674,0.119280784374099,0.103896103896104,0.326673326673327,FALSE,FALSE,"fast_multiplier",1.015,"35328"
"S3",5,100,0,148,24410249,34410268,"ok",NA,NA,1.65173168855618,0.154441616552753,0.025974025974026,0.155844155844156,TRUE,FALSE,"fast_multiplier",1.004,"35328"
"S3",5,100,0,149,24411258,34411277,"ok",NA,NA,1.1324939084977,0.0737592466246164,0.571428571428571,0.767232767232767,FALSE,FALSE,"fast_multiplier",1.012,"35328"
"S3",5,100,0,150,24412267,34412286,"ok",NA,NA,1.89930212250612,0.267856976302757,0.000999000999000999,0.00799200799200799,TRUE,TRUE,"fast_multiplier",1.017,"35328"
"S3",5,100,0,151,24413276,34413295,"ok",NA,NA,1.09197443753192,0.0812202703211869,0.659340659340659,0.659340659340659,FALSE,FALSE,"fast_multiplier",1.015,"35328"
"S3",5,100,0,152,24414285,34414304,"ok",NA,NA,1.34717955159286,0.252381546818574,0.188811188811189,0.01998001998002,FALSE,TRUE,"fast_multiplier",1.011,"35328"
"S3",5,100,0,153,24415294,34415313,"ok",NA,NA,1.42000717746885,0.0925357195117045,0.100899100899101,0.481518481518482,FALSE,FALSE,"fast_multiplier",1.02,"35328"
"S3",5,100,0,154,24416303,34416322,"ok",NA,NA,1.00995548579472,0.0902902808100332,0.81018981018981,0.53946053946054,FALSE,FALSE,"fast_multiplier",1.022,"35328"
"S3",5,100,0,155,24417312,34417331,"ok",NA,NA,1.10793408149515,0.110195315629645,0.604395604395604,0.334665334665335,FALSE,FALSE,"fast_multiplier",1.02,"35328"
"S3",5,100,0,156,24418321,34418340,"ok",NA,NA,0.987306479968022,0.0661044978699493,0.868131868131868,0.898101898101898,FALSE,FALSE,"fast_multiplier",1.014,"35328"
"S3",5,100,0,157,24419330,34419349,"ok",NA,NA,1.52119375650262,0.189602679984405,0.0759240759240759,0.0899100899100899,FALSE,FALSE,"fast_multiplier",1.012,"35328"
"S3",5,100,0,158,24420339,34420358,"ok",NA,NA,1.33301196164353,0.166840947808379,0.217782217782218,0.100899100899101,FALSE,FALSE,"fast_multiplier",1.003,"35328"
"S3",5,100,0,159,24421348,34421367,"ok",NA,NA,1.13138752423959,0.0814658019332408,0.520479520479521,0.611388611388611,FALSE,FALSE,"fast_multiplier",1.009,"35328"
"S3",5,100,0,160,24422357,34422376,"ok",NA,NA,1.11940858648429,0.106087781487242,0.576423576423576,0.345654345654346,FALSE,FALSE,"fast_multiplier",1.007,"35328"
"S3",5,100,0,161,24423366,34423385,"ok",NA,NA,0.967366356063389,0.0652181580583771,0.869130869130869,0.861138861138861,FALSE,FALSE,"fast_multiplier",1.02,"35328"
"S3",5,100,0,162,24424375,34424394,"ok",NA,NA,1.21790031623824,0.108198117218035,0.360639360639361,0.346653346653347,FALSE,FALSE,"fast_multiplier",0.995000000000001,"35328"
"S3",5,100,0,163,24425384,34425403,"ok",NA,NA,1.44354661505463,0.139549705103713,0.0579420579420579,0.118881118881119,FALSE,FALSE,"fast_multiplier",1.016,"35328"
"S3",5,100,0,164,24426393,34426412,"ok",NA,NA,1.01939364268548,0.0767163515095994,0.788211788211788,0.729270729270729,FALSE,FALSE,"fast_multiplier",0.992000000000001,"35328"
"S3",5,100,0,165,24427402,34427421,"ok",NA,NA,1.32072223316229,0.0936030173736318,0.201798201798202,0.465534465534466,FALSE,FALSE,"fast_multiplier",1.013,"35328"
"S3",5,100,0,166,24428411,34428430,"ok",NA,NA,1.16573850566772,0.0835957020511183,0.458541458541459,0.611388611388611,FALSE,FALSE,"fast_multiplier",0.989000000000001,"35328"
"S3",5,100,0,167,24429420,34429439,"ok",NA,NA,1.63259135671227,0.128128948040902,0.026973026973027,0.190809190809191,TRUE,FALSE,"fast_multiplier",1.038,"35328"
"S3",5,100,0,168,24430429,34430448,"ok",NA,NA,1.43772615231228,0.184991056580472,0.0839160839160839,0.0699300699300699,FALSE,FALSE,"fast_multiplier",1.03,"35328"
"S3",5,100,0,169,24431438,34431457,"ok",NA,NA,1.20132063792289,0.0944633323604548,0.458541458541459,0.525474525474525,FALSE,FALSE,"fast_multiplier",1.035,"35328"
"S3",5,100,0,170,24432447,34432466,"ok",NA,NA,1.24668196674426,0.0768596081226858,0.303696303696304,0.693306693306693,FALSE,FALSE,"fast_multiplier",1.027,"35328"
"S3",5,100,0,171,24433456,34433475,"ok",NA,NA,1.21147621942852,0.0792519578607335,0.380619380619381,0.695304695304695,FALSE,FALSE,"fast_multiplier",1.032,"35328"
"S3",5,100,0,172,24434465,34434484,"ok",NA,NA,1.12602956899639,0.0701794911648564,0.597402597402597,0.832167832167832,FALSE,FALSE,"fast_multiplier",1.024,"35328"
"S3",5,100,0,173,24435474,34435493,"ok",NA,NA,1.18955970087685,0.105870459083633,0.425574425574426,0.362637362637363,FALSE,FALSE,"fast_multiplier",1.03,"35328"
"S3",5,100,0,174,24436483,34436502,"ok",NA,NA,1.34940934349966,0.125885587345489,0.181818181818182,0.232767232767233,FALSE,FALSE,"fast_multiplier",1.012,"35328"
"S3",5,100,0,175,24437492,34437511,"ok",NA,NA,1.06118666069306,0.0656945087594611,0.678321678321678,0.851148851148851,FALSE,FALSE,"fast_multiplier",1.026,"35328"
"S3",5,100,0,176,24438501,34438520,"ok",NA,NA,1.10646164045551,0.0754468365140406,0.604395604395604,0.736263736263736,FALSE,FALSE,"fast_multiplier",1.006,"35328"
"S3",5,100,0,177,24439510,34439529,"ok",NA,NA,1.40022331226955,0.12692084877241,0.123876123876124,0.22977022977023,FALSE,FALSE,"fast_multiplier",0.970000000000001,"35328"
"S3",5,100,0,178,24440519,34440538,"ok",NA,NA,1.04517682297095,0.083961373762118,0.711288711288711,0.597402597402597,FALSE,FALSE,"fast_multiplier",0.986000000000001,"35328"
"S3",5,100,0,179,24441528,34441547,"ok",NA,NA,1.2348299652909,0.0946947165308258,0.326673326673327,0.458541458541459,FALSE,FALSE,"fast_multiplier",0.982999999999999,"35328"
"S3",5,100,0,180,24442537,34442556,"ok",NA,NA,1.19637237895232,0.0989895643385305,0.447552447552448,0.484515484515485,FALSE,FALSE,"fast_multiplier",0.984999999999999,"35328"
"S3",5,100,0,181,24443546,34443565,"ok",NA,NA,1.17280812557152,0.0901946234955118,0.458541458541459,0.533466533466533,FALSE,FALSE,"fast_multiplier",0.965,"35328"
"S3",5,100,0,182,24444555,34444574,"ok",NA,NA,1.08815727788968,0.0891588847678542,0.64035964035964,0.542457542457542,FALSE,FALSE,"fast_multiplier",0.981999999999999,"35328"
"S3",5,100,0,183,24445564,34445583,"ok",NA,NA,1.10719026721551,0.0936125467819758,0.632367632367632,0.513486513486514,FALSE,FALSE,"fast_multiplier",1,"35328"
"S3",5,100,0,184,24446573,34446592,"ok",NA,NA,1.56860468792662,0.188458910758583,0.0549450549450549,0.0899100899100899,FALSE,FALSE,"fast_multiplier",0.988,"35328"
"S3",5,100,0,185,24447582,34447601,"ok",NA,NA,1.4843510851322,0.108394534361944,0.0679320679320679,0.300699300699301,FALSE,FALSE,"fast_multiplier",0.998000000000001,"35328"
"S3",5,100,0,186,24448591,34448610,"ok",NA,NA,1.26082883428012,0.11863432788567,0.340659340659341,0.30969030969031,FALSE,FALSE,"fast_multiplier",0.993,"35328"
"S3",5,100,0,187,24449600,34449619,"ok",NA,NA,1.20562199450661,0.100599427539022,0.450549450549451,0.468531468531469,FALSE,FALSE,"fast_multiplier",0.992000000000001,"35328"
"S3",5,100,0,188,24450609,34450628,"ok",NA,NA,1.15404455498702,0.0959530632838105,0.555444555444555,0.508491508491508,FALSE,FALSE,"fast_multiplier",0.991,"35328"
"S3",5,100,0,189,24451618,34451637,"ok",NA,NA,1.73605777006184,0.417559976696462,0.020979020979021,0.003996003996004,TRUE,TRUE,"fast_multiplier",1.001,"35328"
"S3",5,100,0,190,24452627,34452646,"ok",NA,NA,1.60677654185533,0.221930482211172,0.042957042957043,0.04995004995005,TRUE,TRUE,"fast_multiplier",0.998999999999999,"35328"
"S3",5,100,0,191,24453636,34453655,"ok",NA,NA,1.19227078092676,0.0824682062440837,0.388611388611389,0.615384615384615,FALSE,FALSE,"fast_multiplier",0.997,"35328"
"S3",5,100,0,192,24454645,34454664,"ok",NA,NA,1.11491960540675,0.0802567586267179,0.594405594405594,0.675324675324675,FALSE,FALSE,"fast_multiplier",0.996,"35328"
"S3",5,100,0,193,24455654,34455673,"ok",NA,NA,1.20654752527748,0.0925053097632548,0.441558441558442,0.544455544455544,FALSE,FALSE,"fast_multiplier",0.991000000000001,"35328"
"S3",5,100,0,194,24456663,34456682,"ok",NA,NA,1.11781511416955,0.10894242255923,0.646353646353646,0.38961038961039,FALSE,FALSE,"fast_multiplier",1.017,"35328"
"S3",5,100,0,195,24457672,34457691,"ok",NA,NA,1.45987178459085,0.13804364113253,0.0959040959040959,0.21978021978022,FALSE,FALSE,"fast_multiplier",0.999000000000001,"35328"
"S3",5,100,0,196,24458681,34458700,"ok",NA,NA,1.30171381705495,0.113232404951526,0.221778221778222,0.263736263736264,FALSE,FALSE,"fast_multiplier",1.015,"35328"
"S3",5,100,0,197,24459690,34459709,"ok",NA,NA,1.38052269637713,0.0969155524879081,0.125874125874126,0.415584415584416,FALSE,FALSE,"fast_multiplier",1.008,"35328"
"S3",5,100,0,198,24460699,34460718,"ok",NA,NA,1.29377323367651,0.110390022430712,0.244755244755245,0.325674325674326,FALSE,FALSE,"fast_multiplier",1.007,"35328"
"S3",5,100,0,199,24461708,34461727,"ok",NA,NA,1.17165080224716,0.0915126953789473,0.414585414585415,0.488511488511489,FALSE,FALSE,"fast_multiplier",1.01,"35328"
"S3",5,100,0,200,24462717,34462736,"ok",NA,NA,0.997735522755726,0.0715739255341545,0.836163836163836,0.803196803196803,FALSE,FALSE,"fast_multiplier",1.024,"35328"
"S3",5,100,0,201,24463726,34463745,"ok",NA,NA,1.24169552591604,0.112964073044075,0.314685314685315,0.297702297702298,FALSE,FALSE,"fast_multiplier",1.024,"35328"
"S3",5,100,0,202,24464735,34464754,"ok",NA,NA,1.06957811224102,0.0851616135618355,0.655344655344655,0.558441558441558,FALSE,FALSE,"fast_multiplier",1.022,"35328"
"S3",5,100,0,203,24465744,34465763,"ok",NA,NA,1.32368741815809,0.135025973009131,0.212787212787213,0.200799200799201,FALSE,FALSE,"fast_multiplier",1.005,"35328"
"S3",5,100,0,204,24466753,34466772,"ok",NA,NA,1.09067810372052,0.100541491412913,0.663336663336663,0.461538461538462,FALSE,FALSE,"fast_multiplier",1.018,"35328"
"S3",5,100,0,205,24467762,34467781,"ok",NA,NA,1.36573410310404,0.164931477305933,0.208791208791209,0.167832167832168,FALSE,FALSE,"fast_multiplier",1,"35328"
"S3",5,100,0,206,24468771,34468790,"ok",NA,NA,1.20034663185426,0.123433899529148,0.425574425574426,0.250749250749251,FALSE,FALSE,"fast_multiplier",1.018,"35328"
"S3",5,100,0,207,24469780,34469799,"ok",NA,NA,1.31133351423603,0.0935354894124149,0.208791208791209,0.478521478521479,FALSE,FALSE,"fast_multiplier",1.009,"35328"
"S3",5,100,0,208,24470789,34470808,"ok",NA,NA,1.11157271302172,0.0869895389970946,0.575424575424575,0.563436563436563,FALSE,FALSE,"fast_multiplier",0.999000000000001,"35328"
"S3",5,100,0,209,24471798,34471817,"ok",NA,NA,1.27922047122962,0.088977674975744,0.338661338661339,0.607392607392607,FALSE,FALSE,"fast_multiplier",1.004,"35328"
"S3",5,100,0,210,24472807,34472826,"ok",NA,NA,1.39466382479952,0.103616514573112,0.133866133866134,0.423576423576424,FALSE,FALSE,"fast_multiplier",0.964,"35328"
"S3",5,100,0,211,24473816,34473835,"ok",NA,NA,1.01663951689291,0.0749945329741391,0.791208791208791,0.732267732267732,FALSE,FALSE,"fast_multiplier",1.002,"35328"
"S3",5,100,0,212,24474825,34474844,"ok",NA,NA,0.971491973258929,0.0748924443311042,0.9000999000999,0.773226773226773,FALSE,FALSE,"fast_multiplier",0.959,"35328"
"S3",5,100,0,213,24475834,34475853,"ok",NA,NA,1.06683955020935,0.0984131225369122,0.729270729270729,0.492507492507492,FALSE,FALSE,"fast_multiplier",0.999000000000001,"35328"
"S3",5,100,0,214,24476843,34476862,"ok",NA,NA,1.50128601868871,0.11330098446052,0.0529470529470529,0.263736263736264,FALSE,FALSE,"fast_multiplier",0.997,"35328"
"S3",5,100,0,215,24477852,34477871,"ok",NA,NA,1.10555965967974,0.101398707090119,0.606393606393606,0.406593406593407,FALSE,FALSE,"fast_multiplier",1,"35328"
"S3",5,100,0,216,24478861,34478880,"ok",NA,NA,1.32068433704455,0.126569024204084,0.194805194805195,0.197802197802198,FALSE,FALSE,"fast_multiplier",1.029,"35328"
"S3",5,100,0,217,24479870,34479889,"ok",NA,NA,1.30387925394486,0.168824887727537,0.261738261738262,0.103896103896104,FALSE,FALSE,"fast_multiplier",1.014,"35328"
"S3",5,100,0,218,24480879,34480898,"ok",NA,NA,1.05219528051475,0.083796211548035,0.749250749250749,0.68031968031968,FALSE,FALSE,"fast_multiplier",1.027,"35328"
"S3",5,100,0,219,24481888,34481907,"ok",NA,NA,1.22112550341046,0.0914152449313873,0.384615384615385,0.515484515484515,FALSE,FALSE,"fast_multiplier",1.023,"35328"
"S3",5,100,0,220,24482897,34482916,"ok",NA,NA,1.25044353039401,0.077582609195568,0.303696303696304,0.709290709290709,FALSE,FALSE,"fast_multiplier",1.022,"35328"
"S3",5,100,0,221,24483906,34483925,"ok",NA,NA,1.14269881981498,0.0765713521748841,0.55044955044955,0.743256743256743,FALSE,FALSE,"fast_multiplier",1.008,"35328"
"S3",5,100,0,222,24484915,34484934,"ok",NA,NA,1.2462252813808,0.0910879391476082,0.338661338661339,0.53946053946054,FALSE,FALSE,"fast_multiplier",1.018,"35328"
"S3",5,100,0,223,24485924,34485943,"ok",NA,NA,1.2249208443458,0.088568257780537,0.356643356643357,0.567432567432567,FALSE,FALSE,"fast_multiplier",1.017,"35328"
"S3",5,100,0,224,24486933,34486952,"ok",NA,NA,1.42471157938517,0.151410163265639,0.140859140859141,0.15984015984016,FALSE,FALSE,"fast_multiplier",1.017,"35328"
"S3",5,100,0,225,24487942,34487961,"ok",NA,NA,1.19549007749165,0.108833428066508,0.468531468531469,0.395604395604396,FALSE,FALSE,"fast_multiplier",1.027,"35328"
"S3",5,100,0,226,24488951,34488970,"ok",NA,NA,1.12243516753259,0.0828800173912713,0.56043956043956,0.632367632367632,FALSE,FALSE,"fast_multiplier",1.037,"35328"
"S3",5,100,0,227,24489960,34489979,"ok",NA,NA,0.899535616678524,0.0682040633721977,0.96003996003996,0.854145854145854,FALSE,FALSE,"fast_multiplier",1.02,"35328"
"S3",5,100,0,228,24490969,34490988,"ok",NA,NA,1.0521847088435,0.0888614526728575,0.722277722277722,0.548451548451548,FALSE,FALSE,"fast_multiplier",1.034,"35328"
"S3",5,100,0,229,24491978,34491997,"ok",NA,NA,1.65013944343173,0.132451620108068,0.027972027972028,0.194805194805195,TRUE,FALSE,"fast_multiplier",1.022,"35328"
"S3",5,100,0,230,24492987,34493006,"ok",NA,NA,1.10779014820177,0.0933917823049856,0.553446553446553,0.436563436563437,FALSE,FALSE,"fast_multiplier",1.031,"35328"
"S3",5,100,0,231,24493996,34494015,"ok",NA,NA,1.11994302708246,0.093869001790855,0.57042957042957,0.493506493506494,FALSE,FALSE,"fast_multiplier",1.014,"35328"
"S3",5,100,0,232,24495005,34495024,"ok",NA,NA,1.5554641298511,0.181108285743623,0.046953046953047,0.0669330669330669,TRUE,FALSE,"fast_multiplier",1.029,"35328"
"S3",5,100,0,233,24496014,34496033,"ok",NA,NA,1.07939449892034,0.0790569646800625,0.638361638361638,0.641358641358641,FALSE,FALSE,"fast_multiplier",1.025,"35328"
"S3",5,100,0,234,24497023,34497042,"ok",NA,NA,1.01527163675121,0.0682745870577392,0.831168831168831,0.869130869130869,FALSE,FALSE,"fast_multiplier",1.035,"35328"
"S3",5,100,0,235,24498032,34498051,"ok",NA,NA,1.11368620890044,0.122554774764143,0.637362637362637,0.274725274725275,FALSE,FALSE,"fast_multiplier",1.032,"35328"
"S3",5,100,0,236,24499041,34499060,"ok",NA,NA,1.12791922158359,0.112519025551089,0.575424575424575,0.318681318681319,FALSE,FALSE,"fast_multiplier",1.03,"35328"
"S3",5,100,0,237,24500050,34500069,"ok",NA,NA,1.18241971147621,0.104486911896324,0.411588411588412,0.33966033966034,FALSE,FALSE,"fast_multiplier",1.029,"35328"
"S3",5,100,0,238,24501059,34501078,"ok",NA,NA,1.13093517092609,0.0967653964026474,0.576423576423576,0.474525474525474,FALSE,FALSE,"fast_multiplier",1.028,"35328"
"S3",5,100,0,239,24502068,34502087,"ok",NA,NA,1.25843940297635,0.068374519325833,0.306693306693307,0.859140859140859,FALSE,FALSE,"fast_multiplier",1.026,"35328"
"S3",5,100,0,240,24503077,34503096,"ok",NA,NA,1.2197092477379,0.0918628746868807,0.348651348651349,0.505494505494505,FALSE,FALSE,"fast_multiplier",1.031,"35328"
"S3",5,100,0,241,24504086,34504105,"ok",NA,NA,1.69281457074565,0.345060250681049,0.018981018981019,0.002997002997003,TRUE,TRUE,"fast_multiplier",1.04,"35328"
"S3",5,100,0,242,24505095,34505114,"ok",NA,NA,1.13841744958833,0.0945103322116066,0.566433566433566,0.519480519480519,FALSE,FALSE,"fast_multiplier",1.022,"35328"
"S3",5,100,0,243,24506104,34506123,"ok",NA,NA,1.1663875174549,0.172149497899411,0.531468531468531,0.136863136863137,FALSE,FALSE,"fast_multiplier",1.022,"35328"
"S3",5,100,0,244,24507113,34507132,"ok",NA,NA,1.3732771707512,0.282522735710551,0.155844155844156,0.00699300699300699,FALSE,TRUE,"fast_multiplier",1.02,"35328"
"S3",5,100,0,245,24508122,34508141,"ok",NA,NA,1.30175849243308,0.164335242170323,0.247752247752248,0.0959040959040959,FALSE,FALSE,"fast_multiplier",1.012,"35328"
"S3",5,100,0,246,24509131,34509150,"ok",NA,NA,1.23939348980987,0.101173118319888,0.353646353646354,0.420579420579421,FALSE,FALSE,"fast_multiplier",1.015,"35328"
"S3",5,100,0,247,24510140,34510159,"ok",NA,NA,1.29101684315581,0.152650780262183,0.286713286713287,0.168831168831169,FALSE,FALSE,"fast_multiplier",1.032,"35328"
"S3",5,100,0,248,24511149,34511168,"ok",NA,NA,1.53973161128228,0.173794389283258,0.0679320679320679,0.130869130869131,FALSE,FALSE,"fast_multiplier",1.03,"35328"
"S3",5,100,0,249,24512158,34512177,"ok",NA,NA,1.51579615726546,0.180460296970187,0.0579420579420579,0.0669330669330669,FALSE,FALSE,"fast_multiplier",1.027,"35328"
"S3",5,100,0,250,24513167,34513186,"ok",NA,NA,1.2552622981088,0.0857288947209675,0.288711288711289,0.607392607392607,FALSE,FALSE,"fast_multiplier",1.026,"35328"
"S3",5,100,0,251,24514176,34514195,"ok",NA,NA,1.27511164630039,0.080427378867323,0.274725274725275,0.676323676323676,FALSE,FALSE,"fast_multiplier",1.025,"35328"
"S3",5,100,0,252,24515185,34515204,"ok",NA,NA,1.17937330155605,0.0804882227993839,0.460539460539461,0.658341658341658,FALSE,FALSE,"fast_multiplier",1.026,"35328"
"S3",5,100,0,253,24516194,34516213,"ok",NA,NA,1.25223697359829,0.14593305789786,0.351648351648352,0.174825174825175,FALSE,FALSE,"fast_multiplier",1.021,"35328"
"S3",5,100,0,254,24517203,34517222,"ok",NA,NA,0.999642984866419,0.0707265267662312,0.817182817182817,0.801198801198801,FALSE,FALSE,"fast_multiplier",1.019,"35328"
"S3",5,100,0,255,24518212,34518231,"ok",NA,NA,1.24126556340802,0.101675058517089,0.326673326673327,0.417582417582418,FALSE,FALSE,"fast_multiplier",1.033,"35328"
"S3",5,100,0,256,24519221,34519240,"ok",NA,NA,1.21802403034315,0.100323319984732,0.42957042957043,0.466533466533467,FALSE,FALSE,"fast_multiplier",1.017,"35328"
"S3",5,100,0,257,24520230,34520249,"ok",NA,NA,1.11856034864586,0.0656564485706487,0.586413586413586,0.876123876123876,FALSE,FALSE,"fast_multiplier",1.006,"35328"
"S3",5,100,0,258,24521239,34521258,"ok",NA,NA,1.46162211177811,0.281248905904925,0.107892107892108,0.016983016983017,FALSE,TRUE,"fast_multiplier",0.998999999999999,"35328"
"S3",5,100,0,259,24522248,34522267,"ok",NA,NA,0.94757435825347,0.078502287281572,0.905094905094905,0.687312687312687,FALSE,FALSE,"fast_multiplier",0.975000000000001,"35328"
"S3",5,100,0,260,24523257,34523276,"ok",NA,NA,1.42584829039031,0.140860904720325,0.14985014985015,0.206793206793207,FALSE,FALSE,"fast_multiplier",0.997,"35328"
"S3",5,100,0,261,24524266,34524285,"ok",NA,NA,1.29237710417168,0.0998721720024736,0.273726273726274,0.460539460539461,FALSE,FALSE,"fast_multiplier",1.001,"35328"
"S3",5,100,0,262,24525275,34525294,"ok",NA,NA,1.89599284794086,0.434893860933171,0.004995004995005,0.003996003996004,TRUE,TRUE,"fast_multiplier",0.994,"35328"
"S3",5,100,0,263,24526284,34526303,"ok",NA,NA,0.994357030373326,0.0691977039468297,0.855144855144855,0.836163836163836,FALSE,FALSE,"fast_multiplier",0.997,"35328"
"S3",5,100,0,264,24527293,34527312,"ok",NA,NA,1.01358156737778,0.0715352369576576,0.796203796203796,0.791208791208791,FALSE,FALSE,"fast_multiplier",1.003,"35328"
"S3",5,100,0,265,24528302,34528321,"ok",NA,NA,1.16210558308129,0.0803356764781196,0.474525474525474,0.658341658341658,FALSE,FALSE,"fast_multiplier",0.993000000000002,"35328"
"S3",5,100,0,266,24529311,34529330,"ok",NA,NA,1.20333700107798,0.13394247442899,0.426573426573427,0.173826173826174,FALSE,FALSE,"fast_multiplier",0.995999999999999,"35328"
"S3",5,100,0,267,24530320,34530339,"ok",NA,NA,1.7950676680625,0.34320706231353,0.00999000999000999,0.00599400599400599,TRUE,TRUE,"fast_multiplier",0.998000000000001,"35328"
"S3",5,100,0,268,24531329,34531348,"ok",NA,NA,1.23528372000111,0.120637587326531,0.366633366633367,0.30969030969031,FALSE,FALSE,"fast_multiplier",1.024,"35328"
"S3",5,100,0,269,24532338,34532357,"ok",NA,NA,1.1988863854489,0.0748234462034689,0.411588411588412,0.76023976023976,FALSE,FALSE,"fast_multiplier",0.998000000000001,"35328"
"S3",5,100,0,270,24533347,34533366,"ok",NA,NA,1.46494812429496,0.203618869049419,0.0929070929070929,0.0539460539460539,FALSE,FALSE,"fast_multiplier",1.002,"35328"
"S3",5,100,0,271,24534356,34534375,"ok",NA,NA,1.23239330774638,0.0907163270463847,0.342657342657343,0.532467532467532,FALSE,FALSE,"fast_multiplier",0.995000000000001,"35328"
"S3",5,100,0,272,24535365,34535384,"ok",NA,NA,1.20899143757621,0.105872009146647,0.345654345654346,0.346653346653347,FALSE,FALSE,"fast_multiplier",1.033,"35328"
"S3",5,100,0,273,24536374,34536393,"ok",NA,NA,1.16827033612428,0.111184611638311,0.522477522477522,0.380619380619381,FALSE,FALSE,"fast_multiplier",1.026,"35328"
"S3",5,100,0,274,24537383,34537402,"ok",NA,NA,1.20422655839354,0.0798987864988929,0.418581418581419,0.71028971028971,FALSE,FALSE,"fast_multiplier",0.991,"35328"
"S3",5,100,0,275,24538392,34538411,"ok",NA,NA,1.0304957447177,0.0674673071852566,0.809190809190809,0.865134865134865,FALSE,FALSE,"fast_multiplier",1.023,"35328"
"S3",5,100,0,276,24539401,34539420,"ok",NA,NA,1.24583129844537,0.108223870997177,0.322677322677323,0.311688311688312,FALSE,FALSE,"fast_multiplier",0.998000000000001,"35328"
"S3",5,100,0,277,24540410,34540429,"ok",NA,NA,0.978440465471394,0.0764373060826914,0.867132867132867,0.718281718281718,FALSE,FALSE,"fast_multiplier",1.02,"35328"
"S3",5,100,0,278,24541419,34541438,"ok",NA,NA,1.2006119532824,0.0900396994440776,0.420579420579421,0.528471528471528,FALSE,FALSE,"fast_multiplier",0.994,"35328"
"S3",5,100,0,279,24542428,34542447,"ok",NA,NA,1.09270473506276,0.114108023449293,0.684315684315684,0.333666333666334,FALSE,FALSE,"fast_multiplier",1.017,"35328"
"S3",5,100,0,280,24543437,34543456,"ok",NA,NA,1.25530017479965,0.0855671123416351,0.332667332667333,0.643356643356643,FALSE,FALSE,"fast_multiplier",1.017,"35328"
"S3",5,100,0,281,24544446,34544465,"ok",NA,NA,1.15979588668976,0.0691321255241984,0.484515484515485,0.813186813186813,FALSE,FALSE,"fast_multiplier",1.021,"35328"
"S3",5,100,0,282,24545455,34545474,"ok",NA,NA,1.11737204612827,0.0950763684790137,0.603396603396603,0.502497502497502,FALSE,FALSE,"fast_multiplier",1.01,"35328"
"S3",5,100,0,283,24546464,34546483,"ok",NA,NA,1.05679770873636,0.0669943254973895,0.752247752247752,0.88011988011988,FALSE,FALSE,"fast_multiplier",1.016,"35328"
"S3",5,100,0,284,24547473,34547492,"ok",NA,NA,1.54561488385625,0.14525515114083,0.050949050949051,0.147852147852148,FALSE,FALSE,"fast_multiplier",1.007,"35328"
"S3",5,100,0,285,24548482,34548501,"ok",NA,NA,1.21024580280076,0.0747637026169018,0.420579420579421,0.762237762237762,FALSE,FALSE,"fast_multiplier",1.023,"35328"
"S3",5,100,0,286,24549491,34549510,"ok",NA,NA,1.21983568305091,0.104742666718516,0.384615384615385,0.403596403596404,FALSE,FALSE,"fast_multiplier",1.004,"35328"
"S3",5,100,0,287,24550500,34550519,"ok",NA,NA,1.2689297218264,0.136548328747364,0.266733266733267,0.171828171828172,FALSE,FALSE,"fast_multiplier",1.011,"35328"
"S3",5,100,0,288,24551509,34551528,"ok",NA,NA,0.958985665018368,0.0586581392826956,0.903096903096903,0.941058941058941,FALSE,FALSE,"fast_multiplier",1.01,"35328"
"S3",5,100,0,289,24552518,34552537,"ok",NA,NA,1.22659047655546,0.104854144481779,0.436563436563437,0.442557442557443,FALSE,FALSE,"fast_multiplier",0.997,"35328"
"S3",5,100,0,290,24553527,34553546,"ok",NA,NA,1.48780358951578,0.167927880408349,0.0869130869130869,0.112887112887113,FALSE,FALSE,"fast_multiplier",0.997,"35328"
"S3",5,100,0,291,24554536,34554555,"ok",NA,NA,1.28149040058838,0.0917552861079815,0.320679320679321,0.576423576423576,FALSE,FALSE,"fast_multiplier",1.01,"35328"
"S3",5,100,0,292,24555545,34555564,"ok",NA,NA,1.22141010970424,0.0812862563331199,0.371628371628372,0.649350649350649,FALSE,FALSE,"fast_multiplier",1.001,"35328"
"S3",5,100,0,293,24556554,34556573,"ok",NA,NA,1.02979141205723,0.0756557118291623,0.784215784215784,0.747252747252747,FALSE,FALSE,"fast_multiplier",1.007,"35328"
"S3",5,100,0,294,24557563,34557582,"ok",NA,NA,1.0815132135034,0.0725898322633246,0.682317682317682,0.789210789210789,FALSE,FALSE,"fast_multiplier",1.006,"35328"
"S3",5,100,0,295,24558572,34558591,"ok",NA,NA,1.36352007150874,0.170495040589917,0.208791208791209,0.101898101898102,FALSE,FALSE,"fast_multiplier",1.019,"35328"
"S3",5,100,0,296,24559581,34559600,"ok",NA,NA,1.0999721091834,0.0943933883118881,0.591408591408591,0.465534465534466,FALSE,FALSE,"fast_multiplier",1.003,"35328"
"S3",5,100,0,297,24560590,34560609,"ok",NA,NA,1.06808842257479,0.0792456042019293,0.676323676323676,0.663336663336663,FALSE,FALSE,"fast_multiplier",1.016,"35328"
"S3",5,100,0,298,24561599,34561618,"ok",NA,NA,0.94692874329191,0.0689818460055739,0.91008991008991,0.84015984015984,FALSE,FALSE,"fast_multiplier",1.013,"35328"
"S3",5,100,0,299,24562608,34562627,"ok",NA,NA,1.13749919726301,0.0897025569023175,0.54045954045954,0.542457542457542,FALSE,FALSE,"fast_multiplier",1.011,"35328"
"S3",5,100,0,300,24563617,34563636,"ok",NA,NA,1.21294213866726,0.103136919490139,0.438561438561439,0.43956043956044,FALSE,FALSE,"fast_multiplier",1.011,"35328"
"S3",5,100,0,301,24564626,34564645,"ok",NA,NA,1.21379497789166,0.0918668607271659,0.365634365634366,0.482517482517482,FALSE,FALSE,"fast_multiplier",1.008,"35328"
"S3",5,100,0,302,24565635,34565654,"ok",NA,NA,1.31689343530129,0.089183641609206,0.25974025974026,0.597402597402597,FALSE,FALSE,"fast_multiplier",1.007,"35328"
"S3",5,100,0,303,24566644,34566663,"ok",NA,NA,1.71992574612015,0.461940757192881,0.013986013986014,0.000999000999000999,TRUE,TRUE,"fast_multiplier",1.014,"35328"
"S3",5,100,0,304,24567653,34567672,"ok",NA,NA,1.0222401750859,0.0863827592521595,0.794205794205794,0.572427572427572,FALSE,FALSE,"fast_multiplier",1.017,"35328"
"S3",5,100,0,305,24568662,34568681,"ok",NA,NA,1.08999929487709,0.0726172639187138,0.671328671328671,0.809190809190809,FALSE,FALSE,"fast_multiplier",0.969999999999999,"35328"
"S3",5,100,0,306,24569671,34569690,"ok",NA,NA,1.35139105940154,0.0951793845561214,0.238761238761239,0.526473526473527,FALSE,FALSE,"fast_multiplier",0.968,"35328"
"S3",5,100,0,307,24570680,34570699,"ok",NA,NA,1.10472720148782,0.0772770821654124,0.636363636363636,0.736263736263736,FALSE,FALSE,"fast_multiplier",0.966999999999999,"35328"
"S3",5,100,0,308,24571689,34571708,"ok",NA,NA,1.04866477842803,0.0644133501646581,0.739260739260739,0.874125874125874,FALSE,FALSE,"fast_multiplier",0.963999999999999,"35328"
"S3",5,100,0,309,24572698,34572717,"ok",NA,NA,1.42375951677767,0.0896202182974792,0.111888111888112,0.548451548451548,FALSE,FALSE,"fast_multiplier",0.962,"35328"
"S3",5,100,0,310,24573707,34573726,"ok",NA,NA,1.23447119176864,0.0837632213499228,0.273726273726274,0.557442557442557,FALSE,FALSE,"fast_multiplier",0.959,"35328"
"S3",5,100,0,311,24574716,34574735,"ok",NA,NA,1.28445847947624,0.127245520142004,0.256743256743257,0.211788211788212,FALSE,FALSE,"fast_multiplier",0.997999999999998,"35328"
"S3",5,100,0,312,24575725,34575744,"ok",NA,NA,1.0011222927426,0.0738305595684116,0.838161838161838,0.784215784215784,FALSE,FALSE,"fast_multiplier",0.963000000000001,"35328"
"S3",5,100,0,313,24576734,34576753,"ok",NA,NA,1.30995022940669,0.148500358057941,0.212787212787213,0.120879120879121,FALSE,FALSE,"fast_multiplier",0.994,"35328"
"S3",5,100,0,314,24577743,34577762,"ok",NA,NA,1.34458042857451,0.134125979403946,0.220779220779221,0.246753246753247,FALSE,FALSE,"fast_multiplier",0.986999999999998,"35328"
"S3",5,100,0,315,24578752,34578771,"ok",NA,NA,1.11478262732274,0.0746839736479706,0.605394605394605,0.771228771228771,FALSE,FALSE,"fast_multiplier",0.997,"35328"
"S3",5,100,0,316,24579761,34579780,"ok",NA,NA,1.48563944759655,0.145052754842452,0.0819180819180819,0.145854145854146,FALSE,FALSE,"fast_multiplier",0.995999999999999,"35328"
"S3",5,100,0,317,24580770,34580789,"ok",NA,NA,1.10672775151514,0.0836073678786357,0.564435564435564,0.564435564435564,FALSE,FALSE,"fast_multiplier",0.994,"35328"
"S3",5,100,0,318,24581779,34581798,"ok",NA,NA,1.20450947424809,0.0862960965073613,0.385614385614386,0.58041958041958,FALSE,FALSE,"fast_multiplier",0.992000000000001,"35328"
"S3",5,100,0,319,24582788,34582807,"ok",NA,NA,1.41881917534919,0.183384465756967,0.124875124875125,0.0849150849150849,FALSE,FALSE,"fast_multiplier",0.984999999999999,"35328"
"S3",5,100,0,320,24583797,34583816,"ok",NA,NA,1.21845734777903,0.125355789085843,0.347652347652348,0.210789210789211,FALSE,FALSE,"fast_multiplier",0.983000000000001,"35328"
"S3",5,100,0,321,24584806,34584825,"ok",NA,NA,1.1551804617147,0.0873234079732119,0.468531468531469,0.544455544455544,FALSE,FALSE,"fast_multiplier",1.02,"35328"
"S3",5,100,0,322,24585815,34585834,"ok",NA,NA,1.30685405874183,0.128837411649186,0.198801198801199,0.180819180819181,FALSE,FALSE,"fast_multiplier",0.995000000000001,"35328"
"S3",5,100,0,323,24586824,34586843,"ok",NA,NA,1.18205935492785,0.0679323085196637,0.455544455544456,0.855144855144855,FALSE,FALSE,"fast_multiplier",1.017,"35328"
"S3",5,100,0,324,24587833,34587852,"ok",NA,NA,0.958198896833665,0.0595877891665465,0.892107892107892,0.928071928071928,FALSE,FALSE,"fast_multiplier",1.001,"35328"
"S3",5,100,0,325,24588842,34588861,"ok",NA,NA,0.903300455713815,0.0722224856415661,0.953046953046953,0.813186813186813,FALSE,FALSE,"fast_multiplier",1.014,"35328"
"S3",5,100,0,326,24589851,34589870,"ok",NA,NA,1.59787153528047,0.178376751705605,0.03996003996004,0.0779220779220779,TRUE,FALSE,"fast_multiplier",1.006,"35328"
"S3",5,100,0,327,24590860,34590879,"ok",NA,NA,1.18286704589913,0.079184560547292,0.418581418581419,0.664335664335664,FALSE,FALSE,"fast_multiplier",1.01,"35328"
"S3",5,100,0,328,24591869,34591888,"ok",NA,NA,1.24529037433844,0.113984921929569,0.362637362637363,0.322677322677323,FALSE,FALSE,"fast_multiplier",1.017,"35328"
"S3",5,100,0,329,24592878,34592897,"ok",NA,NA,1.47494112613172,0.176219206469989,0.0789210789210789,0.0979020979020979,FALSE,FALSE,"fast_multiplier",1.021,"35328"
"S3",5,100,0,330,24593887,34593906,"ok",NA,NA,1.62500637924044,0.168436957162147,0.027972027972028,0.112887112887113,TRUE,FALSE,"fast_multiplier",1.007,"35328"
"S3",5,100,0,331,24594896,34594915,"ok",NA,NA,1.0854418457242,0.0972140797002314,0.62037962037962,0.431568431568432,FALSE,FALSE,"fast_multiplier",1.005,"35328"
"S3",5,100,0,332,24595905,34595924,"ok",NA,NA,1.16192768828948,0.0800930489052975,0.532467532467532,0.707292707292707,FALSE,FALSE,"fast_multiplier",1.017,"35328"
"S3",5,100,0,333,24596914,34596933,"ok",NA,NA,1.50163343340066,0.128708263369758,0.0689310689310689,0.236763236763237,FALSE,FALSE,"fast_multiplier",1.015,"35328"
"S3",5,100,0,334,24597923,34597942,"ok",NA,NA,1.25247831534177,0.103263743576374,0.322677322677323,0.385614385614386,FALSE,FALSE,"fast_multiplier",1.001,"35328"
"S3",5,100,0,335,24598932,34598951,"ok",NA,NA,0.937791218643724,0.0829965629332781,0.928071928071928,0.62037962037962,FALSE,FALSE,"fast_multiplier",1.012,"35328"
"S3",5,100,0,336,24599941,34599960,"ok",NA,NA,1.20329776394273,0.113044076103923,0.407592407592408,0.331668331668332,FALSE,FALSE,"fast_multiplier",0.997999999999998,"35328"
"S3",5,100,0,337,24600950,34600969,"ok",NA,NA,1.56604544029863,0.149459747585874,0.0549450549450549,0.157842157842158,FALSE,FALSE,"fast_multiplier",1.001,"35328"
"S3",5,100,0,338,24601959,34601978,"ok",NA,NA,0.934204057179102,0.06496259334597,0.918081918081918,0.87012987012987,FALSE,FALSE,"fast_multiplier",1,"35328"
"S3",5,100,0,339,24602968,34602987,"ok",NA,NA,1.18416917119602,0.146362969135458,0.49050949050949,0.156843156843157,FALSE,FALSE,"fast_multiplier",1.016,"35328"
"S3",5,100,0,340,24603977,34603996,"ok",NA,NA,1.55328041296676,0.215205817268513,0.0529470529470529,0.044955044955045,FALSE,TRUE,"fast_multiplier",0.995999999999999,"35328"
"S3",5,100,0,341,24604986,34605005,"ok",NA,NA,1.23277936796048,0.111399390041913,0.346653346653347,0.2997002997003,FALSE,FALSE,"fast_multiplier",0.996000000000002,"35328"
"S3",5,100,0,342,24605995,34606014,"ok",NA,NA,1.04178254191677,0.0733914057268944,0.758241758241758,0.748251748251748,FALSE,FALSE,"fast_multiplier",1.014,"35328"
"S3",5,100,0,343,24607004,34607023,"ok",NA,NA,1.6874254863646,0.312154258865881,0.024975024975025,0.00899100899100899,TRUE,TRUE,"fast_multiplier",1.032,"35328"
"S3",5,100,0,344,24608013,34608032,"ok",NA,NA,1.0356208521063,0.0721252214308023,0.759240759240759,0.762237762237762,FALSE,FALSE,"fast_multiplier",1.026,"35328"
"S3",5,100,0,345,24609022,34609041,"ok",NA,NA,1.38764198177788,0.0781877299606191,0.150849150849151,0.667332667332667,FALSE,FALSE,"fast_multiplier",1.024,"35328"
"S3",5,100,0,346,24610031,34610050,"ok",NA,NA,1.37788200654104,0.0796385711405219,0.172827172827173,0.711288711288711,FALSE,FALSE,"fast_multiplier",1.028,"35328"
"S3",5,100,0,347,24611040,34611059,"ok",NA,NA,1.47353061823231,0.214719391400568,0.100899100899101,0.051948051948052,FALSE,FALSE,"fast_multiplier",1.026,"35328"
"S3",5,100,0,348,24612049,34612068,"ok",NA,NA,0.885683046316628,0.0728548194495253,0.969030969030969,0.814185814185814,FALSE,FALSE,"fast_multiplier",1.019,"35328"
"S3",5,100,0,349,24613058,34613077,"ok",NA,NA,1.08110869066786,0.105208215312803,0.633366633366633,0.335664335664336,FALSE,FALSE,"fast_multiplier",1.023,"35328"
"S3",5,100,0,350,24614067,34614086,"ok",NA,NA,0.928669079341907,0.079108049625295,0.923076923076923,0.659340659340659,FALSE,FALSE,"fast_multiplier",1.008,"35328"
"S3",5,100,0,351,24615076,34615095,"ok",NA,NA,1.39409910116707,0.126193734528223,0.108891108891109,0.192807192807193,FALSE,FALSE,"fast_multiplier",1.02,"35328"
"S3",5,100,0,352,24616085,34616104,"ok",NA,NA,1.05642572291951,0.0793569357787314,0.714285714285714,0.672327672327672,FALSE,FALSE,"fast_multiplier",1.016,"35328"
"S3",5,100,0,353,24617094,34617113,"ok",NA,NA,1.43281002976684,0.249301878086592,0.106893106893107,0.014985014985015,FALSE,TRUE,"fast_multiplier",0.989999999999998,"35328"
"S3",5,100,0,354,24618103,34618122,"ok",NA,NA,0.995011466978699,0.0733574915833433,0.815184815184815,0.74025974025974,FALSE,FALSE,"fast_multiplier",0.977,"35328"
"S3",5,100,0,355,24619112,34619131,"ok",NA,NA,1.15485418285584,0.0972507058657126,0.552447552447552,0.495504495504495,FALSE,FALSE,"fast_multiplier",1.011,"35328"
"S3",5,100,0,356,24620121,34620140,"ok",NA,NA,0.989676048259785,0.0683847520783592,0.874125874125874,0.835164835164835,FALSE,FALSE,"fast_multiplier",1.008,"35328"
"S3",5,100,0,357,24621130,34621149,"ok",NA,NA,1.09608183180904,0.0902849533552456,0.605394605394605,0.502497502497502,FALSE,FALSE,"fast_multiplier",1.002,"35328"
"S3",5,100,0,358,24622139,34622158,"ok",NA,NA,1.33727210996872,0.0763775913486585,0.186813186813187,0.725274725274725,FALSE,FALSE,"fast_multiplier",1.005,"35328"
"S3",5,100,0,359,24623148,34623167,"ok",NA,NA,1.16348305248045,0.090600430653635,0.536463536463537,0.595404595404595,FALSE,FALSE,"fast_multiplier",0.999000000000002,"35328"
"S3",5,100,0,360,24624157,34624176,"ok",NA,NA,1.13700996843372,0.088790756663514,0.532467532467532,0.53946053946054,FALSE,FALSE,"fast_multiplier",1.004,"35328"
"S3",5,100,0,361,24625166,34625185,"ok",NA,NA,0.865893582582523,0.0551273842741134,0.975024975024975,0.965034965034965,FALSE,FALSE,"fast_multiplier",1.009,"35328"
"S3",5,100,0,362,24626175,34626194,"ok",NA,NA,1.16579560236787,0.0883343975632366,0.465534465534466,0.547452547452547,FALSE,FALSE,"fast_multiplier",1.001,"35328"
"S3",5,100,0,363,24627184,34627203,"ok",NA,NA,1.08471718511224,0.0885370177653192,0.675324675324675,0.585414585414585,FALSE,FALSE,"fast_multiplier",1.012,"35328"
"S3",5,100,0,364,24628193,34628212,"ok",NA,NA,0.979349215685716,0.0621110280734776,0.875124875124875,0.923076923076923,FALSE,FALSE,"fast_multiplier",1.002,"35328"
"S3",5,100,0,365,24629202,34629221,"ok",NA,NA,1.20159671329391,0.102695547617783,0.411588411588412,0.415584415584416,FALSE,FALSE,"fast_multiplier",1.003,"35328"
"S3",5,100,0,366,24630211,34630230,"ok",NA,NA,1.17102198702516,0.0833121931406029,0.467532467532468,0.634365634365634,FALSE,FALSE,"fast_multiplier",1.041,"35328"
"S3",5,100,0,367,24631220,34631239,"ok",NA,NA,1.58108019589764,0.37160945625539,0.045954045954046,0.00799200799200799,TRUE,TRUE,"fast_multiplier",0.992000000000001,"35328"
"S3",5,100,0,368,24632229,34632248,"ok",NA,NA,1.12117124690241,0.0778579185233327,0.576423576423576,0.706293706293706,FALSE,FALSE,"fast_multiplier",1.006,"35328"
"S3",5,100,0,369,24633238,34633257,"ok",NA,NA,1.08147553125118,0.0730467711498733,0.662337662337662,0.772227772227772,FALSE,FALSE,"fast_multiplier",0.974,"35328"
"S3",5,100,0,370,24634247,34634266,"ok",NA,NA,1.14675525236376,0.11023954840197,0.536463536463537,0.361638361638362,FALSE,FALSE,"fast_multiplier",0.965,"35328"
"S3",5,100,0,371,24635256,34635275,"ok",NA,NA,1.47215024465277,0.243144003184343,0.0939060939060939,0.02997002997003,FALSE,TRUE,"fast_multiplier",0.939999999999998,"35328"
"S3",5,100,0,372,24636265,34636284,"ok",NA,NA,1.10829000590434,0.0782859361468003,0.593406593406593,0.683316683316683,FALSE,FALSE,"fast_multiplier",0.967000000000002,"35328"
"S3",5,100,0,373,24637274,34637293,"ok",NA,NA,1.0171266234322,0.0761451944395247,0.769230769230769,0.713286713286713,FALSE,FALSE,"fast_multiplier",0.968,"35328"
"S3",5,100,0,374,24638283,34638302,"ok",NA,NA,1.12351516589476,0.107811293035691,0.546453546453546,0.331668331668332,FALSE,FALSE,"fast_multiplier",0.967000000000002,"35328"
"S3",5,100,0,375,24639292,34639311,"ok",NA,NA,1.24416762186255,0.116720552574605,0.368631368631369,0.326673326673327,FALSE,FALSE,"fast_multiplier",0.998999999999999,"35328"
"S3",5,100,0,376,24640301,34640320,"ok",NA,NA,1.23351667116754,0.123268450478247,0.364635364635365,0.255744255744256,FALSE,FALSE,"fast_multiplier",1.004,"35328"
"S3",5,100,0,377,24641310,34641329,"ok",NA,NA,1.39218199268387,0.193995817925495,0.190809190809191,0.106893106893107,FALSE,FALSE,"fast_multiplier",1.013,"35328"
"S3",5,100,0,378,24642319,34642338,"ok",NA,NA,1.40101151695795,0.184392003281848,0.127872127872128,0.0699300699300699,FALSE,FALSE,"fast_multiplier",1.001,"35328"
"S3",5,100,0,379,24643328,34643347,"ok",NA,NA,0.989942393387054,0.0646928052136315,0.869130869130869,0.903096903096903,FALSE,FALSE,"fast_multiplier",0.991,"35328"
"S3",5,100,0,380,24644337,34644356,"ok",NA,NA,1.18930289088665,0.0987855362699885,0.484515484515485,0.496503496503497,FALSE,FALSE,"fast_multiplier",0.998000000000001,"35328"
"S3",5,100,0,381,24645346,34645365,"ok",NA,NA,1.24229545731379,0.0807564370918353,0.334665334665335,0.677322677322677,FALSE,FALSE,"fast_multiplier",0.988,"35328"
"S3",5,100,0,382,24646355,34646374,"ok",NA,NA,1.0688623620827,0.0892817500054467,0.694305694305694,0.575424575424575,FALSE,FALSE,"fast_multiplier",0.996000000000002,"35328"
"S3",5,100,0,383,24647364,34647383,"ok",NA,NA,1.06700766952127,0.0735741286408065,0.745254745254745,0.822177822177822,FALSE,FALSE,"fast_multiplier",0.992999999999999,"35328"
"S3",5,100,0,384,24648373,34648392,"ok",NA,NA,0.951238370513569,0.0653929943151626,0.919080919080919,0.877122877122877,FALSE,FALSE,"fast_multiplier",0.992000000000001,"35328"
"S3",5,100,0,385,24649382,34649401,"ok",NA,NA,1.09086711945634,0.0784477076762281,0.606393606393606,0.681318681318681,FALSE,FALSE,"fast_multiplier",1.008,"35328"
"S3",5,100,0,386,24650391,34650410,"ok",NA,NA,1.21429609757915,0.0827087789388029,0.3996003996004,0.65034965034965,FALSE,FALSE,"fast_multiplier",1.006,"35328"
"S3",5,100,0,387,24651400,34651419,"ok",NA,NA,1.1842748032922,0.0732049479441968,0.470529470529471,0.788211788211788,FALSE,FALSE,"fast_multiplier",1.007,"35328"
"S3",5,100,0,388,24652409,34652428,"ok",NA,NA,1.23576844831218,0.0791339770046187,0.34965034965035,0.701298701298701,FALSE,FALSE,"fast_multiplier",1.003,"35328"
"S3",5,100,0,389,24653418,34653437,"ok",NA,NA,1.12024639007348,0.0962156632330851,0.59040959040959,0.460539460539461,FALSE,FALSE,"fast_multiplier",1.004,"35328"
"S3",5,100,0,390,24654427,34654446,"ok",NA,NA,1.09254488942172,0.0958037419495932,0.675324675324675,0.500499500499501,FALSE,FALSE,"fast_multiplier",1.039,"35328"
"S3",5,100,0,391,24655436,34655455,"ok",NA,NA,1.1734129729464,0.107434550207605,0.47952047952048,0.368631368631369,FALSE,FALSE,"fast_multiplier",1.036,"35328"
"S3",5,100,0,392,24656445,34656464,"ok",NA,NA,1.29262876265188,0.123465920025227,0.266733266733267,0.278721278721279,FALSE,FALSE,"fast_multiplier",1.018,"35328"
"S3",5,100,0,393,24657454,34657473,"ok",NA,NA,1.38843040200106,0.0878451058403668,0.132867132867133,0.529470529470529,FALSE,FALSE,"fast_multiplier",1.033,"35328"
"S3",5,100,0,394,24658463,34658482,"ok",NA,NA,1.26572532890912,0.121261464794905,0.271728271728272,0.225774225774226,FALSE,FALSE,"fast_multiplier",1.032,"35328"
"S3",5,100,0,395,24659472,34659491,"ok",NA,NA,1.16256956048059,0.0783432532624656,0.527472527472527,0.715284715284715,FALSE,FALSE,"fast_multiplier",1.031,"35328"
"S3",5,100,0,396,24660481,34660500,"ok",NA,NA,1.12169452096011,0.0774572393788791,0.568431568431568,0.696303696303696,FALSE,FALSE,"fast_multiplier",1.024,"35328"
"S3",5,100,0,397,24661490,34661509,"ok",NA,NA,1.390769039969,0.170257962267885,0.125874125874126,0.0759240759240759,FALSE,FALSE,"fast_multiplier",1.024,"35328"
"S3",5,100,0,398,24662499,34662518,"ok",NA,NA,1.25052443452767,0.163547099939547,0.313686313686314,0.0989010989010989,FALSE,FALSE,"fast_multiplier",1.022,"35328"
"S3",5,100,0,399,24663508,34663527,"ok",NA,NA,1.02520911943824,0.0797401553323378,0.761238761238761,0.678321678321678,FALSE,FALSE,"fast_multiplier",1.021,"35328"
"S3",5,100,0,400,24664517,34664536,"ok",NA,NA,1.25900724767088,0.0878385760344729,0.322677322677323,0.564435564435564,FALSE,FALSE,"fast_multiplier",1.033,"35328"
"S3",5,100,0,401,24665526,34665545,"ok",NA,NA,1.03705148252263,0.0691402240156363,0.715284715284715,0.788211788211788,FALSE,FALSE,"fast_multiplier",0.998999999999999,"35328"
"S3",5,100,0,402,24666535,34666554,"ok",NA,NA,1.03878753709489,0.0762776085729001,0.82017982017982,0.781218781218781,FALSE,FALSE,"fast_multiplier",1.017,"35328"
"S3",5,100,0,403,24667544,34667563,"ok",NA,NA,1.32145069363346,0.105493400245692,0.208791208791209,0.37962037962038,FALSE,FALSE,"fast_multiplier",1.014,"35328"
"S3",5,100,0,404,24668553,34668572,"ok",NA,NA,1.55215047400114,0.220760747590044,0.0629370629370629,0.0559440559440559,FALSE,FALSE,"fast_multiplier",0.996000000000002,"35328"
"S3",5,100,0,405,24669562,34669581,"ok",NA,NA,1.19263565040817,0.0774561141647917,0.431568431568432,0.718281718281718,FALSE,FALSE,"fast_multiplier",1.021,"35328"
"S3",5,100,0,406,24670571,34670590,"ok",NA,NA,1.09267510777406,0.0765284911633586,0.679320679320679,0.767232767232767,FALSE,FALSE,"fast_multiplier",1.019,"35328"
"S3",5,100,0,407,24671580,34671599,"ok",NA,NA,1.54878404256348,0.0916694632928893,0.042957042957043,0.525474525474525,TRUE,FALSE,"fast_multiplier",1.009,"35328"
"S3",5,100,0,408,24672589,34672608,"ok",NA,NA,1.34663990424571,0.159235562129289,0.165834165834166,0.0999000999000999,FALSE,FALSE,"fast_multiplier",1.028,"35328"
"S3",5,100,0,409,24673598,34673617,"ok",NA,NA,1.12922356660507,0.0747937884758613,0.552447552447552,0.743256743256743,FALSE,FALSE,"fast_multiplier",1.026,"35328"
"S3",5,100,0,410,24674607,34674626,"ok",NA,NA,1.50055614759973,0.142902417727004,0.0559440559440559,0.15984015984016,FALSE,FALSE,"fast_multiplier",1.024,"35328"
"S3",5,100,0,411,24675616,34675635,"ok",NA,NA,1.25759990443319,0.0987575617581468,0.304695304695305,0.438561438561439,FALSE,FALSE,"fast_multiplier",1.024,"35328"
"S3",5,100,0,412,24676625,34676644,"ok",NA,NA,1.1988494185753,0.141470561025756,0.394605394605395,0.153846153846154,FALSE,FALSE,"fast_multiplier",1.021,"35328"
"S3",5,100,0,413,24677634,34677653,"ok",NA,NA,1.10174338031361,0.0979694780844773,0.617382617382617,0.462537462537463,FALSE,FALSE,"fast_multiplier",1.018,"35328"
"S3",5,100,0,414,24678643,34678662,"ok",NA,NA,1.12949260914035,0.0920788975192441,0.519480519480519,0.462537462537463,FALSE,FALSE,"fast_multiplier",1.021,"35328"
"S3",5,100,0,415,24679652,34679671,"ok",NA,NA,1.08729032949179,0.101054908441975,0.659340659340659,0.461538461538462,FALSE,FALSE,"fast_multiplier",1.016,"35328"
"S3",5,100,0,416,24680661,34680680,"ok",NA,NA,1.2757902680928,0.140534233739775,0.220779220779221,0.138861138861139,FALSE,FALSE,"fast_multiplier",1.045,"35328"
"S3",5,100,0,417,24681670,34681689,"ok",NA,NA,1.07065127872408,0.0835531331476556,0.711288711288711,0.652347652347652,FALSE,FALSE,"fast_multiplier",0.975000000000001,"35328"
"S3",5,100,0,418,24682679,34682698,"ok",NA,NA,0.921349564048054,0.0693164737591818,0.943056943056943,0.826173826173826,FALSE,FALSE,"fast_multiplier",0.985999999999997,"35328"
"S3",5,100,0,419,24683688,34683707,"ok",NA,NA,1.13455005881719,0.0810782948633471,0.581418581418581,0.687312687312687,FALSE,FALSE,"fast_multiplier",0.940000000000001,"35328"
"S3",5,100,0,420,24684697,34684716,"ok",NA,NA,1.17608949917207,0.0996516738338889,0.446553446553447,0.404595404595405,FALSE,FALSE,"fast_multiplier",0.968999999999998,"35328"
"S3",5,100,0,421,24685706,34685725,"ok",NA,NA,1.51141043922912,0.247546920466811,0.0609390609390609,0.01998001998002,FALSE,TRUE,"fast_multiplier",1,"35328"
"S3",5,100,0,422,24686715,34686734,"ok",NA,NA,1.08290273581767,0.0701823669416944,0.679320679320679,0.819180819180819,FALSE,FALSE,"fast_multiplier",0.966000000000001,"35328"
"S3",5,100,0,423,24687724,34687743,"ok",NA,NA,1.41906046797454,0.230075688361728,0.125874125874126,0.034965034965035,FALSE,TRUE,"fast_multiplier",0.934000000000001,"35328"
"S3",5,100,0,424,24688733,34688752,"ok",NA,NA,1.21143531911203,0.077129019954729,0.398601398601399,0.734265734265734,FALSE,FALSE,"fast_multiplier",0.964000000000002,"35328"
"S3",5,100,0,425,24689742,34689761,"ok",NA,NA,1.18798256783709,0.0897284505816313,0.413586413586414,0.541458541458541,FALSE,FALSE,"fast_multiplier",0.974999999999998,"35328"
"S3",5,100,0,426,24690751,34690770,"ok",NA,NA,1.04466398723944,0.0937416521975807,0.732267732267732,0.480519480519481,FALSE,FALSE,"fast_multiplier",0.984000000000002,"35328"
"S3",5,100,0,427,24691760,34691779,"ok",NA,NA,1.2315263716018,0.0795301556801464,0.375624375624376,0.698301698301698,FALSE,FALSE,"fast_multiplier",0.998000000000001,"35328"
"S3",5,100,0,428,24692769,34692788,"ok",NA,NA,1.23166243848987,0.10143518536165,0.380619380619381,0.417582417582418,FALSE,FALSE,"fast_multiplier",0.995000000000001,"35328"
"S3",5,100,0,429,24693778,34693797,"ok",NA,NA,1.08872866547044,0.0962179233789882,0.61038961038961,0.414585414585415,FALSE,FALSE,"fast_multiplier",0.990000000000002,"35328"
"S3",5,100,0,430,24694787,34694806,"ok",NA,NA,1.00100844799178,0.0758388136183015,0.806193806193806,0.707292707292707,FALSE,FALSE,"fast_multiplier",0.992000000000001,"35328"
"S3",5,100,0,431,24695796,34695815,"ok",NA,NA,1.15927213051613,0.10318992834373,0.527472527472527,0.414585414585415,FALSE,FALSE,"fast_multiplier",0.986000000000001,"35328"
"S3",5,100,0,432,24696805,34696824,"ok",NA,NA,1.14512224591322,0.0622094259935758,0.532467532467532,0.926073926073926,FALSE,FALSE,"fast_multiplier",0.989000000000001,"35328"
"S3",5,100,0,433,24697814,34697833,"ok",NA,NA,1.21573272942607,0.100892845142791,0.365634365634366,0.386613386613387,FALSE,FALSE,"fast_multiplier",0.991000000000003,"35328"
"S3",5,100,0,434,24698823,34698842,"ok",NA,NA,1.40313471521875,0.197419382527894,0.136863136863137,0.0649350649350649,FALSE,FALSE,"fast_multiplier",0.960000000000001,"35328"
"S3",5,100,0,435,24699832,34699851,"ok",NA,NA,1.31063967332086,0.0929223908104178,0.15984015984016,0.454545454545455,FALSE,FALSE,"fast_multiplier",0.986999999999998,"35328"
"S3",5,100,0,436,24700841,34700860,"ok",NA,NA,1.39148630208201,0.135171746172996,0.157842157842158,0.224775224775225,FALSE,FALSE,"fast_multiplier",0.954999999999998,"35328"
"S3",5,100,0,437,24701850,34701869,"ok",NA,NA,1.22242571848164,0.0914170926136955,0.421578421578422,0.572427572427572,FALSE,FALSE,"fast_multiplier",0.986000000000004,"35328"
"S3",5,100,0,438,24702859,34702878,"ok",NA,NA,1.16082344483822,0.0816737228620567,0.484515484515485,0.64035964035964,FALSE,FALSE,"fast_multiplier",0.948999999999998,"35328"
"S3",5,100,0,439,24703868,34703887,"ok",NA,NA,1.10936743240047,0.0735408958117033,0.622377622377622,0.77022977022977,FALSE,FALSE,"fast_multiplier",1.003,"35328"
"S3",5,100,0,440,24704877,34704896,"ok",NA,NA,1.43288755987207,0.127780109398209,0.0849150849150849,0.191808191808192,FALSE,FALSE,"fast_multiplier",1.003,"35328"
"S3",5,100,0,441,24705886,34705905,"ok",NA,NA,1.10644528560533,0.112687727914114,0.626373626373626,0.326673326673327,FALSE,FALSE,"fast_multiplier",0.985999999999997,"35328"
"S3",5,100,0,442,24706895,34706914,"ok",NA,NA,0.982700396986679,0.0893735850507007,0.864135864135864,0.564435564435564,FALSE,FALSE,"fast_multiplier",1.005,"35328"
"S3",5,100,0,443,24707904,34707923,"ok",NA,NA,0.956861417579435,0.0747424440752062,0.875124875124875,0.755244755244755,FALSE,FALSE,"fast_multiplier",1.005,"35328"
"S3",5,100,0,444,24708913,34708932,"ok",NA,NA,1.07295412422974,0.0856335805364934,0.657342657342657,0.597402597402597,FALSE,FALSE,"fast_multiplier",0.986000000000001,"35328"
"S3",5,100,0,445,24709922,34709941,"ok",NA,NA,1.25404821253709,0.102260568563062,0.278721278721279,0.380619380619381,FALSE,FALSE,"fast_multiplier",1.002,"35328"
"S3",5,100,0,446,24710931,34710950,"ok",NA,NA,1.15325558614926,0.108477685423008,0.559440559440559,0.412587412587413,FALSE,FALSE,"fast_multiplier",0.983000000000001,"35328"
"S3",5,100,0,447,24711940,34711959,"ok",NA,NA,1.48336897731545,0.154013798127827,0.0929070929070929,0.128871128871129,FALSE,FALSE,"fast_multiplier",1,"35328"
"S3",5,100,0,448,24712949,34712968,"ok",NA,NA,1.18052654346351,0.0807616641638475,0.480519480519481,0.706293706293706,FALSE,FALSE,"fast_multiplier",1.035,"35328"
"S3",5,100,0,449,24713958,34713977,"ok",NA,NA,1.2949262605698,0.076014678076627,0.238761238761239,0.72027972027972,FALSE,FALSE,"fast_multiplier",0.984999999999999,"35328"
"S3",5,100,0,450,24714967,34714986,"ok",NA,NA,1.55630549628809,0.27298644198004,0.051948051948052,0.020979020979021,FALSE,TRUE,"fast_multiplier",0.960999999999999,"35328"
"S3",5,100,0,451,24715976,34715995,"ok",NA,NA,0.979750844396423,0.0758650441648298,0.858141858141858,0.716283716283716,FALSE,FALSE,"fast_multiplier",0.981999999999999,"35328"
"S3",5,100,0,452,24716985,34717004,"ok",NA,NA,1.34227920757963,0.118226788159245,0.223776223776224,0.298701298701299,FALSE,FALSE,"fast_multiplier",0.962000000000003,"35328"
"S3",5,100,0,453,24717994,34718013,"ok",NA,NA,1.12535058035106,0.0727461037078835,0.611388611388611,0.811188811188811,FALSE,FALSE,"fast_multiplier",0.997999999999998,"35328"
"S3",5,100,0,454,24719003,34719022,"ok",NA,NA,1.36056412672237,0.106657023684149,0.181818181818182,0.383616383616384,FALSE,FALSE,"fast_multiplier",0.980000000000004,"35328"
"S3",5,100,0,455,24720012,34720031,"ok",NA,NA,1.08542253392388,0.097614194662846,0.668331668331668,0.467532467532468,FALSE,FALSE,"fast_multiplier",0.995999999999995,"35328"
"S3",5,100,0,456,24721021,34721040,"ok",NA,NA,1.64011346739645,0.142042795001421,0.01998001998002,0.207792207792208,TRUE,FALSE,"fast_multiplier",0.977000000000004,"35328"
"S3",5,100,0,457,24722030,34722049,"ok",NA,NA,1.20215163177961,0.0764016584941892,0.441558441558442,0.743256743256743,FALSE,FALSE,"fast_multiplier",0.977000000000004,"35328"
"S3",5,100,0,458,24723039,34723058,"ok",NA,NA,0.990968249988755,0.0821468444298935,0.854145854145854,0.661338661338661,FALSE,FALSE,"fast_multiplier",0.974000000000004,"35328"
"S3",5,100,0,459,24724048,34724067,"ok",NA,NA,1.70918415886581,0.228302162480127,0.013986013986014,0.033966033966034,TRUE,TRUE,"fast_multiplier",0.990000000000002,"35328"
"S3",5,100,0,460,24725057,34725076,"ok",NA,NA,1.23412743824967,0.080773078888171,0.333666333666334,0.64035964035964,FALSE,FALSE,"fast_multiplier",0.991,"35328"
"S3",5,100,0,461,24726066,34726085,"ok",NA,NA,1.36138354875262,0.210790783054034,0.155844155844156,0.0549450549450549,FALSE,FALSE,"fast_multiplier",0.987000000000002,"35328"
"S3",5,100,0,462,24727075,34727094,"ok",NA,NA,1.14052650734935,0.0836712095842821,0.4995004995005,0.589410589410589,FALSE,FALSE,"fast_multiplier",0.976999999999997,"35328"
"S3",5,100,0,463,24728084,34728103,"ok",NA,NA,1.03740004816906,0.0738438786966404,0.767232767232767,0.757242757242757,FALSE,FALSE,"fast_multiplier",0.984000000000002,"35328"
"S3",5,100,0,464,24729093,34729112,"ok",NA,NA,1.48807369015205,0.195396701647463,0.0619380619380619,0.0549450549450549,FALSE,FALSE,"fast_multiplier",0.976999999999997,"35328"
"S3",5,100,0,465,24730102,34730121,"ok",NA,NA,1.2681408179157,0.0740286873239639,0.336663336663337,0.755244755244755,FALSE,FALSE,"fast_multiplier",0.947000000000003,"35328"
"S3",5,100,0,466,24731111,34731130,"ok",NA,NA,1.33575079107388,0.102295265197475,0.197802197802198,0.412587412587413,FALSE,FALSE,"fast_multiplier",0.951999999999998,"35328"
"S3",5,100,0,467,24732120,34732139,"ok",NA,NA,1.14134387820505,0.0777534170332769,0.53946053946054,0.708291708291708,FALSE,FALSE,"fast_multiplier",0.943000000000005,"35328"
"S3",5,100,0,468,24733129,34733148,"ok",NA,NA,1.33465147045536,0.223474664342103,0.195804195804196,0.036963036963037,FALSE,TRUE,"fast_multiplier",0.939,"35328"
"S3",5,100,0,469,24734138,34734157,"ok",NA,NA,1.20842127390326,0.162987507688752,0.404595404595405,0.118881118881119,FALSE,FALSE,"fast_multiplier",0.941000000000003,"35328"
"S3",5,100,0,470,24735147,34735166,"ok",NA,NA,1.01917775100273,0.0745520708883673,0.807192807192807,0.775224775224775,FALSE,FALSE,"fast_multiplier",0.946000000000005,"35328"
"S3",5,100,0,471,24736156,34736175,"ok",NA,NA,1.19628232624082,0.0804793077706708,0.403596403596404,0.663336663336663,FALSE,FALSE,"fast_multiplier",0.972999999999999,"35328"
"S3",5,100,0,472,24737165,34737184,"ok",NA,NA,1.7555787396641,0.245002868072888,0.00599400599400599,0.020979020979021,TRUE,TRUE,"fast_multiplier",0.960000000000001,"35328"
"S3",5,100,0,473,24738174,34738193,"ok",NA,NA,1.15647255921421,0.0822412886162959,0.491508491508492,0.646353646353646,FALSE,FALSE,"fast_multiplier",0.966999999999999,"35328"
"S3",5,100,0,474,24739183,34739202,"ok",NA,NA,1.15905660029948,0.0987689904794409,0.494505494505495,0.434565434565435,FALSE,FALSE,"fast_multiplier",0.960000000000001,"35328"
"S3",5,100,0,475,24740192,34740211,"ok",NA,NA,0.998387305196521,0.0549160428019948,0.86013986013986,0.972027972027972,FALSE,FALSE,"fast_multiplier",0.961999999999996,"35328"
"S3",5,100,0,476,24741201,34741220,"ok",NA,NA,0.988425340786787,0.072581120956851,0.862137862137862,0.777222777222777,FALSE,FALSE,"fast_multiplier",0.957000000000001,"35328"
"S3",5,100,0,477,24742210,34742229,"ok",NA,NA,1.32630665650648,0.098504499187558,0.202797202797203,0.411588411588412,FALSE,FALSE,"fast_multiplier",0.958999999999996,"35328"
"S3",5,100,0,478,24743219,34743238,"ok",NA,NA,1.26403891945575,0.129629722488848,0.267732267732268,0.182817182817183,FALSE,FALSE,"fast_multiplier",0.954999999999998,"35328"
"S3",5,100,0,479,24744228,34744247,"ok",NA,NA,1.04310270967091,0.0987288292527578,0.735264735264735,0.391608391608392,FALSE,FALSE,"fast_multiplier",0.955999999999996,"35328"
"S3",5,100,0,480,24745237,34745256,"ok",NA,NA,1.27673837361896,0.0980493169064522,0.257742257742258,0.3996003996004,FALSE,FALSE,"fast_multiplier",0.954000000000001,"35328"
"S3",5,100,0,481,24746246,34746265,"ok",NA,NA,1.3462305628927,0.0780135292274944,0.210789210789211,0.702297702297702,FALSE,FALSE,"fast_multiplier",0.972000000000001,"35328"
"S3",5,100,0,482,24747255,34747274,"ok",NA,NA,1.11694017453431,0.0760914415033283,0.623376623376623,0.757242757242757,FALSE,FALSE,"fast_multiplier",0.948999999999998,"35328"
"S3",5,100,0,483,24748264,34748283,"ok",NA,NA,1.13648439424365,0.0796510717405683,0.577422577422577,0.72027972027972,FALSE,FALSE,"fast_multiplier",0.948,"35328"
"S3",5,100,0,484,24749273,34749292,"ok",NA,NA,1.28430361249963,0.136613833908466,0.286713286713287,0.173826173826174,FALSE,FALSE,"fast_multiplier",0.946999999999996,"35328"
"S3",5,100,0,485,24750282,34750301,"ok",NA,NA,1.13203424260651,0.0750942626432203,0.607392607392607,0.766233766233766,FALSE,FALSE,"fast_multiplier",0.959000000000003,"35328"
"S3",5,100,0,486,24751291,34751310,"ok",NA,NA,1.0811189210202,0.101311722973026,0.695304695304695,0.434565434565435,FALSE,FALSE,"fast_multiplier",0.942999999999998,"35328"
"S3",5,100,0,487,24752300,34752319,"ok",NA,NA,1.22225646052619,0.0981390511763194,0.398601398601399,0.445554445554446,FALSE,FALSE,"fast_multiplier",0.965000000000003,"35328"
"S3",5,100,0,488,24753309,34753328,"ok",NA,NA,1.7427139573587,0.247081559878154,0.012987012987013,0.027972027972028,TRUE,TRUE,"fast_multiplier",0.964000000000006,"35328"
"S3",5,100,0,489,24754318,34754337,"ok",NA,NA,1.17328243858595,0.110918532195182,0.475524475524476,0.33966033966034,FALSE,FALSE,"fast_multiplier",0.959000000000003,"35328"
"S3",5,100,0,490,24755327,34755346,"ok",NA,NA,1.385984850446,0.202651447283019,0.0979020979020979,0.02997002997003,FALSE,TRUE,"fast_multiplier",0.963000000000001,"35328"
"S3",5,100,0,491,24756336,34756355,"ok",NA,NA,1.22239770257007,0.0929979291080469,0.392607392607393,0.527472527472527,FALSE,FALSE,"fast_multiplier",0.957000000000001,"35328"
"S3",5,100,0,492,24757345,34757364,"ok",NA,NA,1.38320050281792,0.168795912284304,0.13986013986014,0.0889110889110889,FALSE,FALSE,"fast_multiplier",0.959000000000003,"35328"
"S3",5,100,0,493,24758354,34758373,"ok",NA,NA,1.29007291609915,0.103412014321361,0.285714285714286,0.416583416583417,FALSE,FALSE,"fast_multiplier",0.954000000000001,"35328"
"S3",5,100,0,494,24759363,34759382,"ok",NA,NA,1.52474946262257,0.119832335793753,0.0599400599400599,0.248751248751249,FALSE,FALSE,"fast_multiplier",0.956000000000003,"35328"
"S3",5,100,0,495,24760372,34760391,"ok",NA,NA,1.47235121257936,0.184919691712824,0.0739260739260739,0.0629370629370629,FALSE,FALSE,"fast_multiplier",0.960000000000001,"35328"
"S3",5,100,0,496,24761381,34761400,"ok",NA,NA,1.55422055912824,0.215763210996776,0.0559440559440559,0.0589410589410589,FALSE,FALSE,"fast_multiplier",0.964999999999996,"35328"
"S3",5,100,0,497,24762390,34762409,"ok",NA,NA,1.17736869292384,0.088964392446727,0.483516483516484,0.56043956043956,FALSE,FALSE,"fast_multiplier",0.945999999999998,"35328"
"S3",5,100,0,498,24763399,34763418,"ok",NA,NA,1.15333104134456,0.121812095429807,0.541458541458541,0.28971028971029,FALSE,FALSE,"fast_multiplier",0.948999999999998,"35328"
"S3",5,100,0,499,24764408,34764427,"ok",NA,NA,1.11576498917777,0.0762795630939021,0.61038961038961,0.763236763236763,FALSE,FALSE,"fast_multiplier",0.949000000000005,"35328"
"S3",5,100,0,500,24765417,34765436,"ok",NA,NA,1.21163674617649,0.0809426847700902,0.394605394605395,0.661338661338661,FALSE,FALSE,"fast_multiplier",0.945999999999998,"35328"
"S3",5,100,0,501,24766426,34766445,"ok",NA,NA,0.986972988856695,0.0869214270187445,0.844155844155844,0.547452547452547,FALSE,FALSE,"fast_multiplier",0.947000000000003,"35328"
"S3",5,100,0,502,24767435,34767454,"ok",NA,NA,1.31976284062394,0.194075495665368,0.227772227772228,0.0589410589410589,FALSE,FALSE,"fast_multiplier",0.936999999999998,"35328"
"S3",5,100,0,503,24768444,34768463,"ok",NA,NA,1.17185336338973,0.0777939995671275,0.451548451548452,0.693306693306693,FALSE,FALSE,"fast_multiplier",0.972999999999999,"35328"
"S3",5,100,0,504,24769453,34769472,"ok",NA,NA,1.03031220995263,0.0701029835309968,0.766233766233766,0.811188811188811,FALSE,FALSE,"fast_multiplier",0.971999999999994,"35328"
"S3",5,100,0,505,24770462,34770481,"ok",NA,NA,1.18748744002408,0.0942902585485476,0.472527472527473,0.509490509490509,FALSE,FALSE,"fast_multiplier",0.963000000000001,"35328"
"S3",5,100,0,506,24771471,34771490,"ok",NA,NA,1.17497082725655,0.0897339322374869,0.486513486513487,0.571428571428571,FALSE,FALSE,"fast_multiplier",0.968999999999994,"35328"
"S3",5,100,0,507,24772480,34772499,"ok",NA,NA,1.06937443854918,0.0944848976978852,0.612387612387612,0.381618381618382,FALSE,FALSE,"fast_multiplier",0.957000000000001,"35328"
"S3",5,100,0,508,24773489,34773508,"ok",NA,NA,1.16845001505138,0.102183511463627,0.506493506493506,0.441558441558442,FALSE,FALSE,"fast_multiplier",0.955999999999996,"35328"
"S3",5,100,0,509,24774498,34774517,"ok",NA,NA,1.02878923499853,0.0719363880869106,0.758241758241758,0.77022977022977,FALSE,FALSE,"fast_multiplier",0.963999999999999,"35328"
"S3",5,100,0,510,24775507,34775526,"ok",NA,NA,1.19067339078882,0.0905601593244316,0.416583416583417,0.528471528471528,FALSE,FALSE,"fast_multiplier",0.968999999999994,"35328"
"S3",5,100,0,511,24776516,34776535,"ok",NA,NA,1.51126822309216,0.193024387869644,0.0809190809190809,0.0759240759240759,FALSE,FALSE,"fast_multiplier",0.952000000000005,"35328"
"S3",5,100,0,512,24777525,34777544,"ok",NA,NA,1.00188453816006,0.092193232930775,0.828171828171828,0.510489510489511,FALSE,FALSE,"fast_multiplier",0.959999999999994,"35328"
"S3",5,100,0,513,24778534,34778553,"ok",NA,NA,0.951212126906088,0.0767936092888873,0.9000999000999,0.684315684315684,FALSE,FALSE,"fast_multiplier",0.936999999999998,"35328"
"S3",5,100,0,514,24779543,34779562,"ok",NA,NA,1.34543533056743,0.116557204497916,0.156843156843157,0.22977022977023,FALSE,FALSE,"fast_multiplier",0.952000000000005,"35328"
"S3",5,100,0,515,24780552,34780571,"ok",NA,NA,1.22052684000761,0.0783771139255864,0.357642357642358,0.704295704295704,FALSE,FALSE,"fast_multiplier",0.930999999999997,"35328"
"S3",5,100,0,516,24781561,34781580,"ok",NA,NA,1.25588459847771,0.1048583457297,0.381618381618382,0.448551448551449,FALSE,FALSE,"fast_multiplier",0.949000000000005,"35328"
"S3",5,100,0,517,24782570,34782589,"ok",NA,NA,1.19686202950825,0.07477536831331,0.392607392607393,0.736263736263736,FALSE,FALSE,"fast_multiplier",0.933999999999997,"35328"
"S3",5,100,0,518,24783579,34783598,"ok",NA,NA,1.0655425439392,0.0763650148609216,0.695304695304695,0.723276723276723,FALSE,FALSE,"fast_multiplier",0.946000000000005,"35328"
"S3",5,100,0,519,24784588,34784607,"ok",NA,NA,1.1518830243946,0.0811451567669883,0.483516483516484,0.631368631368631,FALSE,FALSE,"fast_multiplier",0.948999999999998,"35328"
"S3",5,100,0,520,24785597,34785616,"ok",NA,NA,1.12540772939661,0.114111635918707,0.54045954045954,0.292707292707293,FALSE,FALSE,"fast_multiplier",0.960999999999999,"35328"
"S3",5,100,0,521,24786606,34786625,"ok",NA,NA,1.17691348127537,0.122554910250331,0.482517482517482,0.25974025974026,FALSE,FALSE,"fast_multiplier",0.936999999999998,"35328"
"S3",5,100,0,522,24787615,34787634,"ok",NA,NA,1.23638186313084,0.09175146980891,0.393606393606394,0.573426573426573,FALSE,FALSE,"fast_multiplier",0.972999999999999,"35328"
"S3",5,100,0,523,24788624,34788643,"ok",NA,NA,1.17093557323805,0.100849402395975,0.438561438561439,0.404595404595405,FALSE,FALSE,"fast_multiplier",0.971999999999994,"35328"
"S3",5,100,0,524,24789633,34789652,"ok",NA,NA,0.967642340656226,0.074543909020119,0.884115884115884,0.747252747252747,FALSE,FALSE,"fast_multiplier",0.962000000000003,"35328"
"S3",5,100,0,525,24790642,34790661,"ok",NA,NA,1.2139754784576,0.123750784942128,0.402597402597403,0.270729270729271,FALSE,FALSE,"fast_multiplier",0.954999999999998,"35328"
"S3",5,100,0,526,24791651,34791670,"ok",NA,NA,1.22325786890594,0.0911298796351849,0.334665334665335,0.501498501498502,FALSE,FALSE,"fast_multiplier",0.966999999999999,"35328"
"S3",5,100,0,527,24792660,34792679,"ok",NA,NA,0.996032464479283,0.0746844206355765,0.844155844155844,0.751248751248751,FALSE,FALSE,"fast_multiplier",0.965999999999994,"35328"
"S3",5,100,0,528,24793669,34793688,"ok",NA,NA,1.05780252098789,0.0962071138344437,0.738261738261738,0.487512487512487,FALSE,FALSE,"fast_multiplier",0.950000000000003,"35328"
"S3",5,100,0,529,24794678,34794697,"ok",NA,NA,1.42155424434444,0.0963580101256913,0.107892107892108,0.43956043956044,FALSE,FALSE,"fast_multiplier",0.943000000000005,"35328"
"S3",5,100,0,530,24795687,34795706,"ok",NA,NA,1.24726499197109,0.0730962226969283,0.308691308691309,0.773226773226773,FALSE,FALSE,"fast_multiplier",0.93,"35328"
"S3",5,100,0,531,24796696,34796715,"ok",NA,NA,1.15322680254585,0.0849818681995192,0.533466533466533,0.617382617382617,FALSE,FALSE,"fast_multiplier",0.929000000000002,"35328"
"S3",5,100,0,532,24797705,34797724,"ok",NA,NA,1.25588353239127,0.143859337063956,0.372627372627373,0.1998001998002,FALSE,FALSE,"fast_multiplier",0.927999999999997,"35328"
"S3",5,100,0,533,24798714,34798733,"ok",NA,NA,1.16361370064323,0.0823456832061278,0.463536463536464,0.605394605394605,FALSE,FALSE,"fast_multiplier",0.961999999999996,"35328"
"S3",5,100,0,534,24799723,34799742,"ok",NA,NA,1.27924626662271,0.122107228757272,0.303696303696304,0.294705294705295,FALSE,FALSE,"fast_multiplier",0.957999999999998,"35328"
"S3",5,100,0,535,24800732,34800751,"ok",NA,NA,1.06041128836169,0.082599211761554,0.711288711288711,0.634365634365634,FALSE,FALSE,"fast_multiplier",0.979999999999997,"35328"
"S3",5,100,0,536,24801741,34801760,"ok",NA,NA,1.22789514870655,0.0950538594429671,0.388611388611389,0.451548451548452,FALSE,FALSE,"fast_multiplier",0.978999999999999,"35328"
"S3",5,100,0,537,24802750,34802769,"ok",NA,NA,1.2373919682734,0.100797869120318,0.33966033966034,0.418581418581419,FALSE,FALSE,"fast_multiplier",0.952999999999996,"35328"
"S3",5,100,0,538,24803759,34803778,"ok",NA,NA,1.18210077977143,0.109059925481269,0.445554445554446,0.333666333666334,FALSE,FALSE,"fast_multiplier",0.951999999999998,"35328"
"S3",5,100,0,539,24804768,34804787,"ok",NA,NA,1.19430655969607,0.148760213513731,0.397602397602398,0.110889110889111,FALSE,FALSE,"fast_multiplier",0.957000000000001,"35328"
"S3",5,100,0,540,24805777,34805796,"ok",NA,NA,1.19974271809319,0.128699219388726,0.390609390609391,0.212787212787213,FALSE,FALSE,"fast_multiplier",0.975000000000001,"35328"
"S3",5,100,0,541,24806786,34806805,"ok",NA,NA,1.22319209890264,0.105308112808404,0.425574425574426,0.420579420579421,FALSE,FALSE,"fast_multiplier",0.972000000000001,"35328"
"S3",5,100,0,542,24807795,34807814,"ok",NA,NA,1.98855735799068,0.317610526401615,0.001998001998002,0.00699300699300699,TRUE,TRUE,"fast_multiplier",0.966000000000001,"35328"
"S3",5,100,0,543,24808804,34808823,"ok",NA,NA,1.24718353358002,0.138958509564647,0.341658341658342,0.174825174825175,FALSE,FALSE,"fast_multiplier",0.967999999999996,"35328"
"S3",5,100,0,544,24809813,34809832,"ok",NA,NA,0.945571129092647,0.075355527938753,0.885114885114885,0.717282717282717,FALSE,FALSE,"fast_multiplier",0.966999999999999,"35328"
"S3",5,100,0,545,24810822,34810841,"ok",NA,NA,1.11029682679783,0.0820677237574395,0.633366633366633,0.668331668331668,FALSE,FALSE,"fast_multiplier",0.963000000000001,"35328"
"S3",5,100,0,546,24811831,34811850,"ok",NA,NA,1.20425121037346,0.0853780918972156,0.425574425574426,0.626373626373626,FALSE,FALSE,"fast_multiplier",0.933,"35328"
"S3",5,100,0,547,24812840,34812859,"ok",NA,NA,0.939189691921092,0.0668876687087848,0.915084915084915,0.85014985014985,FALSE,FALSE,"fast_multiplier",0.960000000000001,"35328"
"S3",5,100,0,548,24813849,34813868,"ok",NA,NA,0.984754007293293,0.0688164936793995,0.831168831168831,0.815184815184815,FALSE,FALSE,"fast_multiplier",0.920000000000002,"35328"
"S3",5,100,0,549,24814858,34814877,"ok",NA,NA,1.17304253098529,0.118318504980885,0.47952047952048,0.297702297702298,FALSE,FALSE,"fast_multiplier",0.957000000000001,"35328"
"S3",5,100,0,550,24815867,34815886,"ok",NA,NA,0.873628215755375,0.0634011407290801,0.976023976023976,0.925074925074925,FALSE,FALSE,"fast_multiplier",0.967999999999996,"35328"
"S3",5,100,0,551,24816876,34816895,"ok",NA,NA,0.981515832220741,0.0781432018172494,0.845154845154845,0.693306693306693,FALSE,FALSE,"fast_multiplier",0.975999999999999,"35328"
"S3",5,100,0,552,24817885,34817904,"ok",NA,NA,1.32459195626131,0.0813033496288118,0.160839160839161,0.637362637362637,FALSE,FALSE,"fast_multiplier",0.973999999999997,"35328"
"S3",5,100,0,553,24818894,34818913,"ok",NA,NA,1.17779368466502,0.128499899538491,0.420579420579421,0.1998001998002,FALSE,FALSE,"fast_multiplier",0.972999999999999,"35328"
"S3",5,100,0,554,24819903,34819922,"ok",NA,NA,1.28446833174059,0.0960240161667352,0.23976023976024,0.44955044955045,FALSE,FALSE,"fast_multiplier",0.964999999999996,"35328"
"S3",5,100,0,555,24820912,34820931,"ok",NA,NA,1.2016298411555,0.137865781611105,0.434565434565435,0.193806193806194,FALSE,FALSE,"fast_multiplier",0.963000000000001,"35328"
"S3",5,100,0,556,24821921,34821940,"ok",NA,NA,1.31442315571012,0.0986695263568233,0.22977022977023,0.444555444555445,FALSE,FALSE,"fast_multiplier",0.968000000000004,"35328"
"S3",5,100,0,557,24822930,34822949,"ok",NA,NA,1.43531583855917,0.10085287574027,0.126873126873127,0.405594405594406,FALSE,FALSE,"fast_multiplier",0.994,"35328"
"S3",5,100,0,558,24823939,34823958,"ok",NA,NA,0.991078347697338,0.0764175426011011,0.845154845154845,0.744255744255744,FALSE,FALSE,"fast_multiplier",0.959000000000003,"35328"
"S3",5,100,0,559,24824948,34824967,"ok",NA,NA,1.22004535905543,0.106614816869958,0.386613386613387,0.363636363636364,FALSE,FALSE,"fast_multiplier",0.963999999999999,"35328"
"S3",5,100,0,560,24825957,34825976,"ok",NA,NA,1.17851587085003,0.0827351765244973,0.450549450549451,0.634365634365634,FALSE,FALSE,"fast_multiplier",0.956000000000003,"35328"
"S3",5,100,0,561,24826966,34826985,"ok",NA,NA,1.03429344979367,0.0659848155186526,0.766233766233766,0.871128871128871,FALSE,FALSE,"fast_multiplier",0.941000000000003,"35328"
"S3",5,100,0,562,24827975,34827994,"ok",NA,NA,1.08709560316227,0.0854921258579202,0.642357642357642,0.563436563436563,FALSE,FALSE,"fast_multiplier",0.926000000000002,"35328"
"S3",5,100,0,563,24828984,34829003,"ok",NA,NA,1.2650432754639,0.104674452324439,0.291708291708292,0.367632367632368,FALSE,FALSE,"fast_multiplier",0.939,"35328"
"S3",5,100,0,564,24829993,34830012,"ok",NA,NA,1.19090512208018,0.13018080639893,0.463536463536464,0.247752247752248,FALSE,FALSE,"fast_multiplier",0.915999999999997,"35328"
"S3",5,100,0,565,24831002,34831021,"ok",NA,NA,1.34015754757249,0.0806420476648248,0.190809190809191,0.647352647352647,FALSE,FALSE,"fast_multiplier",0.959999999999994,"35328"
"S3",5,100,0,566,24832011,34832030,"ok",NA,NA,1.20217343758077,0.0889663366480481,0.460539460539461,0.604395604395604,FALSE,FALSE,"fast_multiplier",0.954000000000001,"35328"
"S3",5,100,0,567,24833020,34833039,"ok",NA,NA,1.01665614264641,0.0650753716891649,0.807192807192807,0.871128871128871,FALSE,FALSE,"fast_multiplier",0.956999999999994,"35328"
"S3",5,100,0,568,24834029,34834048,"ok",NA,NA,1.20639864132619,0.0875455362225709,0.38961038961039,0.559440559440559,FALSE,FALSE,"fast_multiplier",0.948999999999998,"35328"
"S3",5,100,0,569,24835038,34835057,"ok",NA,NA,1.05044979234805,0.0653612208932172,0.725274725274725,0.89010989010989,FALSE,FALSE,"fast_multiplier",0.944000000000003,"35328"
"S3",5,100,0,570,24836047,34836066,"ok",NA,NA,1.07095699337281,0.101543460827203,0.683316683316683,0.351648351648352,FALSE,FALSE,"fast_multiplier",0.976999999999997,"35328"
"S3",5,100,0,571,24837056,34837075,"ok",NA,NA,1.17221645236714,0.0717408605062489,0.484515484515485,0.808191808191808,FALSE,FALSE,"fast_multiplier",0.951000000000001,"35328"
"S3",5,100,0,572,24838065,34838084,"ok",NA,NA,1.09025611297555,0.0820333367014709,0.649350649350649,0.66033966033966,FALSE,FALSE,"fast_multiplier",0.955999999999996,"35328"
"S3",5,100,0,573,24839074,34839093,"ok",NA,NA,1.15678182143358,0.0972988489212667,0.526473526473527,0.460539460539461,FALSE,FALSE,"fast_multiplier",0.954999999999998,"35328"
"S3",5,100,0,574,24840083,34840102,"ok",NA,NA,1.13119336786756,0.0824624685199997,0.562437562437562,0.659340659340659,FALSE,FALSE,"fast_multiplier",0.966999999999999,"35328"
"S3",5,100,0,575,24841092,34841111,"ok",NA,NA,1.21119297353834,0.0756925977112274,0.344655344655345,0.697302697302697,FALSE,FALSE,"fast_multiplier",0.953000000000003,"35328"
"S3",5,100,0,576,24842101,34842120,"ok",NA,NA,1.3080821118174,0.151861718262583,0.235764235764236,0.132867132867133,FALSE,FALSE,"fast_multiplier",0.951999999999998,"35328"
"S3",5,100,0,577,24843110,34843129,"ok",NA,NA,1.08958583205253,0.0820802411621064,0.671328671328671,0.671328671328671,FALSE,FALSE,"fast_multiplier",0.970999999999997,"35328"
"S3",5,100,0,578,24844119,34844138,"ok",NA,NA,1.20220588889531,0.112319464471805,0.380619380619381,0.30969030969031,FALSE,FALSE,"fast_multiplier",0.971000000000004,"35328"
"S3",5,100,0,579,24845128,34845147,"ok",NA,NA,1.13104043771747,0.115691287810273,0.603396603396603,0.320679320679321,FALSE,FALSE,"fast_multiplier",0.969000000000001,"35328"
"S3",5,100,0,580,24846137,34846156,"ok",NA,NA,1.31645774956065,0.151907355897208,0.210789210789211,0.118881118881119,FALSE,FALSE,"fast_multiplier",0.966999999999999,"35328"
"S3",5,100,0,581,24847146,34847165,"ok",NA,NA,1.42367584093258,0.174912884774247,0.0899100899100899,0.0559440559440559,FALSE,FALSE,"fast_multiplier",0.967000000000006,"35328"
"S3",5,100,0,582,24848155,34848174,"ok",NA,NA,1.24950882765048,0.0808653244391176,0.34965034965035,0.668331668331668,FALSE,FALSE,"fast_multiplier",0.966999999999999,"35328"
"S3",5,100,0,583,24849164,34849183,"ok",NA,NA,1.44013705925828,0.212615784799964,0.128871128871129,0.0529470529470529,FALSE,FALSE,"fast_multiplier",0.981999999999999,"35328"
"S3",5,100,0,584,24850173,34850192,"ok",NA,NA,0.997130260880121,0.0819702728452039,0.851148851148851,0.693306693306693,FALSE,FALSE,"fast_multiplier",0.982999999999997,"35328"
"S3",5,100,0,585,24851182,34851201,"ok",NA,NA,1.16091146441015,0.090758760726996,0.471528471528472,0.524475524475524,FALSE,FALSE,"fast_multiplier",0.978999999999999,"35328"
"S3",5,100,0,586,24852191,34852210,"ok",NA,NA,1.28000444054662,0.137846165473121,0.30969030969031,0.203796203796204,FALSE,FALSE,"fast_multiplier",0.977999999999994,"35328"
"S3",5,100,0,587,24853200,34853219,"ok",NA,NA,1.50532200282077,0.275067747962008,0.0689310689310689,0.013986013986014,FALSE,TRUE,"fast_multiplier",0.976999999999997,"35328"
"S3",5,100,0,588,24854209,34854228,"ok",NA,NA,1.25683736140199,0.101133900245334,0.283716283716284,0.373626373626374,FALSE,FALSE,"fast_multiplier",0.973999999999997,"35328"
"S3",5,100,0,589,24855218,34855237,"ok",NA,NA,0.997575656503275,0.0810370384082809,0.825174825174825,0.647352647352647,FALSE,FALSE,"fast_multiplier",0.973999999999997,"35328"
"S3",5,100,0,590,24856227,34856246,"ok",NA,NA,1.27106513282531,0.0841019985902755,0.276723276723277,0.601398601398601,FALSE,FALSE,"fast_multiplier",0.969999999999999,"35328"
"S3",5,100,0,591,24857236,34857255,"ok",NA,NA,1.25103082357234,0.104237084224963,0.326673326673327,0.385614385614386,FALSE,FALSE,"fast_multiplier",0.972999999999999,"35328"
"S3",5,100,0,592,24858245,34858264,"ok",NA,NA,1.27165288223065,0.116672000021439,0.332667332667333,0.312687312687313,FALSE,FALSE,"fast_multiplier",0.967999999999996,"35328"
"S3",5,100,0,593,24859254,34859273,"ok",NA,NA,1.0035905654532,0.0716764300811131,0.837162837162837,0.818181818181818,FALSE,FALSE,"fast_multiplier",0.958999999999996,"35328"
"S3",5,100,0,594,24860263,34860282,"ok",NA,NA,1.21528011819114,0.092346196558182,0.393606393606394,0.541458541458541,FALSE,FALSE,"fast_multiplier",0.944000000000003,"35328"
"S3",5,100,0,595,24861272,34861291,"ok",NA,NA,0.966267766843101,0.0762256608213609,0.892107892107892,0.756243756243756,FALSE,FALSE,"fast_multiplier",0.957000000000001,"35328"
"S3",5,100,0,596,24862281,34862300,"ok",NA,NA,1.43207900952943,0.187052719080439,0.154845154845155,0.10989010989011,FALSE,FALSE,"fast_multiplier",0.940999999999995,"35328"
"S3",5,100,0,597,24863290,34863309,"ok",NA,NA,1.28319711013483,0.100048193070577,0.294705294705295,0.452547452547453,FALSE,FALSE,"fast_multiplier",0.954999999999998,"35328"
"S3",5,100,0,598,24864299,34864318,"ok",NA,NA,1.06634490958008,0.0791802112474348,0.67032967032967,0.662337662337662,FALSE,FALSE,"fast_multiplier",0.923999999999999,"35328"
"S3",5,100,0,599,24865308,34865327,"ok",NA,NA,1.15702096770713,0.100558010707317,0.547452547452547,0.464535464535465,FALSE,FALSE,"fast_multiplier",0.952999999999996,"35328"
"S3",5,100,0,600,24866317,34866336,"ok",NA,NA,1.02192528010209,0.0744920306801378,0.818181818181818,0.777222777222777,FALSE,FALSE,"fast_multiplier",0.965000000000003,"35328"
"S3",5,100,0,601,24867326,34867345,"ok",NA,NA,1.20931830288439,0.115504500476161,0.341658341658342,0.263736263736264,FALSE,FALSE,"fast_multiplier",0.970999999999997,"35328"
"S3",5,100,0,602,24868335,34868354,"ok",NA,NA,1.18670259015892,0.111900245595962,0.46953046953047,0.346653346653347,FALSE,FALSE,"fast_multiplier",0.962000000000003,"35328"
"S3",5,100,0,603,24869344,34869363,"ok",NA,NA,1.33501718205551,0.213374422887379,0.210789210789211,0.045954045954046,FALSE,TRUE,"fast_multiplier",0.954999999999998,"35328"
"S3",5,100,0,604,24870353,34870372,"ok",NA,NA,1.04956907155444,0.089696319835272,0.753246753246753,0.569430569430569,FALSE,FALSE,"fast_multiplier",0.968000000000004,"35328"
"S3",5,100,0,605,24871362,34871381,"ok",NA,NA,1.143141382444,0.0942113044732189,0.543456543456543,0.49050949050949,FALSE,FALSE,"fast_multiplier",0.964999999999996,"35328"
"S3",5,100,0,606,24872371,34872390,"ok",NA,NA,1.07049705225529,0.085906349782572,0.679320679320679,0.575424575424575,FALSE,FALSE,"fast_multiplier",0.950000000000003,"35328"
"S3",5,100,0,607,24873380,34873399,"ok",NA,NA,1.18177499212241,0.0948653073162157,0.445554445554446,0.468531468531469,FALSE,FALSE,"fast_multiplier",0.960999999999999,"35328"
"S3",5,100,0,608,24874389,34874408,"ok",NA,NA,1.06523881850871,0.076452614667409,0.708291708291708,0.725274725274725,FALSE,FALSE,"fast_multiplier",0.960999999999999,"35328"
"S3",5,100,0,609,24875398,34875417,"ok",NA,NA,1.00027542947016,0.0727335807817905,0.838161838161838,0.79020979020979,FALSE,FALSE,"fast_multiplier",0.944000000000003,"35328"
"S3",5,100,0,610,24876407,34876426,"ok",NA,NA,1.09718979897132,0.0647624351171073,0.646353646353646,0.892107892107892,FALSE,FALSE,"fast_multiplier",0.927999999999997,"35328"
"S3",5,100,0,611,24877416,34877435,"ok",NA,NA,1.14617878593001,0.0909865293544503,0.558441558441558,0.554445554445554,FALSE,FALSE,"fast_multiplier",0.941000000000003,"35328"
"S3",5,100,0,612,24878425,34878444,"ok",NA,NA,1.13025418292657,0.0666443019336219,0.621378621378621,0.904095904095904,FALSE,FALSE,"fast_multiplier",0.923000000000002,"35328"
"S3",5,100,0,613,24879434,34879453,"ok",NA,NA,1.54531961721764,0.218606006904567,0.0649350649350649,0.050949050949051,FALSE,FALSE,"fast_multiplier",0.939,"35328"
"S3",5,100,0,614,24880443,34880462,"ok",NA,NA,1.07440717649658,0.0776858573355374,0.687312687312687,0.699300699300699,FALSE,FALSE,"fast_multiplier",0.955000000000005,"35328"
"S3",5,100,0,615,24881452,34881471,"ok",NA,NA,1.38985329848202,0.151163840109798,0.12987012987013,0.115884115884116,FALSE,FALSE,"fast_multiplier",0.948999999999998,"35328"
"S3",5,100,0,616,24882461,34882480,"ok",NA,NA,1.22988521357134,0.104686026311357,0.331668331668332,0.367632367632368,FALSE,FALSE,"fast_multiplier",0.953000000000003,"35328"
"S3",5,100,0,617,24883470,34883489,"ok",NA,NA,1.22137795371528,0.0815422009062131,0.344655344655345,0.624375624375624,FALSE,FALSE,"fast_multiplier",0.966999999999999,"35328"
"S3",5,100,0,618,24884479,34884498,"ok",NA,NA,1.08052948926339,0.10269139217112,0.666333666333666,0.417582417582418,FALSE,FALSE,"fast_multiplier",0.960000000000001,"35328"
"S3",5,100,0,619,24885488,34885507,"ok",NA,NA,1.22486784385833,0.0993474924707909,0.326673326673327,0.418581418581419,FALSE,FALSE,"fast_multiplier",0.957999999999998,"35328"
"S3",5,100,0,620,24886497,34886516,"ok",NA,NA,0.90850712034967,0.0687199513059511,0.949050949050949,0.856143856143856,FALSE,FALSE,"fast_multiplier",0.957000000000001,"35328"
"S3",5,100,0,621,24887506,34887525,"ok",NA,NA,1.07373971831614,0.0832690890308854,0.668331668331668,0.616383616383616,FALSE,FALSE,"fast_multiplier",0.940000000000005,"35328"
"S3",5,100,0,622,24888515,34888534,"ok",NA,NA,1.26838083702214,0.0955628161170907,0.250749250749251,0.467532467532468,FALSE,FALSE,"fast_multiplier",0.963000000000001,"35328"
"S3",5,100,0,623,24889524,34889543,"ok",NA,NA,1.24581265681309,0.0848537557107386,0.288711288711289,0.54045954045954,FALSE,FALSE,"fast_multiplier",0.954000000000001,"35328"
"S3",5,100,0,624,24890533,34890552,"ok",NA,NA,1.00865266732381,0.0644177726074252,0.82017982017982,0.892107892107892,FALSE,FALSE,"fast_multiplier",0.951999999999998,"35328"
"S3",5,100,0,625,24891542,34891561,"ok",NA,NA,1.21360591986119,0.100286997611715,0.361638361638362,0.411588411588412,FALSE,FALSE,"fast_multiplier",0.963000000000001,"35328"
"S3",5,100,0,626,24892551,34892570,"ok",NA,NA,1.1337003567432,0.106993610181591,0.606393606393606,0.408591408591409,FALSE,FALSE,"fast_multiplier",0.939999999999998,"35328"
"S3",5,100,0,627,24893560,34893579,"ok",NA,NA,1.20507320890381,0.0779018702452282,0.38961038961039,0.712287712287712,FALSE,FALSE,"fast_multiplier",0.960999999999999,"35328"
"S3",5,100,0,628,24894569,34894588,"ok",NA,NA,1.43387541222,0.20299600831146,0.131868131868132,0.0699300699300699,FALSE,FALSE,"fast_multiplier",0.936999999999998,"35328"
"S3",5,100,0,629,24895578,34895597,"ok",NA,NA,1.28122142918215,0.0937589022886625,0.233766233766234,0.458541458541459,FALSE,FALSE,"fast_multiplier",0.957999999999998,"35328"
"S3",5,100,0,630,24896587,34896606,"ok",NA,NA,1.41415691838739,0.123750163808735,0.131868131868132,0.243756243756244,FALSE,FALSE,"fast_multiplier",0.957000000000001,"35328"
"S3",5,100,0,631,24897596,34897615,"ok",NA,NA,1.71212378984653,0.210120309096854,0.00899100899100899,0.043956043956044,TRUE,TRUE,"fast_multiplier",0.969000000000001,"35328"
"S3",5,100,0,632,24898605,34898624,"ok",NA,NA,1.00596242379507,0.067047350231607,0.859140859140859,0.873126873126873,FALSE,FALSE,"fast_multiplier",0.968000000000004,"35328"
"S3",5,100,0,633,24899614,34899633,"ok",NA,NA,1.16240077657834,0.0791920367929588,0.521478521478521,0.702297702297702,FALSE,FALSE,"fast_multiplier",0.966000000000001,"35328"
"S3",5,100,0,634,24900623,34900642,"ok",NA,NA,1.21947635076947,0.0830354435852396,0.462537462537463,0.696303696303696,FALSE,FALSE,"fast_multiplier",0.971000000000004,"35328"
"S3",5,100,0,635,24901632,34901651,"ok",NA,NA,1.31673155027657,0.148829790519493,0.213786213786214,0.141858141858142,FALSE,FALSE,"fast_multiplier",0.951000000000001,"35328"
"S3",5,100,0,636,24902641,34902660,"ok",NA,NA,1.2848477541111,0.142925565826986,0.292707292707293,0.197802197802198,FALSE,FALSE,"fast_multiplier",0.962000000000003,"35328"
"S3",5,100,0,637,24903650,34903669,"ok",NA,NA,1.37152427986801,0.101283327196738,0.161838161838162,0.385614385614386,FALSE,FALSE,"fast_multiplier",0.960000000000001,"35328"
"S3",5,100,0,638,24904659,34904678,"ok",NA,NA,1.05728243501387,0.0657223353483162,0.72027972027972,0.877122877122877,FALSE,FALSE,"fast_multiplier",0.959000000000003,"35328"
"S3",5,100,0,639,24905668,34905687,"ok",NA,NA,1.01867361119941,0.104611525630067,0.773226773226773,0.361638361638362,FALSE,FALSE,"fast_multiplier",0.958999999999996,"35328"
"S3",5,100,0,640,24906677,34906696,"ok",NA,NA,1.86428539435356,0.448828841003019,0.00599400599400599,0.000999000999000999,TRUE,TRUE,"fast_multiplier",0.954000000000001,"35328"
"S3",5,100,0,641,24907686,34907705,"ok",NA,NA,1.04412867774019,0.0716408972850716,0.793206793206793,0.837162837162837,FALSE,FALSE,"fast_multiplier",0.93,"35328"
"S3",5,100,0,642,24908695,34908714,"ok",NA,NA,1.37128382046092,0.157366934073823,0.187812187812188,0.142857142857143,FALSE,FALSE,"fast_multiplier",0.948,"35328"
"S3",5,100,0,643,24909704,34909723,"ok",NA,NA,1.74513087056984,0.235755932994179,0.00899100899100899,0.034965034965035,TRUE,TRUE,"fast_multiplier",0.921999999999997,"35328"
"S3",5,100,0,644,24910713,34910732,"ok",NA,NA,1.18099029786355,0.0849589632550022,0.43956043956044,0.589410589410589,FALSE,FALSE,"fast_multiplier",0.945999999999998,"35328"
"S3",5,100,0,645,24911722,34911741,"ok",NA,NA,0.951498828805062,0.0866975821424508,0.902097902097902,0.582417582417582,FALSE,FALSE,"fast_multiplier",0.939,"35328"
"S3",5,100,0,646,24912731,34912750,"ok",NA,NA,1.36956021108201,0.129009880349986,0.130869130869131,0.190809190809191,FALSE,FALSE,"fast_multiplier",0.969000000000001,"35328"
"S3",5,100,0,647,24913740,34913759,"ok",NA,NA,1.07014556476106,0.090443574275237,0.695304695304695,0.527472527472527,FALSE,FALSE,"fast_multiplier",0.939,"35328"
"S3",5,100,0,648,24914749,34914768,"ok",NA,NA,1.30902799357385,0.122693853672717,0.21978021978022,0.224775224775225,FALSE,FALSE,"fast_multiplier",0.955999999999996,"35328"
"S3",5,100,0,649,24915758,34915777,"ok",NA,NA,1.38207111512501,0.0997473298498876,0.146853146853147,0.401598401598402,FALSE,FALSE,"fast_multiplier",0.942,"35328"
"S3",5,100,0,650,24916767,34916786,"ok",NA,NA,1.21355834941354,0.151805272061044,0.430569430569431,0.176823176823177,FALSE,FALSE,"fast_multiplier",0.952999999999996,"35328"
"S3",5,100,0,651,24917776,34917795,"ok",NA,NA,1.32042117855658,0.0990792332867772,0.242757242757243,0.473526473526474,FALSE,FALSE,"fast_multiplier",0.950000000000003,"35328"
"S3",5,100,0,652,24918785,34918804,"ok",NA,NA,1.09554748513476,0.0778965005578968,0.673326673326673,0.735264735264735,FALSE,FALSE,"fast_multiplier",0.960999999999999,"35328"
"S3",5,100,0,653,24919794,34919813,"ok",NA,NA,1.12891087195984,0.0854723417143783,0.562437562437562,0.603396603396603,FALSE,FALSE,"fast_multiplier",0.959000000000003,"35328"
"S3",5,100,0,654,24920803,34920822,"ok",NA,NA,1.18972187965261,0.0985724059896776,0.506493506493506,0.524475524475524,FALSE,FALSE,"fast_multiplier",0.945999999999998,"35328"
"S3",5,100,0,655,24921812,34921831,"ok",NA,NA,1.45619990838817,0.137089932171428,0.104895104895105,0.211788211788212,FALSE,FALSE,"fast_multiplier",0.956000000000003,"35328"
"S3",5,100,0,656,24922821,34922840,"ok",NA,NA,1.2579943748811,0.072617242675697,0.306693306693307,0.779220779220779,FALSE,FALSE,"fast_multiplier",0.956000000000003,"35328"
"S3",5,100,0,657,24923830,34923849,"ok",NA,NA,1.40940373194972,0.207945328362351,0.147852147852148,0.0659340659340659,FALSE,FALSE,"fast_multiplier",0.954000000000001,"35328"
"S3",5,100,0,658,24924839,34924858,"ok",NA,NA,1.02708217551279,0.0800898295062862,0.773226773226773,0.667332667332667,FALSE,FALSE,"fast_multiplier",0.953000000000003,"35328"
"S3",5,100,0,659,24925848,34925867,"ok",NA,NA,1.16853500507256,0.120408022874268,0.463536463536464,0.237762237762238,FALSE,FALSE,"fast_multiplier",0.951999999999998,"35328"
"S3",5,100,0,660,24926857,34926876,"ok",NA,NA,1.17395485013155,0.0829336562801674,0.487512487512487,0.657342657342657,FALSE,FALSE,"fast_multiplier",0.951999999999998,"35328"
"S3",5,100,0,661,24927866,34927885,"ok",NA,NA,1.16312571539868,0.15813575093883,0.542457542457542,0.140859140859141,FALSE,FALSE,"fast_multiplier",0.948999999999998,"35328"
"S3",5,100,0,662,24928875,34928894,"ok",NA,NA,1.00092592675676,0.0967850225203574,0.812187812187812,0.450549450549451,FALSE,FALSE,"fast_multiplier",0.966999999999999,"35328"
"S3",5,100,0,663,24929884,34929903,"ok",NA,NA,1.36286522695966,0.153022207041334,0.146853146853147,0.101898101898102,FALSE,FALSE,"fast_multiplier",0.951000000000001,"35328"
"S3",5,100,0,664,24930893,34930912,"ok",NA,NA,1.67864153481913,0.34919704445204,0.021978021978022,0.012987012987013,TRUE,TRUE,"fast_multiplier",0.953999999999994,"35328"
"S3",5,100,0,665,24931902,34931921,"ok",NA,NA,1.23574086551096,0.118513257911708,0.374625374625375,0.292707292707293,FALSE,FALSE,"fast_multiplier",0.957000000000001,"35328"
"S3",5,100,0,666,24932911,34932930,"ok",NA,NA,0.963813737363132,0.0786358854304827,0.876123876123876,0.671328671328671,FALSE,FALSE,"fast_multiplier",0.962000000000003,"35328"
"S3",5,100,0,667,24933920,34933939,"ok",NA,NA,1.13831253810745,0.0884257844043672,0.587412587412587,0.584415584415584,FALSE,FALSE,"fast_multiplier",0.960000000000001,"35328"
"S3",5,100,0,668,24934929,34934948,"ok",NA,NA,1.07772367822126,0.110533246711488,0.709290709290709,0.368631368631369,FALSE,FALSE,"fast_multiplier",0.962000000000003,"35328"
"S3",5,100,0,669,24935938,34935957,"ok",NA,NA,1.35876712025031,0.135316867610848,0.221778221778222,0.245754245754246,FALSE,FALSE,"fast_multiplier",0.957999999999998,"35328"
"S3",5,100,0,670,24936947,34936966,"ok",NA,NA,1.47679665286452,0.191918081326603,0.111888111888112,0.100899100899101,FALSE,FALSE,"fast_multiplier",0.956000000000003,"35328"
"S3",5,100,0,671,24937956,34937975,"ok",NA,NA,1.16136111897106,0.0673782836179604,0.485514485514486,0.855144855144855,FALSE,FALSE,"fast_multiplier",0.954999999999998,"35328"
"S3",5,100,0,672,24938965,34938984,"ok",NA,NA,1.39718896931647,0.183798138825361,0.171828171828172,0.100899100899101,FALSE,FALSE,"fast_multiplier",0.942999999999998,"35328"
"S3",5,100,0,673,24939974,34939993,"ok",NA,NA,1.38152016707679,0.129491048414189,0.130869130869131,0.200799200799201,FALSE,FALSE,"fast_multiplier",0.978000000000002,"35328"
"S3",5,100,0,674,24940983,34941002,"ok",NA,NA,0.962307438544234,0.0697384102819567,0.908091908091908,0.838161838161838,FALSE,FALSE,"fast_multiplier",0.951000000000001,"35328"
"S3",5,100,0,675,24941992,34942011,"ok",NA,NA,1.30244612673398,0.103251943450456,0.207792207792208,0.362637362637363,FALSE,FALSE,"fast_multiplier",0.975999999999999,"35328"
"S3",5,100,0,676,24943001,34943020,"ok",NA,NA,1.01307114158414,0.0860071821843386,0.773226773226773,0.546453546453546,FALSE,FALSE,"fast_multiplier",0.948999999999998,"35328"
"S3",5,100,0,677,24944010,34944029,"ok",NA,NA,1.2817423852781,0.153266338173927,0.277722277722278,0.135864135864136,FALSE,FALSE,"fast_multiplier",0.972999999999999,"35328"
"S3",5,100,0,678,24945019,34945038,"ok",NA,NA,1.15782291714252,0.0721882475805108,0.554445554445554,0.827172827172827,FALSE,FALSE,"fast_multiplier",0.968000000000004,"35328"
"S3",5,100,0,679,24946028,34946047,"ok",NA,NA,1.55918936569611,0.151996405350771,0.0549450549450549,0.142857142857143,FALSE,FALSE,"fast_multiplier",0.971000000000004,"35328"
"S3",5,100,0,680,24947037,34947056,"ok",NA,NA,1.09628650072657,0.0925405491383887,0.615384615384615,0.501498501498502,FALSE,FALSE,"fast_multiplier",0.978000000000002,"35328"
"S3",5,100,0,681,24948046,34948065,"ok",NA,NA,1.24519819956182,0.0921202923995855,0.280719280719281,0.467532467532468,FALSE,FALSE,"fast_multiplier",0.978999999999999,"35328"
"S3",5,100,0,682,24949055,34949074,"ok",NA,NA,1.12957999160194,0.106472796517837,0.531468531468531,0.364635364635365,FALSE,FALSE,"fast_multiplier",0.975000000000001,"35328"
"S3",5,100,0,683,24950064,34950083,"ok",NA,NA,1.07852426389059,0.073024282313007,0.669330669330669,0.804195804195804,FALSE,FALSE,"fast_multiplier",0.977000000000004,"35328"
"S3",5,100,0,684,24951073,34951092,"ok",NA,NA,1.0632243082648,0.0850827518738671,0.714285714285714,0.6003996003996,FALSE,FALSE,"fast_multiplier",0.972000000000001,"35328"
"S3",5,100,0,685,24952082,34952101,"ok",NA,NA,1.32613614136053,0.0858739648273038,0.260739260739261,0.648351648351648,FALSE,FALSE,"fast_multiplier",0.974000000000004,"35328"
"S3",5,100,0,686,24953091,34953110,"ok",NA,NA,1.16999905372744,0.101439155487892,0.493506493506494,0.418581418581419,FALSE,FALSE,"fast_multiplier",0.969000000000001,"35328"
"S3",5,100,0,687,24954100,34954119,"ok",NA,NA,1.14362493446154,0.0940784271901469,0.541458541458541,0.492507492507492,FALSE,FALSE,"fast_multiplier",0.971000000000004,"35328"
"S3",5,100,0,688,24955109,34955128,"ok",NA,NA,1.35102314887224,0.139064418000553,0.183816183816184,0.173826173826174,FALSE,FALSE,"fast_multiplier",0.966999999999999,"35328"
"S3",5,100,0,689,24956118,34956137,"ok",NA,NA,1.33127237055395,0.121150411163645,0.256743256743257,0.324675324675325,FALSE,FALSE,"fast_multiplier",0.934000000000005,"35328"
"S3",5,100,0,690,24957127,34957146,"ok",NA,NA,1.03871567189662,0.0710454654446131,0.776223776223776,0.806193806193806,FALSE,FALSE,"fast_multiplier",0.943999999999996,"35328"
"S3",5,100,0,691,24958136,34958155,"ok",NA,NA,0.982048079524857,0.0860522877937228,0.868131868131868,0.601398601398601,FALSE,FALSE,"fast_multiplier",0.941000000000003,"35328"
"S3",5,100,0,692,24959145,34959164,"ok",NA,NA,1.47648301879832,0.154265334257541,0.0549450549450549,0.0909090909090909,FALSE,FALSE,"fast_multiplier",0.959000000000003,"35328"
"S3",5,100,0,693,24960154,34960173,"ok",NA,NA,1.27449411503604,0.092396737044348,0.266733266733267,0.482517482517482,FALSE,FALSE,"fast_multiplier",0.933999999999997,"35328"
"S3",5,100,0,694,24961163,34961182,"ok",NA,NA,1.29509371399595,0.155679340359507,0.238761238761239,0.120879120879121,FALSE,FALSE,"fast_multiplier",0.956000000000003,"35328"
"S3",5,100,0,695,24962172,34962191,"ok",NA,NA,0.941107254094462,0.0639913734588894,0.913086913086913,0.892107892107892,FALSE,FALSE,"fast_multiplier",0.964999999999996,"35328"
"S3",5,100,0,696,24963181,34963200,"ok",NA,NA,1.23940851581912,0.0940198701469602,0.360639360639361,0.528471528471528,FALSE,FALSE,"fast_multiplier",0.966000000000001,"35328"
"S3",5,100,0,697,24964190,34964209,"ok",NA,NA,1.13906964635248,0.0746745405898665,0.548451548451548,0.772227772227772,FALSE,FALSE,"fast_multiplier",0.964999999999996,"35328"
"S3",5,100,0,698,24965199,34965218,"ok",NA,NA,1.6094423438468,0.193030121748512,0.024975024975025,0.044955044955045,TRUE,TRUE,"fast_multiplier",0.966999999999999,"35328"
"S3",5,100,0,699,24966208,34966227,"ok",NA,NA,1.50685310674725,0.192884152478699,0.0689310689310689,0.0849150849150849,FALSE,FALSE,"fast_multiplier",0.976000000000006,"35328"
"S3",5,100,0,700,24967217,34967236,"ok",NA,NA,1.1310090493447,0.0757557940625535,0.557442557442557,0.749250749250749,FALSE,FALSE,"fast_multiplier",0.960000000000001,"35328"
"S3",5,100,0,701,24968226,34968245,"ok",NA,NA,1.04746098763489,0.0797224761684668,0.724275724275724,0.672327672327672,FALSE,FALSE,"fast_multiplier",0.957000000000001,"35328"
"S3",5,100,0,702,24969235,34969254,"ok",NA,NA,1.18460059531198,0.0837215429016607,0.44955044955045,0.613386613386613,FALSE,FALSE,"fast_multiplier",0.959000000000003,"35328"
"S3",5,100,0,703,24970244,34970263,"ok",NA,NA,1.36714425194856,0.13595316298892,0.147852147852148,0.155844155844156,FALSE,FALSE,"fast_multiplier",0.954000000000001,"35328"
"S3",5,100,0,704,24971253,34971272,"ok",NA,NA,1.03640675895899,0.0836052631106663,0.807192807192807,0.67032967032967,FALSE,FALSE,"fast_multiplier",0.981999999999999,"35328"
"S3",5,100,0,705,24972262,34972281,"ok",NA,NA,1.43837306395982,0.0889246344765998,0.0749250749250749,0.504495504495505,FALSE,FALSE,"fast_multiplier",0.978999999999999,"35328"
"S3",5,100,0,706,24973271,34973290,"ok",NA,NA,1.65991202415223,0.367449272353126,0.031968031968032,0.00599400599400599,TRUE,TRUE,"fast_multiplier",0.965000000000003,"35328"
"S3",5,100,0,707,24974280,34974299,"ok",NA,NA,1.09869087383162,0.098740895168558,0.606393606393606,0.422577422577423,FALSE,FALSE,"fast_multiplier",0.991,"35328"
"S3",5,100,0,708,24975289,34975308,"ok",NA,NA,1.50597816256115,0.170320262813102,0.0679320679320679,0.112887112887113,FALSE,FALSE,"fast_multiplier",0.962000000000003,"35328"
"S3",5,100,0,709,24976298,34976317,"ok",NA,NA,1.35157104847233,0.180265284091326,0.191808191808192,0.0549450549450549,FALSE,FALSE,"fast_multiplier",0.972999999999999,"35328"
"S3",5,100,0,710,24977307,34977326,"ok",NA,NA,1.13731811502225,0.0770195517503657,0.565434565434565,0.732267732267732,FALSE,FALSE,"fast_multiplier",0.972999999999999,"35328"
"S3",5,100,0,711,24978316,34978335,"ok",NA,NA,1.02701490319863,0.0869469384075341,0.783216783216783,0.557442557442557,FALSE,FALSE,"fast_multiplier",0.981999999999999,"35328"
"S3",5,100,0,712,24979325,34979344,"ok",NA,NA,1.57866815041093,0.393694161147498,0.038961038961039,0.002997002997003,TRUE,TRUE,"fast_multiplier",0.957000000000001,"35328"
"S3",5,100,0,713,24980334,34980353,"ok",NA,NA,1.81811077411392,0.317518549016368,0.00899100899100899,0.00699300699300699,TRUE,TRUE,"fast_multiplier",0.966999999999999,"35328"
"S3",5,100,0,714,24981343,34981362,"ok",NA,NA,0.96494351265833,0.0792789697740767,0.893106893106893,0.684315684315684,FALSE,FALSE,"fast_multiplier",0.957000000000001,"35328"
"S3",5,100,0,715,24982352,34982371,"ok",NA,NA,1.11600571231435,0.0903707565838118,0.653346653346653,0.623376623376623,FALSE,FALSE,"fast_multiplier",0.972999999999999,"35328"
"S3",5,100,0,716,24983361,34983380,"ok",NA,NA,1.04200731558782,0.0708174660228121,0.766233766233766,0.803196803196803,FALSE,FALSE,"fast_multiplier",0.975000000000001,"35328"
"S3",5,100,0,717,24984370,34984389,"ok",NA,NA,0.934273111359191,0.0893663093752776,0.92007992007992,0.520479520479521,FALSE,FALSE,"fast_multiplier",0.970999999999997,"35328"
"S3",5,100,0,718,24985379,34985398,"ok",NA,NA,1.38481597304851,0.160635529529417,0.127872127872128,0.0919080919080919,FALSE,FALSE,"fast_multiplier",0.960000000000001,"35328"
"S3",5,100,0,719,24986388,34986407,"ok",NA,NA,1.2039930163481,0.0991816087445736,0.443556443556444,0.486513486513487,FALSE,FALSE,"fast_multiplier",0.957999999999998,"35328"
"S3",5,100,0,720,24987397,34987416,"ok",NA,NA,1.41062834269334,0.189700655609937,0.14985014985015,0.0979020979020979,FALSE,FALSE,"fast_multiplier",0.969000000000001,"35328"
"S3",5,100,0,721,24988406,34988425,"ok",NA,NA,1.14370248349865,0.0984895320619617,0.524475524475524,0.443556443556444,FALSE,FALSE,"fast_multiplier",0.957000000000001,"35328"
"S3",5,100,0,722,24989415,34989434,"ok",NA,NA,1.02276708101843,0.0733971891333715,0.804195804195804,0.778221778221778,FALSE,FALSE,"fast_multiplier",0.960999999999999,"35328"
"S3",5,100,0,723,24990424,34990443,"ok",NA,NA,1.21415688218798,0.193925123528326,0.393606393606394,0.050949050949051,FALSE,FALSE,"fast_multiplier",0.961000000000006,"35328"
"S3",5,100,0,724,24991433,34991452,"ok",NA,NA,1.35338958839483,0.138624270500139,0.21978021978022,0.222777222777223,FALSE,FALSE,"fast_multiplier",0.939999999999998,"35328"
"S3",5,100,0,725,24992442,34992461,"ok",NA,NA,1.17116557010845,0.080951422345359,0.448551448551449,0.623376623376623,FALSE,FALSE,"fast_multiplier",0.959000000000003,"35328"
"S3",5,100,0,726,24993451,34993470,"ok",NA,NA,1.03045290606288,0.085795555410151,0.775224775224775,0.578421578421578,FALSE,FALSE,"fast_multiplier",0.954000000000001,"35328"
"S3",5,100,0,727,24994460,34994479,"ok",NA,NA,0.969653755134324,0.072749362386398,0.89010989010989,0.782217782217782,FALSE,FALSE,"fast_multiplier",0.956000000000003,"35328"
"S3",5,100,0,728,24995469,34995488,"ok",NA,NA,1.03831054312257,0.0874813823320468,0.763236763236763,0.58041958041958,FALSE,FALSE,"fast_multiplier",0.970000000000006,"35328"
"S3",5,100,0,729,24996478,34996497,"ok",NA,NA,1.12907090268351,0.0824383117959462,0.574425574425574,0.644355644355644,FALSE,FALSE,"fast_multiplier",0.969000000000001,"35328"
"S3",5,100,0,730,24997487,34997506,"ok",NA,NA,1.24795299640883,0.120637094126205,0.370629370629371,0.313686313686314,FALSE,FALSE,"fast_multiplier",0.957000000000001,"35328"
"S3",5,100,0,731,24998496,34998515,"ok",NA,NA,1.38052074133475,0.102194908847477,0.16983016983017,0.444555444555445,FALSE,FALSE,"fast_multiplier",0.966000000000001,"35328"
"S3",5,100,0,732,24999505,34999524,"ok",NA,NA,1.04030743778876,0.0793641191423733,0.76023976023976,0.711288711288711,FALSE,FALSE,"fast_multiplier",0.972000000000001,"35328"
"S3",5,100,0,733,25000514,35000533,"ok",NA,NA,1.30455379654623,0.124411192793679,0.276723276723277,0.292707292707293,FALSE,FALSE,"fast_multiplier",0.963000000000001,"35328"
"S3",5,100,0,734,25001523,35001542,"ok",NA,NA,1.04647957937148,0.0821273340945873,0.74025974025974,0.645354645354645,FALSE,FALSE,"fast_multiplier",0.974000000000004,"35328"
"S3",5,100,0,735,25002532,35002551,"ok",NA,NA,1.25848257925878,0.0944445307217196,0.246753246753247,0.415584415584416,FALSE,FALSE,"fast_multiplier",0.960000000000001,"35328"
"S3",5,100,0,736,25003541,35003560,"ok",NA,NA,1.25305017929025,0.104333673319093,0.311688311688312,0.394605394605395,FALSE,FALSE,"fast_multiplier",0.959000000000003,"35328"
"S3",5,100,0,737,25004550,35004569,"ok",NA,NA,1.2991370426827,0.108418631713533,0.248751248751249,0.327672327672328,FALSE,FALSE,"fast_multiplier",0.951999999999998,"35328"
"S3",5,100,0,738,25005559,35005578,"ok",NA,NA,1.46757832771494,0.19324822316194,0.105894105894106,0.0729270729270729,FALSE,FALSE,"fast_multiplier",0.938000000000002,"35328"
"S3",5,100,0,739,25006568,35006587,"ok",NA,NA,1.27510885816778,0.144901468677877,0.232767232767233,0.113886113886114,FALSE,FALSE,"fast_multiplier",0.948999999999998,"35328"
"S3",5,100,0,740,25007577,35007596,"ok",NA,NA,1.19160851122237,0.113000247296212,0.462537462537463,0.32967032967033,FALSE,FALSE,"fast_multiplier",0.936,"35328"
"S3",5,100,0,741,25008586,35008605,"ok",NA,NA,1.41945006184702,0.118150845267653,0.118881118881119,0.293706293706294,FALSE,FALSE,"fast_multiplier",0.946999999999996,"35328"
"S3",5,100,0,742,25009595,35009614,"ok",NA,NA,1.12343527065454,0.0859756434397779,0.582417582417582,0.602397602397602,FALSE,FALSE,"fast_multiplier",0.932000000000002,"35328"
"S3",5,100,0,743,25010604,35010623,"ok",NA,NA,1.18541661247965,0.115053596812307,0.43956043956044,0.301698301698302,FALSE,FALSE,"fast_multiplier",0.955999999999996,"35328"
"S3",5,100,0,744,25011613,35011632,"ok",NA,NA,1.05013159429436,0.079207280888908,0.753246753246753,0.722277722277722,FALSE,FALSE,"fast_multiplier",0.957999999999998,"35328"
"S3",5,100,0,745,25012622,35012641,"ok",NA,NA,1.15074176161437,0.0884023257558892,0.4995004995005,0.567432567432567,FALSE,FALSE,"fast_multiplier",0.952999999999996,"35328"
"S3",5,100,0,746,25013631,35013650,"ok",NA,NA,1.1460012758285,0.0903961235259635,0.495504495504495,0.524475524475524,FALSE,FALSE,"fast_multiplier",0.960000000000001,"35328"
"S3",5,100,0,747,25014640,35014659,"ok",NA,NA,1.57672769611299,0.152069781106347,0.051948051948052,0.138861138861139,FALSE,FALSE,"fast_multiplier",0.961999999999996,"35328"
"S3",5,100,0,748,25015649,35015668,"ok",NA,NA,1.4549715601571,0.193785864645959,0.0809190809190809,0.0539460539460539,FALSE,FALSE,"fast_multiplier",0.966999999999999,"35328"
"S3",5,100,0,749,25016658,35016677,"ok",NA,NA,1.05960898716005,0.0885025765471068,0.696303696303696,0.545454545454545,FALSE,FALSE,"fast_multiplier",0.960000000000001,"35328"
"S3",5,100,0,750,25017667,35017686,"ok",NA,NA,1.06602440058113,0.0732630991722369,0.765234765234765,0.837162837162837,FALSE,FALSE,"fast_multiplier",0.964999999999996,"35328"
"S3",5,100,0,751,25018676,35018695,"ok",NA,NA,1.36250319254356,0.125358742929969,0.223776223776224,0.312687312687313,FALSE,FALSE,"fast_multiplier",0.959000000000003,"35328"
"S3",5,100,0,752,25019685,35019704,"ok",NA,NA,1.21741026370587,0.160918763053667,0.366633366633367,0.108891108891109,FALSE,FALSE,"fast_multiplier",0.960999999999999,"35328"
"S3",5,100,0,753,25020694,35020713,"ok",NA,NA,1.14078424944353,0.100139509395484,0.510489510489511,0.416583416583417,FALSE,FALSE,"fast_multiplier",0.964999999999996,"35328"
"S3",5,100,0,754,25021703,35021722,"ok",NA,NA,1.17113793059084,0.117961164203154,0.541458541458541,0.357642357642358,FALSE,FALSE,"fast_multiplier",0.963000000000001,"35328"
"S3",5,100,0,755,25022712,35022731,"ok",NA,NA,1.14172929348576,0.0865617280824662,0.477522477522478,0.526473526473527,FALSE,FALSE,"fast_multiplier",0.962000000000003,"35328"
"S3",5,100,0,756,25023721,35023740,"ok",NA,NA,1.15726825704734,0.0988647477512206,0.487512487512487,0.410589410589411,FALSE,FALSE,"fast_multiplier",0.948999999999998,"35328"
"S3",5,100,0,757,25024730,35024749,"ok",NA,NA,1.40890904516996,0.138824178911516,0.123876123876124,0.192807192807193,FALSE,FALSE,"fast_multiplier",0.959000000000003,"35328"
"S3",5,100,0,758,25025739,35025758,"ok",NA,NA,1.19488316930809,0.0967327432082914,0.386613386613387,0.443556443556444,FALSE,FALSE,"fast_multiplier",0.945999999999998,"35328"
"S3",5,100,0,759,25026748,35026767,"ok",NA,NA,1.17448817623954,0.068247937652754,0.431568431568432,0.812187812187812,FALSE,FALSE,"fast_multiplier",0.969999999999999,"35328"
"S3",5,100,0,760,25027757,35027776,"ok",NA,NA,1.04721415424808,0.0871080561842633,0.747252747252747,0.583416583416583,FALSE,FALSE,"fast_multiplier",0.978000000000002,"35328"
"S3",5,100,0,761,25028766,35028785,"ok",NA,NA,0.972205251967774,0.0698022997958737,0.878121878121878,0.826173826173826,FALSE,FALSE,"fast_multiplier",0.973999999999997,"35328"
"S3",5,100,0,762,25029775,35029794,"ok",NA,NA,1.33183602866187,0.0988861121134648,0.231768231768232,0.471528471528472,FALSE,FALSE,"fast_multiplier",0.975000000000001,"35328"
"S3",5,100,0,763,25030784,35030803,"ok",NA,NA,1.3801298870218,0.135469395876156,0.168831168831169,0.208791208791209,FALSE,FALSE,"fast_multiplier",0.972000000000001,"35328"
"S3",5,100,0,764,25031793,35031812,"ok",NA,NA,1.43416290557854,0.237477686166248,0.121878121878122,0.033966033966034,FALSE,TRUE,"fast_multiplier",0.969000000000001,"35328"
"S3",5,100,0,765,25032802,35032821,"ok",NA,NA,1.27547401631448,0.106753543550055,0.274725274725275,0.343656343656344,FALSE,FALSE,"fast_multiplier",0.960999999999999,"35328"
"S3",5,100,0,766,25033811,35033830,"ok",NA,NA,1.24879833802137,0.137755582742067,0.361638361638362,0.193806193806194,FALSE,FALSE,"fast_multiplier",0.966000000000001,"35328"
"S3",5,100,0,767,25034820,35034839,"ok",NA,NA,1.03578294921852,0.0828569823191538,0.742257742257742,0.619380619380619,FALSE,FALSE,"fast_multiplier",0.967999999999996,"35328"
"S3",5,100,0,768,25035829,35035848,"ok",NA,NA,1.51665243261134,0.227376872958089,0.0869130869130869,0.0609390609390609,FALSE,FALSE,"fast_multiplier",0.965000000000003,"35328"
"S3",5,100,0,769,25036838,35036857,"ok",NA,NA,1.1726852724836,0.0906042432704651,0.473526473526474,0.529470529470529,FALSE,FALSE,"fast_multiplier",0.968999999999994,"35328"
"S3",5,100,0,770,25037847,35037866,"ok",NA,NA,1.41385503241006,0.069394484253348,0.11988011988012,0.839160839160839,FALSE,FALSE,"fast_multiplier",0.947000000000003,"35328"
"S3",5,100,0,771,25038856,35038875,"ok",NA,NA,1.07201150211115,0.123399819012716,0.71028971028971,0.257742257742258,FALSE,FALSE,"fast_multiplier",0.966000000000001,"35328"
"S3",5,100,0,772,25039865,35039884,"ok",NA,NA,1.09099182944817,0.0850105955084265,0.598401598401598,0.558441558441558,FALSE,FALSE,"fast_multiplier",0.943999999999996,"35328"
"S3",5,100,0,773,25040874,35040893,"ok",NA,NA,0.994111149270987,0.0909542352588815,0.836163836163836,0.545454545454545,FALSE,FALSE,"fast_multiplier",0.963999999999999,"35328"
"S3",5,100,0,774,25041883,35041902,"ok",NA,NA,1.26148275486184,0.115717731495155,0.228771228771229,0.212787212787213,FALSE,FALSE,"fast_multiplier",0.943999999999996,"35328"
"S3",5,100,0,775,25042892,35042911,"ok",NA,NA,2.44666275164153,0.329078233281862,0.000999000999000999,0.017982017982018,TRUE,TRUE,"fast_multiplier",0.960999999999999,"35328"
"S3",5,100,0,776,25043901,35043920,"ok",NA,NA,1.53326135956668,0.141230800663325,0.040959040959041,0.160839160839161,TRUE,FALSE,"fast_multiplier",0.959000000000003,"35328"
"S3",5,100,0,777,25044910,35044929,"ok",NA,NA,1.15679453915049,0.0787591449851739,0.460539460539461,0.67032967032967,FALSE,FALSE,"fast_multiplier",0.966999999999999,"35328"
"S3",5,100,0,778,25045919,35045938,"ok",NA,NA,1.12104176175479,0.0820473860171647,0.549450549450549,0.611388611388611,FALSE,FALSE,"fast_multiplier",0.956000000000003,"35328"
"S3",5,100,0,779,25046928,35046947,"ok",NA,NA,1.29461234421111,0.0855028308888425,0.296703296703297,0.643356643356643,FALSE,FALSE,"fast_multiplier",0.991,"35328"
"S3",5,100,0,780,25047937,35047956,"ok",NA,NA,1.38883927275894,0.100806782942677,0.155844155844156,0.415584415584416,FALSE,FALSE,"fast_multiplier",0.942,"35328"
"S3",5,100,0,781,25048946,35048965,"ok",NA,NA,1.41869749839599,0.155761143210799,0.132867132867133,0.146853146853147,FALSE,FALSE,"fast_multiplier",0.960999999999999,"35328"
"S3",5,100,0,782,25049955,35049974,"ok",NA,NA,1.08879676739836,0.0703719311161492,0.63036963036963,0.802197802197802,FALSE,FALSE,"fast_multiplier",0.949000000000005,"35328"
"S3",5,100,0,783,25050964,35050983,"ok",NA,NA,1.03317329214179,0.0780306418385367,0.769230769230769,0.71028971028971,FALSE,FALSE,"fast_multiplier",0.958999999999996,"35328"
"S3",5,100,0,784,25051973,35051992,"ok",NA,NA,1.314069482855,0.0947402711439387,0.221778221778222,0.484515484515485,FALSE,FALSE,"fast_multiplier",0.955000000000005,"35328"
"S3",5,100,0,785,25052982,35053001,"ok",NA,NA,1.25090838524183,0.0913461285055564,0.310689310689311,0.506493506493506,FALSE,FALSE,"fast_multiplier",0.960000000000001,"35328"
"S3",5,100,0,786,25053991,35054010,"ok",NA,NA,1.45360563123937,0.302372690431385,0.0819180819180819,0.00799200799200799,FALSE,TRUE,"fast_multiplier",0.926000000000002,"35328"
"S3",5,100,0,787,25055000,35055019,"ok",NA,NA,1.14386940046997,0.106787046663907,0.515484515484515,0.307692307692308,FALSE,FALSE,"fast_multiplier",0.959999999999994,"35328"
"S3",5,100,0,788,25056009,35056028,"ok",NA,NA,1.13917843668701,0.0830624844655516,0.54045954045954,0.622377622377622,FALSE,FALSE,"fast_multiplier",0.938000000000002,"35328"
"S3",5,100,0,789,25057018,35057037,"ok",NA,NA,1.32093274612449,0.11216956635439,0.22977022977023,0.347652347652348,FALSE,FALSE,"fast_multiplier",0.955999999999996,"35328"
"S3",5,100,0,790,25058027,35058046,"ok",NA,NA,1.21179438033401,0.119737586477424,0.394605394605395,0.250749250749251,FALSE,FALSE,"fast_multiplier",0.975999999999999,"35328"
"S3",5,100,0,791,25059036,35059055,"ok",NA,NA,1.38318552088647,0.100696052750294,0.156843156843157,0.437562437562438,FALSE,FALSE,"fast_multiplier",0.975000000000001,"35328"
"S3",5,100,0,792,25060045,35060064,"ok",NA,NA,1.0869904611964,0.0913954223960829,0.693306693306693,0.551448551448551,FALSE,FALSE,"fast_multiplier",0.972999999999999,"35328"
"S3",5,100,0,793,25061054,35061073,"ok",NA,NA,1.12364258684939,0.0985053089636375,0.567432567432567,0.411588411588412,FALSE,FALSE,"fast_multiplier",0.972000000000001,"35328"
"S3",5,100,0,794,25062063,35062082,"ok",NA,NA,1.37275726193484,0.0952085157007059,0.204795204795205,0.53946053946054,FALSE,FALSE,"fast_multiplier",0.970999999999997,"35328"
"S3",5,100,0,795,25063072,35063091,"ok",NA,NA,1.27317207164799,0.189797576266153,0.225774225774226,0.040959040959041,FALSE,TRUE,"fast_multiplier",0.962000000000003,"35328"
"S3",5,100,0,796,25064081,35064100,"ok",NA,NA,1.69827770313119,0.378002261773178,0.023976023976024,0.00999000999000999,TRUE,TRUE,"fast_multiplier",0.960000000000001,"35328"
"S3",5,100,0,797,25065090,35065109,"ok",NA,NA,1.61165080684668,0.131082435957213,0.031968031968032,0.22977022977023,TRUE,FALSE,"fast_multiplier",0.959000000000003,"35328"
"S3",5,100,0,798,25066099,35066118,"ok",NA,NA,1.13525315575205,0.0728030296702275,0.555444555444555,0.776223776223776,FALSE,FALSE,"fast_multiplier",0.957999999999998,"35328"
"S3",5,100,0,799,25067108,35067127,"ok",NA,NA,1.4163634023244,0.141079994148724,0.160839160839161,0.212787212787213,FALSE,FALSE,"fast_multiplier",0.963000000000001,"35328"
"S3",5,100,0,800,25068117,35068136,"ok",NA,NA,0.986988735074913,0.0864825574048477,0.849150849150849,0.587412587412587,FALSE,FALSE,"fast_multiplier",0.960000000000001,"35328"
"S3",5,100,0,801,25069126,35069145,"ok",NA,NA,1.1681345324756,0.116345777059681,0.470529470529471,0.284715284715285,FALSE,FALSE,"fast_multiplier",0.953999999999994,"35328"
"S3",5,100,0,802,25070135,35070154,"ok",NA,NA,1.10046922951751,0.0741730821803001,0.602397602397602,0.743256743256743,FALSE,FALSE,"fast_multiplier",0.955999999999996,"35328"
"S3",5,100,0,803,25071144,35071163,"ok",NA,NA,1.63668733681769,0.324720118144292,0.025974025974026,0.00899100899100899,TRUE,TRUE,"fast_multiplier",0.950000000000003,"35328"
"S3",5,100,0,804,25072153,35072172,"ok",NA,NA,1.18625807958649,0.1021378868741,0.477522477522478,0.438561438561439,FALSE,FALSE,"fast_multiplier",0.948999999999998,"35328"
"S3",5,100,0,805,25073162,35073181,"ok",NA,NA,1.09925159094689,0.0835313925609882,0.634365634365634,0.617382617382617,FALSE,FALSE,"fast_multiplier",0.947000000000003,"35328"
"S3",5,100,0,806,25074171,35074190,"ok",NA,NA,1.10950860921902,0.0940620552760501,0.593406593406593,0.470529470529471,FALSE,FALSE,"fast_multiplier",0.947000000000003,"35328"
"S3",5,100,0,807,25075180,35075199,"ok",NA,NA,1.22306353032187,0.0916380298927862,0.412587412587413,0.581418581418581,FALSE,FALSE,"fast_multiplier",0.975000000000001,"35328"
"S3",5,100,0,808,25076189,35076208,"ok",NA,NA,1.10425549611995,0.0941445497563455,0.633366633366633,0.515484515484515,FALSE,FALSE,"fast_multiplier",0.975000000000001,"35328"
"S3",5,100,0,809,25077198,35077217,"ok",NA,NA,1.41665641297188,0.149258701975127,0.138861138861139,0.165834165834166,FALSE,FALSE,"fast_multiplier",0.972000000000001,"35328"
"S3",5,100,0,810,25078207,35078226,"ok",NA,NA,1.16716575165365,0.0991252101812392,0.488511488511489,0.454545454545455,FALSE,FALSE,"fast_multiplier",0.972000000000001,"35328"
"S3",5,100,0,811,25079216,35079235,"ok",NA,NA,1.49521218624395,0.159726214032651,0.0669330669330669,0.116883116883117,FALSE,FALSE,"fast_multiplier",0.961999999999996,"35328"
"S3",5,100,0,812,25080225,35080244,"ok",NA,NA,1.32807677355419,0.149002943009167,0.20979020979021,0.141858141858142,FALSE,FALSE,"fast_multiplier",0.969000000000001,"35328"
"S3",5,100,0,813,25081234,35081253,"ok",NA,NA,1.01981208869333,0.0780831296962851,0.786213786213786,0.693306693306693,FALSE,FALSE,"fast_multiplier",0.966999999999999,"35328"
"S3",5,100,0,814,25082243,35082262,"ok",NA,NA,1.37041688720368,0.156006212945762,0.191808191808192,0.142857142857143,FALSE,FALSE,"fast_multiplier",0.969000000000001,"35328"
"S3",5,100,0,815,25083252,35083271,"ok",NA,NA,1.04236562165008,0.0682040700865516,0.759240759240759,0.835164835164835,FALSE,FALSE,"fast_multiplier",0.964999999999996,"35328"
"S3",5,100,0,816,25084261,35084280,"ok",NA,NA,1.70298236416533,0.269758513014748,0.022977022977023,0.01998001998002,TRUE,TRUE,"fast_multiplier",0.963999999999999,"35328"
"S3",5,100,0,817,25085270,35085289,"ok",NA,NA,1.17781677701887,0.0704802102591346,0.458541458541459,0.823176823176823,FALSE,FALSE,"fast_multiplier",0.957999999999998,"35328"
"S3",5,100,0,818,25086279,35086298,"ok",NA,NA,1.54054666053875,0.19261173826648,0.044955044955045,0.044955044955045,TRUE,TRUE,"fast_multiplier",0.954000000000001,"35328"
"S3",5,100,0,819,25087288,35087307,"ok",NA,NA,1.2376768157007,0.0997647503873831,0.343656343656344,0.438561438561439,FALSE,FALSE,"fast_multiplier",0.921999999999997,"35328"
"S3",5,100,0,820,25088297,35088316,"ok",NA,NA,1.19857748242933,0.0951318549836061,0.454545454545455,0.504495504495505,FALSE,FALSE,"fast_multiplier",0.923000000000002,"35328"
"S3",5,100,0,821,25089306,35089325,"ok",NA,NA,1.24815546738164,0.102936077408276,0.350649350649351,0.402597402597403,FALSE,FALSE,"fast_multiplier",0.952000000000005,"35328"
"S3",5,100,0,822,25090315,35090334,"ok",NA,NA,1.55952070728672,0.244165597437668,0.051948051948052,0.023976023976024,FALSE,TRUE,"fast_multiplier",0.917000000000002,"35328"
"S3",5,100,0,823,25091324,35091343,"ok",NA,NA,1.14073618492605,0.0814953274238719,0.518481518481518,0.646353646353646,FALSE,FALSE,"fast_multiplier",0.950000000000003,"35328"
"S3",5,100,0,824,25092333,35092352,"ok",NA,NA,1.0381081282596,0.0872145712782426,0.778221778221778,0.579420579420579,FALSE,FALSE,"fast_multiplier",0.914999999999999,"35328"
"S3",5,100,0,825,25093342,35093361,"ok",NA,NA,1.0180922210443,0.0973291339113461,0.766233766233766,0.418581418581419,FALSE,FALSE,"fast_multiplier",0.945,"35328"
"S3",5,100,0,826,25094351,35094370,"ok",NA,NA,1.23302526838981,0.110787054682434,0.35964035964036,0.334665334665335,FALSE,FALSE,"fast_multiplier",0.951999999999998,"35328"
"S3",5,100,0,827,25095360,35095379,"ok",NA,NA,1.38831480216249,0.125118675481398,0.192807192807193,0.312687312687313,FALSE,FALSE,"fast_multiplier",0.950000000000003,"35328"
"S3",5,100,0,828,25096369,35096388,"ok",NA,NA,1.47641502709327,0.0716934225010853,0.0649350649350649,0.814185814185814,FALSE,FALSE,"fast_multiplier",0.945999999999998,"35328"
"S3",5,100,0,829,25097378,35097397,"ok",NA,NA,1.36511488766147,0.107031417875796,0.186813186813187,0.394605394605395,FALSE,FALSE,"fast_multiplier",0.947000000000003,"35328"
"S3",5,100,0,830,25098387,35098406,"ok",NA,NA,0.995853245147378,0.0682084743412715,0.84015984015984,0.841158841158841,FALSE,FALSE,"fast_multiplier",0.951000000000001,"35328"
"S3",5,100,0,831,25099396,35099415,"ok",NA,NA,1.32615249870674,0.174742307475576,0.194805194805195,0.0939060939060939,FALSE,FALSE,"fast_multiplier",0.950000000000003,"35328"
"S3",5,100,0,832,25100405,35100424,"ok",NA,NA,1.4966091551996,0.186471917112642,0.0619380619380619,0.0569430569430569,FALSE,FALSE,"fast_multiplier",0.963000000000001,"35328"
"S3",5,100,0,833,25101414,35101433,"ok",NA,NA,1.0665329966642,0.063521619827473,0.682317682317682,0.888111888111888,FALSE,FALSE,"fast_multiplier",0.931000000000004,"35328"
"S3",5,100,0,834,25102423,35102442,"ok",NA,NA,1.2813874298978,0.107728833015659,0.313686313686314,0.413586413586414,FALSE,FALSE,"fast_multiplier",0.920999999999999,"35328"
"S3",5,100,0,835,25103432,35103451,"ok",NA,NA,1.33076800627061,0.117166917665222,0.221778221778222,0.310689310689311,FALSE,FALSE,"fast_multiplier",0.929000000000002,"35328"
"S3",5,100,0,836,25104441,35104460,"ok",NA,NA,1.1147615560846,0.089940460287527,0.594405594405594,0.532467532467532,FALSE,FALSE,"fast_multiplier",0.919000000000004,"35328"
"S3",5,100,0,837,25105450,35105469,"ok",NA,NA,1.04536352581495,0.0870619826508493,0.783216783216783,0.628371628371628,FALSE,FALSE,"fast_multiplier",0.951999999999998,"35328"
"S3",5,100,0,838,25106459,35106478,"ok",NA,NA,1.25457369266217,0.124497843944653,0.338661338661339,0.271728271728272,FALSE,FALSE,"fast_multiplier",0.955000000000005,"35328"
"S3",5,100,0,839,25107468,35107487,"ok",NA,NA,1.14545482713415,0.0782504647235135,0.54045954045954,0.692307692307692,FALSE,FALSE,"fast_multiplier",0.961999999999996,"35328"
"S3",5,100,0,840,25108477,35108496,"ok",NA,NA,1.38312468482173,0.110462560003671,0.155844155844156,0.341658341658342,FALSE,FALSE,"fast_multiplier",0.963000000000001,"35328"
"S3",5,100,0,841,25109486,35109505,"ok",NA,NA,1.10227533453873,0.0857850328533112,0.67032967032967,0.647352647352647,FALSE,FALSE,"fast_multiplier",0.957999999999998,"35328"
"S3",5,100,0,842,25110495,35110514,"ok",NA,NA,1.16364357535039,0.0852399226089779,0.500499500499501,0.604395604395604,FALSE,FALSE,"fast_multiplier",0.962000000000003,"35328"
"S3",5,100,0,843,25111504,35111523,"ok",NA,NA,1.27331205080962,0.06959844974468,0.26973026973027,0.818181818181818,FALSE,FALSE,"fast_multiplier",0.970999999999997,"35328"
"S3",5,100,0,844,25112513,35112532,"ok",NA,NA,1.09933136690552,0.0689838766721249,0.637362637362637,0.838161838161838,FALSE,FALSE,"fast_multiplier",0.963999999999999,"35328"
"S3",5,100,0,845,25113522,35113541,"ok",NA,NA,1.25569947609519,0.0879656915483176,0.240759240759241,0.4995004995005,FALSE,FALSE,"fast_multiplier",0.960999999999999,"35328"
"S3",5,100,0,846,25114531,35114550,"ok",NA,NA,1.02630679101383,0.0820652492870952,0.782217782217782,0.65034965034965,FALSE,FALSE,"fast_multiplier",0.966000000000001,"35328"
"S3",5,100,0,847,25115540,35115559,"ok",NA,NA,1.10427586566215,0.117604756849153,0.592407592407592,0.260739260739261,FALSE,FALSE,"fast_multiplier",0.962999999999994,"35328"
"S3",5,100,0,848,25116549,35116568,"ok",NA,NA,1.04947086290518,0.095200120339939,0.715284715284715,0.471528471528472,FALSE,FALSE,"fast_multiplier",0.961999999999996,"35328"
"S3",5,100,0,849,25117558,35117577,"ok",NA,NA,1.19884275718138,0.108312723164612,0.456543456543457,0.3996003996004,FALSE,FALSE,"fast_multiplier",0.957999999999998,"35328"
"S3",5,100,0,850,25118567,35118586,"ok",NA,NA,1.17417987381299,0.134131826769565,0.501498501498502,0.212787212787213,FALSE,FALSE,"fast_multiplier",0.952999999999996,"35328"
"S3",5,100,0,851,25119576,35119595,"ok",NA,NA,1.16352414576947,0.125745968950687,0.494505494505495,0.243756243756244,FALSE,FALSE,"fast_multiplier",0.957000000000001,"35328"
"S3",5,100,0,852,25120585,35120604,"ok",NA,NA,1.15898016096564,0.109031508207425,0.533466533466533,0.394605394605395,FALSE,FALSE,"fast_multiplier",0.952999999999996,"35328"
"S3",5,100,0,853,25121594,35121613,"ok",NA,NA,1.10649068577452,0.0763220569491863,0.594405594405594,0.701298701298701,FALSE,FALSE,"fast_multiplier",0.953000000000003,"35328"
"S3",5,100,0,854,25122603,35122622,"ok",NA,NA,1.41815356748047,0.151372179958142,0.141858141858142,0.161838161838162,FALSE,FALSE,"fast_multiplier",0.951999999999998,"35328"
"S3",5,100,0,855,25123612,35123631,"ok",NA,NA,1.18018418119605,0.12434647600965,0.463536463536464,0.22977022977023,FALSE,FALSE,"fast_multiplier",0.960000000000001,"35328"
"S3",5,100,0,856,25124621,35124640,"ok",NA,NA,1.04345178897815,0.0656694587830158,0.758241758241758,0.894105894105894,FALSE,FALSE,"fast_multiplier",0.955999999999996,"35328"
"S3",5,100,0,857,25125630,35125649,"ok",NA,NA,1.34677635311764,0.161893918433632,0.188811188811189,0.114885114885115,FALSE,FALSE,"fast_multiplier",0.954000000000001,"35328"
"S3",5,100,0,858,25126639,35126658,"ok",NA,NA,1.10809739238808,0.0767099632540939,0.615384615384615,0.73026973026973,FALSE,FALSE,"fast_multiplier",0.966999999999999,"35328"
"S3",5,100,0,859,25127648,35127667,"ok",NA,NA,1.14763780915129,0.105064365612073,0.492507492507492,0.362637362637363,FALSE,FALSE,"fast_multiplier",0.972000000000001,"35328"
"S3",5,100,0,860,25128657,35128676,"ok",NA,NA,1.13952384296016,0.0937864473816683,0.626373626373626,0.558441558441558,FALSE,FALSE,"fast_multiplier",0.973000000000006,"35328"
"S3",5,100,0,861,25129666,35129685,"ok",NA,NA,1.15178323188993,0.088242374641531,0.502497502497502,0.528471528471528,FALSE,FALSE,"fast_multiplier",0.951000000000001,"35328"
"S3",5,100,0,862,25130675,35130694,"ok",NA,NA,1.29331758451887,0.0837939666453267,0.243756243756244,0.611388611388611,FALSE,FALSE,"fast_multiplier",0.967000000000006,"35328"
"S3",5,100,0,863,25131684,35131703,"ok",NA,NA,1.310192744692,0.16578550076594,0.242757242757243,0.117882117882118,FALSE,FALSE,"fast_multiplier",0.969999999999999,"35328"
"S3",5,100,0,864,25132693,35132712,"ok",NA,NA,1.0495050505728,0.0668194154488573,0.736263736263736,0.872127872127872,FALSE,FALSE,"fast_multiplier",0.965000000000003,"35328"
"S3",5,100,0,865,25133702,35133721,"ok",NA,NA,1.17725503710482,0.0793686961073474,0.465534465534466,0.663336663336663,FALSE,FALSE,"fast_multiplier",0.947000000000003,"35328"
"S3",5,100,0,866,25134711,35134730,"ok",NA,NA,1.59100620180489,0.319815946687122,0.028971028971029,0.00599400599400599,TRUE,TRUE,"fast_multiplier",0.925999999999995,"35328"
"S3",5,100,0,867,25135720,35135739,"ok",NA,NA,0.965024967553818,0.065076937233773,0.899100899100899,0.881118881118881,FALSE,FALSE,"fast_multiplier",0.972000000000001,"35328"
"S3",5,100,0,868,25136729,35136748,"ok",NA,NA,1.28161356954081,0.13971347094395,0.24975024975025,0.156843156843157,FALSE,FALSE,"fast_multiplier",0.966000000000001,"35328"
"S3",5,100,0,869,25137738,35137757,"ok",NA,NA,1.03449294276936,0.0754092977478075,0.743256743256743,0.738261738261738,FALSE,FALSE,"fast_multiplier",0.981000000000002,"35328"
"S3",5,100,0,870,25138747,35138766,"ok",NA,NA,1.14677652963617,0.11991866130525,0.582417582417582,0.310689310689311,FALSE,FALSE,"fast_multiplier",0.963000000000001,"35328"
"S3",5,100,0,871,25139756,35139775,"ok",NA,NA,1.32805191465088,0.1074743731312,0.172827172827173,0.30969030969031,FALSE,FALSE,"fast_multiplier",0.978999999999999,"35328"
"S3",5,100,0,872,25140765,35140784,"ok",NA,NA,1.29210503606997,0.115198468805148,0.28971028971029,0.345654345654346,FALSE,FALSE,"fast_multiplier",0.961000000000006,"35328"
"S3",5,100,0,873,25141774,35141793,"ok",NA,NA,1.18894371904387,0.106195401646521,0.472527472527473,0.438561438561439,FALSE,FALSE,"fast_multiplier",0.975999999999999,"35328"
"S3",5,100,0,874,25142783,35142802,"ok",NA,NA,1.36951231272046,0.140950101774368,0.14985014985015,0.150849150849151,FALSE,FALSE,"fast_multiplier",0.957000000000001,"35328"
"S3",5,100,0,875,25143792,35143811,"ok",NA,NA,1.22726629661137,0.15939755360688,0.368631368631369,0.10989010989011,FALSE,FALSE,"fast_multiplier",0.973999999999997,"35328"
"S3",5,100,0,876,25144801,35144820,"ok",NA,NA,1.21141921136632,0.0990674996241608,0.387612387612388,0.41958041958042,FALSE,FALSE,"fast_multiplier",0.956000000000003,"35328"
"S3",5,100,0,877,25145810,35145829,"ok",NA,NA,1.44941723719312,0.132882691768046,0.0979020979020979,0.198801198801199,FALSE,FALSE,"fast_multiplier",0.969999999999999,"35328"
"S3",5,100,0,878,25146819,35146838,"ok",NA,NA,0.907047875156197,0.0701457507471892,0.956043956043956,0.807192807192807,FALSE,FALSE,"fast_multiplier",0.954999999999998,"35328"
"S3",5,100,0,879,25147828,35147847,"ok",NA,NA,1.217199456675,0.0803505822364969,0.380619380619381,0.681318681318681,FALSE,FALSE,"fast_multiplier",0.971999999999994,"35328"
"S3",5,100,0,880,25148837,35148856,"ok",NA,NA,1.33112654119734,0.0898962610833629,0.265734265734266,0.594405594405594,FALSE,FALSE,"fast_multiplier",0.966999999999999,"35328"
"S3",5,100,0,881,25149846,35149865,"ok",NA,NA,1.30340973806276,0.092416722041617,0.235764235764236,0.500499500499501,FALSE,FALSE,"fast_multiplier",0.908000000000001,"35328"
"S3",5,100,0,882,25150855,35150874,"ok",NA,NA,1.45187047014464,0.094226262352039,0.0829170829170829,0.42957042957043,FALSE,FALSE,"fast_multiplier",0.933999999999997,"35328"
"S3",5,100,0,883,25151864,35151883,"ok",NA,NA,1.10590928873292,0.0755989753121805,0.602397602397602,0.731268731268731,FALSE,FALSE,"fast_multiplier",0.933999999999997,"35328"
"S3",5,100,0,884,25152873,35152892,"ok",NA,NA,1.51817477286125,0.203725041028948,0.04995004995005,0.031968031968032,TRUE,TRUE,"fast_multiplier",0.956000000000003,"35328"
"S3",5,100,0,885,25153882,35153901,"ok",NA,NA,1.33625157526463,0.0806659713835382,0.192807192807193,0.663336663336663,FALSE,FALSE,"fast_multiplier",0.954000000000001,"35328"
"S3",5,100,0,886,25154891,35154910,"ok",NA,NA,1.19095628266495,0.122716432966239,0.496503496503497,0.333666333666334,FALSE,FALSE,"fast_multiplier",0.93,"35328"
"S3",5,100,0,887,25155900,35155919,"ok",NA,NA,1.25590374224677,0.0811598812977305,0.272727272727273,0.67032967032967,FALSE,FALSE,"fast_multiplier",0.927999999999997,"35328"
"S3",5,100,0,888,25156909,35156928,"ok",NA,NA,1.47200488559515,0.158382904631325,0.0969030969030969,0.157842157842158,FALSE,FALSE,"fast_multiplier",0.950000000000003,"35328"
"S3",5,100,0,889,25157918,35157937,"ok",NA,NA,1.20233600679346,0.0936913530994422,0.372627372627373,0.480519480519481,FALSE,FALSE,"fast_multiplier",0.948999999999998,"35328"
"S3",5,100,0,890,25158927,35158946,"ok",NA,NA,1.00427617081942,0.0761831952643538,0.821178821178821,0.717282717282717,FALSE,FALSE,"fast_multiplier",0.947000000000003,"35328"
"S3",5,100,0,891,25159936,35159955,"ok",NA,NA,1.11348586851724,0.0713751509416232,0.603396603396603,0.806193806193806,FALSE,FALSE,"fast_multiplier",0.956999999999994,"35328"
"S3",5,100,0,892,25160945,35160964,"ok",NA,NA,1.17826263717277,0.100074808039799,0.455544455544456,0.427572427572428,FALSE,FALSE,"fast_multiplier",0.954000000000001,"35328"
"S3",5,100,0,893,25161954,35161973,"ok",NA,NA,1.42164620152373,0.125745638274603,0.117882117882118,0.251748251748252,FALSE,FALSE,"fast_multiplier",0.946999999999996,"35328"
"S3",5,100,0,894,25162963,35162982,"ok",NA,NA,0.936493497626693,0.0738948921527621,0.936063936063936,0.815184815184815,FALSE,FALSE,"fast_multiplier",0.952999999999996,"35328"
"S3",5,100,0,895,25163972,35163991,"ok",NA,NA,1.3701473172357,0.21129901103111,0.148851148851149,0.042957042957043,FALSE,TRUE,"fast_multiplier",0.949999999999996,"35328"
"S3",5,100,0,896,25164981,35165000,"ok",NA,NA,1.06847899480928,0.0742838352817069,0.703296703296703,0.799200799200799,FALSE,FALSE,"fast_multiplier",0.963999999999999,"35328"
"S3",5,100,0,897,25165990,35166009,"ok",NA,NA,1.7682319113643,0.109755870881723,0.010989010989011,0.342657342657343,TRUE,FALSE,"fast_multiplier",0.939,"35328"
"S3",5,100,0,898,25166999,35167018,"ok",NA,NA,1.30960519607842,0.107264015694753,0.228771228771229,0.356643356643357,FALSE,FALSE,"fast_multiplier",0.951000000000001,"35328"
"S3",5,100,0,899,25168008,35168027,"ok",NA,NA,1.21966235047317,0.108273650505521,0.372627372627373,0.363636363636364,FALSE,FALSE,"fast_multiplier",0.937000000000005,"35328"
"S3",5,100,0,900,25169017,35169036,"ok",NA,NA,1.17127709430707,0.108813530475949,0.513486513486514,0.363636363636364,FALSE,FALSE,"fast_multiplier",0.948999999999998,"35328"
"S3",5,100,0,901,25170026,35170045,"ok",NA,NA,1.61029980310477,0.233367242219909,0.013986013986014,0.016983016983017,TRUE,TRUE,"fast_multiplier",0.934000000000005,"35328"
"S3",5,100,0,902,25171035,35171054,"ok",NA,NA,1.17043358366204,0.0992533606343979,0.465534465534466,0.408591408591409,FALSE,FALSE,"fast_multiplier",0.945999999999998,"35328"
"S3",5,100,0,903,25172044,35172063,"ok",NA,NA,1.31611643248259,0.143352807570618,0.196803196803197,0.128871128871129,FALSE,FALSE,"fast_multiplier",0.972000000000001,"35328"
"S3",5,100,0,904,25173053,35173072,"ok",NA,NA,1.20244263518265,0.133846297657777,0.367632367632368,0.184815184815185,FALSE,FALSE,"fast_multiplier",0.971999999999994,"35328"
"S3",5,100,0,905,25174062,35174081,"ok",NA,NA,1.10070786144162,0.0867319027776742,0.583416583416583,0.545454545454545,FALSE,FALSE,"fast_multiplier",0.968000000000004,"35328"
"S3",5,100,0,906,25175071,35175090,"ok",NA,NA,0.966803827602629,0.0540117777785154,0.912087912087912,0.979020979020979,FALSE,FALSE,"fast_multiplier",0.969999999999999,"35328"
"S3",5,100,0,907,25176080,35176099,"ok",NA,NA,1.0911782547246,0.0884580875107326,0.631368631368631,0.533466533466533,FALSE,FALSE,"fast_multiplier",0.968000000000004,"35328"
"S3",5,100,0,908,25177089,35177108,"ok",NA,NA,1.54991097076111,0.207152849304803,0.0809190809190809,0.0849150849150849,FALSE,FALSE,"fast_multiplier",0.966999999999999,"35328"
"S3",5,100,0,909,25178098,35178117,"ok",NA,NA,1.03896446493248,0.0776930499514047,0.779220779220779,0.745254745254745,FALSE,FALSE,"fast_multiplier",0.963000000000001,"35328"
"S3",5,100,0,910,25179107,35179126,"ok",NA,NA,1.1284017251144,0.0837888627010458,0.554445554445554,0.609390609390609,FALSE,FALSE,"fast_multiplier",0.963000000000001,"35328"
"S3",5,100,0,911,25180116,35180135,"ok",NA,NA,1.38879516116346,0.151196914446747,0.124875124875125,0.137862137862138,FALSE,FALSE,"fast_multiplier",0.959000000000003,"35328"
"S3",5,100,0,912,25181125,35181144,"ok",NA,NA,0.977571155215086,0.0809158969118667,0.879120879120879,0.694305694305694,FALSE,FALSE,"fast_multiplier",0.958999999999996,"35328"
"S3",5,100,0,913,25182134,35182153,"ok",NA,NA,1.0323963267437,0.0767237518417044,0.754245754245754,0.676323676323676,FALSE,FALSE,"fast_multiplier",0.951999999999998,"35328"
"S3",5,100,0,914,25183143,35183162,"ok",NA,NA,0.997551546523467,0.091019826275239,0.83016983016983,0.525474525474525,FALSE,FALSE,"fast_multiplier",0.954999999999998,"35328"
"S3",5,100,0,915,25184152,35184171,"ok",NA,NA,1.16328748185504,0.0750444102912381,0.454545454545455,0.733266733266733,FALSE,FALSE,"fast_multiplier",0.952999999999996,"35328"
"S3",5,100,0,916,25185161,35185180,"ok",NA,NA,1.02847623408034,0.0801983242184344,0.769230769230769,0.683316683316683,FALSE,FALSE,"fast_multiplier",0.950999999999993,"35328"
"S3",5,100,0,917,25186170,35186189,"ok",NA,NA,1.29766537694904,0.111557819491022,0.26973026973027,0.336663336663337,FALSE,FALSE,"fast_multiplier",0.949999999999996,"35328"
"S3",5,100,0,918,25187179,35187198,"ok",NA,NA,1.16611467915628,0.0934252704754045,0.534465534465534,0.547452547452547,FALSE,FALSE,"fast_multiplier",0.969000000000001,"35328"
"S3",5,100,0,919,25188188,35188207,"ok",NA,NA,1.16122539612834,0.113820286907291,0.507492507492508,0.335664335664336,FALSE,FALSE,"fast_multiplier",0.967999999999996,"35328"
"S3",5,100,0,920,25189197,35189216,"ok",NA,NA,1.1723734218718,0.135063550061574,0.448551448551449,0.16983016983017,FALSE,FALSE,"fast_multiplier",0.966000000000001,"35328"
"S3",5,100,0,921,25190206,35190225,"ok",NA,NA,1.18756319622579,0.0811543024644745,0.438561438561439,0.657342657342657,FALSE,FALSE,"fast_multiplier",0.956999999999994,"35328"
"S3",5,100,0,922,25191215,35191234,"ok",NA,NA,1.06470201403372,0.0806538606617945,0.711288711288711,0.673326673326673,FALSE,FALSE,"fast_multiplier",0.963999999999999,"35328"
"S3",5,100,0,923,25192224,35192243,"ok",NA,NA,1.02910552561828,0.0674719927917429,0.791208791208791,0.856143856143856,FALSE,FALSE,"fast_multiplier",0.956000000000003,"35328"
"S3",5,100,0,924,25193233,35193252,"ok",NA,NA,1.01355670018749,0.0701922237826149,0.801198801198801,0.792207792207792,FALSE,FALSE,"fast_multiplier",0.969000000000001,"35328"
"S3",5,100,0,925,25194242,35194261,"ok",NA,NA,0.931308516966295,0.0717367950151208,0.92007992007992,0.795204795204795,FALSE,FALSE,"fast_multiplier",0.951000000000001,"35328"
"S3",5,100,0,926,25195251,35195270,"ok",NA,NA,1.33760839802839,0.114158320856865,0.202797202797203,0.327672327672328,FALSE,FALSE,"fast_multiplier",0.961999999999996,"35328"
"S3",5,100,0,927,25196260,35196279,"ok",NA,NA,1.03400843062487,0.0727028235655106,0.772227772227772,0.81018981018981,FALSE,FALSE,"fast_multiplier",0.948,"35328"
"S3",5,100,0,928,25197269,35197288,"ok",NA,NA,1.1087800240302,0.0612421064092323,0.654345654345654,0.931068931068931,FALSE,FALSE,"fast_multiplier",0.958999999999996,"35328"
"S3",5,100,0,929,25198278,35198297,"ok",NA,NA,1.11958250335853,0.077247507087347,0.565434565434565,0.714285714285714,FALSE,FALSE,"fast_multiplier",0.951000000000001,"35328"
"S3",5,100,0,930,25199287,35199306,"ok",NA,NA,1.37076411334615,0.178074658862313,0.148851148851149,0.0769230769230769,FALSE,FALSE,"fast_multiplier",0.942,"35328"
"S3",5,100,0,931,25200296,35200315,"ok",NA,NA,1.40429690167003,0.0829839425256228,0.125874125874126,0.603396603396603,FALSE,FALSE,"fast_multiplier",0.933999999999997,"35328"
"S3",5,100,0,932,25201305,35201324,"ok",NA,NA,1.13658013465049,0.071094827688136,0.561438561438561,0.816183816183816,FALSE,FALSE,"fast_multiplier",0.978999999999999,"35328"
"S3",5,100,0,933,25202314,35202333,"ok",NA,NA,1.07542425495513,0.0858193098089006,0.678321678321678,0.59040959040959,FALSE,FALSE,"fast_multiplier",0.978999999999999,"35328"
"S3",5,100,0,934,25203323,35203342,"ok",NA,NA,1.34659704985192,0.0854524396442306,0.162837162837163,0.586413586413586,FALSE,FALSE,"fast_multiplier",0.978000000000002,"35328"
"S3",5,100,0,935,25204332,35204351,"ok",NA,NA,1.48589633485287,0.167376116963315,0.0779220779220779,0.126873126873127,FALSE,FALSE,"fast_multiplier",0.977000000000004,"35328"
"S3",5,100,0,936,25205341,35205360,"ok",NA,NA,1.27713075636506,0.133571106948468,0.247752247752248,0.164835164835165,FALSE,FALSE,"fast_multiplier",0.969999999999999,"35328"
"S3",5,100,0,937,25206350,35206369,"ok",NA,NA,1.19544241027674,0.0797025478976863,0.43956043956044,0.672327672327672,FALSE,FALSE,"fast_multiplier",0.963000000000001,"35328"
"S3",5,100,0,938,25207359,35207378,"ok",NA,NA,1.0926835542362,0.0852403834563095,0.645354645354645,0.593406593406593,FALSE,FALSE,"fast_multiplier",0.964999999999996,"35328"
"S3",5,100,0,939,25208368,35208387,"ok",NA,NA,0.919653845486458,0.0662290350128087,0.946053946053946,0.866133866133866,FALSE,FALSE,"fast_multiplier",0.973000000000006,"35328"
"S3",5,100,0,940,25209377,35209396,"ok",NA,NA,1.22589974772435,0.0877088072266401,0.345654345654346,0.55044955044955,FALSE,FALSE,"fast_multiplier",0.969999999999999,"35328"
"S3",5,100,0,941,25210386,35210405,"ok",NA,NA,1.2122101282527,0.116602169343328,0.360639360639361,0.266733266733267,FALSE,FALSE,"fast_multiplier",0.969000000000001,"35328"
"S3",5,100,0,942,25211395,35211414,"ok",NA,NA,1.21352627553418,0.0989558106014927,0.406593406593407,0.464535464535465,FALSE,FALSE,"fast_multiplier",0.964000000000006,"35328"
"S3",5,100,0,943,25212404,35212423,"ok",NA,NA,1.08241906701045,0.0700056569508364,0.703296703296703,0.847152847152847,FALSE,FALSE,"fast_multiplier",0.968000000000004,"35328"
"S3",5,100,0,944,25213413,35213432,"ok",NA,NA,1.05243027812397,0.0953188439282024,0.744255744255744,0.455544455544456,FALSE,FALSE,"fast_multiplier",0.968000000000004,"35328"
"S3",5,100,0,945,25214422,35214441,"ok",NA,NA,1.26496156727538,0.0878286007158671,0.307692307692308,0.581418581418581,FALSE,FALSE,"fast_multiplier",0.969999999999999,"35328"
"S3",5,100,0,946,25215431,35215450,"ok",NA,NA,1.15803897413121,0.0952580470534449,0.548451548451548,0.505494505494505,FALSE,FALSE,"fast_multiplier",0.961000000000006,"35328"
"S3",5,100,0,947,25216440,35216459,"ok",NA,NA,1.0099030171921,0.0837056561213604,0.82017982017982,0.604395604395604,FALSE,FALSE,"fast_multiplier",0.966999999999999,"35328"
"S3",5,100,0,948,25217449,35217468,"ok",NA,NA,1.36885399376912,0.101074019180708,0.162837162837163,0.390609390609391,FALSE,FALSE,"fast_multiplier",0.958000000000006,"35328"
"S3",5,100,0,949,25218458,35218477,"ok",NA,NA,1.02035271145585,0.0859943152142581,0.802197802197802,0.599400599400599,FALSE,FALSE,"fast_multiplier",0.964999999999996,"35328"
"S3",5,100,0,950,25219467,35219486,"ok",NA,NA,1.11362512594668,0.0947036799777417,0.616383616383616,0.498501498501498,FALSE,FALSE,"fast_multiplier",0.956000000000003,"35328"
"S3",5,100,0,951,25220476,35220495,"ok",NA,NA,1.39373764552309,0.166634162213834,0.112887112887113,0.0859140859140859,FALSE,FALSE,"fast_multiplier",0.969000000000001,"35328"
"S3",5,100,0,952,25221485,35221504,"ok",NA,NA,1.37021275469434,0.131361941586517,0.160839160839161,0.192807192807193,FALSE,FALSE,"fast_multiplier",0.962000000000003,"35328"
"S3",5,100,0,953,25222494,35222513,"ok",NA,NA,1.20906208307557,0.0764595971386712,0.363636363636364,0.69030969030969,FALSE,FALSE,"fast_multiplier",0.966000000000001,"35328"
"S3",5,100,0,954,25223503,35223522,"ok",NA,NA,1.02604720952035,0.0703742586753817,0.792207792207792,0.822177822177822,FALSE,FALSE,"fast_multiplier",0.956999999999994,"35328"
"S3",5,100,0,955,25224512,35224531,"ok",NA,NA,1.24298296441028,0.0826920997892825,0.33966033966034,0.651348651348651,FALSE,FALSE,"fast_multiplier",0.957000000000001,"35328"
"S3",5,100,0,956,25225521,35225540,"ok",NA,NA,1.38565279529956,0.181982708578733,0.154845154845155,0.0989010989010989,FALSE,FALSE,"fast_multiplier",0.961999999999996,"35328"
"S3",5,100,0,957,25226530,35226549,"ok",NA,NA,0.987893816306163,0.0859977606143272,0.829170829170829,0.552447552447552,FALSE,FALSE,"fast_multiplier",0.957000000000001,"35328"
"S3",5,100,0,958,25227539,35227558,"ok",NA,NA,1.08138432052493,0.0909810219245245,0.612387612387612,0.471528471528472,FALSE,FALSE,"fast_multiplier",0.959999999999994,"35328"
"S3",5,100,0,959,25228548,35228567,"ok",NA,NA,1.53374372610217,0.234170532354998,0.0739260739260739,0.043956043956044,FALSE,TRUE,"fast_multiplier",0.955000000000005,"35328"
"S3",5,100,0,960,25229557,35229576,"ok",NA,NA,1.13002620730645,0.105440759834711,0.551448551448551,0.351648351648352,FALSE,FALSE,"fast_multiplier",0.965999999999994,"35328"
"S3",5,100,0,961,25230566,35230585,"ok",NA,NA,1.02377123097146,0.0878445469035669,0.774225774225774,0.53946053946054,FALSE,FALSE,"fast_multiplier",0.929999999999993,"35328"
"S3",5,100,0,962,25231575,35231594,"ok",NA,NA,1.24025826372167,0.0931866767787774,0.338661338661339,0.514485514485514,FALSE,FALSE,"fast_multiplier",0.923000000000002,"35328"
"S3",5,100,0,963,25232584,35232603,"ok",NA,NA,1.3165108350144,0.20609589891958,0.243756243756244,0.0569430569430569,FALSE,FALSE,"fast_multiplier",0.927999999999997,"35328"
"S3",5,100,0,964,25233593,35233612,"ok",NA,NA,1.28950665202411,0.146609642566484,0.25974025974026,0.12987012987013,FALSE,FALSE,"fast_multiplier",0.928999999999988,"35328"
"S3",5,100,0,965,25234602,35234621,"ok",NA,NA,1.50172307437693,0.151543447329758,0.0559440559440559,0.13986013986014,FALSE,FALSE,"fast_multiplier",0.960999999999999,"35328"
"S3",5,100,0,966,25235611,35235630,"ok",NA,NA,1.33155641865341,0.0991305840530658,0.165834165834166,0.402597402597403,FALSE,FALSE,"fast_multiplier",0.969999999999999,"35328"
"S3",5,100,0,967,25236620,35236639,"ok",NA,NA,1.29446167627608,0.0847393258246948,0.206793206793207,0.588411588411588,FALSE,FALSE,"fast_multiplier",0.969999999999999,"35328"
"S3",5,100,0,968,25237629,35237648,"ok",NA,NA,1.13356069487568,0.0942289685132163,0.549450549450549,0.471528471528472,FALSE,FALSE,"fast_multiplier",0.966999999999999,"35328"
"S3",5,100,0,969,25238638,35238657,"ok",NA,NA,1.24502978054536,0.0905354287585909,0.377622377622378,0.588411588411588,FALSE,FALSE,"fast_multiplier",0.966999999999999,"35328"
"S3",5,100,0,970,25239647,35239666,"ok",NA,NA,1.26842823888836,0.0730758158780696,0.286713286713287,0.77022977022977,FALSE,FALSE,"fast_multiplier",0.949999999999989,"35328"
"S3",5,100,0,971,25240656,35240675,"ok",NA,NA,1.08910476496985,0.0729970149570689,0.646353646353646,0.776223776223776,FALSE,FALSE,"fast_multiplier",0.963999999999999,"35328"
"S3",5,100,0,972,25241665,35241684,"ok",NA,NA,1.18901080872378,0.0841750655507318,0.506493506493506,0.686313686313686,FALSE,FALSE,"fast_multiplier",0.962000000000003,"35328"
"S3",5,100,0,973,25242674,35242693,"ok",NA,NA,1.5330751462803,0.189644955406124,0.0529470529470529,0.0639360639360639,FALSE,FALSE,"fast_multiplier",0.957000000000008,"35328"
"S3",5,100,0,974,25243683,35243702,"ok",NA,NA,1.05292893820478,0.0686100810444322,0.746253746253746,0.844155844155844,FALSE,FALSE,"fast_multiplier",1.002,"35328"
"S3",5,100,0,975,25244692,35244711,"ok",NA,NA,1.57102012453913,0.189903735257982,0.048951048951049,0.0719280719280719,TRUE,FALSE,"fast_multiplier",0.954000000000008,"35328"
"S3",5,100,0,976,25245701,35245720,"ok",NA,NA,1.23926661064784,0.085749314305821,0.321678321678322,0.569430569430569,FALSE,FALSE,"fast_multiplier",0.956000000000003,"35328"
"S3",5,100,0,977,25246710,35246729,"ok",NA,NA,1.18467798235025,0.107574176596512,0.465534465534466,0.37962037962038,FALSE,FALSE,"fast_multiplier",0.977000000000004,"35328"
"S3",5,100,0,978,25247719,35247738,"ok",NA,NA,1.18695488097511,0.101448334456586,0.402597402597403,0.362637362637363,FALSE,FALSE,"fast_multiplier",0.957999999999998,"35328"
"S3",5,100,0,979,25248728,35248747,"ok",NA,NA,1.10810341475238,0.0715784660228929,0.56043956043956,0.785214785214785,FALSE,FALSE,"fast_multiplier",0.974000000000004,"35328"
"S3",5,100,0,980,25249737,35249756,"ok",NA,NA,1.14475286358738,0.0912788722556353,0.558441558441558,0.558441558441558,FALSE,FALSE,"fast_multiplier",0.954999999999998,"35328"
"S3",5,100,0,981,25250746,35250765,"ok",NA,NA,1.22113626103437,0.112116160938988,0.373626373626374,0.312687312687313,FALSE,FALSE,"fast_multiplier",0.971999999999994,"35328"
"S3",5,100,0,982,25251755,35251774,"ok",NA,NA,1.01908887273415,0.0767182728946882,0.799200799200799,0.724275724275724,FALSE,FALSE,"fast_multiplier",0.972999999999999,"35328"
"S3",5,100,0,983,25252764,35252783,"ok",NA,NA,1.29043513885283,0.121733029817717,0.302697302697303,0.28971028971029,FALSE,FALSE,"fast_multiplier",0.968999999999994,"35328"
"S3",5,100,0,984,25253773,35253792,"ok",NA,NA,1.0568530841659,0.0903016955913506,0.717282717282717,0.561438561438561,FALSE,FALSE,"fast_multiplier",0.968000000000004,"35328"
"S3",5,100,0,985,25254782,35254801,"ok",NA,NA,1.1258221439879,0.103333928479145,0.598401598401598,0.411588411588412,FALSE,FALSE,"fast_multiplier",0.955999999999989,"35328"
"S3",5,100,0,986,25255791,35255810,"ok",NA,NA,1.27485117885346,0.157748749748508,0.250749250749251,0.0969030969030969,FALSE,FALSE,"fast_multiplier",0.960000000000008,"35328"
"S3",5,100,0,987,25256800,35256819,"ok",NA,NA,1.26635624717861,0.143580749975501,0.305694305694306,0.17982017982018,FALSE,FALSE,"fast_multiplier",0.953999999999994,"35328"
"S3",5,100,0,988,25257809,35257828,"ok",NA,NA,1.03990265848157,0.0719348479384894,0.746253746253746,0.802197802197802,FALSE,FALSE,"fast_multiplier",0.965000000000003,"35328"
"S3",5,100,0,989,25258818,35258837,"ok",NA,NA,1.73667825645046,0.305255224561674,0.010989010989011,0.00999000999000999,TRUE,TRUE,"fast_multiplier",0.971000000000004,"35328"
"S3",5,100,0,990,25259827,35259846,"ok",NA,NA,1.2317094467939,0.151966516915809,0.320679320679321,0.0919080919080919,FALSE,FALSE,"fast_multiplier",0.957999999999998,"35328"
"S3",5,100,0,991,25260836,35260855,"ok",NA,NA,1.02794113645146,0.0882103874480584,0.794205794205794,0.603396603396603,FALSE,FALSE,"fast_multiplier",0.956999999999994,"35328"
"S3",5,100,0,992,25261845,35261864,"ok",NA,NA,1.48842918449647,0.130755575353867,0.04995004995005,0.183816183816184,TRUE,FALSE,"fast_multiplier",0.963999999999999,"35328"
"S3",5,100,0,993,25262854,35262873,"ok",NA,NA,1.54696700463022,0.252654165757055,0.04995004995005,0.018981018981019,TRUE,TRUE,"fast_multiplier",0.650999999999996,"35328"
"S3",5,100,0,994,25263863,35263882,"ok",NA,NA,1.19331481575674,0.0887702836772696,0.407592407592408,0.549450549450549,FALSE,FALSE,"fast_multiplier",0.650000000000006,"35328"
"S3",5,100,0,995,25264872,35264891,"ok",NA,NA,1.06555232581746,0.0717574186371205,0.71028971028971,0.817182817182817,FALSE,FALSE,"fast_multiplier",0.649000000000001,"35328"
"S3",5,100,0,996,25265881,35265900,"ok",NA,NA,1.24199818012246,0.136274347798866,0.383616383616384,0.225774225774226,FALSE,FALSE,"fast_multiplier",0.647999999999996,"35328"
"S3",5,100,0,997,25266890,35266909,"ok",NA,NA,0.97980443638005,0.0712416224367434,0.878121878121878,0.823176823176823,FALSE,FALSE,"fast_multiplier",0.646000000000001,"35328"
"S3",5,100,0,998,25267899,35267918,"ok",NA,NA,1.30749073565369,0.0998024054093629,0.274725274725275,0.478521478521479,FALSE,FALSE,"fast_multiplier",0.644999999999996,"35328"
"S3",5,100,0,999,25268908,35268927,"ok",NA,NA,1.2036253309424,0.107432340322965,0.360639360639361,0.312687312687313,FALSE,FALSE,"fast_multiplier",0.643000000000001,"35328"
"S3",5,100,0,1000,25269917,35269936,"ok",NA,NA,1.13069578448744,0.0768332119378496,0.583416583416583,0.728271728271728,FALSE,FALSE,"fast_multiplier",0.641999999999996,"35328"
