"scenario","d","n","beta","rep","seed_data","seed_bootstrap","status","error_message","warning_message","ks_observed","cvm_observed","ks_pvalue","cvm_pvalue","ks_reject","cvm_reject","effective_bootstrap_method","elapsed_seconds","slurm_job_id"
"S2",2,100,0,1,22261744,32261763,"ok",NA,NA,1.21389979677821,0.0984084984194277,0.172827172827173,0.22977022977023,FALSE,FALSE,"reestimated",194.467,"31844"
"S2",2,100,0,2,22262753,32262772,"ok",NA,NA,0.969880467567113,0.0726338456923995,0.669330669330669,0.576423576423576,FALSE,FALSE,"reestimated",194.735,"31844"
"S2",2,100,0,3,22263762,32263781,"ok",NA,NA,1.00728502117227,0.069062306659466,0.593406593406593,0.643356643356643,FALSE,FALSE,"reestimated",194.029,"31844"
"S2",2,100,0,4,22264771,32264790,"ok",NA,NA,1.2382898709531,0.114953629746564,0.173826173826174,0.152847152847153,FALSE,FALSE,"reestimated",198.727,"31844"
"S2",2,100,0,5,22265780,32265799,"ok",NA,NA,1.18989185754847,0.0904909940878251,0.15984015984016,0.260739260739261,FALSE,FALSE,"reestimated",198.197,"31844"
"S2",2,100,0,6,22266789,32266808,"ok",NA,NA,1.16070084381956,0.107488498368255,0.304695304695305,0.21978021978022,FALSE,FALSE,"reestimated",198.121,"31844"
"S2",2,100,0,7,22267798,32267817,"ok",NA,NA,1.07133461356235,0.0763267778291806,0.38961038961039,0.464535464535465,FALSE,FALSE,"reestimated",194.244,"31844"
"S2",2,100,0,8,22268807,32268826,"ok",NA,NA,1.1588174552295,0.0967968076957742,0.276723276723277,0.260739260739261,FALSE,FALSE,"reestimated",194.18,"31844"
"S2",2,100,0,9,22269816,32269835,"ok",NA,NA,1.10819698191679,0.0805433765770037,0.337662337662338,0.408591408591409,FALSE,FALSE,"reestimated",196.606,"31844"
"S2",2,100,0,10,22270825,32270844,"ok",NA,NA,1.00107113891768,0.0668938121015721,0.599400599400599,0.667332667332667,FALSE,FALSE,"reestimated",198.627,"31844"
"S2",2,100,0,11,22271834,32271853,"ok",NA,NA,0.883701839382094,0.0653548468973497,0.881118881118881,0.762237762237762,FALSE,FALSE,"reestimated",198.485,"31844"
"S2",2,100,0,12,22272843,32272862,"ok",NA,NA,0.916590047058417,0.0647920846254732,0.784215784215784,0.713286713286713,FALSE,FALSE,"reestimated",197.994,"31844"
"S2",2,100,0,13,22273852,32273871,"ok",NA,NA,0.926605940404206,0.0534586980048573,0.746253746253746,0.846153846153846,FALSE,FALSE,"reestimated",194.321,"31844"
"S2",2,100,0,14,22274861,32274880,"ok",NA,NA,1.04367769413949,0.0717556086537035,0.492507492507492,0.555444555444555,FALSE,FALSE,"reestimated",194.413,"31844"
"S2",2,100,0,15,22275870,32275889,"ok",NA,NA,1.01541491567696,0.0529412215433101,0.517482517482518,0.854145854145854,FALSE,FALSE,"reestimated",193.463,"31844"
"S2",2,100,0,16,22276879,32276898,"ok",NA,NA,1.54725148328911,0.211985765493295,0.017982017982018,0.004995004995005,TRUE,TRUE,"reestimated",198.238,"31844"
"S2",2,100,0,17,22277888,32277907,"ok",NA,NA,1.26852966326069,0.136837700553707,0.135864135864136,0.0709290709290709,FALSE,FALSE,"reestimated",199.223,"31844"
"S2",2,100,0,18,22278897,32278916,"ok",NA,NA,1.08239174578882,0.0654132657348216,0.363636363636364,0.63036963036963,FALSE,FALSE,"reestimated",197.936,"31844"
"S2",2,100,0,19,22279906,32279925,"ok",NA,NA,1.31868944908318,0.111994544927262,0.0929070929070929,0.151848151848152,FALSE,FALSE,"reestimated",197.809,"31844"
"S2",2,100,0,20,22280915,32280934,"ok",NA,NA,1.20097985334699,0.11554415483131,0.253746253746254,0.181818181818182,FALSE,FALSE,"reestimated",200.432,"31844"
"S2",2,100,0,21,22281924,32281943,"ok",NA,NA,0.988669590574024,0.0824566353994359,0.62037962037962,0.408591408591409,FALSE,FALSE,"reestimated",198.398,"31844"
"S2",2,100,0,22,22282933,32282952,"ok",NA,NA,1.10382304425518,0.0767098872802977,0.344655344655345,0.518481518481518,FALSE,FALSE,"reestimated",198.179,"31844"
"S2",2,100,0,23,22283942,32283961,"ok",NA,NA,0.851338375157902,0.0598275101766223,0.883116883116883,0.761238761238761,FALSE,FALSE,"reestimated",200.757,"31844"
"S2",2,100,0,24,22284951,32284970,"ok",NA,NA,0.913759788690819,0.0653667409452067,0.804195804195804,0.688311688311688,FALSE,FALSE,"reestimated",201.448,"31844"
"S2",2,100,0,25,22285960,32285979,"ok",NA,NA,1.11503940380227,0.0979046472755741,0.275724275724276,0.188811188811189,FALSE,FALSE,"reestimated",201.345,"31844"
"S2",2,100,0,26,22286969,32286988,"ok",NA,NA,0.987634171968847,0.0595907937459187,0.598401598401598,0.744255744255744,FALSE,FALSE,"reestimated",197.954,"31844"
"S2",2,100,0,27,22287978,32287997,"ok",NA,NA,1.04002577223016,0.0742714561422824,0.462537462537463,0.515484515484515,FALSE,FALSE,"reestimated",198.232,"31844"
"S2",2,100,0,28,22288987,32289006,"ok",NA,NA,1.18021954228307,0.110910109710118,0.240759240759241,0.14985014985015,FALSE,FALSE,"reestimated",198.453,"31844"
"S2",2,100,0,29,22289996,32290015,"ok",NA,NA,1.31453340702573,0.138371733028808,0.101898101898102,0.0789210789210789,FALSE,FALSE,"reestimated",197.418,"31844"
"S2",2,100,0,30,22291005,32291024,"ok",NA,NA,1.17917201447672,0.115069444771337,0.30969030969031,0.205794205794206,FALSE,FALSE,"reestimated",198.143,"31844"
"S2",2,100,0,31,22292014,32292033,"ok",NA,NA,0.956999339101338,0.064995433261936,0.669330669330669,0.655344655344655,FALSE,FALSE,"reestimated",196.974,"31844"
"S2",2,100,0,32,22293023,32293042,"ok",NA,NA,1.0687171823619,0.0794549695398746,0.503496503496504,0.511488511488511,FALSE,FALSE,"reestimated",199.94,"31844"
"S2",2,100,0,33,22294032,32294051,"ok",NA,NA,1.14887495531813,0.105766967720055,0.364635364635365,0.276723276723277,FALSE,FALSE,"reestimated",196.985,"31844"
"S2",2,100,0,34,22295041,32295060,"ok",NA,NA,1.10583614167686,0.0841992449484321,0.422577422577423,0.468531468531469,FALSE,FALSE,"reestimated",200.848,"31844"
"S2",2,100,0,35,22296050,32296069,"ok",NA,NA,1.13549418009544,0.10171607339965,0.291708291708292,0.197802197802198,FALSE,FALSE,"reestimated",198.832,"31844"
"S2",2,100,0,36,22297059,32297078,"ok",NA,NA,0.958991150772047,0.0595518810866091,0.662337662337662,0.743256743256743,FALSE,FALSE,"reestimated",200.083,"31844"
"S2",2,100,0,37,22298068,32298087,"ok",NA,NA,1.03466130665148,0.0940726118370943,0.486513486513487,0.244755244755245,FALSE,FALSE,"reestimated",200.998,"31844"
"S2",2,100,0,38,22299077,32299096,"ok",NA,NA,1.02679094973178,0.0652737140618687,0.536463536463537,0.697302697302697,FALSE,FALSE,"reestimated",198.126,"31844"
"S2",2,100,0,39,22300086,32300105,"ok",NA,NA,0.812502934155496,0.038814670690017,0.944055944055944,0.988011988011988,FALSE,FALSE,"reestimated",199.632,"31844"
"S2",2,100,0,40,22301095,32301114,"ok",NA,NA,1.03410575571791,0.0695299066108942,0.594405594405594,0.696303696303696,FALSE,FALSE,"reestimated",201.024,"31844"
"S2",2,100,0,41,22302104,32302123,"ok",NA,NA,1.22090983834293,0.0758574314418176,0.150849150849151,0.482517482517482,FALSE,FALSE,"reestimated",201.502,"31844"
"S2",2,100,0,42,22303113,32303132,"ok",NA,NA,1.37574830070606,0.145310186293842,0.0549450549450549,0.038961038961039,FALSE,TRUE,"reestimated",199.448,"31844"
"S2",2,100,0,43,22304122,32304141,"ok",NA,NA,1.10593805871451,0.0658959628378057,0.357642357642358,0.674325674325674,FALSE,FALSE,"reestimated",197.359,"31844"
"S2",2,100,0,44,22305131,32305150,"ok",NA,NA,0.966566738761092,0.0918487350907428,0.668331668331668,0.288711288711289,FALSE,FALSE,"reestimated",201.152,"31844"
"S2",2,100,0,45,22306140,32306159,"ok",NA,NA,1.0519702885305,0.084735480312228,0.427572427572428,0.342657342657343,FALSE,FALSE,"reestimated",198.003,"31844"
"S2",2,100,0,46,22307149,32307168,"ok",NA,NA,1.07733643022284,0.0913274893226357,0.454545454545455,0.333666333666334,FALSE,FALSE,"reestimated",200.801,"31844"
"S2",2,100,0,47,22308158,32308177,"ok",NA,NA,0.865683942175661,0.0622912461602873,0.837162837162837,0.685314685314685,FALSE,FALSE,"reestimated",200.123,"31844"
"S2",2,100,0,48,22309167,32309186,"ok",NA,NA,0.884753409948751,0.0679047045667792,0.817182817182817,0.625374625374625,FALSE,FALSE,"reestimated",201.678,"31844"
"S2",2,100,0,49,22310176,32310195,"ok",NA,NA,1.05127022757652,0.0674228684627547,0.472527472527473,0.652347652347652,FALSE,FALSE,"reestimated",201.121,"31844"
"S2",2,100,0,50,22311185,32311204,"ok",NA,NA,1.06386823544138,0.063276236326353,0.394605394605395,0.683316683316683,FALSE,FALSE,"reestimated",201.812,"31844"
"S2",2,100,0,51,22312194,32312213,"ok",NA,NA,1.04861285868936,0.0767732641770037,0.457542457542458,0.462537462537463,FALSE,FALSE,"reestimated",198.95,"31844"
"S2",2,100,0,52,22313203,32313222,"ok",NA,NA,1.5257301259628,0.132501241023824,0.00999000999000999,0.0779220779220779,TRUE,FALSE,"reestimated",199.351,"31844"
"S2",2,100,0,53,22314212,32314231,"ok",NA,NA,1.44547419669224,0.204570628728428,0.03996003996004,0.00699300699300699,TRUE,TRUE,"reestimated",195.601,"31844"
"S2",2,100,0,54,22315221,32315240,"ok",NA,NA,1.0699024597076,0.0768660069824916,0.3996003996004,0.476523476523477,FALSE,FALSE,"reestimated",201.477,"31844"
"S2",2,100,0,55,22316230,32316249,"ok",NA,NA,1.80857667262303,0.250434891371761,0.000999000999000999,0.000999000999000999,TRUE,TRUE,"reestimated",200.005,"31844"
"S2",2,100,0,56,22317239,32317258,"ok",NA,NA,1.05804626797895,0.08242066471421,0.485514485514486,0.451548451548452,FALSE,FALSE,"reestimated",200.889,"31844"
"S2",2,100,0,57,22318248,32318267,"ok",NA,NA,1.13771983338599,0.0964753806817408,0.252747252747253,0.212787212787213,FALSE,FALSE,"reestimated",197.809,"31844"
"S2",2,100,0,58,22319257,32319276,"ok",NA,NA,1.16766881961775,0.0974264878595616,0.236763236763237,0.247752247752248,FALSE,FALSE,"reestimated",201.489,"31844"
"S2",2,100,0,59,22320266,32320285,"ok",NA,NA,1.12403134242992,0.102287147749753,0.28971028971029,0.172827172827173,FALSE,FALSE,"reestimated",198.179,"31844"
"S2",2,100,0,60,22321275,32321294,"ok",NA,NA,0.931730293085701,0.0766246430988922,0.748251748251748,0.515484515484515,FALSE,FALSE,"reestimated",201.553,"31844"
"S2",2,100,0,61,22322284,32322303,"ok",NA,NA,1.16605568609913,0.090768004496413,0.264735264735265,0.324675324675325,FALSE,FALSE,"reestimated",196.761,"31844"
"S2",2,100,0,62,22323293,32323312,"ok",NA,NA,1.10085105930549,0.0693811091480474,0.314685314685315,0.529470529470529,FALSE,FALSE,"reestimated",198.472,"31844"
"S2",2,100,0,63,22324302,32324321,"ok",NA,NA,1.09858381814659,0.100625043467228,0.321678321678322,0.164835164835165,FALSE,FALSE,"reestimated",199.433,"31844"
"S2",2,100,0,64,22325311,32325330,"ok",NA,NA,0.903524394714967,0.0770041025927664,0.822177822177822,0.544455544455544,FALSE,FALSE,"reestimated",197.466,"31844"
"S2",2,100,0,65,22326320,32326339,"ok",NA,NA,1.17964635216409,0.129605004760065,0.260739260739261,0.0989010989010989,FALSE,FALSE,"reestimated",196.274,"31844"
"S2",2,100,0,66,22327329,32327348,"ok",NA,NA,1.31816605142676,0.162497877227241,0.0799200799200799,0.021978021978022,FALSE,TRUE,"reestimated",199.339,"31844"
"S2",2,100,0,67,22328338,32328357,"ok",NA,NA,0.977190951076458,0.0843747800006071,0.603396603396603,0.327672327672328,FALSE,FALSE,"reestimated",195.883,"31844"
"S2",2,100,0,68,22329347,32329366,"ok",NA,NA,1.40582631738501,0.116496689298315,0.0689310689310689,0.197802197802198,FALSE,FALSE,"reestimated",200.812,"31844"
"S2",2,100,0,69,22330356,32330375,"ok",NA,NA,1.16618556338828,0.101256759838606,0.168831168831169,0.142857142857143,FALSE,FALSE,"reestimated",196.493,"31844"
"S2",2,100,0,70,22331365,32331384,"ok",NA,NA,1.29424227350561,0.113654901217592,0.0909090909090909,0.0869130869130869,FALSE,FALSE,"reestimated",195.045,"31844"
"S2",2,100,0,71,22332374,32332393,"ok",NA,NA,0.918032412195888,0.0717283596801098,0.725274725274725,0.523476523476524,FALSE,FALSE,"reestimated",199.006,"31844"
"S2",2,100,0,72,22333383,32333402,"ok",NA,NA,1.08153387425134,0.0809399867704847,0.511488511488511,0.576423576423576,FALSE,FALSE,"reestimated",198.641,"31844"
"S2",2,100,0,73,22334392,32334411,"ok",NA,NA,1.19485620159551,0.0927933511695099,0.216783216783217,0.312687312687313,FALSE,FALSE,"reestimated",199.997,"31844"
"S2",2,100,0,74,22335401,32335420,"ok",NA,NA,1.00204590735344,0.0718079881318894,0.608391608391608,0.572427572427572,FALSE,FALSE,"reestimated",195.077,"31844"
"S2",2,100,0,75,22336410,32336429,"ok",NA,NA,1.38269474342092,0.0958056870983601,0.0609390609390609,0.33966033966034,FALSE,FALSE,"reestimated",194.932,"31844"
"S2",2,100,0,76,22337419,32337438,"ok",NA,NA,1.01806397500577,0.0736678655148796,0.561438561438561,0.545454545454545,FALSE,FALSE,"reestimated",196.129,"31844"
"S2",2,100,0,77,22338428,32338447,"ok",NA,NA,0.889015913873021,0.0624578570955589,0.817182817182817,0.704295704295704,FALSE,FALSE,"reestimated",200.057,"31844"
"S2",2,100,0,78,22339437,32339456,"ok",NA,NA,1.04680693569527,0.0771753286878907,0.440559440559441,0.472527472527473,FALSE,FALSE,"reestimated",195.348,"31844"
"S2",2,100,0,79,22340446,32340465,"ok",NA,NA,1.10555854987847,0.0836760141562973,0.38961038961039,0.423576423576424,FALSE,FALSE,"reestimated",195.699,"31844"
"S2",2,100,0,80,22341455,32341474,"ok",NA,NA,0.898510264808988,0.0719447731425425,0.816183816183816,0.579420579420579,FALSE,FALSE,"reestimated",199.224,"31844"
"S2",2,100,0,81,22342464,32342483,"ok",NA,NA,1.14064419407988,0.0752908244331525,0.302697302697303,0.521478521478521,FALSE,FALSE,"reestimated",197.861,"31844"
"S2",2,100,0,82,22343473,32343492,"ok",NA,NA,1.06161196141491,0.0908117139758095,0.446553446553447,0.328671328671329,FALSE,FALSE,"reestimated",200.226,"31844"
"S2",2,100,0,83,22344482,32344501,"ok",NA,NA,1.6926653036,0.168234465763985,0.003996003996004,0.024975024975025,TRUE,TRUE,"reestimated",198.757,"31844"
"S2",2,100,0,84,22345491,32345510,"ok",NA,NA,1.34284702499613,0.132692128449284,0.0569430569430569,0.051948051948052,FALSE,FALSE,"reestimated",199.294,"31844"
"S2",2,100,0,85,22346500,32346519,"ok",NA,NA,1.10973968738183,0.105844268789025,0.312687312687313,0.153846153846154,FALSE,FALSE,"reestimated",200.266,"31844"
"S2",2,100,0,86,22347509,32347528,"ok",NA,NA,1.34268389874577,0.133684799574833,0.106893106893107,0.127872127872128,FALSE,FALSE,"reestimated",201.134,"31844"
"S2",2,100,0,87,22348518,32348537,"ok",NA,NA,0.787605755854071,0.0406227741303398,0.963036963036963,0.976023976023976,FALSE,FALSE,"reestimated",196.181,"31844"
"S2",2,100,0,88,22349527,32349546,"ok",NA,NA,1.05378002921693,0.0829127962133608,0.486513486513487,0.414585414585415,FALSE,FALSE,"reestimated",200.294,"31844"
"S2",2,100,0,89,22350536,32350555,"ok",NA,NA,0.877914503538005,0.0530229402172281,0.867132867132867,0.875124875124875,FALSE,FALSE,"reestimated",199.949,"31844"
"S2",2,100,0,90,22351545,32351564,"ok",NA,NA,1.20397927187284,0.102022189929032,0.258741258741259,0.301698301698302,FALSE,FALSE,"reestimated",198.475,"31844"
"S2",2,100,0,91,22352554,32352573,"ok",NA,NA,1.21456800923515,0.101129608289101,0.120879120879121,0.151848151848152,FALSE,FALSE,"reestimated",200.814,"31844"
"S2",2,100,0,92,22353563,32353582,"ok",NA,NA,1.45878842354385,0.148680355226881,0.02997002997003,0.0529470529470529,TRUE,FALSE,"reestimated",200.846,"31844"
"S2",2,100,0,93,22354572,32354591,"ok",NA,NA,0.91963034268022,0.0772039522656282,0.772227772227772,0.512487512487512,FALSE,FALSE,"reestimated",200.313,"31844"
"S2",2,100,0,94,22355581,32355600,"ok",NA,NA,1.14144064637982,0.0751751187888655,0.265734265734266,0.488511488511489,FALSE,FALSE,"reestimated",197.249,"31844"
"S2",2,100,0,95,22356590,32356609,"ok",NA,NA,1.35147451941576,0.0949904999152351,0.033966033966034,0.208791208791209,TRUE,FALSE,"reestimated",201.975,"31844"
"S2",2,100,0,96,22357599,32357618,"ok",NA,NA,1.05187507228595,0.0731826252524471,0.477522477522478,0.582417582417582,FALSE,FALSE,"reestimated",200.232,"31844"
"S2",2,100,0,97,22358608,32358627,"ok",NA,NA,0.872836233902914,0.0530420783963223,0.857142857142857,0.866133866133866,FALSE,FALSE,"reestimated",199.632,"31844"
"S2",2,100,0,98,22359617,32359636,"ok",NA,NA,1.2665460332747,0.142261673843745,0.155844155844156,0.0739260739260739,FALSE,FALSE,"reestimated",200.828,"31844"
"S2",2,100,0,99,22360626,32360645,"ok",NA,NA,1.21246151915314,0.0851224891397637,0.165834165834166,0.326673326673327,FALSE,FALSE,"reestimated",200.415,"31844"
"S2",2,100,0,100,22361635,32361654,"ok",NA,NA,1.38796300392538,0.122727625447871,0.032967032967033,0.0799200799200799,TRUE,FALSE,"reestimated",198.329,"31844"
"S2",2,100,0,101,22362644,32362663,"ok",NA,NA,1.08120918644425,0.102383344175536,0.387612387612388,0.165834165834166,FALSE,FALSE,"reestimated",198.038,"31844"
"S2",2,100,0,102,22363653,32363672,"ok",NA,NA,0.891105911482176,0.0731989255912085,0.837162837162837,0.593406593406593,FALSE,FALSE,"reestimated",200.775,"31844"
"S2",2,100,0,103,22364662,32364681,"ok",NA,NA,0.929776905841481,0.067530921061426,0.788211788211788,0.704295704295704,FALSE,FALSE,"reestimated",197.72,"31844"
"S2",2,100,0,104,22365671,32365690,"ok",NA,NA,0.911323445120008,0.0686053167123871,0.753246753246753,0.59040959040959,FALSE,FALSE,"reestimated",200.277,"31844"
"S2",2,100,0,105,22366680,32366699,"ok",NA,NA,1.14804872606346,0.0932119959903983,0.242757242757243,0.241758241758242,FALSE,FALSE,"reestimated",197.624,"31844"
"S2",2,100,0,106,22367689,32367708,"ok",NA,NA,1.04977694616065,0.0859362084670809,0.457542457542458,0.345654345654346,FALSE,FALSE,"reestimated",201.592,"31844"
"S2",2,100,0,107,22368698,32368717,"ok",NA,NA,1.16551211318702,0.089403868385069,0.284715284715285,0.365634365634366,FALSE,FALSE,"reestimated",196.712,"31844"
"S2",2,100,0,108,22369707,32369726,"ok",NA,NA,0.944371503758629,0.0850309380472062,0.699300699300699,0.388611388611389,FALSE,FALSE,"reestimated",201.982,"31844"
"S2",2,100,0,109,22370716,32370735,"ok",NA,NA,1.24552397319066,0.0670424283016074,0.137862137862138,0.653346653346653,FALSE,FALSE,"reestimated",201.14,"31844"
"S2",2,100,0,110,22371725,32371744,"ok",NA,NA,0.821060905220137,0.0531550130148152,0.94005994005994,0.875124875124875,FALSE,FALSE,"reestimated",200.126,"31844"
"S2",2,100,0,111,22372734,32372753,"ok",NA,NA,1.25223869628864,0.100707472675586,0.143856143856144,0.228771228771229,FALSE,FALSE,"reestimated",198.015,"31844"
"S2",2,100,0,112,22373743,32373762,"ok",NA,NA,1.45439308559319,0.103930165702015,0.0549450549450549,0.291708291708292,FALSE,FALSE,"reestimated",200.553,"31844"
"S2",2,100,0,113,22374752,32374771,"ok",NA,NA,1.11639063174633,0.0799759747830431,0.25974025974026,0.382617382617383,FALSE,FALSE,"reestimated",198.507,"31844"
"S2",2,100,0,114,22375761,32375780,"ok",NA,NA,1.06172141996597,0.0957761514832597,0.401598401598402,0.21978021978022,FALSE,FALSE,"reestimated",197.345,"31844"
"S2",2,100,0,115,22376770,32376789,"ok",NA,NA,1.21831286610984,0.0949104027411467,0.192807192807193,0.285714285714286,FALSE,FALSE,"reestimated",198.006,"31844"
"S2",2,100,0,116,22377779,32377798,"ok",NA,NA,0.973081376733746,0.0650345676971513,0.673326673326673,0.728271728271728,FALSE,FALSE,"reestimated",200.607,"31844"
"S2",2,100,0,117,22378788,32378807,"ok",NA,NA,1.18629048544287,0.0825748723802536,0.251748251748252,0.411588411588412,FALSE,FALSE,"reestimated",200.473,"31844"
"S2",2,100,0,118,22379797,32379816,"ok",NA,NA,1.00734843306725,0.0652912403559749,0.568431568431568,0.65034965034965,FALSE,FALSE,"reestimated",201.397,"31844"
"S2",2,100,0,119,22380806,32380825,"ok",NA,NA,1.01066479773427,0.0572823285747667,0.53946053946054,0.787212787212787,FALSE,FALSE,"reestimated",198.139,"31844"
"S2",2,100,0,120,22381815,32381834,"ok",NA,NA,1.23842593058629,0.133567918158913,0.12987012987013,0.050949050949051,FALSE,FALSE,"reestimated",197.349,"31844"
"S2",2,100,0,121,22382824,32382843,"ok",NA,NA,1.10508160936432,0.0837976396136631,0.393606393606394,0.43956043956044,FALSE,FALSE,"reestimated",200.489,"31844"
"S2",2,100,0,122,22383833,32383852,"ok",NA,NA,1.46885278800007,0.175994303174249,0.01998001998002,0.00999000999000999,TRUE,TRUE,"reestimated",199.66,"31844"
"S2",2,100,0,123,22384842,32384861,"ok",NA,NA,0.879489538128559,0.0699446110184934,0.815184815184815,0.559440559440559,FALSE,FALSE,"reestimated",198.091,"31844"
"S2",2,100,0,124,22385851,32385870,"ok",NA,NA,0.907473052980027,0.0503071205214093,0.798201798201798,0.918081918081918,FALSE,FALSE,"reestimated",200.555,"31844"
"S2",2,100,0,125,22386860,32386879,"ok",NA,NA,1.33141171165084,0.123645585453591,0.0569430569430569,0.0639360639360639,FALSE,FALSE,"reestimated",198.199,"31844"
"S2",2,100,0,126,22387869,32387888,"ok",NA,NA,1.13389297116704,0.0856512687695121,0.310689310689311,0.384615384615385,FALSE,FALSE,"reestimated",197.018,"31844"
"S2",2,100,0,127,22388878,32388897,"ok",NA,NA,1.1454220431373,0.0746799873679996,0.253746253746254,0.502497502497502,FALSE,FALSE,"reestimated",197.157,"31844"
"S2",2,100,0,128,22389887,32389906,"ok",NA,NA,0.986182609505566,0.0621287757278923,0.69030969030969,0.793206793206793,FALSE,FALSE,"reestimated",201.603,"31844"
"S2",2,100,0,129,22390896,32390915,"ok",NA,NA,1.17459389753463,0.0777172823548042,0.253746253746254,0.509490509490509,FALSE,FALSE,"reestimated",195.422,"31844"
"S2",2,100,0,130,22391905,32391924,"ok",NA,NA,1.1018580847888,0.070323859446162,0.345654345654346,0.573426573426573,FALSE,FALSE,"reestimated",199.445,"31844"
"S2",2,100,0,131,22392914,32392933,"ok",NA,NA,1.06777984122653,0.0772814410865066,0.41958041958042,0.467532467532468,FALSE,FALSE,"reestimated",198.452,"31844"
"S2",2,100,0,132,22393923,32393942,"ok",NA,NA,1.08956860022414,0.106205921581553,0.413586413586414,0.188811188811189,FALSE,FALSE,"reestimated",198.024,"31844"
"S2",2,100,0,133,22394932,32394951,"ok",NA,NA,1.16292915979268,0.0905998516822418,0.215784215784216,0.278721278721279,FALSE,FALSE,"reestimated",199.29,"31844"
"S2",2,100,0,134,22395941,32395960,"ok",NA,NA,1.18915457046048,0.103180753954328,0.22977022977023,0.202797202797203,FALSE,FALSE,"reestimated",196.446,"31844"
"S2",2,100,0,135,22396950,32396969,"ok",NA,NA,0.906407541357511,0.0541393815477964,0.818181818181818,0.846153846153846,FALSE,FALSE,"reestimated",197.82,"31844"
"S2",2,100,0,136,22397959,32397978,"ok",NA,NA,1.11558422603223,0.119595939172959,0.328671328671329,0.0949050949050949,FALSE,FALSE,"reestimated",194.482,"31844"
"S2",2,100,0,137,22398968,32398987,"ok",NA,NA,0.999197828020959,0.0958728125824735,0.663336663336663,0.307692307692308,FALSE,FALSE,"reestimated",197.48,"31844"
"S2",2,100,0,138,22399977,32399996,"ok",NA,NA,1.29895491837605,0.0722773413627383,0.10989010989011,0.586413586413586,FALSE,FALSE,"reestimated",197.676,"31844"
"S2",2,100,0,139,22400986,32401005,"ok",NA,NA,0.946060210906537,0.072317087102151,0.708291708291708,0.573426573426573,FALSE,FALSE,"reestimated",198.961,"31844"
"S2",2,100,0,140,22401995,32402014,"ok",NA,NA,1.14201118906516,0.106563895144072,0.204795204795205,0.112887112887113,FALSE,FALSE,"reestimated",200.995,"31844"
"S2",2,100,0,141,22403004,32403023,"ok",NA,NA,1.08890137043018,0.098431245678982,0.406593406593407,0.242757242757243,FALSE,FALSE,"reestimated",199.375,"31844"
"S2",2,100,0,142,22404013,32404032,"ok",NA,NA,0.87391475083708,0.0671051257831143,0.872127872127872,0.701298701298701,FALSE,FALSE,"reestimated",197.401,"31844"
"S2",2,100,0,143,22405022,32405041,"ok",NA,NA,1.05433158302453,0.0620799522652857,0.473526473526474,0.738261738261738,FALSE,FALSE,"reestimated",195.47,"31844"
"S2",2,100,0,144,22406031,32406050,"ok",NA,NA,1.26265572479178,0.122111157724406,0.126873126873127,0.112887112887113,FALSE,FALSE,"reestimated",196.212,"31844"
"S2",2,100,0,145,22407040,32407059,"ok",NA,NA,1.18641148132572,0.151918049767197,0.33966033966034,0.0939060939060939,FALSE,FALSE,"reestimated",199.691,"31844"
"S2",2,100,0,146,22408049,32408068,"ok",NA,NA,1.25234115034139,0.128052955823218,0.161838161838162,0.0939060939060939,FALSE,FALSE,"reestimated",200.742,"31844"
"S2",2,100,0,147,22409058,32409077,"ok",NA,NA,0.978609458565272,0.0597545951758406,0.67032967032967,0.783216783216783,FALSE,FALSE,"reestimated",200.19,"31844"
"S2",2,100,0,148,22410067,32410086,"ok",NA,NA,0.981197550841697,0.0793028805506801,0.615384615384615,0.446553446553447,FALSE,FALSE,"reestimated",197.294,"31844"
"S2",2,100,0,149,22411076,32411095,"ok",NA,NA,1.03760590796718,0.0622564061369774,0.500499500499501,0.726273726273726,FALSE,FALSE,"reestimated",196.31,"31844"
"S2",2,100,0,150,22412085,32412104,"ok",NA,NA,1.17061424965846,0.1020141469307,0.27972027972028,0.25974025974026,FALSE,FALSE,"reestimated",201.252,"31844"
"S2",2,100,0,151,22413094,32413113,"ok",NA,NA,1.09344311471148,0.0801139248584718,0.340659340659341,0.395604395604396,FALSE,FALSE,"reestimated",199.777,"31844"
"S2",2,100,0,152,22414103,32414122,"ok",NA,NA,1.01664329143622,0.060284763388772,0.514485514485514,0.748251748251748,FALSE,FALSE,"reestimated",201.765,"31844"
"S2",2,100,0,153,22415112,32415131,"ok",NA,NA,1.04905642816581,0.112374865739021,0.485514485514486,0.134865134865135,FALSE,FALSE,"reestimated",197.783,"31844"
"S2",2,100,0,154,22416121,32416140,"ok",NA,NA,0.831044102594502,0.065842454348767,0.924075924075924,0.677322677322677,FALSE,FALSE,"reestimated",198.924,"31844"
"S2",2,100,0,155,22417130,32417149,"ok",NA,NA,0.858636704976633,0.0585785953714056,0.889110889110889,0.777222777222777,FALSE,FALSE,"reestimated",199.676,"31844"
"S2",2,100,0,156,22418139,32418158,"ok",NA,NA,0.944569781748487,0.0732918484465196,0.753246753246753,0.631368631368631,FALSE,FALSE,"reestimated",200.756,"31844"
"S2",2,100,0,157,22419148,32419167,"ok",NA,NA,0.998227096035642,0.0626118291159964,0.559440559440559,0.685314685314685,FALSE,FALSE,"reestimated",200.024,"31844"
"S2",2,100,0,158,22420157,32420176,"ok",NA,NA,1.13776020814834,0.102850156617006,0.241758241758242,0.145854145854146,FALSE,FALSE,"reestimated",199.409,"31844"
"S2",2,100,0,159,22421166,32421185,"ok",NA,NA,1.39433262527536,0.146607293534659,0.0559440559440559,0.045954045954046,FALSE,TRUE,"reestimated",199.478,"31844"
"S2",2,100,0,160,22422175,32422194,"ok",NA,NA,1.20633271427738,0.132404932667919,0.184815184815185,0.0699300699300699,FALSE,FALSE,"reestimated",200.438,"31844"
"S2",2,100,0,161,22423184,32423203,"ok",NA,NA,0.898434172640495,0.0718729990199864,0.805194805194805,0.57042957042957,FALSE,FALSE,"reestimated",200.977,"31844"
"S2",2,100,0,162,22424193,32424212,"ok",NA,NA,1.18632268946682,0.14463153628442,0.22977022977023,0.047952047952048,FALSE,TRUE,"reestimated",200.863,"31844"
"S2",2,100,0,163,22425202,32425221,"ok",NA,NA,1.29486589696244,0.140154698193197,0.106893106893107,0.0529470529470529,FALSE,FALSE,"reestimated",200.684,"31844"
"S2",2,100,0,164,22426211,32426230,"ok",NA,NA,1.12367356534766,0.0980117914758635,0.301698301698302,0.214785214785215,FALSE,FALSE,"reestimated",201.191,"31844"
"S2",2,100,0,165,22427220,32427239,"ok",NA,NA,1.02573727635829,0.0812319111717703,0.544455544455544,0.452547452547453,FALSE,FALSE,"reestimated",201.128,"31844"
"S2",2,100,0,166,22428229,32428248,"ok",NA,NA,1.26230352099948,0.127742873370501,0.147852147852148,0.100899100899101,FALSE,FALSE,"reestimated",197.592,"31844"
"S2",2,100,0,167,22429238,32429257,"ok",NA,NA,0.969678703273756,0.0650670795140583,0.652347652347652,0.659340659340659,FALSE,FALSE,"reestimated",197.291,"31844"
"S2",2,100,0,168,22430247,32430266,"ok",NA,NA,1.12374425396108,0.0799606321098646,0.303696303696304,0.437562437562438,FALSE,FALSE,"reestimated",197.575,"31844"
"S2",2,100,0,169,22431256,32431275,"ok",NA,NA,1.05887215695514,0.0764374429476907,0.423576423576424,0.456543456543457,FALSE,FALSE,"reestimated",200.428,"31844"
"S2",2,100,0,170,22432265,32432284,"ok",NA,NA,1.39713000199071,0.126377707746714,0.0559440559440559,0.0909090909090909,FALSE,FALSE,"reestimated",201.17,"31844"
"S2",2,100,0,171,22433274,32433293,"ok",NA,NA,1.03978819381578,0.0832883433074273,0.520479520479521,0.442557442557443,FALSE,FALSE,"reestimated",200.781,"31844"
"S2",2,100,0,172,22434283,32434302,"ok",NA,NA,1.20641558025536,0.0866608070211873,0.205794205794206,0.372627372627373,FALSE,FALSE,"reestimated",196.292,"31844"
"S2",2,100,0,173,22435292,32435311,"ok",NA,NA,1.14711362070104,0.0940823820481709,0.271728271728272,0.256743256743257,FALSE,FALSE,"reestimated",197.463,"31844"
"S2",2,100,0,174,22436301,32436320,"ok",NA,NA,1.03141909204806,0.0924455367875071,0.512487512487512,0.264735264735265,FALSE,FALSE,"reestimated",202.571,"31844"
"S2",2,100,0,175,22437310,32437329,"ok",NA,NA,1.58161508422022,0.16912794594923,0.011988011988012,0.030969030969031,TRUE,TRUE,"reestimated",197.185,"31844"
"S2",2,100,0,176,22438319,32438338,"ok",NA,NA,1.08315452818245,0.0839527931999362,0.361638361638362,0.353646353646354,FALSE,FALSE,"reestimated",199.516,"31844"
"S2",2,100,0,177,22439328,32439347,"ok",NA,NA,0.86608390103397,0.0458174330379523,0.861138861138861,0.939060939060939,FALSE,FALSE,"reestimated",199.262,"31844"
"S2",2,100,0,178,22440337,32440356,"ok",NA,NA,1.44210936710786,0.159181813250585,0.038961038961039,0.035964035964036,TRUE,TRUE,"reestimated",198.088,"31844"
"S2",2,100,0,179,22441346,32441365,"ok",NA,NA,0.969129814338368,0.0762592086484517,0.637362637362637,0.496503496503497,FALSE,FALSE,"reestimated",200.873,"31844"
"S2",2,100,0,180,22442355,32442374,"ok",NA,NA,1.11070797258507,0.0907422512318653,0.311688311688312,0.273726273726274,FALSE,FALSE,"reestimated",201.164,"31844"
"S2",2,100,0,181,22443364,32443383,"ok",NA,NA,1.1460413320169,0.111314929063969,0.270729270729271,0.11988011988012,FALSE,FALSE,"reestimated",197.157,"31844"
"S2",2,100,0,182,22444373,32444392,"ok",NA,NA,0.934654950746561,0.0689412426178845,0.729270729270729,0.619380619380619,FALSE,FALSE,"reestimated",198.675,"31844"
"S2",2,100,0,183,22445382,32445401,"ok",NA,NA,1.18667770615407,0.0882795551393424,0.225774225774226,0.362637362637363,FALSE,FALSE,"reestimated",197.745,"31844"
"S2",2,100,0,184,22446391,32446410,"ok",NA,NA,1.05740265653002,0.0699675787773857,0.453546453546454,0.582417582417582,FALSE,FALSE,"reestimated",200.454,"31844"
"S2",2,100,0,185,22447400,32447419,"ok",NA,NA,1.06858976524462,0.0778491204042853,0.471528471528472,0.536463536463537,FALSE,FALSE,"reestimated",200.647,"31844"
"S2",2,100,0,186,22448409,32448428,"ok",NA,NA,1.39568844225152,0.132505145711591,0.0579420579420579,0.0909090909090909,FALSE,FALSE,"reestimated",197.87,"31844"
"S2",2,100,0,187,22449418,32449437,"ok",NA,NA,1.26497349783613,0.129280207941371,0.130869130869131,0.0739260739260739,FALSE,FALSE,"reestimated",197.163,"31844"
"S2",2,100,0,188,22450427,32450446,"ok",NA,NA,1.0210078581462,0.0726527703260086,0.59040959040959,0.605394605394605,FALSE,FALSE,"reestimated",197.206,"31844"
"S2",2,100,0,189,22451436,32451455,"ok",NA,NA,0.978424965032457,0.0649652640733403,0.643356643356643,0.678321678321678,FALSE,FALSE,"reestimated",200.393,"31844"
"S2",2,100,0,190,22452445,32452464,"ok",NA,NA,1.31760198304823,0.126199222423918,0.044955044955045,0.040959040959041,TRUE,TRUE,"reestimated",201.861,"31844"
"S2",2,100,0,191,22453454,32453473,"ok",NA,NA,1.52337538244837,0.0961821205750661,0.011988011988012,0.21978021978022,TRUE,FALSE,"reestimated",201.185,"31844"
"S2",2,100,0,192,22454463,32454482,"ok",NA,NA,1.17964956995387,0.0569304824541586,0.206793206793207,0.797202797202797,FALSE,FALSE,"reestimated",200.32,"31844"
"S2",2,100,0,193,22455472,32455491,"ok",NA,NA,1.13410221719307,0.0800280705542145,0.331668331668332,0.498501498501498,FALSE,FALSE,"reestimated",199.283,"31844"
"S2",2,100,0,194,22456481,32456500,"ok",NA,NA,0.950848718041963,0.0615249150283185,0.714285714285714,0.744255744255744,FALSE,FALSE,"reestimated",197.744,"31844"
"S2",2,100,0,195,22457490,32457509,"ok",NA,NA,1.31875107169392,0.10093864578031,0.0899100899100899,0.212787212787213,FALSE,FALSE,"reestimated",196.233,"31844"
"S2",2,100,0,196,22458499,32458518,"ok",NA,NA,0.807618906940406,0.0465815956997858,0.947052947052947,0.939060939060939,FALSE,FALSE,"reestimated",199.478,"31844"
"S2",2,100,0,197,22459508,32459527,"ok",NA,NA,1.11369316334216,0.0865736227542313,0.30969030969031,0.308691308691309,FALSE,FALSE,"reestimated",197.575,"31844"
"S2",2,100,0,198,22460517,32460536,"ok",NA,NA,1.20457692286327,0.0991765411910445,0.307692307692308,0.381618381618382,FALSE,FALSE,"reestimated",196.584,"31844"
"S2",2,100,0,199,22461526,32461545,"ok",NA,NA,1.11327855985129,0.0627629791927184,0.340659340659341,0.738261738261738,FALSE,FALSE,"reestimated",199.261,"31844"
"S2",2,100,0,200,22462535,32462554,"ok",NA,NA,1.29881657594578,0.108858891118382,0.123876123876124,0.206793206793207,FALSE,FALSE,"reestimated",198.79,"31844"
"S2",2,100,0,201,22463544,32463563,"ok",NA,NA,1.05723039454794,0.0950724831237221,0.515484515484515,0.317682317682318,FALSE,FALSE,"reestimated",196.278,"31844"
"S2",2,100,0,202,22464553,32464572,"ok",NA,NA,1.06835813361006,0.0723719409711579,0.452547452547453,0.564435564435564,FALSE,FALSE,"reestimated",199.716,"31844"
"S2",2,100,0,203,22465562,32465581,"ok",NA,NA,0.895055565507052,0.0588393365508903,0.791208791208791,0.739260739260739,FALSE,FALSE,"reestimated",196.477,"31844"
"S2",2,100,0,204,22466571,32466590,"ok",NA,NA,0.982865392873428,0.0883169773889166,0.626373626373626,0.345654345654346,FALSE,FALSE,"reestimated",198.83,"31844"
"S2",2,100,0,205,22467580,32467599,"ok",NA,NA,1.04785921033306,0.0923519778182005,0.516483516483517,0.316683316683317,FALSE,FALSE,"reestimated",199.252,"31844"
"S2",2,100,0,206,22468589,32468608,"ok",NA,NA,0.909928860236107,0.0582787573215321,0.781218781218781,0.806193806193806,FALSE,FALSE,"reestimated",198.958,"31844"
"S2",2,100,0,207,22469598,32469617,"ok",NA,NA,0.96869382883103,0.094259268105021,0.634365634365634,0.25974025974026,FALSE,FALSE,"reestimated",197.492,"31844"
"S2",2,100,0,208,22470607,32470626,"ok",NA,NA,1.37673599454283,0.114435229578114,0.050949050949051,0.126873126873127,FALSE,FALSE,"reestimated",199.852,"31844"
"S2",2,100,0,209,22471616,32471635,"ok",NA,NA,1.3974854772471,0.152301006355352,0.040959040959041,0.036963036963037,TRUE,TRUE,"reestimated",196.736,"31844"
"S2",2,100,0,210,22472625,32472644,"ok",NA,NA,1.01483763398674,0.0727693917169468,0.555444555444555,0.572427572427572,FALSE,FALSE,"reestimated",197.573,"31844"
"S2",2,100,0,211,22473634,32473653,"ok",NA,NA,1.22289637153071,0.108636010663874,0.176823176823177,0.173826173826174,FALSE,FALSE,"reestimated",200.037,"31844"
"S2",2,100,0,212,22474643,32474662,"ok",NA,NA,0.955165404309652,0.0720189372864338,0.66033966033966,0.529470529470529,FALSE,FALSE,"reestimated",197.309,"31844"
"S2",2,100,0,213,22475652,32475671,"ok",NA,NA,1.04439487520076,0.0904628125010022,0.472527472527473,0.308691308691309,FALSE,FALSE,"reestimated",201.226,"31844"
"S2",2,100,0,214,22476661,32476680,"ok",NA,NA,0.803693499267578,0.0568130432463285,0.949050949050949,0.818181818181818,FALSE,FALSE,"reestimated",198.693,"31844"
"S2",2,100,0,215,22477670,32477689,"ok",NA,NA,1.14830533265962,0.0906331679866416,0.310689310689311,0.343656343656344,FALSE,FALSE,"reestimated",197.053,"31844"
"S2",2,100,0,216,22478679,32478698,"ok",NA,NA,1.00201726876439,0.0593974366886251,0.638361638361638,0.821178821178821,FALSE,FALSE,"reestimated",196.369,"31844"
"S2",2,100,0,217,22479688,32479707,"ok",NA,NA,0.973529869239218,0.09945455653939,0.611388611388611,0.210789210789211,FALSE,FALSE,"reestimated",197.647,"31844"
"S2",2,100,0,218,22480697,32480716,"ok",NA,NA,1.00446985495202,0.0919890635696388,0.599400599400599,0.316683316683317,FALSE,FALSE,"reestimated",197.447,"31844"
"S2",2,100,0,219,22481706,32481725,"ok",NA,NA,0.89538043530676,0.0466151748664669,0.806193806193806,0.93006993006993,FALSE,FALSE,"reestimated",196.985,"31844"
"S2",2,100,0,220,22482715,32482734,"ok",NA,NA,1.30088912115012,0.119341907142382,0.0939060939060939,0.102897102897103,FALSE,FALSE,"reestimated",197.497,"31844"
"S2",2,100,0,221,22483724,32483743,"ok",NA,NA,1.02393973924562,0.0943351873021321,0.504495504495505,0.236763236763237,FALSE,FALSE,"reestimated",196.165,"31844"
"S2",2,100,0,222,22484733,32484752,"ok",NA,NA,1.60408737624641,0.176021300194435,0.014985014985015,0.02997002997003,TRUE,TRUE,"reestimated",200.059,"31844"
"S2",2,100,0,223,22485742,32485761,"ok",NA,NA,0.87519013830147,0.0457573738961204,0.839160839160839,0.934065934065934,FALSE,FALSE,"reestimated",196.285,"31844"
"S2",2,100,0,224,22486751,32486770,"ok",NA,NA,0.935699201008491,0.0585930571171308,0.743256743256743,0.804195804195804,FALSE,FALSE,"reestimated",197.453,"31844"
"S2",2,100,0,225,22487760,32487779,"ok",NA,NA,0.946134832567887,0.06237347292808,0.731268731268731,0.754245754245754,FALSE,FALSE,"reestimated",197.339,"31844"
"S2",2,100,0,226,22488769,32488788,"ok",NA,NA,1.13236146810979,0.0900231122342135,0.295704295704296,0.312687312687313,FALSE,FALSE,"reestimated",201.778,"31844"
"S2",2,100,0,227,22489778,32489797,"ok",NA,NA,1.08237668740155,0.0941259600931377,0.513486513486514,0.41958041958042,FALSE,FALSE,"reestimated",197.708,"31844"
"S2",2,100,0,228,22490787,32490806,"ok",NA,NA,1.23249140624908,0.1049202568723,0.146853146853147,0.17982017982018,FALSE,FALSE,"reestimated",200.724,"31844"
"S2",2,100,0,229,22491796,32491815,"ok",NA,NA,0.944805692927532,0.0843857318779258,0.703296703296703,0.376623376623377,FALSE,FALSE,"reestimated",200.523,"31844"
"S2",2,100,0,230,22492805,32492824,"ok",NA,NA,1.10757843781479,0.0900492353564311,0.406593406593407,0.380619380619381,FALSE,FALSE,"reestimated",196.953,"31844"
"S2",2,100,0,231,22493814,32493833,"ok",NA,NA,1.23294740945473,0.0850363641188894,0.182817182817183,0.38961038961039,FALSE,FALSE,"reestimated",200.792,"31844"
"S2",2,100,0,232,22494823,32494842,"ok",NA,NA,1.50792335438958,0.12735652135653,0.023976023976024,0.0999000999000999,TRUE,FALSE,"reestimated",199.712,"31844"
"S2",2,100,0,233,22495832,32495851,"ok",NA,NA,1.22564065865428,0.0884445988768589,0.151848151848152,0.300699300699301,FALSE,FALSE,"reestimated",196.444,"31844"
"S2",2,100,0,234,22496841,32496860,"ok",NA,NA,1.11617316899851,0.0931960875016448,0.354645354645355,0.31968031968032,FALSE,FALSE,"reestimated",196.144,"31844"
"S2",2,100,0,235,22497850,32497869,"ok",NA,NA,1.11478397836927,0.091853254100648,0.321678321678322,0.281718281718282,FALSE,FALSE,"reestimated",199.993,"31844"
"S2",2,100,0,236,22498859,32498878,"ok",NA,NA,1.24893231392696,0.0956590620092564,0.128871128871129,0.262737262737263,FALSE,FALSE,"reestimated",198.385,"31844"
"S2",2,100,0,237,22499868,32499887,"ok",NA,NA,1.16611794313628,0.0933500191345146,0.224775224775225,0.248751248751249,FALSE,FALSE,"reestimated",200.953,"31844"
"S2",2,100,0,238,22500877,32500896,"ok",NA,NA,1.02429680580128,0.0796744500133918,0.523476523476524,0.468531468531469,FALSE,FALSE,"reestimated",200.539,"31844"
"S2",2,100,0,239,22501886,32501905,"ok",NA,NA,1.21835336181348,0.0679135521548459,0.160839160839161,0.622377622377622,FALSE,FALSE,"reestimated",197.222,"31844"
"S2",2,100,0,240,22502895,32502914,"ok",NA,NA,1.02915837172687,0.0978869724607689,0.536463536463537,0.272727272727273,FALSE,FALSE,"reestimated",200.692,"31844"
"S2",2,100,0,241,22503904,32503923,"ok",NA,NA,1.0176690304121,0.0603726018601932,0.555444555444555,0.763236763236763,FALSE,FALSE,"reestimated",200.23,"31844"
"S2",2,100,0,242,22504913,32504932,"ok",NA,NA,1.07407684280354,0.102285183915322,0.390609390609391,0.174825174825175,FALSE,FALSE,"reestimated",200.303,"31844"
"S2",2,100,0,243,22505922,32505941,"ok",NA,NA,0.928670999039398,0.0717545683021047,0.72027972027972,0.532467532467532,FALSE,FALSE,"reestimated",198.179,"31844"
"S2",2,100,0,244,22506931,32506950,"ok",NA,NA,1.18557014726239,0.0730030951937516,0.207792207792208,0.525474525474525,FALSE,FALSE,"reestimated",198.665,"31844"
"S2",2,100,0,245,22507940,32507959,"ok",NA,NA,0.819529903895134,0.0592194356884241,0.924075924075924,0.745254745254745,FALSE,FALSE,"reestimated",197.768,"31844"
"S2",2,100,0,246,22508949,32508968,"ok",NA,NA,1.04913033500745,0.0899045771308638,0.471528471528472,0.28971028971029,FALSE,FALSE,"reestimated",197.591,"31844"
"S2",2,100,0,247,22509958,32509977,"ok",NA,NA,1.48186611090879,0.194310016236583,0.026973026973027,0.00899100899100899,TRUE,TRUE,"reestimated",197.127,"31844"
"S2",2,100,0,248,22510967,32510986,"ok",NA,NA,1.03849387143979,0.0628393318565148,0.532467532467532,0.745254745254745,FALSE,FALSE,"reestimated",200.75,"31844"
"S2",2,100,0,249,22511976,32511995,"ok",NA,NA,1.05775638981463,0.066293761912088,0.483516483516484,0.669330669330669,FALSE,FALSE,"reestimated",198.103,"31844"
"S2",2,100,0,250,22512985,32513004,"ok",NA,NA,1.1842469095274,0.116513613616709,0.306693306693307,0.21978021978022,FALSE,FALSE,"reestimated",200.622,"31844"
"S2",2,100,0,251,22513994,32514013,"ok",NA,NA,0.872829344648268,0.0732704993508853,0.874125874125874,0.593406593406593,FALSE,FALSE,"reestimated",200.652,"31844"
"S2",2,100,0,252,22515003,32515022,"ok",NA,NA,1.01899567741373,0.0789659687743826,0.519480519480519,0.418581418581419,FALSE,FALSE,"reestimated",198.896,"31844"
"S2",2,100,0,253,22516012,32516031,"ok",NA,NA,0.904183556116062,0.0641584203043492,0.817182817182817,0.731268731268731,FALSE,FALSE,"reestimated",198.262,"31844"
"S2",2,100,0,254,22517021,32517040,"ok",NA,NA,1.22195524368697,0.111500311741396,0.173826173826174,0.148851148851149,FALSE,FALSE,"reestimated",198.92,"31844"
"S2",2,100,0,255,22518030,32518049,"ok",NA,NA,1.32088951951189,0.126897807752014,0.0659340659340659,0.0579420579420579,FALSE,FALSE,"reestimated",198.154,"31844"
"S2",2,100,0,256,22519039,32519058,"ok",NA,NA,1.00223825192337,0.0719926619836867,0.599400599400599,0.558441558441558,FALSE,FALSE,"reestimated",201.677,"31844"
"S2",2,100,0,257,22520048,32520067,"ok",NA,NA,1.00553018155682,0.0839584381830242,0.618381618381618,0.41958041958042,FALSE,FALSE,"reestimated",200.69,"31844"
"S2",2,100,0,258,22521057,32521076,"ok",NA,NA,0.919468109266921,0.0648402379382866,0.766233766233766,0.735264735264735,FALSE,FALSE,"reestimated",197.372,"31844"
"S2",2,100,0,259,22522066,32522085,"ok",NA,NA,1.2391148016261,0.122370288981472,0.187812187812188,0.115884115884116,FALSE,FALSE,"reestimated",197.303,"31844"
"S2",2,100,0,260,22523075,32523094,"ok",NA,NA,0.854622551765905,0.0463182390561597,0.872127872127872,0.93006993006993,FALSE,FALSE,"reestimated",197.911,"31844"
"S2",2,100,0,261,22524084,32524103,"ok",NA,NA,0.991932292835507,0.0738187893996466,0.631368631368631,0.577422577422577,FALSE,FALSE,"reestimated",199.592,"31844"
"S2",2,100,0,262,22525093,32525112,"ok",NA,NA,0.830361447404007,0.0593635604485138,0.899100899100899,0.78021978021978,FALSE,FALSE,"reestimated",202.104,"31844"
"S2",2,100,0,263,22526102,32526121,"ok",NA,NA,0.955716968105204,0.0814452733778087,0.633366633366633,0.370629370629371,FALSE,FALSE,"reestimated",198,"31844"
"S2",2,100,0,264,22527111,32527130,"ok",NA,NA,1.2825114228095,0.0870027915335578,0.105894105894106,0.351648351648352,FALSE,FALSE,"reestimated",197.507,"31844"
"S2",2,100,0,265,22528120,32528139,"ok",NA,NA,1.19384847088288,0.110893496234937,0.164835164835165,0.111888111888112,FALSE,FALSE,"reestimated",201.012,"31844"
"S2",2,100,0,266,22529129,32529148,"ok",NA,NA,1.13266036012924,0.065322819508742,0.266733266733267,0.636363636363636,FALSE,FALSE,"reestimated",198.413,"31844"
"S2",2,100,0,267,22530138,32530157,"ok",NA,NA,0.83634160636807,0.054377721957782,0.914085914085914,0.855144855144855,FALSE,FALSE,"reestimated",196.885,"31844"
"S2",2,100,0,268,22531147,32531166,"ok",NA,NA,1.28219248044058,0.117227821756855,0.137862137862138,0.146853146853147,FALSE,FALSE,"reestimated",200.802,"31844"
"S2",2,100,0,269,22532156,32532175,"ok",NA,NA,1.13037099494066,0.077821816857516,0.290709290709291,0.462537462537463,FALSE,FALSE,"reestimated",200.627,"31844"
"S2",2,100,0,270,22533165,32533184,"ok",NA,NA,1.10428951443168,0.092875534194589,0.393606393606394,0.354645354645355,FALSE,FALSE,"reestimated",197.404,"31844"
"S2",2,100,0,271,22534174,32534193,"ok",NA,NA,0.811778188457031,0.0496998867187644,0.923076923076923,0.901098901098901,FALSE,FALSE,"reestimated",197.084,"31844"
"S2",2,100,0,272,22535183,32535202,"ok",NA,NA,1.07999200539137,0.0698508084512447,0.380619380619381,0.579420579420579,FALSE,FALSE,"reestimated",201.735,"31844"
"S2",2,100,0,273,22536192,32536211,"ok",NA,NA,1.03994375929579,0.0864591100091739,0.455544455544456,0.315684315684316,FALSE,FALSE,"reestimated",196.045,"31844"
"S2",2,100,0,274,22537201,32537220,"ok",NA,NA,1.04884597700113,0.063395468202,0.477522477522478,0.7002997002997,FALSE,FALSE,"reestimated",199.57,"31844"
"S2",2,100,0,275,22538210,32538229,"ok",NA,NA,1.14073074330445,0.103197058246659,0.302697302697303,0.22977022977023,FALSE,FALSE,"reestimated",196.651,"31844"
"S2",2,100,0,276,22539219,32539238,"ok",NA,NA,0.988175779863713,0.0831402564710507,0.595404595404595,0.404595404595405,FALSE,FALSE,"reestimated",199.232,"31844"
"S2",2,100,0,277,22540228,32540247,"ok",NA,NA,1.10822416950968,0.107553596736042,0.342657342657343,0.176823176823177,FALSE,FALSE,"reestimated",197.716,"31844"
"S2",2,100,0,278,22541237,32541256,"ok",NA,NA,0.921703211703733,0.0584258065965087,0.797202797202797,0.822177822177822,FALSE,FALSE,"reestimated",195.973,"31844"
"S2",2,100,0,279,22542246,32542265,"ok",NA,NA,1.07053801127173,0.0842423110803989,0.435564435564436,0.407592407592408,FALSE,FALSE,"reestimated",194.829,"31844"
"S2",2,100,0,280,22543255,32543274,"ok",NA,NA,0.892115589483921,0.0550535809945488,0.818181818181818,0.852147852147852,FALSE,FALSE,"reestimated",196.876,"31844"
"S2",2,100,0,281,22544264,32544283,"ok",NA,NA,1.00828319544865,0.0879724131309813,0.533466533466533,0.300699300699301,FALSE,FALSE,"reestimated",196.218,"31844"
"S2",2,100,0,282,22545273,32545292,"ok",NA,NA,1.1276943172143,0.105336289696938,0.310689310689311,0.162837162837163,FALSE,FALSE,"reestimated",197.709,"31844"
"S2",2,100,0,283,22546282,32546301,"ok",NA,NA,1.19499850251177,0.0890102356007544,0.233766233766234,0.345654345654346,FALSE,FALSE,"reestimated",198.929,"31844"
"S2",2,100,0,284,22547291,32547310,"ok",NA,NA,0.833125983997111,0.0638521939795654,0.925074925074925,0.687312687312687,FALSE,FALSE,"reestimated",198.179,"31844"
"S2",2,100,0,285,22548300,32548319,"ok",NA,NA,0.886693058032162,0.0676135759790314,0.814185814185814,0.617382617382617,FALSE,FALSE,"reestimated",197.459,"31844"
"S2",2,100,0,286,22549309,32549328,"ok",NA,NA,1.11997399246898,0.0744138133489863,0.276723276723277,0.47952047952048,FALSE,FALSE,"reestimated",199.246,"31844"
"S2",2,100,0,287,22550318,32550337,"ok",NA,NA,1.13677477602517,0.106977388100924,0.227772227772228,0.136863136863137,FALSE,FALSE,"reestimated",199.153,"31844"
"S2",2,100,0,288,22551327,32551346,"ok",NA,NA,1.11620071081123,0.0707340666777876,0.295704295704296,0.531468531468531,FALSE,FALSE,"reestimated",199.417,"31844"
"S2",2,100,0,289,22552336,32552355,"ok",NA,NA,1.13054519871185,0.11220128874884,0.286713286713287,0.11988011988012,FALSE,FALSE,"reestimated",197.415,"31844"
"S2",2,100,0,290,22553345,32553364,"ok",NA,NA,0.851663124771669,0.0630823266525697,0.857142857142857,0.679320679320679,FALSE,FALSE,"reestimated",196.474,"31844"
"S2",2,100,0,291,22554354,32554373,"ok",NA,NA,1.26823105022664,0.082163493478942,0.117882117882118,0.375624375624376,FALSE,FALSE,"reestimated",196.997,"31844"
"S2",2,100,0,292,22555363,32555382,"ok",NA,NA,1.16715342187719,0.0855570703644787,0.203796203796204,0.326673326673327,FALSE,FALSE,"reestimated",202.073,"31844"
"S2",2,100,0,293,22556372,32556391,"ok",NA,NA,1.06755679608149,0.0886709229953543,0.467532467532468,0.350649350649351,FALSE,FALSE,"reestimated",199.483,"31844"
"S2",2,100,0,294,22557381,32557400,"ok",NA,NA,1.13823220799515,0.0802778127482526,0.312687312687313,0.465534465534466,FALSE,FALSE,"reestimated",199.92,"31844"
"S2",2,100,0,295,22558390,32558409,"ok",NA,NA,1.06595937118572,0.0857138577372695,0.465534465534466,0.384615384615385,FALSE,FALSE,"reestimated",199.496,"31844"
"S2",2,100,0,296,22559399,32559418,"ok",NA,NA,1.06337825727097,0.0809354728962996,0.517482517482518,0.496503496503497,FALSE,FALSE,"reestimated",197.488,"31844"
"S2",2,100,0,297,22560408,32560427,"ok",NA,NA,1.39742958070336,0.0978755603302809,0.0529470529470529,0.263736263736264,FALSE,FALSE,"reestimated",197.416,"31844"
"S2",2,100,0,298,22561417,32561436,"ok",NA,NA,0.941873732653112,0.0748260338465208,0.749250749250749,0.56043956043956,FALSE,FALSE,"reestimated",201.268,"31844"
"S2",2,100,0,299,22562426,32562445,"ok",NA,NA,0.851365524724422,0.059645066351855,0.901098901098901,0.766233766233766,FALSE,FALSE,"reestimated",198.916,"31844"
"S2",2,100,0,300,22563435,32563454,"ok",NA,NA,1.04392688362517,0.0648795273761227,0.461538461538462,0.684315684315684,FALSE,FALSE,"reestimated",199.055,"31844"
"S2",2,100,0,301,22564444,32564463,"ok",NA,NA,1.16631609551958,0.110450299370992,0.296703296703297,0.235764235764236,FALSE,FALSE,"reestimated",196.858,"31844"
"S2",2,100,0,302,22565453,32565472,"ok",NA,NA,0.994579276701703,0.0807644059848666,0.584415584415584,0.3996003996004,FALSE,FALSE,"reestimated",197.087,"31844"
"S2",2,100,0,303,22566462,32566481,"ok",NA,NA,1.09286582806967,0.0899024096615068,0.32967032967033,0.283716283716284,FALSE,FALSE,"reestimated",196.849,"31844"
"S2",2,100,0,304,22567471,32567490,"ok",NA,NA,1.64978547621044,0.217047931833799,0.004995004995005,0.00599400599400599,TRUE,TRUE,"reestimated",198.599,"31844"
"S2",2,100,0,305,22568480,32568499,"ok",NA,NA,1.19948768012807,0.0648403813153678,0.240759240759241,0.748251748251748,FALSE,FALSE,"reestimated",196.53,"31844"
"S2",2,100,0,306,22569489,32569508,"ok",NA,NA,1.13748340470976,0.109888981865518,0.351648351648352,0.20979020979021,FALSE,FALSE,"reestimated",199.217,"31844"
"S2",2,100,0,307,22570498,32570517,"ok",NA,NA,1.01006541629127,0.0854107940205057,0.638361638361638,0.448551448551449,FALSE,FALSE,"reestimated",198.371,"31844"
"S2",2,100,0,308,22571507,32571526,"ok",NA,NA,1.06634104223309,0.0762110269850426,0.431568431568432,0.515484515484515,FALSE,FALSE,"reestimated",198.424,"31844"
"S2",2,100,0,309,22572516,32572535,"ok",NA,NA,1.28536603500592,0.0964336294973476,0.120879120879121,0.293706293706294,FALSE,FALSE,"reestimated",199.993,"31844"
"S2",2,100,0,310,22573525,32573544,"ok",NA,NA,1.23147307692075,0.124378252376098,0.204795204795205,0.130869130869131,FALSE,FALSE,"reestimated",196.658,"31844"
"S2",2,100,0,311,22574534,32574553,"ok",NA,NA,0.825781699390837,0.055342337234108,0.935064935064935,0.865134865134865,FALSE,FALSE,"reestimated",197.504,"31844"
"S2",2,100,0,312,22575543,32575562,"ok",NA,NA,1.0126204983118,0.0709568103947245,0.531468531468531,0.55044955044955,FALSE,FALSE,"reestimated",200.376,"31844"
"S2",2,100,0,313,22576552,32576571,"ok",NA,NA,0.957211269446453,0.0771143864310405,0.677322677322677,0.463536463536464,FALSE,FALSE,"reestimated",196.973,"31844"
"S2",2,100,0,314,22577561,32577580,"ok",NA,NA,0.94768715955335,0.0538286240029649,0.706293706293706,0.853146853146853,FALSE,FALSE,"reestimated",199.024,"31844"
"S2",2,100,0,315,22578570,32578589,"ok",NA,NA,1.00319583007204,0.0582403278449166,0.595404595404595,0.813186813186813,FALSE,FALSE,"reestimated",200.916,"31844"
"S2",2,100,0,316,22579579,32579598,"ok",NA,NA,0.997111172375029,0.0618637886919874,0.63036963036963,0.742257742257742,FALSE,FALSE,"reestimated",199.324,"31844"
"S2",2,100,0,317,22580588,32580607,"ok",NA,NA,1.17625144564541,0.0688241939706211,0.188811188811189,0.607392607392607,FALSE,FALSE,"reestimated",197.179,"31844"
"S2",2,100,0,318,22581597,32581616,"ok",NA,NA,1.56806784178047,0.146915104481484,0.00599400599400599,0.031968031968032,TRUE,TRUE,"reestimated",200.65,"31844"
"S2",2,100,0,319,22582606,32582625,"ok",NA,NA,0.942059598636804,0.0712182305921407,0.772227772227772,0.626373626373626,FALSE,FALSE,"reestimated",201.021,"31844"
"S2",2,100,0,320,22583615,32583634,"ok",NA,NA,1.00520333756246,0.0651550717093539,0.561438561438561,0.655344655344655,FALSE,FALSE,"reestimated",197.136,"31844"
"S2",2,100,0,321,22584624,32584643,"ok",NA,NA,1.27281078281562,0.0845636413247324,0.157842157842158,0.437562437562438,FALSE,FALSE,"reestimated",200.528,"31844"
"S2",2,100,0,322,22585633,32585652,"ok",NA,NA,0.924832766305836,0.0633619601369009,0.742257742257742,0.706293706293706,FALSE,FALSE,"reestimated",200.166999999999,"31844"
"S2",2,100,0,323,22586642,32586661,"ok",NA,NA,1.1109032568004,0.119587799397868,0.343656343656344,0.0999000999000999,FALSE,FALSE,"reestimated",201.175,"31844"
"S2",2,100,0,324,22587651,32587670,"ok",NA,NA,0.950794023860526,0.0609726562932417,0.711288711288711,0.76023976023976,FALSE,FALSE,"reestimated",200.993,"31844"
"S2",2,100,0,325,22588660,32588679,"ok",NA,NA,1.10696484459279,0.0790116299151739,0.308691308691309,0.412587412587413,FALSE,FALSE,"reestimated",201.038,"31844"
"S2",2,100,0,326,22589669,32589688,"ok",NA,NA,0.932759534973794,0.0726734104274827,0.749250749250749,0.583416583416583,FALSE,FALSE,"reestimated",199.088,"31844"
"S2",2,100,0,327,22590678,32590697,"ok",NA,NA,1.02814275834183,0.0724337141438595,0.497502497502497,0.525474525474525,FALSE,FALSE,"reestimated",201.269,"31844"
"S2",2,100,0,328,22591687,32591706,"ok",NA,NA,1.23732527017052,0.115670163144258,0.14985014985015,0.124875124875125,FALSE,FALSE,"reestimated",197.817,"31844"
"S2",2,100,0,329,22592696,32592715,"ok",NA,NA,1.12692289615833,0.0974199758216286,0.32967032967033,0.277722277722278,FALSE,FALSE,"reestimated",196.398,"31844"
"S2",2,100,0,330,22593705,32593724,"ok",NA,NA,0.951260264003409,0.0548289784450685,0.706293706293706,0.849150849150849,FALSE,FALSE,"reestimated",197.395,"31844"
"S2",2,100,0,331,22594714,32594733,"ok",NA,NA,1.24630026789565,0.112697101838369,0.177822177822178,0.18981018981019,FALSE,FALSE,"reestimated",200.148999999999,"31844"
"S2",2,100,0,332,22595723,32595742,"ok",NA,NA,1.14055403484321,0.0909657615010897,0.287712287712288,0.31968031968032,FALSE,FALSE,"reestimated",196.359,"31844"
"S2",2,100,0,333,22596732,32596751,"ok",NA,NA,1.24871415352906,0.0878595760799879,0.120879120879121,0.27972027972028,FALSE,FALSE,"reestimated",198.538,"31844"
"S2",2,100,0,334,22597741,32597760,"ok",NA,NA,1.04886980331734,0.0791441224848823,0.48951048951049,0.443556443556444,FALSE,FALSE,"reestimated",197.422,"31844"
"S2",2,100,0,335,22598750,32598769,"ok",NA,NA,0.906707994320362,0.0559338191021541,0.776223776223776,0.823176823176823,FALSE,FALSE,"reestimated",199.087,"31844"
"S2",2,100,0,336,22599759,32599778,"ok",NA,NA,0.773886326585215,0.0504489729236619,0.972027972027972,0.902097902097902,FALSE,FALSE,"reestimated",198.484,"31844"
"S2",2,100,0,337,22600768,32600787,"ok",NA,NA,1.12816550665171,0.0709422151942022,0.358641358641359,0.636363636363636,FALSE,FALSE,"reestimated",194.899,"31844"
"S2",2,100,0,338,22601777,32601796,"ok",NA,NA,1.11002620500546,0.0934795344917547,0.358641358641359,0.326673326673327,FALSE,FALSE,"reestimated",194.491,"31844"
"S2",2,100,0,339,22602786,32602805,"ok",NA,NA,1.18028683541142,0.0861694639715131,0.173826173826174,0.305694305694306,FALSE,FALSE,"reestimated",196.130999999999,"31844"
"S2",2,100,0,340,22603795,32603814,"ok",NA,NA,0.944618745198846,0.0586638312075229,0.706293706293706,0.801198801198801,FALSE,FALSE,"reestimated",198.628000000001,"31844"
"S2",2,100,0,341,22604804,32604823,"ok",NA,NA,0.824093272651858,0.0554519988598604,0.905094905094905,0.823176823176823,FALSE,FALSE,"reestimated",193.938,"31844"
"S2",2,100,0,342,22605813,32605832,"ok",NA,NA,0.962000588137909,0.0658230001484538,0.667332667332667,0.639360639360639,FALSE,FALSE,"reestimated",194.677000000001,"31844"
"S2",2,100,0,343,22606822,32606841,"ok",NA,NA,1.19316577468278,0.112472327768315,0.232767232767233,0.161838161838162,FALSE,FALSE,"reestimated",199.903,"31844"
"S2",2,100,0,344,22607831,32607850,"ok",NA,NA,1.04451514582189,0.0728751322519602,0.463536463536464,0.543456543456543,FALSE,FALSE,"reestimated",195.825,"31844"
"S2",2,100,0,345,22608840,32608859,"ok",NA,NA,0.940928510848626,0.0686462908327976,0.761238761238761,0.656343656343656,FALSE,FALSE,"reestimated",196.692999999999,"31844"
"S2",2,100,0,346,22609849,32609868,"ok",NA,NA,1.1254231142653,0.0943734961884565,0.294705294705295,0.25974025974026,FALSE,FALSE,"reestimated",197.272,"31844"
"S2",2,100,0,347,22610858,32610877,"ok",NA,NA,1.13174380917664,0.105007399329346,0.32967032967033,0.207792207792208,FALSE,FALSE,"reestimated",194.558,"31844"
"S2",2,100,0,348,22611867,32611886,"ok",NA,NA,1.11291208076358,0.0782288146329617,0.281718281718282,0.383616383616384,FALSE,FALSE,"reestimated",198.421,"31844"
"S2",2,100,0,349,22612876,32612895,"ok",NA,NA,1.06785914288912,0.0581205030491269,0.400599400599401,0.762237762237762,FALSE,FALSE,"reestimated",198.321,"31844"
"S2",2,100,0,350,22613885,32613904,"ok",NA,NA,0.988680455724735,0.0675105180958731,0.681318681318681,0.725274725274725,FALSE,FALSE,"reestimated",198.021,"31844"
"S2",2,100,0,351,22614894,32614913,"ok",NA,NA,1.20850912874868,0.0996185434481802,0.196803196803197,0.263736263736264,FALSE,FALSE,"reestimated",195.267000000001,"31844"
"S2",2,100,0,352,22615903,32615922,"ok",NA,NA,0.855313896289198,0.0622179425877246,0.884115884115884,0.718281718281718,FALSE,FALSE,"reestimated",198.379,"31844"
"S2",2,100,0,353,22616912,32616931,"ok",NA,NA,1.03806010004148,0.0638951507406112,0.47952047952048,0.682317682317682,FALSE,FALSE,"reestimated",200.418,"31844"
"S2",2,100,0,354,22617921,32617940,"ok",NA,NA,1.09766546375566,0.111245855116155,0.450549450549451,0.225774225774226,FALSE,FALSE,"reestimated",198.062,"31844"
"S2",2,100,0,355,22618930,32618949,"ok",NA,NA,1.24007474219576,0.107062160887165,0.231768231768232,0.295704295704296,FALSE,FALSE,"reestimated",200.463,"31844"
"S2",2,100,0,356,22619939,32619958,"ok",NA,NA,1.15303492754419,0.084737861544782,0.228771228771229,0.324675324675325,FALSE,FALSE,"reestimated",196.84,"31844"
"S2",2,100,0,357,22620948,32620967,"ok",NA,NA,1.02825008238442,0.067817715027648,0.472527472527473,0.616383616383616,FALSE,FALSE,"reestimated",197.352,"31844"
"S2",2,100,0,358,22621957,32621976,"ok",NA,NA,1.10844299954968,0.0825724896672491,0.413586413586414,0.475524475524476,FALSE,FALSE,"reestimated",200.854,"31844"
"S2",2,100,0,359,22622966,32622985,"ok",NA,NA,1.0455563891273,0.0979512496766196,0.3996003996004,0.175824175824176,FALSE,FALSE,"reestimated",199.094,"31844"
"S2",2,100,0,360,22623975,32623994,"ok",NA,NA,0.975577537186792,0.0796024184869227,0.636363636363636,0.432567432567433,FALSE,FALSE,"reestimated",196.29,"31844"
"S2",2,100,0,361,22624984,32625003,"ok",NA,NA,0.80668524675333,0.0468272373605487,0.946053946053946,0.946053946053946,FALSE,FALSE,"reestimated",201.151,"31844"
"S2",2,100,0,362,22625993,32626012,"ok",NA,NA,1.12610664380003,0.0818982440468246,0.341658341658342,0.418581418581419,FALSE,FALSE,"reestimated",197.593,"31844"
"S2",2,100,0,363,22627002,32627021,"ok",NA,NA,0.961349063267687,0.0607307322062075,0.694305694305694,0.777222777222777,FALSE,FALSE,"reestimated",199.045,"31844"
"S2",2,100,0,364,22628011,32628030,"ok",NA,NA,0.996422278369183,0.0523653646261886,0.636363636363636,0.903096903096903,FALSE,FALSE,"reestimated",200.383,"31844"
"S2",2,100,0,365,22629020,32629039,"ok",NA,NA,0.977178639988905,0.0618867191311649,0.633366633366633,0.713286713286713,FALSE,FALSE,"reestimated",200.637,"31844"
"S2",2,100,0,366,22630029,32630048,"ok",NA,NA,1.20897407757429,0.115930926895026,0.208791208791209,0.144855144855145,FALSE,FALSE,"reestimated",197.764,"31844"
"S2",2,100,0,367,22631038,32631057,"ok",NA,NA,0.881188828029296,0.0642876627224146,0.841158841158841,0.703296703296703,FALSE,FALSE,"reestimated",200.45,"31844"
"S2",2,100,0,368,22632047,32632066,"ok",NA,NA,0.982539189688191,0.0602641192217652,0.603396603396603,0.75024975024975,FALSE,FALSE,"reestimated",196.581999999999,"31844"
"S2",2,100,0,369,22633056,32633075,"ok",NA,NA,0.955588607705041,0.0564407146566211,0.725274725274725,0.852147852147852,FALSE,FALSE,"reestimated",197.757,"31844"
"S2",2,100,0,370,22634065,32634084,"ok",NA,NA,1.12928566583649,0.0985123514785767,0.291708291708292,0.22977022977023,FALSE,FALSE,"reestimated",202.276000000001,"31844"
"S2",2,100,0,371,22635074,32635093,"ok",NA,NA,1.12079692666728,0.0878008093978318,0.270729270729271,0.291708291708292,FALSE,FALSE,"reestimated",199.048,"31844"
"S2",2,100,0,372,22636083,32636102,"ok",NA,NA,0.849357580701537,0.0586641021879681,0.865134865134865,0.728271728271728,FALSE,FALSE,"reestimated",197.338,"31844"
"S2",2,100,0,373,22637092,32637111,"ok",NA,NA,0.849866484620129,0.044277084852845,0.907092907092907,0.972027972027972,FALSE,FALSE,"reestimated",197.735000000001,"31844"
"S2",2,100,0,374,22638101,32638120,"ok",NA,NA,0.952280106067303,0.0687236678242817,0.744255744255744,0.692307692307692,FALSE,FALSE,"reestimated",198.75,"31844"
"S2",2,100,0,375,22639110,32639129,"ok",NA,NA,1.18921247899281,0.0785112551093059,0.235764235764236,0.502497502497502,FALSE,FALSE,"reestimated",196.973,"31844"
"S2",2,100,0,376,22640119,32640138,"ok",NA,NA,1.22571122035209,0.106986280040921,0.165834165834166,0.166833166833167,FALSE,FALSE,"reestimated",197.476,"31844"
"S2",2,100,0,377,22641128,32641147,"ok",NA,NA,1.18298434105737,0.0925203659649958,0.200799200799201,0.267732267732268,FALSE,FALSE,"reestimated",198.519,"31844"
"S2",2,100,0,378,22642137,32642156,"ok",NA,NA,1.07787171793644,0.108906443432811,0.35964035964036,0.122877122877123,FALSE,FALSE,"reestimated",198.149,"31844"
"S2",2,100,0,379,22643146,32643165,"ok",NA,NA,1.35484831491893,0.149100685432087,0.0659340659340659,0.043956043956044,FALSE,TRUE,"reestimated",197.903,"31844"
"S2",2,100,0,380,22644155,32644174,"ok",NA,NA,1.14970478615444,0.10288078632474,0.288711288711289,0.197802197802198,FALSE,FALSE,"reestimated",198.652,"31844"
"S2",2,100,0,381,22645164,32645183,"ok",NA,NA,1.1043692450423,0.111655098544516,0.375624375624376,0.143856143856144,FALSE,FALSE,"reestimated",201.148,"31844"
"S2",2,100,0,382,22646173,32646192,"ok",NA,NA,0.856688431378181,0.0494829493702049,0.895104895104895,0.92007992007992,FALSE,FALSE,"reestimated",200.875,"31844"
"S2",2,100,0,383,22647182,32647201,"ok",NA,NA,1.06538507071724,0.0751798582113784,0.49050949050949,0.575424575424575,FALSE,FALSE,"reestimated",198.568,"31844"
"S2",2,100,0,384,22648191,32648210,"ok",NA,NA,0.972028251958107,0.0592701708901745,0.629370629370629,0.768231768231768,FALSE,FALSE,"reestimated",199.742999999999,"31844"
"S2",2,100,0,385,22649200,32649219,"ok",NA,NA,1.32649174512568,0.118272903748262,0.0859140859140859,0.132867132867133,FALSE,FALSE,"reestimated",198.114,"31844"
"S2",2,100,0,386,22650209,32650228,"ok",NA,NA,1.34470847273306,0.0812178743919474,0.0819180819180819,0.480519480519481,FALSE,FALSE,"reestimated",197.708,"31844"
"S2",2,100,0,387,22651218,32651237,"ok",NA,NA,1.14289901843959,0.0831309041356667,0.298701298701299,0.416583416583417,FALSE,FALSE,"reestimated",199.049999999999,"31844"
"S2",2,100,0,388,22652227,32652246,"ok",NA,NA,0.996145222478974,0.0652809826300186,0.606393606393606,0.68031968031968,FALSE,FALSE,"reestimated",199.767,"31844"
"S2",2,100,0,389,22653236,32653255,"ok",NA,NA,0.992010042243879,0.0685442638638245,0.601398601398601,0.631368631368631,FALSE,FALSE,"reestimated",196.954,"31844"
"S2",2,100,0,390,22654245,32654264,"ok",NA,NA,1.02886621824352,0.0595071724994864,0.43956043956044,0.726273726273726,FALSE,FALSE,"reestimated",201.182,"31844"
"S2",2,100,0,391,22655254,32655273,"ok",NA,NA,1.08568903215092,0.0992883435087959,0.398601398601399,0.237762237762238,FALSE,FALSE,"reestimated",201.737,"31844"
"S2",2,100,0,392,22656263,32656282,"ok",NA,NA,1.27317189545169,0.112831396833106,0.111888111888112,0.114885114885115,FALSE,FALSE,"reestimated",199.299,"31844"
"S2",2,100,0,393,22657272,32657291,"ok",NA,NA,1.02104879547597,0.112673198237709,0.554445554445554,0.14985014985015,FALSE,FALSE,"reestimated",197.001999999999,"31844"
"S2",2,100,0,394,22658281,32658300,"ok",NA,NA,0.978987830706374,0.0778466984834621,0.6003996003996,0.431568431568432,FALSE,FALSE,"reestimated",196.961,"31844"
"S2",2,100,0,395,22659290,32659309,"ok",NA,NA,1.10287559244017,0.0679447175294809,0.306693306693307,0.584415584415584,FALSE,FALSE,"reestimated",201.562,"31844"
"S2",2,100,0,396,22660299,32660318,"ok",NA,NA,1.02361373758304,0.0661562525666974,0.492507492507492,0.617382617382617,FALSE,FALSE,"reestimated",201.929999999999,"31844"
"S2",2,100,0,397,22661308,32661327,"ok",NA,NA,0.909167841425246,0.0632116156552292,0.764235764235764,0.679320679320679,FALSE,FALSE,"reestimated",199.654,"31844"
"S2",2,100,0,398,22662317,32662336,"ok",NA,NA,1.02838530840807,0.0681443837534661,0.477522477522478,0.577422577422577,FALSE,FALSE,"reestimated",200.483,"31844"
"S2",2,100,0,399,22663326,32663345,"ok",NA,NA,1.25011048694814,0.0901230197452276,0.135864135864136,0.322677322677323,FALSE,FALSE,"reestimated",196.906,"31844"
"S2",2,100,0,400,22664335,32664354,"ok",NA,NA,0.977126652866034,0.0741401497029229,0.654345654345654,0.548451548451548,FALSE,FALSE,"reestimated",199.194,"31844"
"S2",2,100,0,401,22665344,32665363,"ok",NA,NA,1.32682484702054,0.12517029766008,0.117882117882118,0.152847152847153,FALSE,FALSE,"reestimated",200.604,"31844"
"S2",2,100,0,402,22666353,32666372,"ok",NA,NA,1.3329517563106,0.168640355677176,0.123876123876124,0.0539460539460539,FALSE,FALSE,"reestimated",196.718,"31844"
"S2",2,100,0,403,22667362,32667381,"ok",NA,NA,1.30266004671767,0.12371254432799,0.101898101898102,0.111888111888112,FALSE,FALSE,"reestimated",197.731000000001,"31844"
"S2",2,100,0,404,22668371,32668390,"ok",NA,NA,0.874767166597468,0.0729836622332815,0.854145854145854,0.537462537462537,FALSE,FALSE,"reestimated",200.126,"31844"
"S2",2,100,0,405,22669380,32669399,"ok",NA,NA,1.08832544626669,0.0832405425699591,0.416583416583417,0.405594405594406,FALSE,FALSE,"reestimated",197.725,"31844"
"S2",2,100,0,406,22670389,32670408,"ok",NA,NA,1.20562580480432,0.0671796215465883,0.162837162837163,0.637362637362637,FALSE,FALSE,"reestimated",197.295,"31844"
"S2",2,100,0,407,22671398,32671417,"ok",NA,NA,1.32524228852761,0.0799046932231629,0.0719280719280719,0.462537462537463,FALSE,FALSE,"reestimated",197.561000000001,"31844"
"S2",2,100,0,408,22672407,32672426,"ok",NA,NA,0.901955852560858,0.0675519958937727,0.792207792207792,0.615384615384615,FALSE,FALSE,"reestimated",200.298,"31844"
"S2",2,100,0,409,22673416,32673435,"ok",NA,NA,0.906363404813467,0.0620751868111977,0.827172827172827,0.749250749250749,FALSE,FALSE,"reestimated",196.838,"31844"
"S2",2,100,0,410,22674425,32674444,"ok",NA,NA,1.23640995530859,0.122622558226002,0.20979020979021,0.171828171828172,FALSE,FALSE,"reestimated",197.436000000001,"31844"
"S2",2,100,0,411,22675434,32675453,"ok",NA,NA,1.01488752392619,0.0790319134040711,0.592407592407592,0.523476523476524,FALSE,FALSE,"reestimated",197.721,"31844"
"S2",2,100,0,412,22676443,32676462,"ok",NA,NA,1.13250305845768,0.0957692656690141,0.240759240759241,0.224775224775225,FALSE,FALSE,"reestimated",198.513,"31844"
"S2",2,100,0,413,22677452,32677471,"ok",NA,NA,1.07833163694346,0.0852182308339634,0.398601398601399,0.356643356643357,FALSE,FALSE,"reestimated",200.493,"31844"
"S2",2,100,0,414,22678461,32678480,"ok",NA,NA,1.21127638980833,0.0890866216687741,0.186813186813187,0.342657342657343,FALSE,FALSE,"reestimated",196.524,"31844"
"S2",2,100,0,415,22679470,32679489,"ok",NA,NA,0.901266464154599,0.0836115988734152,0.844155844155844,0.453546453546454,FALSE,FALSE,"reestimated",200.228999999999,"31844"
"S2",2,100,0,416,22680479,32680498,"ok",NA,NA,1.01097230150972,0.0973394908917461,0.592407592407592,0.28971028971029,FALSE,FALSE,"reestimated",200.808,"31844"
"S2",2,100,0,417,22681488,32681507,"ok",NA,NA,1.38556134493474,0.123566783914067,0.036963036963037,0.0679320679320679,TRUE,FALSE,"reestimated",197.378,"31844"
"S2",2,100,0,418,22682497,32682516,"ok",NA,NA,1.14713716464831,0.0914142722912046,0.304695304695305,0.328671328671329,FALSE,FALSE,"reestimated",196.290999999999,"31844"
"S2",2,100,0,419,22683506,32683525,"ok",NA,NA,1.10298498885387,0.0656438083063952,0.318681318681319,0.635364635364635,FALSE,FALSE,"reestimated",197.086,"31844"
"S2",2,100,0,420,22684515,32684534,"ok",NA,NA,1.15347717867066,0.104743395492007,0.245754245754246,0.177822177822178,FALSE,FALSE,"reestimated",198.048,"31844"
"S2",2,100,0,421,22685524,32685543,"ok",NA,NA,1.28516555318548,0.139546200453371,0.0839160839160839,0.0529470529470529,FALSE,FALSE,"reestimated",199.68,"31844"
"S2",2,100,0,422,22686533,32686552,"ok",NA,NA,0.984833409387594,0.0701117739705475,0.614385614385614,0.59040959040959,FALSE,FALSE,"reestimated",199.149,"31844"
"S2",2,100,0,423,22687542,32687561,"ok",NA,NA,1.17732206671181,0.097621414981314,0.273726273726274,0.27972027972028,FALSE,FALSE,"reestimated",196.166,"31844"
"S2",2,100,0,424,22688551,32688570,"ok",NA,NA,1.12129997637296,0.11246290583442,0.365634365634366,0.174825174825175,FALSE,FALSE,"reestimated",195.017,"31844"
"S2",2,100,0,425,22689560,32689579,"ok",NA,NA,0.957838862135132,0.0552735337840665,0.715284715284715,0.853146853146853,FALSE,FALSE,"reestimated",199.002,"31844"
"S2",2,100,0,426,22690569,32690588,"ok",NA,NA,1.00899133215189,0.0699885729128727,0.553446553446553,0.599400599400599,FALSE,FALSE,"reestimated",195.668,"31844"
"S2",2,100,0,427,22691578,32691597,"ok",NA,NA,1.06512038376142,0.0808288051816552,0.436563436563437,0.432567432567433,FALSE,FALSE,"reestimated",197.309999999999,"31844"
"S2",2,100,0,428,22692587,32692606,"ok",NA,NA,0.890055186448488,0.0674905165984439,0.805194805194805,0.593406593406593,FALSE,FALSE,"reestimated",200.312,"31844"
"S2",2,100,0,429,22693596,32693615,"ok",NA,NA,0.923415956116337,0.0653083268308785,0.738261738261738,0.633366633366633,FALSE,FALSE,"reestimated",196.423,"31844"
"S2",2,100,0,430,22694605,32694624,"ok",NA,NA,1.23027144262691,0.120901257005703,0.140859140859141,0.0839160839160839,FALSE,FALSE,"reestimated",196.264999999999,"31844"
"S2",2,100,0,431,22695614,32695633,"ok",NA,NA,1.17725926850708,0.11214781573849,0.198801198801199,0.134865134865135,FALSE,FALSE,"reestimated",196.238,"31844"
"S2",2,100,0,432,22696623,32696642,"ok",NA,NA,1.26201807703771,0.100095902483421,0.140859140859141,0.276723276723277,FALSE,FALSE,"reestimated",198.053,"31844"
"S2",2,100,0,433,22697632,32697651,"ok",NA,NA,1.00962466491382,0.0726238167248976,0.565434565434565,0.564435564435564,FALSE,FALSE,"reestimated",198.973,"31844"
"S2",2,100,0,434,22698641,32698660,"ok",NA,NA,1.09406311997564,0.0830938971162942,0.402597402597403,0.432567432567433,FALSE,FALSE,"reestimated",200.186,"31844"
"S2",2,100,0,435,22699650,32699669,"ok",NA,NA,1.13346541648091,0.0697249266502119,0.346653346653347,0.634365634365634,FALSE,FALSE,"reestimated",197.145,"31844"
"S2",2,100,0,436,22700659,32700678,"ok",NA,NA,0.828386349885129,0.0618936558887312,0.933066933066933,0.797202797202797,FALSE,FALSE,"reestimated",197.642,"31844"
"S2",2,100,0,437,22701668,32701687,"ok",NA,NA,1.20742952652435,0.0942126863128601,0.21978021978022,0.318681318681319,FALSE,FALSE,"reestimated",199.316,"31844"
"S2",2,100,0,438,22702677,32702696,"ok",NA,NA,1.04495650562861,0.0872109293596362,0.598401598401598,0.45954045954046,FALSE,FALSE,"reestimated",196.15,"31844"
"S2",2,100,0,439,22703686,32703705,"ok",NA,NA,0.798358031831327,0.0584834114153876,0.952047952047952,0.784215784215784,FALSE,FALSE,"reestimated",197.959000000001,"31844"
"S2",2,100,0,440,22704695,32704714,"ok",NA,NA,1.06134723963422,0.0737892194559505,0.470529470529471,0.591408591408591,FALSE,FALSE,"reestimated",198.435,"31844"
"S2",2,100,0,441,22705704,32705723,"ok",NA,NA,0.839006698974857,0.0525718767938278,0.894105894105894,0.882117882117882,FALSE,FALSE,"reestimated",201.179,"31844"
"S2",2,100,0,442,22706713,32706732,"ok",NA,NA,0.960271093062472,0.0591632553313098,0.67032967032967,0.773226773226773,FALSE,FALSE,"reestimated",201.854,"31844"
"S2",2,100,0,443,22707722,32707741,"ok",NA,NA,1.21639245929061,0.151027882353987,0.204795204795205,0.050949050949051,FALSE,FALSE,"reestimated",197.56,"31844"
"S2",2,100,0,444,22708731,32708750,"ok",NA,NA,1.25068778184839,0.107658800075257,0.100899100899101,0.108891108891109,FALSE,FALSE,"reestimated",198.093,"31844"
"S2",2,100,0,445,22709740,32709759,"ok",NA,NA,1.01006692837634,0.0755879806906794,0.614385614385614,0.567432567432567,FALSE,FALSE,"reestimated",201.98,"31844"
"S2",2,100,0,446,22710749,32710768,"ok",NA,NA,1.11789533710258,0.0699790978326301,0.298701298701299,0.574425574425574,FALSE,FALSE,"reestimated",198.93,"31844"
"S2",2,100,0,447,22711758,32711777,"ok",NA,NA,1.46190165311576,0.181330605203869,0.034965034965035,0.018981018981019,TRUE,TRUE,"reestimated",196.652,"31844"
"S2",2,100,0,448,22712767,32712786,"ok",NA,NA,1.31422998286789,0.186255218918533,0.0589410589410589,0.00699300699300699,FALSE,TRUE,"reestimated",199.992,"31844"
"S2",2,100,0,449,22713776,32713795,"ok",NA,NA,0.910545254256253,0.0798108344807114,0.824175824175824,0.545454545454545,FALSE,FALSE,"reestimated",201.754,"31844"
"S2",2,100,0,450,22714785,32714804,"ok",NA,NA,1.17260492925063,0.110777664028886,0.247752247752248,0.166833166833167,FALSE,FALSE,"reestimated",200.994,"31844"
"S2",2,100,0,451,22715794,32715813,"ok",NA,NA,1.14422055840102,0.141395011382127,0.340659340659341,0.0649350649350649,FALSE,FALSE,"reestimated",198.674,"31844"
"S2",2,100,0,452,22716803,32716822,"ok",NA,NA,0.897370222865114,0.0767479488289409,0.813186813186813,0.520479520479521,FALSE,FALSE,"reestimated",198.497,"31844"
"S2",2,100,0,453,22717812,32717831,"ok",NA,NA,1.06304325294159,0.083366310939951,0.435564435564436,0.385614385614386,FALSE,FALSE,"reestimated",198.606,"31844"
"S2",2,100,0,454,22718821,32718840,"ok",NA,NA,1.04386342122379,0.0792598776680492,0.503496503496504,0.482517482517482,FALSE,FALSE,"reestimated",195.173000000001,"31844"
"S2",2,100,0,455,22719830,32719849,"ok",NA,NA,1.32540992628108,0.119420884990196,0.0929070929070929,0.148851148851149,FALSE,FALSE,"reestimated",197.674,"31844"
"S2",2,100,0,456,22720839,32720858,"ok",NA,NA,1.23647859056125,0.112814015037475,0.13986013986014,0.118881118881119,FALSE,FALSE,"reestimated",201.561,"31844"
"S2",2,100,0,457,22721848,32721867,"ok",NA,NA,0.995905545896167,0.0736004492443753,0.583416583416583,0.532467532467532,FALSE,FALSE,"reestimated",197.389999999999,"31844"
"S2",2,100,0,458,22722857,32722876,"ok",NA,NA,1.13250069082991,0.0706115074993422,0.311688311688312,0.607392607392607,FALSE,FALSE,"reestimated",201.042,"31844"
"S2",2,100,0,459,22723866,32723885,"ok",NA,NA,1.03426987044868,0.0878730103602697,0.518481518481518,0.356643356643357,FALSE,FALSE,"reestimated",200.374,"31844"
"S2",2,100,0,460,22724875,32724894,"ok",NA,NA,1.09453831075536,0.0819341074465767,0.382617382617383,0.431568431568432,FALSE,FALSE,"reestimated",198.698,"31844"
"S2",2,100,0,461,22725884,32725903,"ok",NA,NA,1.03407350971962,0.078554513360412,0.582417582417582,0.552447552447552,FALSE,FALSE,"reestimated",200.622,"31844"
"S2",2,100,0,462,22726893,32726912,"ok",NA,NA,1.41071991295391,0.164988952295495,0.038961038961039,0.015984015984016,TRUE,TRUE,"reestimated",200.711,"31844"
"S2",2,100,0,463,22727902,32727921,"ok",NA,NA,1.42415000710961,0.127021629329428,0.034965034965035,0.0939060939060939,TRUE,FALSE,"reestimated",195.909000000001,"31844"
"S2",2,100,0,464,22728911,32728930,"ok",NA,NA,0.983177286870083,0.0798874580035338,0.614385614385614,0.403596403596404,FALSE,FALSE,"reestimated",197.452,"31844"
"S2",2,100,0,465,22729920,32729939,"ok",NA,NA,1.4105877081964,0.142312583491593,0.02997002997003,0.033966033966034,TRUE,TRUE,"reestimated",200.621,"31844"
"S2",2,100,0,466,22730929,32730948,"ok",NA,NA,0.917772444044564,0.0791271866071993,0.752247752247752,0.427572427572428,FALSE,FALSE,"reestimated",202.598,"31844"
"S2",2,100,0,467,22731938,32731957,"ok",NA,NA,0.921240849332416,0.0647339493691406,0.775224775224775,0.705294705294705,FALSE,FALSE,"reestimated",196.762,"31844"
"S2",2,100,0,468,22732947,32732966,"ok",NA,NA,1.24486544773038,0.107029437214859,0.171828171828172,0.183816183816184,FALSE,FALSE,"reestimated",196.905,"31844"
"S2",2,100,0,469,22733956,32733975,"ok",NA,NA,0.936517237235581,0.0536264525537987,0.757242757242757,0.88011988011988,FALSE,FALSE,"reestimated",201.595,"31844"
"S2",2,100,0,470,22734965,32734984,"ok",NA,NA,1.0731360388222,0.0782715712506922,0.351648351648352,0.418581418581419,FALSE,FALSE,"reestimated",200.835,"31844"
"S2",2,100,0,471,22735974,32735993,"ok",NA,NA,1.08686612805056,0.0935475994744376,0.381618381618382,0.25974025974026,FALSE,FALSE,"reestimated",200.706999999999,"31844"
"S2",2,100,0,472,22736983,32737002,"ok",NA,NA,1.07253130661402,0.0947648433602513,0.386613386613387,0.208791208791209,FALSE,FALSE,"reestimated",201.338000000001,"31844"
"S2",2,100,0,473,22737992,32738011,"ok",NA,NA,1.18560724413489,0.108427671550359,0.262737262737263,0.20979020979021,FALSE,FALSE,"reestimated",195.708,"31844"
"S2",2,100,0,474,22739001,32739020,"ok",NA,NA,1.13263377199476,0.0812790794383342,0.348651348651349,0.485514485514486,FALSE,FALSE,"reestimated",200.876999999999,"31844"
"S2",2,100,0,475,22740010,32740029,"ok",NA,NA,1.3172606315638,0.11922698989932,0.0829170829170829,0.111888111888112,FALSE,FALSE,"reestimated",200.367,"31844"
"S2",2,100,0,476,22741019,32741038,"ok",NA,NA,0.911517748303365,0.074889098550652,0.807192807192807,0.547452547452547,FALSE,FALSE,"reestimated",200.556,"31844"
"S2",2,100,0,477,22742028,32742047,"ok",NA,NA,0.906167945799247,0.0555871022642671,0.794205794205794,0.822177822177822,FALSE,FALSE,"reestimated",200.647,"31844"
"S2",2,100,0,478,22743037,32743056,"ok",NA,NA,1.12575097637306,0.0804011978274166,0.322677322677323,0.448551448551449,FALSE,FALSE,"reestimated",201.428,"31844"
"S2",2,100,0,479,22744046,32744065,"ok",NA,NA,0.750401651373924,0.0440783291208763,0.978021978021978,0.95004995004995,FALSE,FALSE,"reestimated",201.753,"31844"
"S2",2,100,0,480,22745055,32745074,"ok",NA,NA,1.09879822361951,0.0707665499074136,0.274725274725275,0.510489510489511,FALSE,FALSE,"reestimated",197.029,"31844"
"S2",2,100,0,481,22746064,32746083,"ok",NA,NA,1.25014081083928,0.102422310647003,0.101898101898102,0.160839160839161,FALSE,FALSE,"reestimated",199.142000000001,"31844"
"S2",2,100,0,482,22747073,32747092,"ok",NA,NA,0.956361072101172,0.0844176877501498,0.659340659340659,0.35964035964036,FALSE,FALSE,"reestimated",199.244000000001,"31844"
"S2",2,100,0,483,22748082,32748101,"ok",NA,NA,1.00382201024584,0.0835094778767314,0.597402597402597,0.396603396603397,FALSE,FALSE,"reestimated",194.257,"31844"
"S2",2,100,0,484,22749091,32749110,"ok",NA,NA,1.08208990853221,0.10129201409933,0.388611388611389,0.216783216783217,FALSE,FALSE,"reestimated",199.125,"31844"
"S2",2,100,0,485,22750100,32750119,"ok",NA,NA,1.4373691148999,0.107430648465099,0.026973026973027,0.123876123876124,TRUE,FALSE,"reestimated",197.067,"31844"
"S2",2,100,0,486,22751109,32751128,"ok",NA,NA,1.16884330998007,0.0709852794282886,0.2997002997003,0.65034965034965,FALSE,FALSE,"reestimated",194.622,"31844"
"S2",2,100,0,487,22752118,32752137,"ok",NA,NA,1.06850280604799,0.0885883816717709,0.425574425574426,0.356643356643357,FALSE,FALSE,"reestimated",195.773999999999,"31844"
"S2",2,100,0,488,22753127,32753146,"ok",NA,NA,1.03816766191677,0.06666468199527,0.468531468531469,0.619380619380619,FALSE,FALSE,"reestimated",196.627,"31844"
"S2",2,100,0,489,22754136,32754155,"ok",NA,NA,0.938401367129508,0.0585907771490932,0.706293706293706,0.789210789210789,FALSE,FALSE,"reestimated",196.18,"31844"
"S2",2,100,0,490,22755145,32755164,"ok",NA,NA,1.03946083211975,0.0750581416086567,0.543456543456543,0.565434565434565,FALSE,FALSE,"reestimated",199.44,"31844"
"S2",2,100,0,491,22756154,32756173,"ok",NA,NA,1.6498373862963,0.178906062966661,0.002997002997003,0.00899100899100899,TRUE,TRUE,"reestimated",199.483,"31844"
"S2",2,100,0,492,22757163,32757182,"ok",NA,NA,1.27787220097659,0.116125935393868,0.154845154845155,0.173826173826174,FALSE,FALSE,"reestimated",195.912,"31844"
"S2",2,100,0,493,22758172,32758191,"ok",NA,NA,1.13938485905378,0.0872781879931411,0.298701298701299,0.361638361638362,FALSE,FALSE,"reestimated",195.973,"31844"
"S2",2,100,0,494,22759181,32759200,"ok",NA,NA,1.06269267656481,0.0830224658761223,0.385614385614386,0.337662337662338,FALSE,FALSE,"reestimated",196.345,"31844"
"S2",2,100,0,495,22760190,32760209,"ok",NA,NA,1.08775631519961,0.0995768808991387,0.352647352647353,0.193806193806194,FALSE,FALSE,"reestimated",197.045,"31844"
"S2",2,100,0,496,22761199,32761218,"ok",NA,NA,0.993821008169704,0.0715474440332392,0.599400599400599,0.577422577422577,FALSE,FALSE,"reestimated",198.638,"31844"
"S2",2,100,0,497,22762208,32762227,"ok",NA,NA,1.15233329913073,0.107276739702428,0.247752247752248,0.174825174825175,FALSE,FALSE,"reestimated",199.358,"31844"
"S2",2,100,0,498,22763217,32763236,"ok",NA,NA,1.23522426515561,0.124922199217467,0.173826173826174,0.108891108891109,FALSE,FALSE,"reestimated",199.715,"31844"
"S2",2,100,0,499,22764226,32764245,"ok",NA,NA,1.07656571243217,0.0977985862521671,0.387612387612388,0.224775224775225,FALSE,FALSE,"reestimated",197.054,"31844"
"S2",2,100,0,500,22765235,32765254,"ok",NA,NA,0.963459658893264,0.0712051517294057,0.624375624375624,0.526473526473527,FALSE,FALSE,"reestimated",201.375,"31844"
"S2",2,100,0,501,22766244,32766263,"ok",NA,NA,1.20885743331867,0.102740657032736,0.195804195804196,0.221778221778222,FALSE,FALSE,"reestimated",196.869,"31844"
"S2",2,100,0,502,22767253,32767272,"ok",NA,NA,0.934492359001663,0.0815680002339038,0.716283716283716,0.384615384615385,FALSE,FALSE,"reestimated",199.768,"31844"
"S2",2,100,0,503,22768262,32768281,"ok",NA,NA,1.3188863988087,0.118693408962428,0.0779220779220779,0.103896103896104,FALSE,FALSE,"reestimated",201.039,"31844"
"S2",2,100,0,504,22769271,32769290,"ok",NA,NA,1.06303950072092,0.0653756866373325,0.421578421578422,0.67032967032967,FALSE,FALSE,"reestimated",199.186000000001,"31844"
"S2",2,100,0,505,22770280,32770299,"ok",NA,NA,1.15785463808635,0.126309084672875,0.320679320679321,0.121878121878122,FALSE,FALSE,"reestimated",198.245,"31844"
"S2",2,100,0,506,22771289,32771308,"ok",NA,NA,0.992748736923462,0.0744889914060226,0.548451548451548,0.482517482517482,FALSE,FALSE,"reestimated",197.72,"31844"
"S2",2,100,0,507,22772298,32772317,"ok",NA,NA,0.862797465161186,0.0692559630970867,0.892107892107892,0.633366633366633,FALSE,FALSE,"reestimated",200.137000000001,"31844"
"S2",2,100,0,508,22773307,32773326,"ok",NA,NA,0.971048388217882,0.0710296728901349,0.632367632367632,0.54045954045954,FALSE,FALSE,"reestimated",196.425999999999,"31844"
"S2",2,100,0,509,22774316,32774335,"ok",NA,NA,1.22854692985022,0.1152460396986,0.150849150849151,0.0939060939060939,FALSE,FALSE,"reestimated",197.406,"31844"
"S2",2,100,0,510,22775325,32775344,"ok",NA,NA,1.16199087812172,0.113175525181342,0.278721278721279,0.171828171828172,FALSE,FALSE,"reestimated",199.955,"31844"
"S2",2,100,0,511,22776334,32776353,"ok",NA,NA,1.03066167659764,0.0800469368040489,0.552447552447552,0.518481518481518,FALSE,FALSE,"reestimated",201.293,"31844"
"S2",2,100,0,512,22777343,32777362,"ok",NA,NA,1.24729712630477,0.124732490838045,0.183816183816184,0.142857142857143,FALSE,FALSE,"reestimated",198.611,"31844"
"S2",2,100,0,513,22778352,32778371,"ok",NA,NA,0.91007639204106,0.0641063695679129,0.787212787212787,0.698301698301698,FALSE,FALSE,"reestimated",199.842,"31844"
"S2",2,100,0,514,22779361,32779380,"ok",NA,NA,1.47692143143674,0.122044546081549,0.028971028971029,0.128871128871129,TRUE,FALSE,"reestimated",198.846,"31844"
"S2",2,100,0,515,22780370,32780389,"ok",NA,NA,1.21557556899576,0.137594371692153,0.215784215784216,0.113886113886114,FALSE,FALSE,"reestimated",196.231,"31844"
"S2",2,100,0,516,22781379,32781398,"ok",NA,NA,0.934208679946958,0.054449430971711,0.748251748251748,0.861138861138861,FALSE,FALSE,"reestimated",197.996,"31844"
"S2",2,100,0,517,22782388,32782407,"ok",NA,NA,1.12483601954154,0.0917830431782836,0.335664335664336,0.308691308691309,FALSE,FALSE,"reestimated",197.702,"31844"
"S2",2,100,0,518,22783397,32783416,"ok",NA,NA,0.956854375317754,0.0705343387234399,0.69030969030969,0.579420579420579,FALSE,FALSE,"reestimated",197.597,"31844"
"S2",2,100,0,519,22784406,32784425,"ok",NA,NA,1.00180336563973,0.0610437770373345,0.557442557442557,0.724275724275724,FALSE,FALSE,"reestimated",200.626999999999,"31844"
"S2",2,100,0,520,22785415,32785434,"ok",NA,NA,1.51187078157165,0.101749507400938,0.014985014985015,0.237762237762238,TRUE,FALSE,"reestimated",200.385,"31844"
"S2",2,100,0,521,22786424,32786443,"ok",NA,NA,1.07055331451476,0.0843400684804802,0.417582417582418,0.377622377622378,FALSE,FALSE,"reestimated",197.074,"31844"
"S2",2,100,0,522,22787433,32787452,"ok",NA,NA,0.912246376198335,0.0560231960888578,0.78021978021978,0.801198801198801,FALSE,FALSE,"reestimated",197.66,"31844"
"S2",2,100,0,523,22788442,32788461,"ok",NA,NA,1.16582150328587,0.0992838181602052,0.248751248751249,0.223776223776224,FALSE,FALSE,"reestimated",197.486,"31844"
"S2",2,100,0,524,22789451,32789470,"ok",NA,NA,1.37679569246567,0.161880730094238,0.0559440559440559,0.026973026973027,FALSE,TRUE,"reestimated",199.251,"31844"
"S2",2,100,0,525,22790460,32790479,"ok",NA,NA,0.91808452683106,0.0544890947394028,0.78021978021978,0.844155844155844,FALSE,FALSE,"reestimated",199.590999999999,"31844"
"S2",2,100,0,526,22791469,32791488,"ok",NA,NA,1.00771817409951,0.0579183305195376,0.562437562437562,0.789210789210789,FALSE,FALSE,"reestimated",200.733,"31844"
"S2",2,100,0,527,22792478,32792497,"ok",NA,NA,1.13913314545901,0.093556602150248,0.28971028971029,0.296703296703297,FALSE,FALSE,"reestimated",199.694,"31844"
"S2",2,100,0,528,22793487,32793506,"ok",NA,NA,0.921499257511032,0.0712373798990339,0.826173826173826,0.642357642357642,FALSE,FALSE,"reestimated",198.388,"31844"
"S2",2,100,0,529,22794496,32794515,"ok",NA,NA,0.990835124051641,0.0831768493365187,0.611388611388611,0.392607392607393,FALSE,FALSE,"reestimated",200.665,"31844"
"S2",2,100,0,530,22795505,32795524,"ok",NA,NA,1.00136554279641,0.0819232733226714,0.563436563436563,0.413586413586414,FALSE,FALSE,"reestimated",200.924,"31844"
"S2",2,100,0,531,22796514,32796533,"ok",NA,NA,1.02584524181819,0.0846885974016734,0.471528471528472,0.315684315684316,FALSE,FALSE,"reestimated",201.021000000001,"31844"
"S2",2,100,0,532,22797523,32797542,"ok",NA,NA,0.83261507926512,0.0530621067595824,0.915084915084915,0.848151848151848,FALSE,FALSE,"reestimated",201.059,"31844"
"S2",2,100,0,533,22798532,32798551,"ok",NA,NA,0.856669340621944,0.0562536619539275,0.901098901098901,0.847152847152847,FALSE,FALSE,"reestimated",199.703,"31844"
"S2",2,100,0,534,22799541,32799560,"ok",NA,NA,0.904853807896277,0.0629293944675327,0.779220779220779,0.714285714285714,FALSE,FALSE,"reestimated",196.316,"31844"
"S2",2,100,0,535,22800550,32800569,"ok",NA,NA,0.998169788509511,0.0671741522163499,0.549450549450549,0.638361638361638,FALSE,FALSE,"reestimated",196.969,"31844"
"S2",2,100,0,536,22801559,32801578,"ok",NA,NA,1.30888081002292,0.178696074810688,0.120879120879121,0.020979020979021,FALSE,TRUE,"reestimated",201.054,"31844"
"S2",2,100,0,537,22802568,32802587,"ok",NA,NA,1.26585430792847,0.063607634079364,0.0799200799200799,0.646353646353646,FALSE,FALSE,"reestimated",196.932,"31844"
"S2",2,100,0,538,22803577,32803596,"ok",NA,NA,1.24582853136827,0.152412209982688,0.128871128871129,0.023976023976024,FALSE,TRUE,"reestimated",200.742,"31844"
"S2",2,100,0,539,22804586,32804605,"ok",NA,NA,1.03802384059604,0.0766797282328435,0.553446553446553,0.566433566433566,FALSE,FALSE,"reestimated",200.419,"31844"
"S2",2,100,0,540,22805595,32805614,"ok",NA,NA,0.911356938327803,0.0650717967274428,0.798201798201798,0.704295704295704,FALSE,FALSE,"reestimated",200.928999999999,"31844"
"S2",2,100,0,541,22806604,32806623,"ok",NA,NA,1.0050120671163,0.0880876947750658,0.568431568431568,0.343656343656344,FALSE,FALSE,"reestimated",197.021,"31844"
"S2",2,100,0,542,22807613,32807632,"ok",NA,NA,1.16947499556053,0.0929820439886438,0.201798201798202,0.261738261738262,FALSE,FALSE,"reestimated",201.271,"31844"
"S2",2,100,0,543,22808622,32808641,"ok",NA,NA,0.91753298274265,0.074090577591245,0.834165834165834,0.618381618381618,FALSE,FALSE,"reestimated",197.174,"31844"
"S2",2,100,0,544,22809631,32809650,"ok",NA,NA,1.02824942156683,0.0723299506993006,0.458541458541459,0.4995004995005,FALSE,FALSE,"reestimated",197.149,"31844"
"S2",2,100,0,545,22810640,32810659,"ok",NA,NA,1.17596987242898,0.0938226967299192,0.201798201798202,0.227772227772228,FALSE,FALSE,"reestimated",199.501,"31844"
"S2",2,100,0,546,22811649,32811668,"ok",NA,NA,1.17937553893873,0.0674481887916847,0.194805194805195,0.624375624375624,FALSE,FALSE,"reestimated",199.747,"31844"
"S2",2,100,0,547,22812658,32812677,"ok",NA,NA,1.14927371844018,0.0846334357824163,0.355644355644356,0.471528471528472,FALSE,FALSE,"reestimated",194.94,"31844"
"S2",2,100,0,548,22813667,32813686,"ok",NA,NA,1.13254120913841,0.0822288123725379,0.263736263736264,0.378621378621379,FALSE,FALSE,"reestimated",198.301,"31844"
"S2",2,100,0,549,22814676,32814695,"ok",NA,NA,0.983318567976184,0.0736032328321009,0.629370629370629,0.545454545454545,FALSE,FALSE,"reestimated",198.944,"31844"
"S2",2,100,0,550,22815685,32815704,"ok",NA,NA,1.53682548425584,0.106364556090453,0.011988011988012,0.156843156843157,TRUE,FALSE,"reestimated",195.682,"31844"
"S2",2,100,0,551,22816694,32816713,"ok",NA,NA,0.946197866353143,0.0708089219057992,0.756243756243756,0.632367632367632,FALSE,FALSE,"reestimated",198.128000000001,"31844"
"S2",2,100,0,552,22817703,32817722,"ok",NA,NA,1.39836241540902,0.129875622160831,0.044955044955045,0.0899100899100899,TRUE,FALSE,"reestimated",194.61,"31844"
"S2",2,100,0,553,22818712,32818731,"ok",NA,NA,1.25023444332987,0.0989359269968352,0.162837162837163,0.266733266733267,FALSE,FALSE,"reestimated",197.12,"31844"
"S2",2,100,0,554,22819721,32819740,"ok",NA,NA,0.859382662985963,0.0555602004966105,0.9000999000999,0.859140859140859,FALSE,FALSE,"reestimated",194.561000000001,"31844"
"S2",2,100,0,555,22820730,32820749,"ok",NA,NA,1.03600413426579,0.0881676934680403,0.445554445554446,0.273726273726274,FALSE,FALSE,"reestimated",198.949,"31844"
"S2",2,100,0,556,22821739,32821758,"ok",NA,NA,1.13013009565953,0.0989888503127272,0.330669330669331,0.246753246753247,FALSE,FALSE,"reestimated",195.572,"31844"
"S2",2,100,0,557,22822748,32822767,"ok",NA,NA,1.24544847854346,0.0786082185518152,0.191808191808192,0.558441558441558,FALSE,FALSE,"reestimated",198.185,"31844"
"S2",2,100,0,558,22823757,32823776,"ok",NA,NA,1.4936544042132,0.11696289681834,0.042957042957043,0.202797202797203,TRUE,FALSE,"reestimated",197.59,"31844"
"S2",2,100,0,559,22824766,32824785,"ok",NA,NA,1.31456955445229,0.121786454184319,0.100899100899101,0.142857142857143,FALSE,FALSE,"reestimated",199.402999999999,"31844"
"S2",2,100,0,560,22825775,32825794,"ok",NA,NA,1.06936089246201,0.0612438881817811,0.413586413586414,0.737262737262737,FALSE,FALSE,"reestimated",195.913,"31844"
"S2",2,100,0,561,22826784,32826803,"ok",NA,NA,0.911207788866988,0.0583081179175104,0.813186813186813,0.836163836163836,FALSE,FALSE,"reestimated",194.19,"32306"
"S2",2,100,0,562,22827793,32827812,"ok",NA,NA,1.0404581164859,0.0808386133839467,0.487512487512487,0.403596403596404,FALSE,FALSE,"reestimated",195.394,"32306"
"S2",2,100,0,563,22828802,32828821,"ok",NA,NA,1.21744600557949,0.123684187012668,0.177822177822178,0.0979020979020979,FALSE,FALSE,"reestimated",195.117,"32306"
"S2",2,100,0,564,22829811,32829830,"ok",NA,NA,1.2423527998937,0.133155233257935,0.134865134865135,0.051948051948052,FALSE,FALSE,"reestimated",195.074,"32306"
"S2",2,100,0,565,22830820,32830839,"ok",NA,NA,0.892201243793959,0.0501901885610183,0.803196803196803,0.878121878121878,FALSE,FALSE,"reestimated",194.834,"32306"
"S2",2,100,0,566,22831829,32831848,"ok",NA,NA,0.857660083883396,0.0743103690591528,0.877122877122877,0.512487512487512,FALSE,FALSE,"reestimated",195.855,"32306"
"S2",2,100,0,567,22832838,32832857,"ok",NA,NA,1.52200753089863,0.186680473620953,0.010989010989011,0.00999000999000999,TRUE,TRUE,"reestimated",195.52,"32306"
"S2",2,100,0,568,22833847,32833866,"ok",NA,NA,1.17527297879013,0.105149804813249,0.250749250749251,0.200799200799201,FALSE,FALSE,"reestimated",195.662,"32306"
"S2",2,100,0,569,22834856,32834875,"ok",NA,NA,1.035741710305,0.0870767927016601,0.460539460539461,0.294705294705295,FALSE,FALSE,"reestimated",196.115,"32306"
"S2",2,100,0,570,22835865,32835884,"ok",NA,NA,1.11393639185849,0.0824234698557768,0.394605394605395,0.492507492507492,FALSE,FALSE,"reestimated",195.553,"32306"
"S2",2,100,0,571,22836874,32836893,"ok",NA,NA,1.10016790915434,0.0903188812401607,0.32967032967033,0.321678321678322,FALSE,FALSE,"reestimated",195.298,"32306"
"S2",2,100,0,572,22837883,32837902,"ok",NA,NA,0.876757718966811,0.0584183921313105,0.87012987012987,0.814185814185814,FALSE,FALSE,"reestimated",195.72,"32306"
"S2",2,100,0,573,22838892,32838911,"ok",NA,NA,1.05101610478516,0.0779258831091237,0.508491508491508,0.509490509490509,FALSE,FALSE,"reestimated",196.599,"32306"
"S2",2,100,0,574,22839901,32839920,"ok",NA,NA,1.19354410610506,0.122511160113334,0.170829170829171,0.0699300699300699,FALSE,FALSE,"reestimated",196.158,"32306"
"S2",2,100,0,575,22840910,32840929,"ok",NA,NA,1.02549993753726,0.0673269913149734,0.608391608391608,0.693306693306693,FALSE,FALSE,"reestimated",195.168,"32306"
"S2",2,100,0,576,22841919,32841938,"ok",NA,NA,1.18913035875765,0.0702694817372657,0.205794205794206,0.577422577422577,FALSE,FALSE,"reestimated",195.196,"32306"
"S2",2,100,0,577,22842928,32842947,"ok",NA,NA,1.48334045618031,0.155623249945749,0.037962037962038,0.0589410589410589,TRUE,FALSE,"reestimated",198.727,"32306"
"S2",2,100,0,578,22843937,32843956,"ok",NA,NA,1.03439825367927,0.0874716906327205,0.442557442557443,0.292707292707293,FALSE,FALSE,"reestimated",198.911,"32306"
"S2",2,100,0,579,22844946,32844965,"ok",NA,NA,1.15400822704923,0.0799681134426387,0.254745254745255,0.433566433566434,FALSE,FALSE,"reestimated",198.945,"32306"
"S2",2,100,0,580,22845955,32845974,"ok",NA,NA,1.07942122902836,0.0739733859214793,0.447552447552448,0.598401598401598,FALSE,FALSE,"reestimated",197.897,"32306"
"S2",2,100,0,581,22846964,32846983,"ok",NA,NA,0.976617818044872,0.0626044588771724,0.593406593406593,0.677322677322677,FALSE,FALSE,"reestimated",199.6,"32306"
"S2",2,100,0,582,22847973,32847992,"ok",NA,NA,1.48778192218184,0.168169500652961,0.028971028971029,0.025974025974026,TRUE,TRUE,"reestimated",197.75,"32306"
"S2",2,100,0,583,22848982,32849001,"ok",NA,NA,1.4629226341928,0.164131313321739,0.040959040959041,0.027972027972028,TRUE,TRUE,"reestimated",198.31,"32306"
"S2",2,100,0,584,22849991,32850010,"ok",NA,NA,1.45514912363172,0.152137302694769,0.018981018981019,0.023976023976024,TRUE,TRUE,"reestimated",198.786,"32306"
"S2",2,100,0,585,22851000,32851019,"ok",NA,NA,1.10847821169004,0.0778450000744805,0.355644355644356,0.451548451548452,FALSE,FALSE,"reestimated",198.482,"32306"
"S2",2,100,0,586,22852009,32852028,"ok",NA,NA,1.28706175371176,0.114418099867059,0.108891108891109,0.108891108891109,FALSE,FALSE,"reestimated",198.811,"32306"
"S2",2,100,0,587,22853018,32853037,"ok",NA,NA,1.53323037911699,0.148901839688187,0.011988011988012,0.041958041958042,TRUE,TRUE,"reestimated",199.534,"32306"
"S2",2,100,0,588,22854027,32854046,"ok",NA,NA,0.860332383988477,0.0592168767301678,0.87012987012987,0.773226773226773,FALSE,FALSE,"reestimated",198.201,"32306"
"S2",2,100,0,589,22855036,32855055,"ok",NA,NA,0.950011391145116,0.0560125393667336,0.707292707292707,0.818181818181818,FALSE,FALSE,"reestimated",198.509,"32306"
"S2",2,100,0,590,22856045,32856064,"ok",NA,NA,1.07177876936228,0.0760928430815921,0.351648351648352,0.436563436563437,FALSE,FALSE,"reestimated",198.336,"32306"
"S2",2,100,0,591,22857054,32857073,"ok",NA,NA,1.20642139378473,0.098865748978545,0.190809190809191,0.218781218781219,FALSE,FALSE,"reestimated",197.534,"32306"
"S2",2,100,0,592,22858063,32858082,"ok",NA,NA,1.00106838297382,0.0602337235249762,0.579420579420579,0.735264735264735,FALSE,FALSE,"reestimated",202.099,"32306"
"S2",2,100,0,593,22859072,32859091,"ok",NA,NA,0.794567405287011,0.0554266464022688,0.953046953046953,0.818181818181818,FALSE,FALSE,"reestimated",198.248,"32306"
"S2",2,100,0,594,22860081,32860100,"ok",NA,NA,1.27366070994694,0.127659443324184,0.115884115884116,0.0829170829170829,FALSE,FALSE,"reestimated",199.139,"32306"
"S2",2,100,0,595,22861090,32861109,"ok",NA,NA,1.0448397924666,0.0978469282104365,0.557442557442557,0.302697302697303,FALSE,FALSE,"reestimated",198.665,"32306"
"S2",2,100,0,596,22862099,32862118,"ok",NA,NA,1.15914179380189,0.0711920030872435,0.281718281718282,0.618381618381618,FALSE,FALSE,"reestimated",197.459,"32306"
"S2",2,100,0,597,22863108,32863127,"ok",NA,NA,1.0423278664046,0.0824830709435233,0.423576423576424,0.351648351648352,FALSE,FALSE,"reestimated",199.441,"32306"
"S2",2,100,0,598,22864117,32864136,"ok",NA,NA,1.00343243225246,0.0680228519072759,0.554445554445554,0.602397602397602,FALSE,FALSE,"reestimated",199.726,"32306"
"S2",2,100,0,599,22865126,32865145,"ok",NA,NA,1.02621239592128,0.075096092823354,0.488511488511489,0.47952047952048,FALSE,FALSE,"reestimated",197.974,"32306"
"S2",2,100,0,600,22866135,32866154,"ok",NA,NA,1.06882329365675,0.0876816108386161,0.466533466533467,0.415584415584416,FALSE,FALSE,"reestimated",197.559,"32306"
"S2",2,100,0,601,22867144,32867163,"ok",NA,NA,0.991129209785559,0.0572061595625739,0.628371628371628,0.829170829170829,FALSE,FALSE,"reestimated",198.446,"32306"
"S2",2,100,0,602,22868153,32868172,"ok",NA,NA,1.47972730925775,0.159403082464657,0.032967032967033,0.030969030969031,TRUE,TRUE,"reestimated",199.059,"32306"
"S2",2,100,0,603,22869162,32869181,"ok",NA,NA,1.17238568824526,0.0853141627543859,0.196803196803197,0.325674325674326,FALSE,FALSE,"reestimated",199.436,"32306"
"S2",2,100,0,604,22870171,32870190,"ok",NA,NA,1.02756772489482,0.0909598341913376,0.549450549450549,0.336663336663337,FALSE,FALSE,"reestimated",198.547,"32306"
"S2",2,100,0,605,22871180,32871199,"ok",NA,NA,1.06314677074733,0.0900451371521467,0.498501498501498,0.367632367632368,FALSE,FALSE,"reestimated",198.953,"32306"
"S2",2,100,0,606,22872189,32872208,"ok",NA,NA,1.19916019055471,0.0794601929148074,0.224775224775225,0.500499500499501,FALSE,FALSE,"reestimated",197.888,"32306"
"S2",2,100,0,607,22873198,32873217,"ok",NA,NA,1.28710160719694,0.0680659822745346,0.0849150849150849,0.598401598401598,FALSE,FALSE,"reestimated",199.726,"32306"
"S2",2,100,0,608,22874207,32874226,"ok",NA,NA,1.67622153664721,0.123986471250851,0.00699300699300699,0.170829170829171,TRUE,FALSE,"reestimated",198.975,"32306"
"S2",2,100,0,609,22875216,32875235,"ok",NA,NA,1.05377754874384,0.0628148148691479,0.494505494505495,0.752247752247752,FALSE,FALSE,"reestimated",196.789,"32306"
"S2",2,100,0,610,22876225,32876244,"ok",NA,NA,1.00700448421158,0.0555913346922923,0.577422577422577,0.82017982017982,FALSE,FALSE,"reestimated",197.838,"32306"
"S2",2,100,0,611,22877234,32877253,"ok",NA,NA,1.14041358904911,0.0873970892803028,0.281718281718282,0.33966033966034,FALSE,FALSE,"reestimated",197.787,"32306"
"S2",2,100,0,612,22878243,32878262,"ok",NA,NA,1.50771194706581,0.106646268570195,0.00999000999000999,0.148851148851149,TRUE,FALSE,"reestimated",198.435,"32306"
"S2",2,100,0,613,22879252,32879271,"ok",NA,NA,1.07440680561233,0.0503175667400056,0.383616383616384,0.889110889110889,FALSE,FALSE,"reestimated",197.362,"32306"
"S2",2,100,0,614,22880261,32880280,"ok",NA,NA,1.15493854563805,0.0862409400983154,0.233766233766234,0.307692307692308,FALSE,FALSE,"reestimated",197.809,"32306"
"S2",2,100,0,615,22881270,32881289,"ok",NA,NA,1.14889886925922,0.0803618467615535,0.303696303696304,0.447552447552448,FALSE,FALSE,"reestimated",197.377,"32306"
"S2",2,100,0,616,22882279,32882298,"ok",NA,NA,0.980032876853062,0.0618915941248448,0.658341658341658,0.756243756243756,FALSE,FALSE,"reestimated",197.897,"32306"
"S2",2,100,0,617,22883288,32883307,"ok",NA,NA,1.13988377140596,0.113085148809323,0.288711288711289,0.13986013986014,FALSE,FALSE,"reestimated",196.959,"32306"
"S2",2,100,0,618,22884297,32884316,"ok",NA,NA,0.984757321638537,0.0644848381256419,0.597402597402597,0.668331668331668,FALSE,FALSE,"reestimated",197.503,"32306"
"S2",2,100,0,619,22885306,32885325,"ok",NA,NA,0.882888529800139,0.0684001002106592,0.852147852147852,0.639360639360639,FALSE,FALSE,"reestimated",197.72,"32306"
"S2",2,100,0,620,22886315,32886334,"ok",NA,NA,0.836213037392963,0.0606109630963278,0.903096903096903,0.727272727272727,FALSE,FALSE,"reestimated",198.721,"32306"
"S2",2,100,0,621,22887324,32887343,"ok",NA,NA,1.27691324058919,0.139730087135658,0.0689310689310689,0.027972027972028,FALSE,TRUE,"reestimated",197.839,"32306"
"S2",2,100,0,622,22888333,32888352,"ok",NA,NA,1.36489735526789,0.135185873488491,0.0579420579420579,0.048951048951049,FALSE,TRUE,"reestimated",197.752,"32306"
"S2",2,100,0,623,22889342,32889361,"ok",NA,NA,1.00463370257134,0.0580704963665338,0.598401598401598,0.808191808191808,FALSE,FALSE,"reestimated",197.153,"32306"
"S2",2,100,0,624,22890351,32890370,"ok",NA,NA,1.32827479498039,0.1449199301733,0.0749250749250749,0.034965034965035,FALSE,TRUE,"reestimated",199.321,"32306"
"S2",2,100,0,625,22891360,32891379,"ok",NA,NA,1.07984092259563,0.0786018635700128,0.360639360639361,0.426573426573427,FALSE,FALSE,"reestimated",199.298,"32306"
"S2",2,100,0,626,22892369,32892388,"ok",NA,NA,0.993880125214787,0.076602706426033,0.6003996003996,0.480519480519481,FALSE,FALSE,"reestimated",197.021,"32306"
"S2",2,100,0,627,22893378,32893397,"ok",NA,NA,1.29327133406002,0.114977442839147,0.0969030969030969,0.137862137862138,FALSE,FALSE,"reestimated",196.302,"32306"
"S2",2,100,0,628,22894387,32894406,"ok",NA,NA,1.10891545120553,0.0804228665981044,0.31968031968032,0.373626373626374,FALSE,FALSE,"reestimated",195.676,"32306"
"S2",2,100,0,629,22895396,32895415,"ok",NA,NA,1.10989528541887,0.0810049432499548,0.307692307692308,0.424575424575425,FALSE,FALSE,"reestimated",196.562,"32306"
"S2",2,100,0,630,22896405,32896424,"ok",NA,NA,1.00381734141719,0.103058108127338,0.6003996003996,0.207792207792208,FALSE,FALSE,"reestimated",196.874,"32306"
"S2",2,100,0,631,22897414,32897433,"ok",NA,NA,1.37778311296992,0.162158498938457,0.0589410589410589,0.015984015984016,FALSE,TRUE,"reestimated",195.552,"32306"
"S2",2,100,0,632,22898423,32898442,"ok",NA,NA,1.15743981622525,0.100717838497148,0.305694305694306,0.285714285714286,FALSE,FALSE,"reestimated",196.581,"32306"
"S2",2,100,0,633,22899432,32899451,"ok",NA,NA,1.12911007887261,0.0631896993730685,0.262737262737263,0.696303696303696,FALSE,FALSE,"reestimated",196.408,"32306"
"S2",2,100,0,634,22900441,32900460,"ok",NA,NA,1.49602731064388,0.189897519172996,0.024975024975025,0.022977022977023,TRUE,TRUE,"reestimated",195.581,"32306"
"S2",2,100,0,635,22901450,32901469,"ok",NA,NA,1.14163509504117,0.0645440902562868,0.257742257742258,0.633366633366633,FALSE,FALSE,"reestimated",197.89,"32306"
"S2",2,100,0,636,22902459,32902478,"ok",NA,NA,0.990480996079005,0.0716420863081417,0.621378621378621,0.599400599400599,FALSE,FALSE,"reestimated",195.794,"32306"
"S2",2,100,0,637,22903468,32903487,"ok",NA,NA,1.19713793462227,0.094973212956749,0.181818181818182,0.220779220779221,FALSE,FALSE,"reestimated",196.377,"32306"
"S2",2,100,0,638,22904477,32904496,"ok",NA,NA,0.923323679324872,0.0530318423972295,0.765234765234765,0.87012987012987,FALSE,FALSE,"reestimated",195.553,"32306"
"S2",2,100,0,639,22905486,32905505,"ok",NA,NA,1.22486687764791,0.102797981454745,0.208791208791209,0.291708291708292,FALSE,FALSE,"reestimated",195.395,"32306"
"S2",2,100,0,640,22906495,32906514,"ok",NA,NA,0.997966015437511,0.0750022294856389,0.628371628371628,0.577422577422577,FALSE,FALSE,"reestimated",196.727,"32306"
"S2",2,100,0,641,22907504,32907523,"ok",NA,NA,1.62448488432524,0.213948110299672,0.00799200799200799,0.00599400599400599,TRUE,TRUE,"reestimated",197.885,"32306"
"S2",2,100,0,642,22908513,32908532,"ok",NA,NA,0.853631082803183,0.0543418247772586,0.889110889110889,0.846153846153846,FALSE,FALSE,"reestimated",198.078,"32306"
"S2",2,100,0,643,22909522,32909541,"ok",NA,NA,1.09895448175607,0.0924165928136053,0.372627372627373,0.307692307692308,FALSE,FALSE,"reestimated",198.189,"32306"
"S2",2,100,0,644,22910531,32910550,"ok",NA,NA,1.08339235007873,0.0930365599826915,0.375624375624376,0.256743256743257,FALSE,FALSE,"reestimated",199.251,"32306"
"S2",2,100,0,645,22911540,32911559,"ok",NA,NA,0.946617471653558,0.062814031139022,0.776223776223776,0.782217782217782,FALSE,FALSE,"reestimated",196.396,"32306"
"S2",2,100,0,646,22912549,32912568,"ok",NA,NA,0.88625201134434,0.0691126422167326,0.808191808191808,0.551448551448551,FALSE,FALSE,"reestimated",198.65,"32306"
"S2",2,100,0,647,22913558,32913577,"ok",NA,NA,1.13526909189194,0.0887788265017042,0.312687312687313,0.334665334665335,FALSE,FALSE,"reestimated",197.024,"32306"
"S2",2,100,0,648,22914567,32914586,"ok",NA,NA,0.958853848592367,0.047894638906875,0.684315684315684,0.922077922077922,FALSE,FALSE,"reestimated",197.55,"32306"
"S2",2,100,0,649,22915576,32915595,"ok",NA,NA,1.18632247675956,0.0929150547339091,0.162837162837163,0.218781218781219,FALSE,FALSE,"reestimated",198.773,"32306"
"S2",2,100,0,650,22916585,32916604,"ok",NA,NA,1.20342735880497,0.0982288938505582,0.190809190809191,0.230769230769231,FALSE,FALSE,"reestimated",197.061,"32306"
"S2",2,100,0,651,22917594,32917613,"ok",NA,NA,0.928480908750361,0.065920807907244,0.757242757242757,0.684315684315684,FALSE,FALSE,"reestimated",201.437,"32306"
"S2",2,100,0,652,22918603,32918622,"ok",NA,NA,1.02188380908974,0.104182863502288,0.58041958041958,0.228771228771229,FALSE,FALSE,"reestimated",197.318,"32306"
"S2",2,100,0,653,22919612,32919631,"ok",NA,NA,1.08113796514438,0.107920375572434,0.355644355644356,0.138861138861139,FALSE,FALSE,"reestimated",198.388,"32306"
"S2",2,100,0,654,22920621,32920640,"ok",NA,NA,1.15469258685724,0.0857980167122706,0.303696303696304,0.416583416583417,FALSE,FALSE,"reestimated",197.393,"32306"
"S2",2,100,0,655,22921630,32921649,"ok",NA,NA,1.05612957099927,0.0909627748565309,0.512487512487512,0.364635364635365,FALSE,FALSE,"reestimated",201.38,"32306"
"S2",2,100,0,656,22922639,32922658,"ok",NA,NA,0.8225468294247,0.0545058014608492,0.937062937062937,0.857142857142857,FALSE,FALSE,"reestimated",198.203,"32306"
"S2",2,100,0,657,22923648,32923667,"ok",NA,NA,1.11283302992626,0.104559977135603,0.348651348651349,0.214785214785215,FALSE,FALSE,"reestimated",198.116,"32306"
"S2",2,100,0,658,22924657,32924676,"ok",NA,NA,1.64744580254765,0.216018041428629,0.00599400599400599,0.015984015984016,TRUE,TRUE,"reestimated",197.511,"32306"
"S2",2,100,0,659,22925666,32925685,"ok",NA,NA,0.893090796997923,0.0498499992593556,0.821178821178821,0.91008991008991,FALSE,FALSE,"reestimated",198.467,"32306"
"S2",2,100,0,660,22926675,32926694,"ok",NA,NA,0.949138637444075,0.0550796959059496,0.723276723276723,0.851148851148851,FALSE,FALSE,"reestimated",197.887,"32306"
"S2",2,100,0,661,22927684,32927703,"ok",NA,NA,1.17674686464468,0.110514743825852,0.253746253746254,0.1998001998002,FALSE,FALSE,"reestimated",198.128,"32306"
"S2",2,100,0,662,22928693,32928712,"ok",NA,NA,0.987581008885355,0.0783771980530482,0.63036963036963,0.456543456543457,FALSE,FALSE,"reestimated",197.884,"32306"
"S2",2,100,0,663,22929702,32929721,"ok",NA,NA,0.995642099841171,0.0893015964945657,0.61038961038961,0.364635364635365,FALSE,FALSE,"reestimated",198.337,"32306"
"S2",2,100,0,664,22930711,32930730,"ok",NA,NA,1.40647454127687,0.14495334731686,0.031968031968032,0.031968031968032,TRUE,TRUE,"reestimated",197.797,"32306"
"S2",2,100,0,665,22931720,32931739,"ok",NA,NA,0.997643798053977,0.0781626571917965,0.569430569430569,0.450549450549451,FALSE,FALSE,"reestimated",197.836,"32306"
"S2",2,100,0,666,22932729,32932748,"ok",NA,NA,1.05341598187685,0.083553197291098,0.463536463536464,0.402597402597403,FALSE,FALSE,"reestimated",197.953,"32306"
"S2",2,100,0,667,22933738,32933757,"ok",NA,NA,1.15405720872464,0.0724140809445439,0.237762237762238,0.532467532467532,FALSE,FALSE,"reestimated",198.356,"32306"
"S2",2,100,0,668,22934747,32934766,"ok",NA,NA,1.08502197986093,0.0985952053359161,0.431568431568432,0.26973026973027,FALSE,FALSE,"reestimated",197.76,"32306"
"S2",2,100,0,669,22935756,32935775,"ok",NA,NA,1.08759330449079,0.0644446428330012,0.411588411588412,0.736263736263736,FALSE,FALSE,"reestimated",201.216,"32306"
"S2",2,100,0,670,22936765,32936784,"ok",NA,NA,1.1581316903203,0.0896178545040843,0.298701298701299,0.356643356643357,FALSE,FALSE,"reestimated",198.558,"32306"
"S2",2,100,0,671,22937774,32937793,"ok",NA,NA,1.39298003738,0.169175061754697,0.0839160839160839,0.0619380619380619,FALSE,FALSE,"reestimated",198.089,"32306"
"S2",2,100,0,672,22938783,32938802,"ok",NA,NA,0.825361642663653,0.0608126400889507,0.935064935064935,0.761238761238761,FALSE,FALSE,"reestimated",197.735,"32306"
"S2",2,100,0,673,22939792,32939811,"ok",NA,NA,0.808130123709278,0.0541762730335778,0.943056943056943,0.868131868131868,FALSE,FALSE,"reestimated",197.995,"32306"
"S2",2,100,0,674,22940801,32940820,"ok",NA,NA,1.25182279842656,0.092578757366708,0.13986013986014,0.307692307692308,FALSE,FALSE,"reestimated",198.04,"32306"
"S2",2,100,0,675,22941810,32941829,"ok",NA,NA,1.02729287848546,0.072404272377799,0.510489510489511,0.536463536463537,FALSE,FALSE,"reestimated",198.138,"32306"
"S2",2,100,0,676,22942819,32942838,"ok",NA,NA,0.888903436290017,0.0703239700087451,0.809190809190809,0.582417582417582,FALSE,FALSE,"reestimated",197.867,"32306"
"S2",2,100,0,677,22943828,32943847,"ok",NA,NA,1.09093614150433,0.096604899683802,0.353646353646354,0.233766233766234,FALSE,FALSE,"reestimated",198.058,"32306"
"S2",2,100,0,678,22944837,32944856,"ok",NA,NA,0.939612885358702,0.0574406621119943,0.746253746253746,0.798201798201798,FALSE,FALSE,"reestimated",197.953,"32306"
"S2",2,100,0,679,22945846,32945865,"ok",NA,NA,0.985127542903161,0.0845310933836799,0.605394605394605,0.377622377622378,FALSE,FALSE,"reestimated",197.988,"32306"
"S2",2,100,0,680,22946855,32946874,"ok",NA,NA,0.992431256250431,0.0852461103010463,0.61038961038961,0.374625374625375,FALSE,FALSE,"reestimated",196.362,"32306"
"S2",2,100,0,681,22947864,32947883,"ok",NA,NA,1.28168924856039,0.115512693179142,0.134865134865135,0.160839160839161,FALSE,FALSE,"reestimated",197.719,"32306"
"S2",2,100,0,682,22948873,32948892,"ok",NA,NA,1.08906608687963,0.109526456785665,0.356643356643357,0.146853146853147,FALSE,FALSE,"reestimated",198.715,"32306"
"S2",2,100,0,683,22949882,32949901,"ok",NA,NA,1.35286821694364,0.13946806816554,0.045954045954046,0.046953046953047,TRUE,TRUE,"reestimated",197.147,"32306"
"S2",2,100,0,684,22950891,32950910,"ok",NA,NA,1.07064056017228,0.105783145676117,0.430569430569431,0.17982017982018,FALSE,FALSE,"reestimated",196.901,"32306"
"S2",2,100,0,685,22951900,32951919,"ok",NA,NA,1.04045426681152,0.0667394147690244,0.488511488511489,0.647352647352647,FALSE,FALSE,"reestimated",197.513,"32306"
"S2",2,100,0,686,22952909,32952928,"ok",NA,NA,0.91113938911054,0.0575828069391781,0.748251748251748,0.766233766233766,FALSE,FALSE,"reestimated",198.534,"32306"
"S2",2,100,0,687,22953918,32953937,"ok",NA,NA,0.956461224485606,0.0788304797260987,0.655344655344655,0.430569430569431,FALSE,FALSE,"reestimated",198.067,"32306"
"S2",2,100,0,688,22954927,32954946,"ok",NA,NA,1.453794831588,0.172190384670507,0.030969030969031,0.025974025974026,TRUE,TRUE,"reestimated",197.612,"32306"
"S2",2,100,0,689,22955936,32955955,"ok",NA,NA,1.12174400263142,0.0630260045414831,0.341658341658342,0.712287712287712,FALSE,FALSE,"reestimated",196.19,"32306"
"S2",2,100,0,690,22956945,32956964,"ok",NA,NA,1.19367743575601,0.0944830703504914,0.276723276723277,0.358641358641359,FALSE,FALSE,"reestimated",195.241,"32306"
"S2",2,100,0,691,22957954,32957973,"ok",NA,NA,0.967231457464813,0.0612349382949682,0.624375624375624,0.704295704295704,FALSE,FALSE,"reestimated",195.744,"32306"
"S2",2,100,0,692,22958963,32958982,"ok",NA,NA,0.883446668053248,0.0672141938748224,0.861138861138861,0.677322677322677,FALSE,FALSE,"reestimated",194.983,"32306"
"S2",2,100,0,693,22959972,32959991,"ok",NA,NA,0.911467138811074,0.0588143942214968,0.805194805194805,0.789210789210789,FALSE,FALSE,"reestimated",195.882,"32306"
"S2",2,100,0,694,22960981,32961000,"ok",NA,NA,1.18670891567088,0.070215510562444,0.221778221778222,0.6003996003996,FALSE,FALSE,"reestimated",194.916,"32306"
"S2",2,100,0,695,22961990,32962009,"ok",NA,NA,0.827752952412135,0.0458154304128473,0.918081918081918,0.947052947052947,FALSE,FALSE,"reestimated",195.614,"32306"
"S2",2,100,0,696,22962999,32963018,"ok",NA,NA,1.13743154704185,0.0932339845999637,0.322677322677323,0.316683316683317,FALSE,FALSE,"reestimated",195.323,"32306"
"S2",2,100,0,697,22964008,32964027,"ok",NA,NA,1.04012469586531,0.0838764137203273,0.46953046953047,0.358641358641359,FALSE,FALSE,"reestimated",197.184,"32306"
"S2",2,100,0,698,22965017,32965036,"ok",NA,NA,1.07553508026658,0.0865734936740964,0.410589410589411,0.348651348651349,FALSE,FALSE,"reestimated",197.81,"32306"
"S2",2,100,0,699,22966026,32966045,"ok",NA,NA,1.06852408322178,0.0870465522946769,0.447552447552448,0.377622377622378,FALSE,FALSE,"reestimated",195.21,"32306"
"S2",2,100,0,700,22967035,32967054,"ok",NA,NA,1.16838010024954,0.121809535845275,0.214785214785215,0.0979020979020979,FALSE,FALSE,"reestimated",196.527,"32306"
"S2",2,100,0,701,22968044,32968063,"ok",NA,NA,1.05134293109975,0.0646108450431092,0.426573426573427,0.658341658341658,FALSE,FALSE,"reestimated",196.372,"32306"
"S2",2,100,0,702,22969053,32969072,"ok",NA,NA,0.925987568457659,0.0634550366619297,0.797202797202797,0.752247752247752,FALSE,FALSE,"reestimated",195.41,"32306"
"S2",2,100,0,703,22970062,32970081,"ok",NA,NA,1.21439509827989,0.109196227345447,0.193806193806194,0.188811188811189,FALSE,FALSE,"reestimated",195.258,"32306"
"S2",2,100,0,704,22971071,32971090,"ok",NA,NA,1.26443061588438,0.106862005396802,0.128871128871129,0.193806193806194,FALSE,FALSE,"reestimated",195.813,"32306"
"S2",2,100,0,705,22972080,32972099,"ok",NA,NA,1.25890840846436,0.0854710975693076,0.138861138861139,0.365634365634366,FALSE,FALSE,"reestimated",198.656,"32306"
"S2",2,100,0,706,22973089,32973108,"ok",NA,NA,1.35081268251999,0.161063356385808,0.0619380619380619,0.018981018981019,FALSE,TRUE,"reestimated",198.13,"32306"
"S2",2,100,0,707,22974098,32974117,"ok",NA,NA,0.903028004171443,0.0556789533113047,0.797202797202797,0.83016983016983,FALSE,FALSE,"reestimated",198.856,"32306"
"S2",2,100,0,708,22975107,32975126,"ok",NA,NA,0.880187867936523,0.0586678258836243,0.837162837162837,0.785214785214785,FALSE,FALSE,"reestimated",198.008,"32306"
"S2",2,100,0,709,22976116,32976135,"ok",NA,NA,0.945336712842547,0.0721640268251329,0.765234765234765,0.677322677322677,FALSE,FALSE,"reestimated",198.305,"32306"
"S2",2,100,0,710,22977125,32977144,"ok",NA,NA,0.958620241503075,0.0671943585683374,0.701298701298701,0.651348651348651,FALSE,FALSE,"reestimated",200.289,"32306"
"S2",2,100,0,711,22978134,32978153,"ok",NA,NA,1.12755145438955,0.0759959372781409,0.341658341658342,0.542457542457542,FALSE,FALSE,"reestimated",198.085,"32306"
"S2",2,100,0,712,22979143,32979162,"ok",NA,NA,0.952762646381283,0.0661221762546819,0.719280719280719,0.704295704295704,FALSE,FALSE,"reestimated",198.929,"32306"
"S2",2,100,0,713,22980152,32980171,"ok",NA,NA,1.00583130722955,0.0686737251427125,0.58041958041958,0.633366633366633,FALSE,FALSE,"reestimated",197.79,"32306"
"S2",2,100,0,714,22981161,32981180,"ok",NA,NA,1.07907255156116,0.0971393200438518,0.416583416583417,0.252747252747253,FALSE,FALSE,"reestimated",198.829,"32306"
"S2",2,100,0,715,22982170,32982189,"ok",NA,NA,1.18377461529526,0.101314686118806,0.244755244755245,0.241758241758242,FALSE,FALSE,"reestimated",198.799,"32306"
"S2",2,100,0,716,22983179,32983198,"ok",NA,NA,1.07925132643544,0.0731981936373535,0.353646353646354,0.486513486513487,FALSE,FALSE,"reestimated",197.752,"32306"
"S2",2,100,0,717,22984188,32984207,"ok",NA,NA,1.24137833292125,0.107945331575002,0.168831168831169,0.185814185814186,FALSE,FALSE,"reestimated",198.743,"32306"
"S2",2,100,0,718,22985197,32985216,"ok",NA,NA,0.997985353810972,0.0644559249950063,0.642357642357642,0.762237762237762,FALSE,FALSE,"reestimated",198.917,"32306"
"S2",2,100,0,719,22986206,32986225,"ok",NA,NA,1.03859126817579,0.0853300024459462,0.511488511488511,0.38961038961039,FALSE,FALSE,"reestimated",198.277,"32306"
"S2",2,100,0,720,22987215,32987234,"ok",NA,NA,1.05114533917657,0.0752640937748626,0.382617382617383,0.436563436563437,FALSE,FALSE,"reestimated",198.054,"32306"
"S2",2,100,0,721,22988224,32988243,"ok",NA,NA,0.896207070580296,0.0525908919894527,0.811188811188811,0.873126873126873,FALSE,FALSE,"reestimated",198.871,"32306"
"S2",2,100,0,722,22989233,32989252,"ok",NA,NA,1.24990267498166,0.0949620830366467,0.13986013986014,0.244755244755245,FALSE,FALSE,"reestimated",198.019,"32306"
"S2",2,100,0,723,22990242,32990261,"ok",NA,NA,0.863300016702936,0.0564229759544927,0.877122877122877,0.829170829170829,FALSE,FALSE,"reestimated",198.476,"32306"
"S2",2,100,0,724,22991251,32991270,"ok",NA,NA,1.13223861772801,0.0771307577274771,0.252747252747253,0.442557442557443,FALSE,FALSE,"reestimated",199.186,"32306"
"S2",2,100,0,725,22992260,32992279,"ok",NA,NA,1.07752800908807,0.0719429253331449,0.484515484515485,0.631368631368631,FALSE,FALSE,"reestimated",198.964,"32306"
"S2",2,100,0,726,22993269,32993288,"ok",NA,NA,1.10682447159707,0.122132767411767,0.415584415584416,0.142857142857143,FALSE,FALSE,"reestimated",198.653,"32306"
"S2",2,100,0,727,22994278,32994297,"ok",NA,NA,0.842753418334311,0.0661643371166236,0.9000999000999,0.635364635364635,FALSE,FALSE,"reestimated",197.986,"32306"
"S2",2,100,0,728,22995287,32995306,"ok",NA,NA,0.990049779510129,0.0609482388820418,0.568431568431568,0.715284715284715,FALSE,FALSE,"reestimated",199.364,"32306"
"S2",2,100,0,729,22996296,32996315,"ok",NA,NA,0.942162898520851,0.0798797619118179,0.696303696303696,0.430569430569431,FALSE,FALSE,"reestimated",198.507,"32306"
"S2",2,100,0,730,22997305,32997324,"ok",NA,NA,0.921234871513355,0.0578706404873387,0.768231768231768,0.779220779220779,FALSE,FALSE,"reestimated",198.981,"32306"
"S2",2,100,0,731,22998314,32998333,"ok",NA,NA,1.23762308804116,0.137312280694338,0.177822177822178,0.0909090909090909,FALSE,FALSE,"reestimated",199.125,"32306"
"S2",2,100,0,732,22999323,32999342,"ok",NA,NA,1.11369365527497,0.101641089924098,0.360639360639361,0.227772227772228,FALSE,FALSE,"reestimated",198.328,"32306"
"S2",2,100,0,733,23000332,33000351,"ok",NA,NA,1.050710366872,0.0605992810088638,0.456543456543457,0.739260739260739,FALSE,FALSE,"reestimated",199.306,"32306"
"S2",2,100,0,734,23001341,33001360,"ok",NA,NA,1.21933989645513,0.124892878731634,0.183816183816184,0.0899100899100899,FALSE,FALSE,"reestimated",196.691,"32306"
"S2",2,100,0,735,23002350,33002369,"ok",NA,NA,1.22053341330324,0.090805789177887,0.173826173826174,0.311688311688312,FALSE,FALSE,"reestimated",198.272,"32306"
"S2",2,100,0,736,23003359,33003378,"ok",NA,NA,1.08568236451293,0.10660014800815,0.518481518481518,0.306693306693307,FALSE,FALSE,"reestimated",197.374,"32306"
"S2",2,100,0,737,23004368,33004387,"ok",NA,NA,0.940505197688212,0.0652652525816897,0.708291708291708,0.681318681318681,FALSE,FALSE,"reestimated",198.349,"32306"
"S2",2,100,0,738,23005377,33005396,"ok",NA,NA,1.55149342697292,0.185588359485915,0.012987012987013,0.010989010989011,TRUE,TRUE,"reestimated",198.918,"32306"
"S2",2,100,0,739,23006386,33006405,"ok",NA,NA,0.891864929508371,0.0581102575055678,0.852147852147852,0.846153846153846,FALSE,FALSE,"reestimated",198.627,"32306"
"S2",2,100,0,740,23007395,33007414,"ok",NA,NA,1.04552997068634,0.0841609731565165,0.445554445554446,0.337662337662338,FALSE,FALSE,"reestimated",198.957,"32306"
"S2",2,100,0,741,23008404,33008423,"ok",NA,NA,1.16358734784972,0.086298306587867,0.195804195804196,0.297702297702298,FALSE,FALSE,"reestimated",199.43,"32306"
"S2",2,100,0,742,23009413,33009432,"ok",NA,NA,0.805515131224199,0.0522693318394092,0.943056943056943,0.888111888111888,FALSE,FALSE,"reestimated",197.952,"32306"
"S2",2,100,0,743,23010422,33010441,"ok",NA,NA,1.08021012120598,0.0933734278028063,0.393606393606394,0.274725274725275,FALSE,FALSE,"reestimated",197.726,"32306"
"S2",2,100,0,744,23011431,33011450,"ok",NA,NA,1.06846173911295,0.0731024046528152,0.385614385614386,0.483516483516484,FALSE,FALSE,"reestimated",198.552,"32306"
"S2",2,100,0,745,23012440,33012459,"ok",NA,NA,1.39544335619581,0.155249797001522,0.0699300699300699,0.034965034965035,FALSE,TRUE,"reestimated",198.908,"32306"
"S2",2,100,0,746,23013449,33013468,"ok",NA,NA,1.15683631577043,0.0994403622001531,0.256743256743257,0.210789210789211,FALSE,FALSE,"reestimated",198.02,"32306"
"S2",2,100,0,747,23014458,33014477,"ok",NA,NA,1.03531072467142,0.089694552715247,0.476523476523477,0.272727272727273,FALSE,FALSE,"reestimated",198.616,"32306"
"S2",2,100,0,748,23015467,33015486,"ok",NA,NA,1.07563290508487,0.101138288543981,0.37962037962038,0.18981018981019,FALSE,FALSE,"reestimated",198.041,"32306"
"S2",2,100,0,749,23016476,33016495,"ok",NA,NA,1.20967489960759,0.10607381496624,0.217782217782218,0.208791208791209,FALSE,FALSE,"reestimated",199.156,"32306"
"S2",2,100,0,750,23017485,33017504,"ok",NA,NA,1.05826738580715,0.0719261658596438,0.431568431568432,0.568431568431568,FALSE,FALSE,"reestimated",198.807,"32306"
"S2",2,100,0,751,23018494,33018513,"ok",NA,NA,1.32915063115505,0.134135766057134,0.0829170829170829,0.0679320679320679,FALSE,FALSE,"reestimated",197.981,"32306"
"S2",2,100,0,752,23019503,33019522,"ok",NA,NA,1.09867556256054,0.103466034739001,0.397602397602398,0.242757242757243,FALSE,FALSE,"reestimated",197.185,"32306"
"S2",2,100,0,753,23020512,33020531,"ok",NA,NA,1.22841329840424,0.0781906131249392,0.177822177822178,0.517482517482518,FALSE,FALSE,"reestimated",192.901,"32306"
"S2",2,100,0,754,23021521,33021540,"ok",NA,NA,0.962485209080848,0.074770188897867,0.661338661338661,0.502497502497502,FALSE,FALSE,"reestimated",196.672,"32306"
"S2",2,100,0,755,23022530,33022549,"ok",NA,NA,0.976721030426672,0.0906514924421954,0.631368631368631,0.266733266733267,FALSE,FALSE,"reestimated",196.602,"32306"
"S2",2,100,0,756,23023539,33023558,"ok",NA,NA,1.0009501203234,0.0781290821692622,0.561438561438561,0.417582417582418,FALSE,FALSE,"reestimated",196.325,"32306"
"S2",2,100,0,757,23024548,33024567,"ok",NA,NA,0.901924237233771,0.056927169693247,0.814185814185814,0.846153846153846,FALSE,FALSE,"reestimated",196.18,"32306"
"S2",2,100,0,758,23025557,33025576,"ok",NA,NA,1.12634990218006,0.123974135911409,0.34965034965035,0.127872127872128,FALSE,FALSE,"reestimated",194.951,"32306"
"S2",2,100,0,759,23026566,33026585,"ok",NA,NA,1.28744981548331,0.0977039870029986,0.112887112887113,0.264735264735265,FALSE,FALSE,"reestimated",196.547,"32306"
"S2",2,100,0,760,23027575,33027594,"ok",NA,NA,1.12213064602434,0.0759083354141706,0.334665334665335,0.506493506493506,FALSE,FALSE,"reestimated",196.42,"32306"
"S2",2,100,0,761,23028584,33028603,"ok",NA,NA,1.12751904661015,0.0774511779071755,0.282717282717283,0.474525474525474,FALSE,FALSE,"reestimated",196.755,"32306"
"S2",2,100,0,762,23029593,33029612,"ok",NA,NA,0.835142971230649,0.0450509025990915,0.916083916083916,0.953046953046953,FALSE,FALSE,"reestimated",196.846,"32306"
"S2",2,100,0,763,23030602,33030621,"ok",NA,NA,1.19760930650429,0.0942724121228361,0.235764235764236,0.305694305694306,FALSE,FALSE,"reestimated",196.985,"32306"
"S2",2,100,0,764,23031611,33031630,"ok",NA,NA,1.02213142158905,0.0759410273449152,0.535464535464535,0.508491508491508,FALSE,FALSE,"reestimated",195.769,"32306"
"S2",2,100,0,765,23032620,33032639,"ok",NA,NA,0.994394786310634,0.0871507315830612,0.569430569430569,0.330669330669331,FALSE,FALSE,"reestimated",195.077,"32306"
"S2",2,100,0,766,23033629,33033648,"ok",NA,NA,1.08029326062473,0.0801281486064997,0.355644355644356,0.376623376623377,FALSE,FALSE,"reestimated",195.541,"32306"
"S2",2,100,0,767,23034638,33034657,"ok",NA,NA,1.01789164915702,0.0668354463840986,0.56043956043956,0.652347652347652,FALSE,FALSE,"reestimated",195.821,"32306"
"S2",2,100,0,768,23035647,33035666,"ok",NA,NA,1.33077975748657,0.0748808166724122,0.0569430569430569,0.466533466533467,FALSE,FALSE,"reestimated",195.511,"32306"
"S2",2,100,0,769,23036656,33036675,"ok",NA,NA,0.989220566327487,0.0643580316502944,0.643356643356643,0.746253746253746,FALSE,FALSE,"reestimated",200.766,"32306"
"S2",2,100,0,770,23037665,33037684,"ok",NA,NA,1.25099361128273,0.11239566676703,0.131868131868132,0.145854145854146,FALSE,FALSE,"reestimated",197.259,"32306"
"S2",2,100,0,771,23038674,33038693,"ok",NA,NA,0.840501963091386,0.0657198516896101,0.896103896103896,0.656343656343656,FALSE,FALSE,"reestimated",198.466,"32306"
"S2",2,100,0,772,23039683,33039702,"ok",NA,NA,1.1857216394683,0.100810217215242,0.218781218781219,0.21978021978022,FALSE,FALSE,"reestimated",198.168,"32306"
"S2",2,100,0,773,23040692,33040711,"ok",NA,NA,1.09931763800211,0.0851181923949614,0.375624375624376,0.374625374625375,FALSE,FALSE,"reestimated",197.728,"32306"
"S2",2,100,0,774,23041701,33041720,"ok",NA,NA,1.13484502173051,0.0883922541363979,0.318681318681319,0.372627372627373,FALSE,FALSE,"reestimated",197.238,"32306"
"S2",2,100,0,775,23042710,33042729,"ok",NA,NA,1.09165712101201,0.0782328481440242,0.36963036963037,0.455544455544456,FALSE,FALSE,"reestimated",196.809,"32306"
"S2",2,100,0,776,23043719,33043738,"ok",NA,NA,1.07687745683879,0.0994087073573264,0.436563436563437,0.253746253746254,FALSE,FALSE,"reestimated",201.767,"32306"
"S2",2,100,0,777,23044728,33044747,"ok",NA,NA,0.870417172166074,0.0566454703225193,0.874125874125874,0.83016983016983,FALSE,FALSE,"reestimated",201.098,"32306"
"S2",2,100,0,778,23045737,33045756,"ok",NA,NA,1.05248181034612,0.0667606078628802,0.42957042957043,0.65034965034965,FALSE,FALSE,"reestimated",197.711,"32306"
"S2",2,100,0,779,23046746,33046765,"ok",NA,NA,0.976981323053336,0.0793479773937293,0.671328671328671,0.503496503496504,FALSE,FALSE,"reestimated",199.607,"32306"
"S2",2,100,0,780,23047755,33047774,"ok",NA,NA,1.25521845849885,0.124464280637316,0.112887112887113,0.0689310689310689,FALSE,FALSE,"reestimated",199.062,"32306"
"S2",2,100,0,781,23048764,33048783,"ok",NA,NA,1.04394239320596,0.076102186913266,0.492507492507492,0.521478521478521,FALSE,FALSE,"reestimated",197.722,"32306"
"S2",2,100,0,782,23049773,33049792,"ok",NA,NA,1.21922066166362,0.104388666503643,0.208791208791209,0.248751248751249,FALSE,FALSE,"reestimated",197.934,"32306"
"S2",2,100,0,783,23050782,33050801,"ok",NA,NA,1.50555166074605,0.175456164219828,0.01998001998002,0.017982017982018,TRUE,TRUE,"reestimated",198.403,"32306"
"S2",2,100,0,784,23051791,33051810,"ok",NA,NA,1.16513433173583,0.109788386686705,0.21978021978022,0.128871128871129,FALSE,FALSE,"reestimated",197.647,"32306"
"S2",2,100,0,785,23052800,33052819,"ok",NA,NA,1.22729013674471,0.0688677788346306,0.161838161838162,0.591408591408591,FALSE,FALSE,"reestimated",198.687,"32306"
"S2",2,100,0,786,23053809,33053828,"ok",NA,NA,1.19976248430795,0.120562760000871,0.158841158841159,0.0849150849150849,FALSE,FALSE,"reestimated",197.851,"32306"
"S2",2,100,0,787,23054818,33054837,"ok",NA,NA,1.18882670260222,0.112413835822605,0.197802197802198,0.121878121878122,FALSE,FALSE,"reestimated",197.676,"32306"
"S2",2,100,0,788,23055827,33055846,"ok",NA,NA,1.09568007099614,0.0704282408908874,0.440559440559441,0.659340659340659,FALSE,FALSE,"reestimated",198.179,"32306"
"S2",2,100,0,789,23056836,33056855,"ok",NA,NA,1.23717143423378,0.0815438472986784,0.132867132867133,0.395604395604396,FALSE,FALSE,"reestimated",199.388,"32306"
"S2",2,100,0,790,23057845,33057864,"ok",NA,NA,0.98867028059147,0.0708174548205989,0.618381618381618,0.596403596403596,FALSE,FALSE,"reestimated",199.094,"32306"
"S2",2,100,0,791,23058854,33058873,"ok",NA,NA,1.14185592056463,0.0853632680878824,0.337662337662338,0.455544455544456,FALSE,FALSE,"reestimated",198.646,"32306"
"S2",2,100,0,792,23059863,33059882,"ok",NA,NA,0.970740729700443,0.0714292825023651,0.662337662337662,0.597402597402597,FALSE,FALSE,"reestimated",199.013,"32306"
"S2",2,100,0,793,23060872,33060891,"ok",NA,NA,1.22516867292528,0.085638444533987,0.211788211788212,0.457542457542458,FALSE,FALSE,"reestimated",199.098,"32306"
"S2",2,100,0,794,23061881,33061900,"ok",NA,NA,0.991694150198319,0.0458619916826291,0.561438561438561,0.936063936063936,FALSE,FALSE,"reestimated",198.985,"32306"
"S2",2,100,0,795,23062890,33062909,"ok",NA,NA,1.09469824589406,0.0782081497614305,0.352647352647353,0.460539460539461,FALSE,FALSE,"reestimated",199.014,"32306"
"S2",2,100,0,796,23063899,33063918,"ok",NA,NA,1.28101517431587,0.11196413863496,0.121878121878122,0.142857142857143,FALSE,FALSE,"reestimated",197.186,"32306"
"S2",2,100,0,797,23064908,33064927,"ok",NA,NA,1.3137628246612,0.120032730259663,0.105894105894106,0.132867132867133,FALSE,FALSE,"reestimated",197.44,"32306"
"S2",2,100,0,798,23065917,33065936,"ok",NA,NA,0.946569537679701,0.0702774954673059,0.624375624375624,0.493506493506494,FALSE,FALSE,"reestimated",199.72,"32306"
"S2",2,100,0,799,23066926,33066945,"ok",NA,NA,0.939174846171442,0.0689062443595476,0.702297702297702,0.584415584415584,FALSE,FALSE,"reestimated",201.187,"32306"
"S2",2,100,0,800,23067935,33067954,"ok",NA,NA,1.02992854087724,0.0764667625111183,0.487512487512487,0.44955044955045,FALSE,FALSE,"reestimated",198.429,"32306"
"S2",2,100,0,801,23068944,33068963,"ok",NA,NA,1.14553819686028,0.107015250128267,0.294705294705295,0.18981018981019,FALSE,FALSE,"reestimated",198.493,"32306"
"S2",2,100,0,802,23069953,33069972,"ok",NA,NA,0.858287716132311,0.070836479529278,0.861138861138861,0.605394605394605,FALSE,FALSE,"reestimated",198.663,"32306"
"S2",2,100,0,803,23070962,33070981,"ok",NA,NA,0.948054677314368,0.0493865900069396,0.761238761238761,0.936063936063936,FALSE,FALSE,"reestimated",197.865,"32306"
"S2",2,100,0,804,23071971,33071990,"ok",NA,NA,1.51153567394129,0.252332028260737,0.037962037962038,0.00799200799200799,TRUE,TRUE,"reestimated",198.362,"32306"
"S2",2,100,0,805,23072980,33072999,"ok",NA,NA,1.06559019101932,0.0799956836985739,0.461538461538462,0.496503496503497,FALSE,FALSE,"reestimated",198.445,"32306"
"S2",2,100,0,806,23073989,33074008,"ok",NA,NA,0.994501959808081,0.0694811002885915,0.564435564435564,0.567432567432567,FALSE,FALSE,"reestimated",201.081,"32306"
"S2",2,100,0,807,23074998,33075017,"ok",NA,NA,1.17013216457485,0.114449185368811,0.20979020979021,0.0879120879120879,FALSE,FALSE,"reestimated",199.605,"32306"
"S2",2,100,0,808,23076007,33076026,"ok",NA,NA,1.05945406034546,0.0576828447961344,0.452547452547453,0.82017982017982,FALSE,FALSE,"reestimated",198.029,"32306"
"S2",2,100,0,809,23077016,33077035,"ok",NA,NA,1.37502664536724,0.13716099089513,0.0769230769230769,0.0859140859140859,FALSE,FALSE,"reestimated",198.518,"32306"
"S2",2,100,0,810,23078025,33078044,"ok",NA,NA,1.11223787744898,0.108180862147042,0.354645354645355,0.173826173826174,FALSE,FALSE,"reestimated",198.208,"32306"
"S2",2,100,0,811,23079034,33079053,"ok",NA,NA,1.32275022824856,0.0879970792690101,0.0689310689310689,0.300699300699301,FALSE,FALSE,"reestimated",199.787,"32306"
"S2",2,100,0,812,23080043,33080062,"ok",NA,NA,1.05586563498559,0.0839010747872534,0.441558441558442,0.386613386613387,FALSE,FALSE,"reestimated",198.361,"32306"
"S2",2,100,0,813,23081052,33081071,"ok",NA,NA,1.1614252141149,0.0823253718395178,0.316683316683317,0.49050949050949,FALSE,FALSE,"reestimated",198.85,"32306"
"S2",2,100,0,814,23082061,33082080,"ok",NA,NA,1.20023191271938,0.0676739007574118,0.206793206793207,0.672327672327672,FALSE,FALSE,"reestimated",198.622,"32306"
"S2",2,100,0,815,23083070,33083089,"ok",NA,NA,1.09096227532318,0.0917350299933382,0.356643356643357,0.25974025974026,FALSE,FALSE,"reestimated",198.17,"32306"
"S2",2,100,0,816,23084079,33084098,"ok",NA,NA,1.13930752067599,0.10167460127173,0.336663336663337,0.24975024975025,FALSE,FALSE,"reestimated",197.481,"32306"
"S2",2,100,0,817,23085088,33085107,"ok",NA,NA,1.21622684847606,0.101714891607986,0.207792207792208,0.224775224775225,FALSE,FALSE,"reestimated",194.269,"32306"
"S2",2,100,0,818,23086097,33086116,"ok",NA,NA,1.34260378025843,0.11263712799846,0.0549450549450549,0.103896103896104,FALSE,FALSE,"reestimated",196.261,"32306"
"S2",2,100,0,819,23087106,33087125,"ok",NA,NA,1.33798149301814,0.0827919969405162,0.043956043956044,0.337662337662338,TRUE,FALSE,"reestimated",196.069,"32306"
"S2",2,100,0,820,23088115,33088134,"ok",NA,NA,0.856506081610934,0.0594055095286787,0.893106893106893,0.8001998001998,FALSE,FALSE,"reestimated",194.678,"32306"
"S2",2,100,0,821,23089124,33089143,"ok",NA,NA,1.23621995192811,0.121126640402257,0.133866133866134,0.0889110889110889,FALSE,FALSE,"reestimated",195.583,"32306"
"S2",2,100,0,822,23090133,33090152,"ok",NA,NA,1.11120059485311,0.0749097705023219,0.315684315684316,0.477522477522478,FALSE,FALSE,"reestimated",193.961,"32306"
"S2",2,100,0,823,23091142,33091161,"ok",NA,NA,0.941848150038909,0.0509823793006101,0.684315684315684,0.877122877122877,FALSE,FALSE,"reestimated",195.497,"32306"
"S2",2,100,0,824,23092151,33092170,"ok",NA,NA,1.4060270027204,0.120534499841497,0.042957042957043,0.133866133866134,TRUE,FALSE,"reestimated",194.849,"32306"
"S2",2,100,0,825,23093160,33093179,"ok",NA,NA,1.04754157597917,0.082491708405736,0.436563436563437,0.363636363636364,FALSE,FALSE,"reestimated",195.671,"32306"
"S2",2,100,0,826,23094169,33094188,"ok",NA,NA,1.10198607932124,0.102132349018042,0.391608391608392,0.265734265734266,FALSE,FALSE,"reestimated",195.231,"32306"
"S2",2,100,0,827,23095178,33095197,"ok",NA,NA,1.11569909108276,0.086991183175528,0.328671328671329,0.373626373626374,FALSE,FALSE,"reestimated",194.836,"32306"
"S2",2,100,0,828,23096187,33096206,"ok",NA,NA,1.24082694314165,0.0854169155920711,0.133866133866134,0.310689310689311,FALSE,FALSE,"reestimated",196.004,"32306"
"S2",2,100,0,829,23097196,33097215,"ok",NA,NA,1.05708535206736,0.0965331522791972,0.478521478521479,0.283716283716284,FALSE,FALSE,"reestimated",193.741,"32306"
"S2",2,100,0,830,23098205,33098224,"ok",NA,NA,1.12643460384616,0.0975671441321218,0.290709290709291,0.210789210789211,FALSE,FALSE,"reestimated",195.884,"32306"
"S2",2,100,0,831,23099214,33099233,"ok",NA,NA,0.990800236078206,0.0885376386392534,0.616383616383616,0.337662337662338,FALSE,FALSE,"reestimated",194.545,"32306"
"S2",2,100,0,832,23100223,33100242,"ok",NA,NA,1.05298412197573,0.111814604583868,0.45954045954046,0.132867132867133,FALSE,FALSE,"reestimated",194.72,"32306"
"S2",2,100,0,833,23101232,33101251,"ok",NA,NA,1.17625585420379,0.114150420885582,0.240759240759241,0.144855144855145,FALSE,FALSE,"reestimated",197.861,"32306"
"S2",2,100,0,834,23102241,33102260,"ok",NA,NA,0.946992392502478,0.0896262238197738,0.681318681318681,0.264735264735265,FALSE,FALSE,"reestimated",198.81,"32306"
"S2",2,100,0,835,23103250,33103269,"ok",NA,NA,0.84961063174319,0.0597633371337831,0.903096903096903,0.794205794205794,FALSE,FALSE,"reestimated",197.253,"32306"
"S2",2,100,0,836,23104259,33104278,"ok",NA,NA,1.38052895298649,0.152464175322217,0.040959040959041,0.024975024975025,TRUE,TRUE,"reestimated",199.861,"32306"
"S2",2,100,0,837,23105268,33105287,"ok",NA,NA,1.07173534397949,0.103038395688103,0.405594405594406,0.191808191808192,FALSE,FALSE,"reestimated",197.953,"32306"
"S2",2,100,0,838,23106277,33106296,"ok",NA,NA,0.931696326901541,0.058832610261265,0.725274725274725,0.779220779220779,FALSE,FALSE,"reestimated",197.551,"32306"
"S2",2,100,0,839,23107286,33107305,"ok",NA,NA,1.00902422756558,0.0691317213154928,0.511488511488511,0.573426573426573,FALSE,FALSE,"reestimated",200.177,"32306"
"S2",2,100,0,840,23108295,33108314,"ok",NA,NA,1.15624632483364,0.0848598778194622,0.338661338661339,0.457542457542458,FALSE,FALSE,"reestimated",197.387,"32306"
"S2",2,100,0,841,23109304,33109323,"ok",NA,NA,0.896891783428937,0.0414562312191532,0.811188811188811,0.976023976023976,FALSE,FALSE,"reestimated",201.721,"32306"
"S2",2,100,0,842,23110313,33110332,"ok",NA,NA,1.12509765444382,0.102492224631594,0.348651348651349,0.230769230769231,FALSE,FALSE,"reestimated",198.278,"32306"
"S2",2,100,0,843,23111322,33111341,"ok",NA,NA,0.918493869141994,0.064478481491907,0.773226773226773,0.716283716283716,FALSE,FALSE,"reestimated",198.205,"32306"
"S2",2,100,0,844,23112331,33112350,"ok",NA,NA,1.02665800123252,0.0563021831458719,0.541458541458541,0.817182817182817,FALSE,FALSE,"reestimated",198.143,"32306"
"S2",2,100,0,845,23113340,33113359,"ok",NA,NA,0.943876628431444,0.0607387336841299,0.7002997002997,0.728271728271728,FALSE,FALSE,"reestimated",197.844,"32306"
"S2",2,100,0,846,23114349,33114368,"ok",NA,NA,0.98739820471225,0.0645559283261346,0.571428571428571,0.625374625374625,FALSE,FALSE,"reestimated",202.759,"32306"
"S2",2,100,0,847,23115358,33115377,"ok",NA,NA,0.955240413666652,0.0810824863446185,0.669330669330669,0.435564435564436,FALSE,FALSE,"reestimated",198.377,"32306"
"S2",2,100,0,848,23116367,33116386,"ok",NA,NA,0.946541173268547,0.0743815584277118,0.757242757242757,0.596403596403596,FALSE,FALSE,"reestimated",197.712,"32306"
"S2",2,100,0,849,23117376,33117395,"ok",NA,NA,1.12636503466176,0.112369310658996,0.332667332667333,0.176823176823177,FALSE,FALSE,"reestimated",197.612,"32306"
"S2",2,100,0,850,23118385,33118404,"ok",NA,NA,0.949524418002407,0.0699483050377544,0.642357642357642,0.542457542457542,FALSE,FALSE,"reestimated",198.916,"32306"
"S2",2,100,0,851,23119394,33119413,"ok",NA,NA,1.07707383058445,0.0970764313132355,0.451548451548452,0.277722277722278,FALSE,FALSE,"reestimated",198.396,"32306"
"S2",2,100,0,852,23120403,33120422,"ok",NA,NA,1.1000876548794,0.0832858762542994,0.430569430569431,0.456543456543457,FALSE,FALSE,"reestimated",198.537,"32306"
"S2",2,100,0,853,23121412,33121431,"ok",NA,NA,0.976736518266207,0.0617484714564493,0.673326673326673,0.773226773226773,FALSE,FALSE,"reestimated",198.685,"32306"
"S2",2,100,0,854,23122421,33122440,"ok",NA,NA,1.0441144875127,0.0864963056505661,0.494505494505495,0.373626373626374,FALSE,FALSE,"reestimated",199.122,"32306"
"S2",2,100,0,855,23123430,33123449,"ok",NA,NA,1.18349641263678,0.108603589116575,0.243756243756244,0.168831168831169,FALSE,FALSE,"reestimated",198.631,"32306"
"S2",2,100,0,856,23124439,33124458,"ok",NA,NA,0.959894299316597,0.0801943642030274,0.679320679320679,0.415584415584416,FALSE,FALSE,"reestimated",198.585,"32306"
"S2",2,100,0,857,23125448,33125467,"ok",NA,NA,1.37246418047588,0.129740117713874,0.035964035964036,0.04995004995005,TRUE,TRUE,"reestimated",199.446,"32306"
"S2",2,100,0,858,23126457,33126476,"ok",NA,NA,0.956613393600562,0.0607063152344822,0.686313686313686,0.759240759240759,FALSE,FALSE,"reestimated",198.154,"32306"
"S2",2,100,0,859,23127466,33127485,"ok",NA,NA,1.257934552286,0.122137293238341,0.146853146853147,0.10989010989011,FALSE,FALSE,"reestimated",197.767,"32306"
"S2",2,100,0,860,23128475,33128494,"ok",NA,NA,0.996688064882134,0.0833688871722581,0.635364635364635,0.442557442557443,FALSE,FALSE,"reestimated",198.849,"32306"
"S2",2,100,0,861,23129484,33129503,"ok",NA,NA,0.850185050566917,0.0449445221001113,0.869130869130869,0.949050949050949,FALSE,FALSE,"reestimated",199.397,"32306"
"S2",2,100,0,862,23130493,33130512,"ok",NA,NA,0.947518617242746,0.0928112355569454,0.72027972027972,0.314685314685315,FALSE,FALSE,"reestimated",198.987,"32306"
"S2",2,100,0,863,23131502,33131521,"ok",NA,NA,0.764857213919309,0.0525211247926359,0.971028971028971,0.855144855144855,FALSE,FALSE,"reestimated",198.254,"32306"
"S2",2,100,0,864,23132511,33132530,"ok",NA,NA,1.06723630976611,0.0625917954209409,0.421578421578422,0.691308691308691,FALSE,FALSE,"reestimated",198.543,"32306"
"S2",2,100,0,865,23133520,33133539,"ok",NA,NA,1.30226801183485,0.118562511709857,0.0849150849150849,0.10989010989011,FALSE,FALSE,"reestimated",197.113,"32306"
"S2",2,100,0,866,23134529,33134548,"ok",NA,NA,1.12008388813976,0.0949890834369151,0.285714285714286,0.210789210789211,FALSE,FALSE,"reestimated",199.345,"32306"
"S2",2,100,0,867,23135538,33135557,"ok",NA,NA,1.02821787238425,0.0702153029916739,0.583416583416583,0.659340659340659,FALSE,FALSE,"reestimated",198.395,"32306"
"S2",2,100,0,868,23136547,33136566,"ok",NA,NA,1.18317125709009,0.108326372587884,0.24975024975025,0.194805194805195,FALSE,FALSE,"reestimated",197.551,"32306"
"S2",2,100,0,869,23137556,33137575,"ok",NA,NA,0.915148521295645,0.0675295586203017,0.771228771228771,0.629370629370629,FALSE,FALSE,"reestimated",199.11,"32306"
"S2",2,100,0,870,23138565,33138584,"ok",NA,NA,1.06697881220672,0.0645571386984618,0.438561438561439,0.687312687312687,FALSE,FALSE,"reestimated",198.414,"32306"
"S2",2,100,0,871,23139574,33139593,"ok",NA,NA,1.12217707796366,0.0798602652557736,0.274725274725275,0.383616383616384,FALSE,FALSE,"reestimated",200.045,"32306"
"S2",2,100,0,872,23140583,33140602,"ok",NA,NA,1.03521625187867,0.0623505397298746,0.460539460539461,0.686313686313686,FALSE,FALSE,"reestimated",200.246,"32306"
"S2",2,100,0,873,23141592,33141611,"ok",NA,NA,0.982603373696895,0.0884834567443022,0.614385614385614,0.322677322677323,FALSE,FALSE,"reestimated",198.065,"32306"
"S2",2,100,0,874,23142601,33142620,"ok",NA,NA,1.20521105129964,0.143994039931742,0.222777222777223,0.0539460539460539,FALSE,FALSE,"reestimated",198.428,"32306"
"S2",2,100,0,875,23143610,33143629,"ok",NA,NA,0.874465184823953,0.070420165607733,0.843156843156843,0.577422577422577,FALSE,FALSE,"reestimated",198.365,"32306"
"S2",2,100,0,876,23144619,33144638,"ok",NA,NA,1.058570534501,0.0968746991511612,0.446553446553447,0.262737262737263,FALSE,FALSE,"reestimated",198.61,"32306"
"S2",2,100,0,877,23145628,33145647,"ok",NA,NA,0.953612558341061,0.0662878420999751,0.714285714285714,0.675324675324675,FALSE,FALSE,"reestimated",197.995,"32306"
"S2",2,100,0,878,23146637,33146656,"ok",NA,NA,0.950903711531147,0.0571217622916977,0.695304695304695,0.801198801198801,FALSE,FALSE,"reestimated",200.076,"32306"
"S2",2,100,0,879,23147646,33147665,"ok",NA,NA,1.26370740458838,0.0831405330747722,0.156843156843157,0.446553446553447,FALSE,FALSE,"reestimated",199.142,"32306"
"S2",2,100,0,880,23148655,33148674,"ok",NA,NA,0.999142847304128,0.0685282205309721,0.535464535464535,0.573426573426573,FALSE,FALSE,"reestimated",198.983,"32306"
"S2",2,100,0,881,23149664,33149683,"ok",NA,NA,1.17700610026401,0.100219763690092,0.233766233766234,0.226773226773227,FALSE,FALSE,"reestimated",194.477,"32306"
"S2",2,100,0,882,23150673,33150692,"ok",NA,NA,1.03223349938415,0.0983524409333836,0.478521478521479,0.202797202797203,FALSE,FALSE,"reestimated",199.901,"32306"
"S2",2,100,0,883,23151682,33151701,"ok",NA,NA,1.20532870153256,0.0954603242334629,0.197802197802198,0.274725274725275,FALSE,FALSE,"reestimated",194.619,"32306"
"S2",2,100,0,884,23152691,33152710,"ok",NA,NA,1.03663635917962,0.102223775176591,0.437562437562438,0.158841158841159,FALSE,FALSE,"reestimated",196.251,"32306"
"S2",2,100,0,885,23153700,33153719,"ok",NA,NA,0.919421307555696,0.0667010994558613,0.747252747252747,0.67032967032967,FALSE,FALSE,"reestimated",194.102,"32306"
"S2",2,100,0,886,23154709,33154728,"ok",NA,NA,1.07414490871991,0.0740390774532671,0.418581418581419,0.551448551448551,FALSE,FALSE,"reestimated",195.52,"32306"
"S2",2,100,0,887,23155718,33155737,"ok",NA,NA,1.2729482430148,0.146220675926559,0.157842157842158,0.0589410589410589,FALSE,FALSE,"reestimated",195.024,"32306"
"S2",2,100,0,888,23156727,33156746,"ok",NA,NA,1.05153575262082,0.0573379487269543,0.442557442557443,0.799200799200799,FALSE,FALSE,"reestimated",194.209,"32306"
"S2",2,100,0,889,23157736,33157755,"ok",NA,NA,1.37681773644413,0.124883080829757,0.0559440559440559,0.103896103896104,FALSE,FALSE,"reestimated",194.974,"32306"
"S2",2,100,0,890,23158745,33158764,"ok",NA,NA,1.28574679865042,0.100425360393539,0.0949050949050949,0.192807192807193,FALSE,FALSE,"reestimated",195.817,"32306"
"S2",2,100,0,891,23159754,33159773,"ok",NA,NA,1.20256612851638,0.105691431906177,0.155844155844156,0.13986013986014,FALSE,FALSE,"reestimated",195.597,"32306"
"S2",2,100,0,892,23160763,33160782,"ok",NA,NA,0.865189865242105,0.0642225291012752,0.903096903096903,0.719280719280719,FALSE,FALSE,"reestimated",195.134,"32306"
"S2",2,100,0,893,23161772,33161791,"ok",NA,NA,0.865807112787716,0.0728955299996773,0.83016983016983,0.522477522477522,FALSE,FALSE,"reestimated",194.066,"32306"
"S2",2,100,0,894,23162781,33162800,"ok",NA,NA,1.00299659931081,0.0832687259946069,0.563436563436563,0.363636363636364,FALSE,FALSE,"reestimated",195.412,"32306"
"S2",2,100,0,895,23163790,33163809,"ok",NA,NA,1.22889191618868,0.0787985550521279,0.120879120879121,0.408591408591409,FALSE,FALSE,"reestimated",194.686,"32306"
"S2",2,100,0,896,23164799,33164818,"ok",NA,NA,1.4614079922147,0.168441642382799,0.032967032967033,0.034965034965035,TRUE,TRUE,"reestimated",194.552,"32306"
"S2",2,100,0,897,23165808,33165827,"ok",NA,NA,1.34103598306905,0.116278259115649,0.0599400599400599,0.116883116883117,FALSE,FALSE,"reestimated",197.941,"32306"
"S2",2,100,0,898,23166817,33166836,"ok",NA,NA,0.882345111582918,0.0564970367162105,0.863136863136863,0.836163836163836,FALSE,FALSE,"reestimated",198.511,"32306"
"S2",2,100,0,899,23167826,33167845,"ok",NA,NA,1.39974084807012,0.13382862346782,0.042957042957043,0.0659340659340659,TRUE,FALSE,"reestimated",197.367999999999,"32306"
"S2",2,100,0,900,23168835,33168854,"ok",NA,NA,1.31074223054062,0.13949565781258,0.102897102897103,0.0759240759240759,FALSE,FALSE,"reestimated",197.557000000001,"32306"
"S2",2,100,0,901,23169844,33169863,"ok",NA,NA,1.21723486454152,0.116244174202068,0.16983016983017,0.122877122877123,FALSE,FALSE,"reestimated",198.366,"32306"
"S2",2,100,0,902,23170853,33170872,"ok",NA,NA,1.09249430286344,0.0792970685407363,0.425574425574426,0.485514485514486,FALSE,FALSE,"reestimated",200.209,"32306"
"S2",2,100,0,903,23171862,33171881,"ok",NA,NA,1.19365195929997,0.113883423183893,0.198801198801199,0.112887112887113,FALSE,FALSE,"reestimated",197.781,"32306"
"S2",2,100,0,904,23172871,33172890,"ok",NA,NA,1.37640615503885,0.148742897810474,0.0889110889110889,0.0679320679320679,FALSE,FALSE,"reestimated",197.886,"32306"
"S2",2,100,0,905,23173880,33173899,"ok",NA,NA,1.29482795888836,0.119056993222931,0.0649350649350649,0.0809190809190809,FALSE,FALSE,"reestimated",199.263,"32306"
"S2",2,100,0,906,23174889,33174908,"ok",NA,NA,1.29993794699078,0.098214376339356,0.0869130869130869,0.236763236763237,FALSE,FALSE,"reestimated",198.777,"32306"
"S2",2,100,0,907,23175898,33175917,"ok",NA,NA,1.29515845454504,0.0954925198554297,0.112887112887113,0.270729270729271,FALSE,FALSE,"reestimated",198.713000000001,"32306"
"S2",2,100,0,908,23176907,33176926,"ok",NA,NA,0.983944835395335,0.0567695473374069,0.631368631368631,0.816183816183816,FALSE,FALSE,"reestimated",198.458,"32306"
"S2",2,100,0,909,23177916,33177935,"ok",NA,NA,0.902869368101006,0.0576672983162882,0.788211788211788,0.786213786213786,FALSE,FALSE,"reestimated",198.299,"32306"
"S2",2,100,0,910,23178925,33178944,"ok",NA,NA,1.0638648304295,0.0949389093439977,0.437562437562438,0.270729270729271,FALSE,FALSE,"reestimated",198.707,"32306"
"S2",2,100,0,911,23179934,33179953,"ok",NA,NA,1.48908236323885,0.15446870556479,0.035964035964036,0.047952047952048,TRUE,TRUE,"reestimated",197.208,"32306"
"S2",2,100,0,912,23180943,33180962,"ok",NA,NA,0.982669633943163,0.0500597740819897,0.625374625374625,0.908091908091908,FALSE,FALSE,"reestimated",199.003000000001,"32306"
"S2",2,100,0,913,23181952,33181971,"ok",NA,NA,0.957116287360824,0.0602756280869186,0.709290709290709,0.769230769230769,FALSE,FALSE,"reestimated",198.249,"32306"
"S2",2,100,0,914,23182961,33182980,"ok",NA,NA,1.0331167711544,0.0780850119487222,0.510489510489511,0.45954045954046,FALSE,FALSE,"reestimated",197.642,"32306"
"S2",2,100,0,915,23183970,33183989,"ok",NA,NA,0.781988171132455,0.0449675971213148,0.972027972027972,0.954045954045954,FALSE,FALSE,"reestimated",199.122,"32306"
"S2",2,100,0,916,23184979,33184998,"ok",NA,NA,0.923922852200167,0.0669724139343785,0.707292707292707,0.574425574425574,FALSE,FALSE,"reestimated",198.724,"32306"
"S2",2,100,0,917,23185988,33186007,"ok",NA,NA,0.77024522472098,0.0469489355080708,0.981018981018981,0.957042957042957,FALSE,FALSE,"reestimated",199.059999999999,"32306"
"S2",2,100,0,918,23186997,33187016,"ok",NA,NA,1.0506864003285,0.0856907835295209,0.491508491508492,0.417582417582418,FALSE,FALSE,"reestimated",198.511,"32306"
"S2",2,100,0,919,23188006,33188025,"ok",NA,NA,1.0436730856107,0.0752968055537004,0.421578421578422,0.44955044955045,FALSE,FALSE,"reestimated",201.048,"32306"
"S2",2,100,0,920,23189015,33189034,"ok",NA,NA,1.20501334445147,0.108419378538018,0.123876123876124,0.0979020979020979,FALSE,FALSE,"reestimated",199.836,"32306"
"S2",2,100,0,921,23190024,33190043,"ok",NA,NA,0.976733176126743,0.0744897788532237,0.648351648351648,0.532467532467532,FALSE,FALSE,"reestimated",198.762000000001,"32306"
"S2",2,100,0,922,23191033,33191052,"ok",NA,NA,0.927206142129549,0.0695149426451994,0.709290709290709,0.545454545454545,FALSE,FALSE,"reestimated",198.722,"32306"
"S2",2,100,0,923,23192042,33192061,"ok",NA,NA,0.972922118499169,0.0800338182135959,0.637362637362637,0.441558441558442,FALSE,FALSE,"reestimated",198.674999999999,"32306"
"S2",2,100,0,924,23193051,33193070,"ok",NA,NA,1.23837158076257,0.106306235304515,0.105894105894106,0.11988011988012,FALSE,FALSE,"reestimated",199.777,"32306"
"S2",2,100,0,925,23194060,33194079,"ok",NA,NA,1.21711648918491,0.0779496142335229,0.161838161838162,0.441558441558442,FALSE,FALSE,"reestimated",199.004,"32306"
"S2",2,100,0,926,23195069,33195088,"ok",NA,NA,1.48707784651735,0.163401135270476,0.041958041958042,0.048951048951049,TRUE,TRUE,"reestimated",197.108,"32306"
"S2",2,100,0,927,23196078,33196097,"ok",NA,NA,0.790941694522711,0.0493408523042957,0.948051948051948,0.901098901098901,FALSE,FALSE,"reestimated",198.957,"32306"
"S2",2,100,0,928,23197087,33197106,"ok",NA,NA,1.2509520884261,0.0756226339608924,0.156843156843157,0.513486513486514,FALSE,FALSE,"reestimated",197.845,"32306"
"S2",2,100,0,929,23198096,33198115,"ok",NA,NA,0.80861839721774,0.0575900876954716,0.931068931068931,0.771228771228771,FALSE,FALSE,"reestimated",198.987999999999,"32306"
"S2",2,100,0,930,23199105,33199124,"ok",NA,NA,0.968610885391818,0.0741077781320873,0.69030969030969,0.535464535464535,FALSE,FALSE,"reestimated",198.349999999999,"32306"
"S2",2,100,0,931,23200114,33200133,"ok",NA,NA,1.48656820023261,0.151786617074116,0.037962037962038,0.047952047952048,TRUE,TRUE,"reestimated",197.471,"32306"
"S2",2,100,0,932,23201123,33201142,"ok",NA,NA,1.43196074705976,0.093452549223429,0.024975024975025,0.27972027972028,TRUE,FALSE,"reestimated",199.497,"32306"
"S2",2,100,0,933,23202132,33202151,"ok",NA,NA,1.10796097326091,0.113574009245839,0.285714285714286,0.0819180819180819,FALSE,FALSE,"reestimated",197.990000000001,"32306"
"S2",2,100,0,934,23203141,33203160,"ok",NA,NA,1.00158201309138,0.0768928779865892,0.594405594405594,0.541458541458541,FALSE,FALSE,"reestimated",198.968,"32306"
"S2",2,100,0,935,23204150,33204169,"ok",NA,NA,1.09411774898845,0.0908047327035485,0.338661338661339,0.277722277722278,FALSE,FALSE,"reestimated",199.535,"32306"
"S2",2,100,0,936,23205159,33205178,"ok",NA,NA,0.867367069545961,0.0501395822161975,0.87012987012987,0.9000999000999,FALSE,FALSE,"reestimated",198.643999999999,"32306"
"S2",2,100,0,937,23206168,33206187,"ok",NA,NA,1.20634965420769,0.0850260982942339,0.171828171828172,0.308691308691309,FALSE,FALSE,"reestimated",199.397,"32306"
"S2",2,100,0,938,23207177,33207196,"ok",NA,NA,1.03477440682572,0.0813133929657635,0.465534465534466,0.382617382617383,FALSE,FALSE,"reestimated",197.844,"32306"
"S2",2,100,0,939,23208186,33208205,"ok",NA,NA,0.866645335944525,0.0460403899678874,0.862137862137862,0.937062937062937,FALSE,FALSE,"reestimated",199.144,"32306"
"S2",2,100,0,940,23209195,33209214,"ok",NA,NA,1.13571023855174,0.0969280555491756,0.350649350649351,0.303696303696304,FALSE,FALSE,"reestimated",197.1,"32306"
"S2",2,100,0,941,23210204,33210223,"ok",NA,NA,0.969762017857846,0.085124170398093,0.687312687312687,0.412587412587413,FALSE,FALSE,"reestimated",197.766,"32306"
"S2",2,100,0,942,23211213,33211232,"ok",NA,NA,1.16437025295545,0.112347629587232,0.231768231768232,0.11988011988012,FALSE,FALSE,"reestimated",198.111999999999,"32306"
"S2",2,100,0,943,23212222,33212241,"ok",NA,NA,1.01664827190345,0.0758988294151156,0.566433566433566,0.529470529470529,FALSE,FALSE,"reestimated",198.362,"32306"
"S2",2,100,0,944,23213231,33213250,"ok",NA,NA,1.1836772721062,0.115938807887318,0.207792207792208,0.125874125874126,FALSE,FALSE,"reestimated",198.389,"32306"
"S2",2,100,0,945,23214240,33214259,"ok",NA,NA,1.14587746185453,0.10926472571869,0.190809190809191,0.104895104895105,FALSE,FALSE,"reestimated",189.606,"32306"
"S2",2,100,0,946,23215249,33215268,"ok",NA,NA,1.33249799866284,0.142753907327696,0.0729270729270729,0.048951048951049,FALSE,TRUE,"reestimated",190.809999999999,"32306"
"S2",2,100,0,947,23216258,33216277,"ok",NA,NA,1.02476835640683,0.116188152310124,0.652347652347652,0.246753246753247,FALSE,FALSE,"reestimated",189.466,"32306"
"S2",2,100,0,948,23217267,33217286,"ok",NA,NA,1.34153504448518,0.126067438422096,0.101898101898102,0.128871128871129,FALSE,FALSE,"reestimated",189.482,"32306"
"S2",2,100,0,949,23218276,33218295,"ok",NA,NA,1.17102362470572,0.0979314717628891,0.207792207792208,0.202797202797203,FALSE,FALSE,"reestimated",190.634,"32306"
"S2",2,100,0,950,23219285,33219304,"ok",NA,NA,0.940792323616704,0.054362699007248,0.708291708291708,0.823176823176823,FALSE,FALSE,"reestimated",190.251,"32306"
"S2",2,100,0,951,23220294,33220313,"ok",NA,NA,1.33403119456271,0.074933324436961,0.0769230769230769,0.531468531468531,FALSE,FALSE,"reestimated",191.579,"32306"
"S2",2,100,0,952,23221303,33221322,"ok",NA,NA,1.06954333790671,0.0604046060941412,0.447552447552448,0.772227772227772,FALSE,FALSE,"reestimated",189.46,"32306"
"S2",2,100,0,953,23222312,33222331,"ok",NA,NA,1.12825912785194,0.100686359904987,0.337662337662338,0.22977022977023,FALSE,FALSE,"reestimated",189.884,"32306"
"S2",2,100,0,954,23223321,33223340,"ok",NA,NA,1.06550406238813,0.0705938961693787,0.430569430569431,0.586413586413586,FALSE,FALSE,"reestimated",190.219,"32306"
"S2",2,100,0,955,23224330,33224349,"ok",NA,NA,0.935734298532427,0.0816858893538959,0.781218781218781,0.495504495504495,FALSE,FALSE,"reestimated",190.291999999999,"32306"
"S2",2,100,0,956,23225339,33225358,"ok",NA,NA,1.16563540886712,0.0938702248597034,0.247752247752248,0.281718281718282,FALSE,FALSE,"reestimated",190.142,"32306"
"S2",2,100,0,957,23226348,33226367,"ok",NA,NA,1.24117739436178,0.0974063767570647,0.186813186813187,0.293706293706294,FALSE,FALSE,"reestimated",193.59,"32306"
"S2",2,100,0,958,23227357,33227376,"ok",NA,NA,0.880627753267513,0.0752939898759633,0.796203796203796,0.468531468531469,FALSE,FALSE,"reestimated",190.078,"32306"
"S2",2,100,0,959,23228366,33228385,"ok",NA,NA,0.940528019139157,0.0590179914296466,0.714285714285714,0.753246753246753,FALSE,FALSE,"reestimated",190.468000000001,"32306"
"S2",2,100,0,960,23229375,33229394,"ok",NA,NA,1.27763182126244,0.124877128645971,0.132867132867133,0.110889110889111,FALSE,FALSE,"reestimated",189.708000000001,"32306"
"S2",2,100,0,961,23230384,33230403,"ok",NA,NA,1.19571012936319,0.0889538059210015,0.260739260739261,0.412587412587413,FALSE,FALSE,"reestimated",189.768,"32306"
"S2",2,100,0,962,23231393,33231412,"ok",NA,NA,1.31028908857036,0.120816585627081,0.0859140859140859,0.100899100899101,FALSE,FALSE,"reestimated",192.995,"32306"
"S2",2,100,0,963,23232402,33232421,"ok",NA,NA,0.891663354969321,0.0493852522130605,0.816183816183816,0.917082917082917,FALSE,FALSE,"reestimated",192.316,"32306"
"S2",2,100,0,964,23233411,33233430,"ok",NA,NA,0.903578438478846,0.0452610386314666,0.825174825174825,0.949050949050949,FALSE,FALSE,"reestimated",190.681,"32306"
"S2",2,100,0,965,23234420,33234439,"ok",NA,NA,0.893388659183126,0.0533376638562061,0.826173826173826,0.858141858141858,FALSE,FALSE,"reestimated",190.544,"32306"
"S2",2,100,0,966,23235429,33235448,"ok",NA,NA,1.12996444505393,0.0934394119443485,0.292707292707293,0.267732267732268,FALSE,FALSE,"reestimated",189.769,"32306"
"S2",2,100,0,967,23236438,33236457,"ok",NA,NA,0.911965590683733,0.0714815921254043,0.819180819180819,0.615384615384615,FALSE,FALSE,"reestimated",190.942999999999,"32306"
"S2",2,100,0,968,23237447,33237466,"ok",NA,NA,1.04516006683682,0.0872585867936477,0.522477522477522,0.402597402597403,FALSE,FALSE,"reestimated",190.379000000001,"32306"
"S2",2,100,0,969,23238456,33238475,"ok",NA,NA,1.05932491084856,0.0707601256656135,0.410589410589411,0.521478521478521,FALSE,FALSE,"reestimated",190.636,"32306"
"S2",2,100,0,970,23239465,33239484,"ok",NA,NA,0.946321800370979,0.0669179157471487,0.731268731268731,0.662337662337662,FALSE,FALSE,"reestimated",190.637,"32306"
"S2",2,100,0,971,23240474,33240493,"ok",NA,NA,0.93111236052197,0.0495965290685885,0.724275724275724,0.901098901098901,FALSE,FALSE,"reestimated",189.759,"32306"
"S2",2,100,0,972,23241483,33241502,"ok",NA,NA,1.01842169604501,0.0524379933435397,0.526473526473527,0.865134865134865,FALSE,FALSE,"reestimated",191.041,"32306"
"S2",2,100,0,973,23242492,33242511,"ok",NA,NA,1.05313444080046,0.0901544455359701,0.42957042957043,0.302697302697303,FALSE,FALSE,"reestimated",190.047,"32306"
"S2",2,100,0,974,23243501,33243520,"ok",NA,NA,1.01850737715066,0.0887785044555131,0.517482517482518,0.273726273726274,FALSE,FALSE,"reestimated",189.745,"32306"
"S2",2,100,0,975,23244510,33244529,"ok",NA,NA,1.1161552615084,0.0958419750730222,0.351648351648352,0.263736263736264,FALSE,FALSE,"reestimated",189.876,"32306"
"S2",2,100,0,976,23245519,33245538,"ok",NA,NA,1.09084333306303,0.0875511042779447,0.365634365634366,0.332667332667333,FALSE,FALSE,"reestimated",189.434999999999,"32306"
"S2",2,100,0,977,23246528,33246547,"ok",NA,NA,1.08350754832726,0.0914864776644027,0.390609390609391,0.291708291708292,FALSE,FALSE,"reestimated",189.63,"32306"
"S2",2,100,0,978,23247537,33247556,"ok",NA,NA,1.35680954989321,0.141840312679299,0.0699300699300699,0.0599400599400599,FALSE,FALSE,"reestimated",189.443,"32306"
"S2",2,100,0,979,23248546,33248565,"ok",NA,NA,1.13716402536414,0.0938685713573277,0.271728271728272,0.230769230769231,FALSE,FALSE,"reestimated",190.371999999999,"32306"
"S2",2,100,0,980,23249555,33249574,"ok",NA,NA,1.1080804474329,0.0601481602992937,0.32967032967033,0.765234765234765,FALSE,FALSE,"reestimated",190.950000000001,"32306"
"S2",2,100,0,981,23250564,33250583,"ok",NA,NA,1.42625328880272,0.144021112539907,0.043956043956044,0.04995004995005,TRUE,TRUE,"reestimated",189.438,"32306"
"S2",2,100,0,982,23251573,33251592,"ok",NA,NA,0.897332673960902,0.0567382685465625,0.794205794205794,0.799200799200799,FALSE,FALSE,"reestimated",190.444,"32306"
"S2",2,100,0,983,23252582,33252601,"ok",NA,NA,1.2619778613472,0.130850406627206,0.100899100899101,0.040959040959041,FALSE,TRUE,"reestimated",190.848,"32306"
"S2",2,100,0,984,23253591,33253610,"ok",NA,NA,0.957947489077164,0.0521009069121839,0.698301698301698,0.875124875124875,FALSE,FALSE,"reestimated",188.764,"32306"
"S2",2,100,0,985,23254600,33254619,"ok",NA,NA,1.06604398634072,0.0866953652490946,0.423576423576424,0.344655344655345,FALSE,FALSE,"reestimated",190.485,"32306"
"S2",2,100,0,986,23255609,33255628,"ok",NA,NA,0.925338650166048,0.0507074075435368,0.74025974025974,0.873126873126873,FALSE,FALSE,"reestimated",189.395,"32306"
"S2",2,100,0,987,23256618,33256637,"ok",NA,NA,1.71928933950023,0.210097416461688,0.003996003996004,0.00799200799200799,TRUE,TRUE,"reestimated",189.852,"32306"
"S2",2,100,0,988,23257627,33257646,"ok",NA,NA,1.0234028633725,0.0711458579106507,0.538461538461538,0.58041958041958,FALSE,FALSE,"reestimated",190.474,"32306"
"S2",2,100,0,989,23258636,33258655,"ok",NA,NA,0.888344608863297,0.0700247933326852,0.82017982017982,0.608391608391608,FALSE,FALSE,"reestimated",191.504,"32306"
"S2",2,100,0,990,23259645,33259664,"ok",NA,NA,0.930869771168719,0.0722231728133273,0.714285714285714,0.509490509490509,FALSE,FALSE,"reestimated",193.632,"32306"
"S2",2,100,0,991,23260654,33260673,"ok",NA,NA,1.14693377092853,0.0947685245147583,0.257742257742258,0.233766233766234,FALSE,FALSE,"reestimated",190.598,"32306"
"S2",2,100,0,992,23261663,33261682,"ok",NA,NA,1.0256380226591,0.0695672620876792,0.450549450549451,0.527472527472527,FALSE,FALSE,"reestimated",191.729,"32306"
"S2",2,100,0,993,23262672,33262691,"ok",NA,NA,0.856818168104119,0.0542094134532758,0.856143856143856,0.833166833166833,FALSE,FALSE,"reestimated",172.361,"32306"
"S2",2,100,0,994,23263681,33263700,"ok",NA,NA,0.999929738312293,0.0744217913470286,0.596403596403596,0.525474525474525,FALSE,FALSE,"reestimated",174.97,"32306"
"S2",2,100,0,995,23264690,33264709,"ok",NA,NA,0.978201682899928,0.0925633678916042,0.662337662337662,0.305694305694306,FALSE,FALSE,"reestimated",172.5,"32306"
"S2",2,100,0,996,23265699,33265718,"ok",NA,NA,0.778547014426254,0.0522786486708608,0.972027972027972,0.898101898101898,FALSE,FALSE,"reestimated",172.199,"32306"
"S2",2,100,0,997,23266708,33266727,"ok",NA,NA,1.3896054909473,0.141693866976485,0.043956043956044,0.041958041958042,TRUE,TRUE,"reestimated",173.137,"32306"
"S2",2,100,0,998,23267717,33267736,"ok",NA,NA,1.1375658079448,0.0843008898589171,0.312687312687313,0.400599400599401,FALSE,FALSE,"reestimated",172.523,"32306"
"S2",2,100,0,999,23268726,33268745,"ok",NA,NA,1.1722341000581,0.0781820541084132,0.262737262737263,0.47952047952048,FALSE,FALSE,"reestimated",173.862,"32306"
"S2",2,100,0,1000,23269735,33269754,"ok",NA,NA,1.25941630566984,0.0861624597192771,0.143856143856144,0.384615384615385,FALSE,FALSE,"reestimated",171.718,"32306"
