"scenario","d","n","beta","rep","seed_data","seed_bootstrap","status","error_message","warning_message","ks_observed","cvm_observed","ks_pvalue","cvm_pvalue","ks_reject","cvm_reject","effective_bootstrap_method","elapsed_seconds","slurm_job_id"
"S2",5,100,0,1,22261744,32261763,"ok",NA,NA,1.31366979956607,0.0794962079996791,0.0629370629370629,0.388611388611389,FALSE,FALSE,"reestimated",218.726,"31845"
"S2",5,100,0,2,22262753,32262772,"ok",NA,NA,1.1034368743729,0.0747630676555073,0.397602397602398,0.500499500499501,FALSE,FALSE,"reestimated",218.036,"31845"
"S2",5,100,0,3,22263762,32263781,"ok",NA,NA,1.11057853478693,0.0760710392542016,0.324675324675325,0.404595404595405,FALSE,FALSE,"reestimated",218.243,"31845"
"S2",5,100,0,4,22264771,32264790,"ok",NA,NA,1.13402210710016,0.0679145534512374,0.33966033966034,0.657342657342657,FALSE,FALSE,"reestimated",221.213,"31845"
"S2",5,100,0,5,22265780,32265799,"ok",NA,NA,1.11071680010804,0.0962147691565844,0.367632367632368,0.127872127872128,FALSE,FALSE,"reestimated",220.65,"31845"
"S2",5,100,0,6,22266789,32266808,"ok",NA,NA,1.21541056417668,0.0850430983702986,0.200799200799201,0.30969030969031,FALSE,FALSE,"reestimated",218.281,"31845"
"S2",5,100,0,7,22267798,32267817,"ok",NA,NA,1.23312918983743,0.0817608815929978,0.177822177822178,0.361638361638362,FALSE,FALSE,"reestimated",218.109,"31845"
"S2",5,100,0,8,22268807,32268826,"ok",NA,NA,1.10990140102772,0.0779725504343579,0.385614385614386,0.42957042957043,FALSE,FALSE,"reestimated",219.721,"31845"
"S2",5,100,0,9,22269816,32269835,"ok",NA,NA,1.09543959045402,0.0815458332353591,0.407592407592408,0.316683316683317,FALSE,FALSE,"reestimated",221.629,"31845"
"S2",5,100,0,10,22270825,32270844,"ok",NA,NA,1.19375404875876,0.0944044088222463,0.238761238761239,0.17982017982018,FALSE,FALSE,"reestimated",219.501,"31845"
"S2",5,100,0,11,22271834,32271853,"ok",NA,NA,1.02629747827448,0.0847761946661126,0.689310689310689,0.353646353646354,FALSE,FALSE,"reestimated",220.641,"31845"
"S2",5,100,0,12,22272843,32272862,"ok",NA,NA,1.05930814510933,0.0763349331836788,0.563436563436563,0.477522477522478,FALSE,FALSE,"reestimated",219.996,"31845"
"S2",5,100,0,13,22273852,32273871,"ok",NA,NA,1.12650941936737,0.074892707605475,0.372627372627373,0.480519480519481,FALSE,FALSE,"reestimated",218.656,"31845"
"S2",5,100,0,14,22274861,32274880,"ok",NA,NA,1.12770793354151,0.0825043319043687,0.367632367632368,0.351648351648352,FALSE,FALSE,"reestimated",218.403,"31845"
"S2",5,100,0,15,22275870,32275889,"ok",NA,NA,1.16231174101769,0.0728139996708273,0.247752247752248,0.506493506493506,FALSE,FALSE,"reestimated",218.954,"31845"
"S2",5,100,0,16,22276879,32276898,"ok",NA,NA,1.09640492813564,0.0731989169961637,0.421578421578422,0.529470529470529,FALSE,FALSE,"reestimated",222.378,"31845"
"S2",5,100,0,17,22277888,32277907,"ok",NA,NA,1.64276530749266,0.12365067334993,0.002997002997003,0.035964035964036,TRUE,TRUE,"reestimated",221.728,"31845"
"S2",5,100,0,18,22278897,32278916,"ok",NA,NA,1.04585159112341,0.0756169927677737,0.555444555444555,0.461538461538462,FALSE,FALSE,"reestimated",223.378,"31845"
"S2",5,100,0,19,22279906,32279925,"ok",NA,NA,1.31153518693237,0.087842830946272,0.0629370629370629,0.202797202797203,FALSE,FALSE,"reestimated",222.773,"31845"
"S2",5,100,0,20,22280915,32280934,"ok",NA,NA,1.08945242629593,0.0886213807514889,0.47952047952048,0.261738261738262,FALSE,FALSE,"reestimated",224.419,"31845"
"S2",5,100,0,21,22281924,32281943,"ok",NA,NA,1.26768939213922,0.0881195586212198,0.108891108891109,0.264735264735265,FALSE,FALSE,"reestimated",222.255,"31845"
"S2",5,100,0,22,22282933,32282952,"ok",NA,NA,1.00692282745228,0.0742181840687644,0.695304695304695,0.54045954045954,FALSE,FALSE,"reestimated",222.028,"31845"
"S2",5,100,0,23,22283942,32283961,"ok",NA,NA,0.937093729433671,0.0717836269295735,0.836163836163836,0.543456543456543,FALSE,FALSE,"reestimated",222.582,"31845"
"S2",5,100,0,24,22284951,32284970,"ok",NA,NA,0.865760723212926,0.0604621242919393,0.952047952047952,0.818181818181818,FALSE,FALSE,"reestimated",222.321,"31845"
"S2",5,100,0,25,22285960,32285979,"ok",NA,NA,1.12509736807096,0.0774340080530141,0.306693306693307,0.392607392607393,FALSE,FALSE,"reestimated",222.43,"31845"
"S2",5,100,0,26,22286969,32286988,"ok",NA,NA,1.29099518740513,0.088782144395423,0.101898101898102,0.230769230769231,FALSE,FALSE,"reestimated",223.23,"31845"
"S2",5,100,0,27,22287978,32287997,"ok",NA,NA,0.900887417760605,0.0721649734563145,0.903096903096903,0.535464535464535,FALSE,FALSE,"reestimated",225.262,"31845"
"S2",5,100,0,28,22288987,32289006,"ok",NA,NA,1.11395873576985,0.0721307752359048,0.366633366633367,0.572427572427572,FALSE,FALSE,"reestimated",225.953,"31845"
"S2",5,100,0,29,22289996,32290015,"ok",NA,NA,1.16742558056012,0.0790408154659718,0.274725274725275,0.41958041958042,FALSE,FALSE,"reestimated",222.343,"31845"
"S2",5,100,0,30,22291005,32291024,"ok",NA,NA,1.29024426965733,0.117515749701152,0.157842157842158,0.0899100899100899,FALSE,FALSE,"reestimated",221.747,"31845"
"S2",5,100,0,31,22292014,32292033,"ok",NA,NA,0.999724723995635,0.0674432470156407,0.67032967032967,0.652347652347652,FALSE,FALSE,"reestimated",222.454,"31845"
"S2",5,100,0,32,22293023,32293042,"ok",NA,NA,1.39449769624751,0.0866419101514645,0.041958041958042,0.276723276723277,TRUE,FALSE,"reestimated",222.44,"31845"
"S2",5,100,0,33,22294032,32294051,"ok",NA,NA,1.13539153978651,0.070489190909833,0.382617382617383,0.654345654345654,FALSE,FALSE,"reestimated",222.532,"31845"
"S2",5,100,0,34,22295041,32295060,"ok",NA,NA,1.14228933759257,0.0938445883412711,0.318681318681319,0.178821178821179,FALSE,FALSE,"reestimated",221.835,"31845"
"S2",5,100,0,35,22296050,32296069,"ok",NA,NA,1.04175618453232,0.0789273748720525,0.552447552447552,0.406593406593407,FALSE,FALSE,"reestimated",222.491,"31845"
"S2",5,100,0,36,22297059,32297078,"ok",NA,NA,1.07950635538364,0.0778143746417858,0.456543456543457,0.388611388611389,FALSE,FALSE,"reestimated",222.233,"31845"
"S2",5,100,0,37,22298068,32298087,"ok",NA,NA,1.08006478732172,0.0755847111468291,0.420579420579421,0.443556443556444,FALSE,FALSE,"reestimated",224.474,"31845"
"S2",5,100,0,38,22299077,32299096,"ok",NA,NA,1.04252764668505,0.0776502661213988,0.666333666333666,0.532467532467532,FALSE,FALSE,"reestimated",221.807,"31845"
"S2",5,100,0,39,22300086,32300105,"ok",NA,NA,1.01272687138232,0.0716276595646299,0.694305694305694,0.593406593406593,FALSE,FALSE,"reestimated",220.909,"31845"
"S2",5,100,0,40,22301095,32301114,"ok",NA,NA,1.14716642304252,0.0718148170477551,0.348651348651349,0.609390609390609,FALSE,FALSE,"reestimated",222.355,"31845"
"S2",5,100,0,41,22302104,32302123,"ok",NA,NA,1.18743629242675,0.108157572185113,0.294705294705295,0.107892107892108,FALSE,FALSE,"reestimated",221.964,"31845"
"S2",5,100,0,42,22303113,32303132,"ok",NA,NA,1.15664194060283,0.087781058068492,0.328671328671329,0.27972027972028,FALSE,FALSE,"reestimated",221.936,"31845"
"S2",5,100,0,43,22304122,32304141,"ok",NA,NA,0.994361020431634,0.0734835038966774,0.695304695304695,0.523476523476524,FALSE,FALSE,"reestimated",222.245,"31845"
"S2",5,100,0,44,22305131,32305150,"ok",NA,NA,1.418175675472,0.0956657320930876,0.021978021978022,0.157842157842158,TRUE,FALSE,"reestimated",221.314,"31845"
"S2",5,100,0,45,22306140,32306159,"ok",NA,NA,0.91257879412783,0.0599203265031031,0.882117882117882,0.817182817182817,FALSE,FALSE,"reestimated",221.994,"31845"
"S2",5,100,0,46,22307149,32307168,"ok",NA,NA,1.15047767481785,0.0917815134146696,0.345654345654346,0.245754245754246,FALSE,FALSE,"reestimated",221.317,"31845"
"S2",5,100,0,47,22308158,32308177,"ok",NA,NA,1.12698612399043,0.107209927081359,0.398601398601399,0.0929070929070929,FALSE,FALSE,"reestimated",221.766,"31845"
"S2",5,100,0,48,22309167,32309186,"ok",NA,NA,1.00866911327191,0.0602924356679818,0.655344655344655,0.803196803196803,FALSE,FALSE,"reestimated",222.161,"31845"
"S2",5,100,0,49,22310176,32310195,"ok",NA,NA,0.957852849912163,0.0746063941703437,0.802197802197802,0.458541458541459,FALSE,FALSE,"reestimated",222.237,"31845"
"S2",5,100,0,50,22311185,32311204,"ok",NA,NA,0.979056243188742,0.0605344386428257,0.768231768231768,0.824175824175824,FALSE,FALSE,"reestimated",220.63,"31845"
"S2",5,100,0,51,22312194,32312213,"ok",NA,NA,0.86249035452086,0.0628453705636664,0.953046953046953,0.757242757242757,FALSE,FALSE,"reestimated",220.385,"31845"
"S2",5,100,0,52,22313203,32313222,"ok",NA,NA,1.27042227089591,0.0834407004872809,0.101898101898102,0.274725274725275,FALSE,FALSE,"reestimated",219.785,"31845"
"S2",5,100,0,53,22314212,32314231,"ok",NA,NA,1.18910192734373,0.0994872903434634,0.240759240759241,0.118881118881119,FALSE,FALSE,"reestimated",219.826,"31845"
"S2",5,100,0,54,22315221,32315240,"ok",NA,NA,1.10540646434597,0.0657944163024159,0.392607392607393,0.677322677322677,FALSE,FALSE,"reestimated",220.702,"31845"
"S2",5,100,0,55,22316230,32316249,"ok",NA,NA,1.14148409556851,0.0709831208315357,0.264735264735265,0.587412587412587,FALSE,FALSE,"reestimated",220.518,"31845"
"S2",5,100,0,56,22317239,32317258,"ok",NA,NA,1.04881296571717,0.0690152320890799,0.553446553446553,0.65034965034965,FALSE,FALSE,"reestimated",219.773,"31845"
"S2",5,100,0,57,22318248,32318267,"ok",NA,NA,1.01394612734231,0.0630073413340095,0.661338661338661,0.75024975024975,FALSE,FALSE,"reestimated",223.065,"31845"
"S2",5,100,0,58,22319257,32319276,"ok",NA,NA,1.35446564784846,0.090308764194102,0.0559440559440559,0.243756243756244,FALSE,FALSE,"reestimated",219.356,"31845"
"S2",5,100,0,59,22320266,32320285,"ok",NA,NA,0.968018985026054,0.0772733255239069,0.778221778221778,0.405594405594406,FALSE,FALSE,"reestimated",220.398,"31845"
"S2",5,100,0,60,22321275,32321294,"ok",NA,NA,1.13090207986112,0.085406930415118,0.326673326673327,0.261738261738262,FALSE,FALSE,"reestimated",220.6,"31845"
"S2",5,100,0,61,22322284,32322303,"ok",NA,NA,0.97978770593133,0.0710090285306713,0.752247752247752,0.564435564435564,FALSE,FALSE,"reestimated",219.953,"31845"
"S2",5,100,0,62,22323293,32323312,"ok",NA,NA,1.21288019828008,0.0868032744124127,0.183816183816184,0.264735264735265,FALSE,FALSE,"reestimated",219.561,"31845"
"S2",5,100,0,63,22324302,32324321,"ok",NA,NA,1.01062020211827,0.0719341189361081,0.626373626373626,0.496503496503497,FALSE,FALSE,"reestimated",220.614,"31845"
"S2",5,100,0,64,22325311,32325330,"ok",NA,NA,1.02889953271858,0.0793301431095181,0.61038961038961,0.393606393606394,FALSE,FALSE,"reestimated",220.779,"31845"
"S2",5,100,0,65,22326320,32326339,"ok",NA,NA,1.27780395235075,0.0932081229265894,0.130869130869131,0.203796203796204,FALSE,FALSE,"reestimated",221.356,"31845"
"S2",5,100,0,66,22327329,32327348,"ok",NA,NA,1.01124824238741,0.0658708299787236,0.649350649350649,0.694305694305694,FALSE,FALSE,"reestimated",222.45,"31845"
"S2",5,100,0,67,22328338,32328357,"ok",NA,NA,1.15475364980531,0.0694938350550695,0.24975024975025,0.58041958041958,FALSE,FALSE,"reestimated",221.612,"31845"
"S2",5,100,0,68,22329347,32329366,"ok",NA,NA,1.12416415222534,0.100263199938562,0.375624375624376,0.142857142857143,FALSE,FALSE,"reestimated",220.375,"31845"
"S2",5,100,0,69,22330356,32330375,"ok",NA,NA,1.30917290766088,0.0887366442372331,0.0629370629370629,0.197802197802198,FALSE,FALSE,"reestimated",221.655,"31845"
"S2",5,100,0,70,22331365,32331384,"ok",NA,NA,1.17818646495009,0.0908288267804075,0.208791208791209,0.167832167832168,FALSE,FALSE,"reestimated",221.885,"31845"
"S2",5,100,0,71,22332374,32332393,"ok",NA,NA,1.02130531942094,0.0692332652517941,0.623376623376623,0.627372627372627,FALSE,FALSE,"reestimated",222.112,"31845"
"S2",5,100,0,72,22333383,32333402,"ok",NA,NA,1.19576148215949,0.117994429603011,0.27972027972028,0.0719280719280719,FALSE,FALSE,"reestimated",220.089,"31845"
"S2",5,100,0,73,22334392,32334411,"ok",NA,NA,1.27640678206646,0.0941962973116912,0.104895104895105,0.17982017982018,FALSE,FALSE,"reestimated",220.57,"31845"
"S2",5,100,0,74,22335401,32335420,"ok",NA,NA,1.08427676796824,0.0813992460548409,0.446553446553447,0.338661338661339,FALSE,FALSE,"reestimated",220.721,"31845"
"S2",5,100,0,75,22336410,32336429,"ok",NA,NA,1.13867650736574,0.0716188087921877,0.366633366633367,0.6003996003996,FALSE,FALSE,"reestimated",221.708,"31845"
"S2",5,100,0,76,22337419,32337438,"ok",NA,NA,1.27801223828189,0.0825217654018711,0.125874125874126,0.357642357642358,FALSE,FALSE,"reestimated",223.264,"31845"
"S2",5,100,0,77,22338428,32338447,"ok",NA,NA,1.05219378336416,0.0616056186117762,0.520479520479521,0.758241758241758,FALSE,FALSE,"reestimated",224.745,"31845"
"S2",5,100,0,78,22339437,32339456,"ok",NA,NA,0.99229465564565,0.0677884933168496,0.746253746253746,0.71028971028971,FALSE,FALSE,"reestimated",225.165,"31845"
"S2",5,100,0,79,22340446,32340465,"ok",NA,NA,1.08150753981098,0.0650158363647341,0.47952047952048,0.721278721278721,FALSE,FALSE,"reestimated",223.403,"31845"
"S2",5,100,0,80,22341455,32341474,"ok",NA,NA,1.16088661656177,0.0821491373323228,0.282717282717283,0.360639360639361,FALSE,FALSE,"reestimated",225.045,"31845"
"S2",5,100,0,81,22342464,32342483,"ok",NA,NA,1.04874273816654,0.0622303292696231,0.556443556443556,0.769230769230769,FALSE,FALSE,"reestimated",224.713,"31845"
"S2",5,100,0,82,22343473,32343492,"ok",NA,NA,1.24743915084496,0.0834424526417759,0.101898101898102,0.274725274725275,FALSE,FALSE,"reestimated",225.302,"31845"
"S2",5,100,0,83,22344482,32344501,"ok",NA,NA,0.996966771802843,0.0734575290555335,0.706293706293706,0.501498501498502,FALSE,FALSE,"reestimated",224.638,"31845"
"S2",5,100,0,84,22345491,32345510,"ok",NA,NA,1.18511932326087,0.0875992955219132,0.200799200799201,0.222777222777223,FALSE,FALSE,"reestimated",222.048,"31845"
"S2",5,100,0,85,22346500,32346519,"ok",NA,NA,1.19595761443493,0.0746587801098706,0.203796203796204,0.488511488511489,FALSE,FALSE,"reestimated",221.918,"31845"
"S2",5,100,0,86,22347509,32347528,"ok",NA,NA,1.38331644527304,0.139840632335531,0.0769230769230769,0.036963036963037,FALSE,TRUE,"reestimated",220.815,"31845"
"S2",5,100,0,87,22348518,32348537,"ok",NA,NA,0.999882776096396,0.0638983618811665,0.709290709290709,0.764235764235764,FALSE,FALSE,"reestimated",221.73,"31845"
"S2",5,100,0,88,22349527,32349546,"ok",NA,NA,0.968348142783101,0.0663125853050832,0.763236763236763,0.656343656343656,FALSE,FALSE,"reestimated",222.288,"31845"
"S2",5,100,0,89,22350536,32350555,"ok",NA,NA,1.12682003988874,0.0853798458393223,0.380619380619381,0.326673326673327,FALSE,FALSE,"reestimated",220.787,"31845"
"S2",5,100,0,90,22351545,32351564,"ok",NA,NA,1.18302456128176,0.0882384575196002,0.264735264735265,0.292707292707293,FALSE,FALSE,"reestimated",222.148,"31845"
"S2",5,100,0,91,22352554,32352573,"ok",NA,NA,1.02735518653914,0.0699184072071996,0.57042957042957,0.551448551448551,FALSE,FALSE,"reestimated",222.251,"31845"
"S2",5,100,0,92,22353563,32353582,"ok",NA,NA,1.20312664595669,0.0956998305442483,0.191808191808192,0.143856143856144,FALSE,FALSE,"reestimated",221.876,"31845"
"S2",5,100,0,93,22354572,32354591,"ok",NA,NA,1.39852058339465,0.0823146798983342,0.017982017982018,0.331668331668332,TRUE,FALSE,"reestimated",222.931,"31845"
"S2",5,100,0,94,22355581,32355600,"ok",NA,NA,1.18418916295876,0.082745440811241,0.167832167832168,0.255744255744256,FALSE,FALSE,"reestimated",221.618,"31845"
"S2",5,100,0,95,22356590,32356609,"ok",NA,NA,1.156029312058,0.0700345109987036,0.248751248751249,0.571428571428571,FALSE,FALSE,"reestimated",222.222,"31845"
"S2",5,100,0,96,22357599,32357618,"ok",NA,NA,1.01890823095916,0.082236757189449,0.667332667332667,0.356643356643357,FALSE,FALSE,"reestimated",225.432,"31845"
"S2",5,100,0,97,22358608,32358627,"ok",NA,NA,1.13205371313322,0.0571706742104887,0.347652347652348,0.897102897102897,FALSE,FALSE,"reestimated",222.101,"31845"
"S2",5,100,0,98,22359617,32359636,"ok",NA,NA,1.11360621693083,0.0921319080338225,0.402597402597403,0.188811188811189,FALSE,FALSE,"reestimated",224.207,"31845"
"S2",5,100,0,99,22360626,32360645,"ok",NA,NA,1.25829839235671,0.110790475379596,0.0829170829170829,0.045954045954046,FALSE,TRUE,"reestimated",222.556,"31845"
"S2",5,100,0,100,22361635,32361654,"ok",NA,NA,1.26341824302795,0.0815156985670579,0.124875124875125,0.336663336663337,FALSE,FALSE,"reestimated",222.219,"31845"
"S2",5,100,0,101,22362644,32362663,"ok",NA,NA,1.05534360446222,0.0803666729453957,0.546453546453546,0.36963036963037,FALSE,FALSE,"reestimated",222.346,"31845"
"S2",5,100,0,102,22363653,32363672,"ok",NA,NA,1.17016563821146,0.0772460347308633,0.212787212787213,0.392607392607393,FALSE,FALSE,"reestimated",225.45,"31845"
"S2",5,100,0,103,22364662,32364681,"ok",NA,NA,1.16753178423941,0.0901455821147748,0.27972027972028,0.231768231768232,FALSE,FALSE,"reestimated",222.707,"31845"
"S2",5,100,0,104,22365671,32365690,"ok",NA,NA,0.949123428236875,0.0755623062782312,0.824175824175824,0.476523476523477,FALSE,FALSE,"reestimated",222.842,"31845"
"S2",5,100,0,105,22366680,32366699,"ok",NA,NA,1.11549571377794,0.0801791969745914,0.36963036963037,0.368631368631369,FALSE,FALSE,"reestimated",221.978,"31845"
"S2",5,100,0,106,22367689,32367708,"ok",NA,NA,1.16656838152272,0.0680307335075231,0.26973026973027,0.656343656343656,FALSE,FALSE,"reestimated",221.887,"31845"
"S2",5,100,0,107,22368698,32368717,"ok",NA,NA,0.935394876474241,0.0571233047911977,0.866133866133866,0.906093906093906,FALSE,FALSE,"reestimated",222.743,"31845"
"S2",5,100,0,108,22369707,32369726,"ok",NA,NA,1.1417891327102,0.084002468442829,0.27972027972028,0.277722277722278,FALSE,FALSE,"reestimated",223.214,"31845"
"S2",5,100,0,109,22370716,32370735,"ok",NA,NA,0.97369721049175,0.0606177951088347,0.719280719280719,0.772227772227772,FALSE,FALSE,"reestimated",223.7,"31845"
"S2",5,100,0,110,22371725,32371744,"ok",NA,NA,0.987634354540899,0.0767719728271421,0.744255744255744,0.467532467532468,FALSE,FALSE,"reestimated",221.473,"31845"
"S2",5,100,0,111,22372734,32372753,"ok",NA,NA,1.13073295065076,0.0942444720112355,0.33966033966034,0.156843156843157,FALSE,FALSE,"reestimated",222.724,"31845"
"S2",5,100,0,112,22373743,32373762,"ok",NA,NA,1.23497508885842,0.0782925704841867,0.167832167832168,0.413586413586414,FALSE,FALSE,"reestimated",223.557,"31845"
"S2",5,100,0,113,22374752,32374771,"ok",NA,NA,1.07156696626421,0.0820220980627179,0.458541458541459,0.323676323676324,FALSE,FALSE,"reestimated",221.567,"31845"
"S2",5,100,0,114,22375761,32375780,"ok",NA,NA,1.0821845607351,0.0807344597139516,0.411588411588412,0.320679320679321,FALSE,FALSE,"reestimated",220.663,"31845"
"S2",5,100,0,115,22376770,32376789,"ok",NA,NA,0.945219710577523,0.0760878789199594,0.822177822177822,0.455544455544456,FALSE,FALSE,"reestimated",221.659,"31845"
"S2",5,100,0,116,22377779,32377798,"ok",NA,NA,1.18141980603004,0.0731152216332237,0.265734265734266,0.561438561438561,FALSE,FALSE,"reestimated",220.576,"31845"
"S2",5,100,0,117,22378788,32378807,"ok",NA,NA,1.21463171789961,0.102315783651827,0.235764235764236,0.136863136863137,FALSE,FALSE,"reestimated",219.772,"31845"
"S2",5,100,0,118,22379797,32379816,"ok",NA,NA,0.978081959656734,0.0755508776868286,0.717282717282717,0.455544455544456,FALSE,FALSE,"reestimated",220.889,"31845"
"S2",5,100,0,119,22380806,32380825,"ok",NA,NA,0.975753569835976,0.0726682157597469,0.753246753246753,0.545454545454545,FALSE,FALSE,"reestimated",220.23,"31845"
"S2",5,100,0,120,22381815,32381834,"ok",NA,NA,1.23929276926865,0.114276488145741,0.182817182817183,0.0699300699300699,FALSE,FALSE,"reestimated",220.788,"31845"
"S2",5,100,0,121,22382824,32382843,"ok",NA,NA,1.09358856190371,0.0972493840817799,0.38961038961039,0.116883116883117,FALSE,FALSE,"reestimated",221.275,"31845"
"S2",5,100,0,122,22383833,32383852,"ok",NA,NA,1.21148698611173,0.0866006827409685,0.177822177822178,0.241758241758242,FALSE,FALSE,"reestimated",220.93,"31845"
"S2",5,100,0,123,22384842,32384861,"ok",NA,NA,1.09291722166682,0.0649755231794994,0.393606393606394,0.685314685314685,FALSE,FALSE,"reestimated",220.705,"31845"
"S2",5,100,0,124,22385851,32385870,"ok",NA,NA,1.03632900244013,0.0673507965035651,0.583416583416583,0.654345654345654,FALSE,FALSE,"reestimated",222.78,"31845"
"S2",5,100,0,125,22386860,32386879,"ok",NA,NA,1.09731047001976,0.0672557618269319,0.406593406593407,0.637362637362637,FALSE,FALSE,"reestimated",220.978,"31845"
"S2",5,100,0,126,22387869,32387888,"ok",NA,NA,1.13017179707075,0.0748267796867164,0.353646353646354,0.493506493506494,FALSE,FALSE,"reestimated",220.134,"31845"
"S2",5,100,0,127,22388878,32388897,"ok",NA,NA,1.08924479644521,0.0768152704227357,0.501498501498502,0.481518481518482,FALSE,FALSE,"reestimated",220.18,"31845"
"S2",5,100,0,128,22389887,32389906,"ok",NA,NA,1.31483503994062,0.0899892469521301,0.0979020979020979,0.265734265734266,FALSE,FALSE,"reestimated",220.49,"31845"
"S2",5,100,0,129,22390896,32390915,"ok",NA,NA,1.22954441283625,0.0836892806235697,0.180819180819181,0.352647352647353,FALSE,FALSE,"reestimated",222.978,"31845"
"S2",5,100,0,130,22391905,32391924,"ok",NA,NA,1.08216272149235,0.0765055715564991,0.433566433566434,0.414585414585415,FALSE,FALSE,"reestimated",221.191,"31845"
"S2",5,100,0,131,22392914,32392933,"ok",NA,NA,1.31893020633679,0.0791043563424404,0.0859140859140859,0.432567432567433,FALSE,FALSE,"reestimated",222.816,"31845"
"S2",5,100,0,132,22393923,32393942,"ok",NA,NA,1.20428373025817,0.0773837104636715,0.193806193806194,0.438561438561439,FALSE,FALSE,"reestimated",221.915,"31845"
"S2",5,100,0,133,22394932,32394951,"ok",NA,NA,0.964111089605473,0.0564920813708416,0.753246753246753,0.884115884115884,FALSE,FALSE,"reestimated",221.228,"31845"
"S2",5,100,0,134,22395941,32395960,"ok",NA,NA,1.29719605811144,0.0798001401009032,0.0859140859140859,0.384615384615385,FALSE,FALSE,"reestimated",221.931,"31845"
"S2",5,100,0,135,22396950,32396969,"ok",NA,NA,1.04615131950353,0.0791042152459634,0.591408591408591,0.416583416583417,FALSE,FALSE,"reestimated",225.003,"31845"
"S2",5,100,0,136,22397959,32397978,"ok",NA,NA,1.5053973120387,0.100428145380949,0.00799200799200799,0.0999000999000999,TRUE,FALSE,"reestimated",221.882,"31845"
"S2",5,100,0,137,22398968,32398987,"ok",NA,NA,1.15772992008186,0.0829595689330243,0.300699300699301,0.350649350649351,FALSE,FALSE,"reestimated",220.165,"31845"
"S2",5,100,0,138,22399977,32399996,"ok",NA,NA,0.959175566288911,0.0662746806223399,0.802197802197802,0.7002997002997,FALSE,FALSE,"reestimated",221.902,"31845"
"S2",5,100,0,139,22400986,32401005,"ok",NA,NA,1.2098318074913,0.0980582454106241,0.246753246753247,0.154845154845155,FALSE,FALSE,"reestimated",221.183,"31845"
"S2",5,100,0,140,22401995,32402014,"ok",NA,NA,1.09507532013128,0.0863833117543255,0.420579420579421,0.25974025974026,FALSE,FALSE,"reestimated",221.324,"31845"
"S2",5,100,0,141,22403004,32403023,"ok",NA,NA,1.09991516127739,0.0686080492627157,0.384615384615385,0.594405594405594,FALSE,FALSE,"reestimated",221.284,"31845"
"S2",5,100,0,142,22404013,32404032,"ok",NA,NA,1.11639360517447,0.0667754278775236,0.347652347652348,0.629370629370629,FALSE,FALSE,"reestimated",221.749,"31845"
"S2",5,100,0,143,22405022,32405041,"ok",NA,NA,1.07817051353459,0.0882021660135736,0.451548451548452,0.235764235764236,FALSE,FALSE,"reestimated",221.341,"31845"
"S2",5,100,0,144,22406031,32406050,"ok",NA,NA,0.916268764586383,0.0739729524326091,0.907092907092907,0.563436563436563,FALSE,FALSE,"reestimated",224.935,"31845"
"S2",5,100,0,145,22407040,32407059,"ok",NA,NA,1.25941811796324,0.0891070103925776,0.192807192807193,0.28971028971029,FALSE,FALSE,"reestimated",224.828,"31845"
"S2",5,100,0,146,22408049,32408068,"ok",NA,NA,1.11662262651431,0.0907666131814218,0.475524475524476,0.281718281718282,FALSE,FALSE,"reestimated",221.408,"31845"
"S2",5,100,0,147,22409058,32409077,"ok",NA,NA,1.18822844046045,0.0914244605899507,0.290709290709291,0.278721278721279,FALSE,FALSE,"reestimated",221.328,"31845"
"S2",5,100,0,148,22410067,32410086,"ok",NA,NA,1.23570331667586,0.0914533621476287,0.15984015984016,0.21978021978022,FALSE,FALSE,"reestimated",221.635,"31845"
"S2",5,100,0,149,22411076,32411095,"ok",NA,NA,0.979543396495519,0.063854055612608,0.707292707292707,0.694305694305694,FALSE,FALSE,"reestimated",222.448,"31845"
"S2",5,100,0,150,22412085,32412104,"ok",NA,NA,0.976951017706746,0.0664291001666543,0.742257742257742,0.688311688311688,FALSE,FALSE,"reestimated",222.664,"31845"
"S2",5,100,0,151,22413094,32413113,"ok",NA,NA,1.15791200884796,0.0771256901801861,0.267732267732268,0.470529470529471,FALSE,FALSE,"reestimated",221.945,"31845"
"S2",5,100,0,152,22414103,32414122,"ok",NA,NA,1.14692395652082,0.0747472727097514,0.277722277722278,0.46953046953047,FALSE,FALSE,"reestimated",224.127,"31845"
"S2",5,100,0,153,22415112,32415131,"ok",NA,NA,1.13932675949307,0.0810372760623755,0.352647352647353,0.412587412587413,FALSE,FALSE,"reestimated",224.569,"31845"
"S2",5,100,0,154,22416121,32416140,"ok",NA,NA,1.08527854477628,0.0777292695604234,0.488511488511489,0.472527472527473,FALSE,FALSE,"reestimated",225.227,"31845"
"S2",5,100,0,155,22417130,32417149,"ok",NA,NA,0.951109879381308,0.0603928615359447,0.817182817182817,0.832167832167832,FALSE,FALSE,"reestimated",221.705,"31845"
"S2",5,100,0,156,22418139,32418158,"ok",NA,NA,1.0804927375683,0.0718857604929842,0.515484515484515,0.599400599400599,FALSE,FALSE,"reestimated",221.64,"31845"
"S2",5,100,0,157,22419148,32419167,"ok",NA,NA,1.01241654372679,0.0751043806270078,0.679320679320679,0.500499500499501,FALSE,FALSE,"reestimated",221.326,"31845"
"S2",5,100,0,158,22420157,32420176,"ok",NA,NA,1.13990648232934,0.0852416486432855,0.332667332667333,0.28971028971029,FALSE,FALSE,"reestimated",221.945,"31845"
"S2",5,100,0,159,22421166,32421185,"ok",NA,NA,1.06241835961346,0.0927920762843347,0.517482517482518,0.168831168831169,FALSE,FALSE,"reestimated",224.893,"31845"
"S2",5,100,0,160,22422175,32422194,"ok",NA,NA,1.23251948868685,0.0994581778024352,0.160839160839161,0.124875124875125,FALSE,FALSE,"reestimated",221.607,"31845"
"S2",5,100,0,161,22423184,32423203,"ok",NA,NA,1.25096166940221,0.0857003905369876,0.141858141858142,0.286713286713287,FALSE,FALSE,"reestimated",222.38,"31845"
"S2",5,100,0,162,22424193,32424212,"ok",NA,NA,1.01752531186374,0.0736686892918154,0.597402597402597,0.463536463536464,FALSE,FALSE,"reestimated",223.031,"31845"
"S2",5,100,0,163,22425202,32425221,"ok",NA,NA,1.21336134196542,0.0939993064470557,0.154845154845155,0.164835164835165,FALSE,FALSE,"reestimated",222.993,"31845"
"S2",5,100,0,164,22426211,32426230,"ok",NA,NA,1.16231052476462,0.0921112006961014,0.314685314685315,0.231768231768232,FALSE,FALSE,"reestimated",223.348,"31845"
"S2",5,100,0,165,22427220,32427239,"ok",NA,NA,1.09095355534092,0.0694046682790282,0.445554445554446,0.623376623376623,FALSE,FALSE,"reestimated",221.089,"31845"
"S2",5,100,0,166,22428229,32428248,"ok",NA,NA,1.38295655679827,0.106162546723171,0.051948051948052,0.113886113886114,FALSE,FALSE,"reestimated",221.582,"31845"
"S2",5,100,0,167,22429238,32429257,"ok",NA,NA,1.09197942189512,0.071836232880011,0.426573426573427,0.544455544455544,FALSE,FALSE,"reestimated",222.897,"31845"
"S2",5,100,0,168,22430247,32430266,"ok",NA,NA,0.915151898808914,0.0640533337295349,0.889110889110889,0.745254745254745,FALSE,FALSE,"reestimated",222.221,"31845"
"S2",5,100,0,169,22431256,32431275,"ok",NA,NA,1.18364431469423,0.0843267321117718,0.190809190809191,0.251748251748252,FALSE,FALSE,"reestimated",223.137,"31845"
"S2",5,100,0,170,22432265,32432284,"ok",NA,NA,1.11488096229925,0.0764134935793203,0.348651348651349,0.41958041958042,FALSE,FALSE,"reestimated",223.233,"31845"
"S2",5,100,0,171,22433274,32433293,"ok",NA,NA,0.949303616439228,0.0750763179665959,0.863136863136863,0.525474525474525,FALSE,FALSE,"reestimated",221.091,"31845"
"S2",5,100,0,172,22434283,32434302,"ok",NA,NA,1.26065258899195,0.0777080766630039,0.103896103896104,0.413586413586414,FALSE,FALSE,"reestimated",222.364,"31845"
"S2",5,100,0,173,22435292,32435311,"ok",NA,NA,1.07119766642928,0.0713404230834306,0.475524475524476,0.559440559440559,FALSE,FALSE,"reestimated",221.192,"31845"
"S2",5,100,0,174,22436301,32436320,"ok",NA,NA,1.29778274123586,0.0655411894487589,0.0719280719280719,0.747252747252747,FALSE,FALSE,"reestimated",222.09,"31845"
"S2",5,100,0,175,22437310,32437329,"ok",NA,NA,1.48658697924233,0.0778627183501626,0.011988011988012,0.423576423576424,TRUE,FALSE,"reestimated",221.415,"31845"
"S2",5,100,0,176,22438319,32438338,"ok",NA,NA,1.20909827462305,0.0752218933954684,0.182817182817183,0.476523476523477,FALSE,FALSE,"reestimated",221.997,"31845"
"S2",5,100,0,177,22439328,32439347,"ok",NA,NA,1.1978565859747,0.0728259891980435,0.263736263736264,0.583416583416583,FALSE,FALSE,"reestimated",218.983,"31845"
"S2",5,100,0,178,22440337,32440356,"ok",NA,NA,1.01323955631466,0.0811919600126539,0.682317682317682,0.417582417582418,FALSE,FALSE,"reestimated",220.137,"31845"
"S2",5,100,0,179,22441346,32441365,"ok",NA,NA,1.22208071448204,0.0904793464249278,0.181818181818182,0.232767232767233,FALSE,FALSE,"reestimated",220.917,"31845"
"S2",5,100,0,180,22442355,32442374,"ok",NA,NA,1.09539999538918,0.0732108842631878,0.424575424575425,0.527472527472527,FALSE,FALSE,"reestimated",219.813,"31845"
"S2",5,100,0,181,22443364,32443383,"ok",NA,NA,1.33937383262644,0.0932269785700827,0.038961038961039,0.15984015984016,TRUE,FALSE,"reestimated",220.488,"31845"
"S2",5,100,0,182,22444373,32444392,"ok",NA,NA,0.982568304046946,0.0640730876667104,0.753246753246753,0.741258741258741,FALSE,FALSE,"reestimated",222.265,"31845"
"S2",5,100,0,183,22445382,32445401,"ok",NA,NA,1.07530052944087,0.0665268599017784,0.425574425574426,0.64035964035964,FALSE,FALSE,"reestimated",219.297,"31845"
"S2",5,100,0,184,22446391,32446410,"ok",NA,NA,1.09711450538029,0.0864718434130203,0.450549450549451,0.270729270729271,FALSE,FALSE,"reestimated",219.446,"31845"
"S2",5,100,0,185,22447400,32447419,"ok",NA,NA,1.05887525207906,0.0711914797254233,0.517482517482518,0.565434565434565,FALSE,FALSE,"reestimated",220.737,"31845"
"S2",5,100,0,186,22448409,32448428,"ok",NA,NA,1.34744570682055,0.133079052974242,0.158841158841159,0.115884115884116,FALSE,FALSE,"reestimated",218.076,"31845"
"S2",5,100,0,187,22449418,32449437,"ok",NA,NA,1.0602295891729,0.0794959998131807,0.595404595404595,0.454545454545455,FALSE,FALSE,"reestimated",219.807,"31845"
"S2",5,100,0,188,22450427,32450446,"ok",NA,NA,1.08423071432058,0.0890356202816901,0.476523476523477,0.230769230769231,FALSE,FALSE,"reestimated",220.717,"31845"
"S2",5,100,0,189,22451436,32451455,"ok",NA,NA,0.940400186678506,0.0718882677548725,0.843156843156843,0.562437562437562,FALSE,FALSE,"reestimated",220.182,"31845"
"S2",5,100,0,190,22452445,32452464,"ok",NA,NA,1.14047324743075,0.0835313650704401,0.288711288711289,0.286713286713287,FALSE,FALSE,"reestimated",219.472,"31845"
"S2",5,100,0,191,22453454,32453473,"ok",NA,NA,1.07314579222436,0.0761143347158399,0.518481518481518,0.498501498501498,FALSE,FALSE,"reestimated",220.579,"31845"
"S2",5,100,0,192,22454463,32454482,"ok",NA,NA,1.1505596237445,0.0676456811397415,0.333666333666334,0.708291708291708,FALSE,FALSE,"reestimated",220.841,"31845"
"S2",5,100,0,193,22455472,32455491,"ok",NA,NA,1.06883742270973,0.075000323551915,0.498501498501498,0.492507492507492,FALSE,FALSE,"reestimated",221.59,"31845"
"S2",5,100,0,194,22456481,32456500,"ok",NA,NA,1.21169006136572,0.0807314963133721,0.207792207792208,0.381618381618382,FALSE,FALSE,"reestimated",221.898,"31845"
"S2",5,100,0,195,22457490,32457509,"ok",NA,NA,1.00281888192489,0.0718617644712292,0.72027972027972,0.585414585414585,FALSE,FALSE,"reestimated",221.852,"31845"
"S2",5,100,0,196,22458499,32458518,"ok",NA,NA,1.20584667050267,0.0835199145725268,0.167832167832168,0.301698301698302,FALSE,FALSE,"reestimated",222.696,"31845"
"S2",5,100,0,197,22459508,32459527,"ok",NA,NA,0.990571986604522,0.0781771521909266,0.696303696303696,0.402597402597403,FALSE,FALSE,"reestimated",222.417,"31845"
"S2",5,100,0,198,22460517,32460536,"ok",NA,NA,1.41541733137825,0.0910874960377425,0.037962037962038,0.27972027972028,TRUE,FALSE,"reestimated",222.029,"31845"
"S2",5,100,0,199,22461526,32461545,"ok",NA,NA,1.11871268008245,0.0838850478180066,0.316683316683317,0.248751248751249,FALSE,FALSE,"reestimated",220.935,"31845"
"S2",5,100,0,200,22462535,32462554,"ok",NA,NA,1.27827791083305,0.0723306939753699,0.100899100899101,0.55044955044955,FALSE,FALSE,"reestimated",222.534,"31845"
"S2",5,100,0,201,22463544,32463563,"ok",NA,NA,1.02418367447624,0.0675154509706117,0.583416583416583,0.632367632367632,FALSE,FALSE,"reestimated",222.87,"31845"
"S2",5,100,0,202,22464553,32464572,"ok",NA,NA,1.38331288902512,0.099745776435531,0.032967032967033,0.118881118881119,TRUE,FALSE,"reestimated",220.166,"31845"
"S2",5,100,0,203,22465562,32465581,"ok",NA,NA,0.960589052058606,0.0650582774757207,0.78021978021978,0.707292707292707,FALSE,FALSE,"reestimated",222.422,"31845"
"S2",5,100,0,204,22466571,32466590,"ok",NA,NA,1.21172976783411,0.0732105256246253,0.163836163836164,0.523476523476524,FALSE,FALSE,"reestimated",224.395,"31845"
"S2",5,100,0,205,22467580,32467599,"ok",NA,NA,1.11547241836566,0.086181348543413,0.412587412587413,0.298701298701299,FALSE,FALSE,"reestimated",220.826,"31845"
"S2",5,100,0,206,22468589,32468608,"ok",NA,NA,0.950382771866681,0.069053963685181,0.802197802197802,0.608391608391608,FALSE,FALSE,"reestimated",222.475,"31845"
"S2",5,100,0,207,22469598,32469617,"ok",NA,NA,1.08424422301184,0.0701467522293609,0.447552447552448,0.58041958041958,FALSE,FALSE,"reestimated",221.634,"31845"
"S2",5,100,0,208,22470607,32470626,"ok",NA,NA,1.11189779875977,0.0737118422923877,0.393606393606394,0.522477522477522,FALSE,FALSE,"reestimated",224.467,"31845"
"S2",5,100,0,209,22471616,32471635,"ok",NA,NA,1.20031355974234,0.0934918879030385,0.187812187812188,0.146853146853147,FALSE,FALSE,"reestimated",221.631,"31845"
"S2",5,100,0,210,22472625,32472644,"ok",NA,NA,1.11204006009372,0.0632667534868055,0.395604395604396,0.727272727272727,FALSE,FALSE,"reestimated",222.678,"31845"
"S2",5,100,0,211,22473634,32473653,"ok",NA,NA,1.14394994514353,0.0851308570921853,0.274725274725275,0.286713286713287,FALSE,FALSE,"reestimated",222.16,"31845"
"S2",5,100,0,212,22474643,32474662,"ok",NA,NA,1.31666534727933,0.0779133820226037,0.0699300699300699,0.427572427572428,FALSE,FALSE,"reestimated",223.396,"31845"
"S2",5,100,0,213,22475652,32475671,"ok",NA,NA,1.14208710664511,0.0762099709300594,0.323676323676324,0.462537462537463,FALSE,FALSE,"reestimated",222.24,"31845"
"S2",5,100,0,214,22476661,32476680,"ok",NA,NA,1.0328367230268,0.0664030986531639,0.63036963036963,0.73026973026973,FALSE,FALSE,"reestimated",221.551,"31845"
"S2",5,100,0,215,22477670,32477689,"ok",NA,NA,1.18324846776462,0.118583243856445,0.313686313686314,0.0549450549450549,FALSE,FALSE,"reestimated",221.771,"31845"
"S2",5,100,0,216,22478679,32478698,"ok",NA,NA,1.0395132433315,0.076908529564289,0.585414585414585,0.454545454545455,FALSE,FALSE,"reestimated",221.503,"31845"
"S2",5,100,0,217,22479688,32479707,"ok",NA,NA,1.12385337419239,0.0653269991141819,0.331668331668332,0.667332667332667,FALSE,FALSE,"reestimated",222.862,"31845"
"S2",5,100,0,218,22480697,32480716,"ok",NA,NA,1.18129973303271,0.0711195391294336,0.251748251748252,0.567432567432567,FALSE,FALSE,"reestimated",222.562,"31845"
"S2",5,100,0,219,22481706,32481725,"ok",NA,NA,1.09898183918763,0.0844658449676851,0.438561438561439,0.284715284715285,FALSE,FALSE,"reestimated",224.001,"31845"
"S2",5,100,0,220,22482715,32482734,"ok",NA,NA,1.05266382038443,0.0753191920136419,0.568431568431568,0.482517482517482,FALSE,FALSE,"reestimated",221.888,"31845"
"S2",5,100,0,221,22483724,32483743,"ok",NA,NA,1.05069914188846,0.078271487901107,0.561438561438561,0.403596403596404,FALSE,FALSE,"reestimated",222.215,"31845"
"S2",5,100,0,222,22484733,32484752,"ok",NA,NA,1.33826163233625,0.126454799310176,0.10989010989011,0.0579420579420579,FALSE,FALSE,"reestimated",221.851,"31845"
"S2",5,100,0,223,22485742,32485761,"ok",NA,NA,1.15519065329734,0.0702332357500845,0.286713286713287,0.574425574425574,FALSE,FALSE,"reestimated",222.174,"31845"
"S2",5,100,0,224,22486751,32486770,"ok",NA,NA,1.04951310074451,0.0761513822359408,0.556443556443556,0.44955044955045,FALSE,FALSE,"reestimated",222.051,"31845"
"S2",5,100,0,225,22487760,32487779,"ok",NA,NA,1.04013677464873,0.0780466948763884,0.583416583416583,0.413586413586414,FALSE,FALSE,"reestimated",224.171,"31845"
"S2",5,100,0,226,22488769,32488788,"ok",NA,NA,1.21211955923259,0.093537526254161,0.175824175824176,0.165834165834166,FALSE,FALSE,"reestimated",223.366,"31845"
"S2",5,100,0,227,22489778,32489797,"ok",NA,NA,1.0992921254366,0.0694931979767242,0.43956043956044,0.653346653346653,FALSE,FALSE,"reestimated",222.799,"31845"
"S2",5,100,0,228,22490787,32490806,"ok",NA,NA,1.17790213935792,0.081909568906985,0.22977022977023,0.341658341658342,FALSE,FALSE,"reestimated",224.214,"31845"
"S2",5,100,0,229,22491796,32491815,"ok",NA,NA,1.10611812214165,0.0786091105687342,0.324675324675325,0.35964035964036,FALSE,FALSE,"reestimated",222.213,"31845"
"S2",5,100,0,230,22492805,32492824,"ok",NA,NA,1.09622374149389,0.0735337659220447,0.4995004995005,0.571428571428571,FALSE,FALSE,"reestimated",221.317,"31845"
"S2",5,100,0,231,22493814,32493833,"ok",NA,NA,1.06773195729567,0.074714159006961,0.517482517482518,0.506493506493506,FALSE,FALSE,"reestimated",222.365,"31845"
"S2",5,100,0,232,22494823,32494842,"ok",NA,NA,1.0362095374197,0.0729785467024057,0.595404595404595,0.533466533466533,FALSE,FALSE,"reestimated",221.998,"31845"
"S2",5,100,0,233,22495832,32495851,"ok",NA,NA,0.950662598109424,0.0625178022900985,0.839160839160839,0.796203796203796,FALSE,FALSE,"reestimated",222.306,"31845"
"S2",5,100,0,234,22496841,32496860,"ok",NA,NA,1.11622387361932,0.0836455412737226,0.402597402597403,0.31968031968032,FALSE,FALSE,"reestimated",221.743,"31845"
"S2",5,100,0,235,22497850,32497869,"ok",NA,NA,1.17406719575491,0.0876413180194659,0.25974025974026,0.24975024975025,FALSE,FALSE,"reestimated",222.502,"31845"
"S2",5,100,0,236,22498859,32498878,"ok",NA,NA,1.00133418039434,0.0743408420260818,0.637362637362637,0.471528471528472,FALSE,FALSE,"reestimated",222.54,"31845"
"S2",5,100,0,237,22499868,32499887,"ok",NA,NA,1.34738557449749,0.115955013089406,0.0629370629370629,0.0649350649350649,FALSE,FALSE,"reestimated",222.445,"31845"
"S2",5,100,0,238,22500877,32500896,"ok",NA,NA,1.14244585894662,0.0723625637597022,0.397602397602398,0.627372627372627,FALSE,FALSE,"reestimated",222.111,"31845"
"S2",5,100,0,239,22501886,32501905,"ok",NA,NA,1.1511729517225,0.0644456866549807,0.335664335664336,0.764235764235764,FALSE,FALSE,"reestimated",222.511,"31845"
"S2",5,100,0,240,22502895,32502914,"ok",NA,NA,1.10795330114558,0.0739547941216899,0.42957042957043,0.548451548451548,FALSE,FALSE,"reestimated",221.36,"31845"
"S2",5,100,0,241,22503904,32503923,"ok",NA,NA,1.18721388743055,0.0904185296017112,0.195804195804196,0.171828171828172,FALSE,FALSE,"reestimated",220.243,"31845"
"S2",5,100,0,242,22504913,32504932,"ok",NA,NA,1.08891079806136,0.0867363561856283,0.462537462537463,0.263736263736264,FALSE,FALSE,"reestimated",219.274,"31845"
"S2",5,100,0,243,22505922,32505941,"ok",NA,NA,1.19106569458768,0.0816940474500601,0.206793206793207,0.310689310689311,FALSE,FALSE,"reestimated",220.307,"31845"
"S2",5,100,0,244,22506931,32506950,"ok",NA,NA,1.1689229095086,0.0693803219081641,0.245754245754246,0.617382617382617,FALSE,FALSE,"reestimated",218.993,"31845"
"S2",5,100,0,245,22507940,32507959,"ok",NA,NA,1.15389573156351,0.0671390093906792,0.303696303696304,0.679320679320679,FALSE,FALSE,"reestimated",220.15,"31845"
"S2",5,100,0,246,22508949,32508968,"ok",NA,NA,1.22792681112738,0.0807024814701753,0.147852147852148,0.34965034965035,FALSE,FALSE,"reestimated",220.995,"31845"
"S2",5,100,0,247,22509958,32509977,"ok",NA,NA,1.21218506750193,0.0793640117807039,0.196803196803197,0.395604395604396,FALSE,FALSE,"reestimated",219.567,"31845"
"S2",5,100,0,248,22510967,32510986,"ok",NA,NA,1.02648073470411,0.0762484933709348,0.635364635364635,0.482517482517482,FALSE,FALSE,"reestimated",220.194,"31845"
"S2",5,100,0,249,22511976,32511995,"ok",NA,NA,1.014075527393,0.0733781512260101,0.679320679320679,0.523476523476524,FALSE,FALSE,"reestimated",222.732,"31845"
"S2",5,100,0,250,22512985,32513004,"ok",NA,NA,1.1052332699074,0.0639718717766121,0.427572427572428,0.777222777222777,FALSE,FALSE,"reestimated",220.066,"31845"
"S2",5,100,0,251,22513994,32514013,"ok",NA,NA,1.32323410753099,0.0678745238996492,0.0609390609390609,0.648351648351648,FALSE,FALSE,"reestimated",220.319,"31845"
"S2",5,100,0,252,22515003,32515022,"ok",NA,NA,0.974203681320402,0.0791777530788522,0.736263736263736,0.34965034965035,FALSE,FALSE,"reestimated",219.599,"31845"
"S2",5,100,0,253,22516012,32516031,"ok",NA,NA,1.11183183673891,0.0954125667425531,0.380619380619381,0.181818181818182,FALSE,FALSE,"reestimated",219.815,"31845"
"S2",5,100,0,254,22517021,32517040,"ok",NA,NA,1.1997589225287,0.0930659015772931,0.194805194805195,0.168831168831169,FALSE,FALSE,"reestimated",219.973,"31845"
"S2",5,100,0,255,22518030,32518049,"ok",NA,NA,1.23279627559836,0.0947834317232858,0.180819180819181,0.170829170829171,FALSE,FALSE,"reestimated",219.074,"31845"
"S2",5,100,0,256,22519039,32519058,"ok",NA,NA,1.26079734009993,0.0817127013872007,0.125874125874126,0.358641358641359,FALSE,FALSE,"reestimated",220.299,"31845"
"S2",5,100,0,257,22520048,32520067,"ok",NA,NA,1.02969888007866,0.0787907610921242,0.611388611388611,0.38961038961039,FALSE,FALSE,"reestimated",222.085,"31845"
"S2",5,100,0,258,22521057,32521076,"ok",NA,NA,1.18759622790114,0.0920335914528438,0.221778221778222,0.177822177822178,FALSE,FALSE,"reestimated",222.871,"31845"
"S2",5,100,0,259,22522066,32522085,"ok",NA,NA,1.12029667380991,0.0728763787731748,0.357642357642358,0.529470529470529,FALSE,FALSE,"reestimated",221.88,"31845"
"S2",5,100,0,260,22523075,32523094,"ok",NA,NA,1.05840751770803,0.0737806568771896,0.482517482517482,0.477522477522478,FALSE,FALSE,"reestimated",221.906,"31845"
"S2",5,100,0,261,22524084,32524103,"ok",NA,NA,1.16360348577947,0.0822634915261549,0.262737262737263,0.322677322677323,FALSE,FALSE,"reestimated",221.757,"31845"
"S2",5,100,0,262,22525093,32525112,"ok",NA,NA,1.20588967439164,0.0896271941804627,0.171828171828172,0.197802197802198,FALSE,FALSE,"reestimated",222.826,"31845"
"S2",5,100,0,263,22526102,32526121,"ok",NA,NA,1.21148766699485,0.087559817276054,0.16983016983017,0.233766233766234,FALSE,FALSE,"reestimated",224.998,"31845"
"S2",5,100,0,264,22527111,32527130,"ok",NA,NA,1.01501963784,0.0766468575366445,0.651348651348651,0.413586413586414,FALSE,FALSE,"reestimated",221.998,"31845"
"S2",5,100,0,265,22528120,32528139,"ok",NA,NA,1.16261794248711,0.0911746997378221,0.325674325674326,0.22977022977023,FALSE,FALSE,"reestimated",222.294,"31845"
"S2",5,100,0,266,22529129,32529148,"ok",NA,NA,1.22106051887567,0.0817268633258404,0.132867132867133,0.313686313686314,FALSE,FALSE,"reestimated",224.309,"31845"
"S2",5,100,0,267,22530138,32530157,"ok",NA,NA,1.13413877476901,0.0798470712498197,0.343656343656344,0.402597402597403,FALSE,FALSE,"reestimated",222.678,"31845"
"S2",5,100,0,268,22531147,32531166,"ok",NA,NA,1.18231782536005,0.0750408339171877,0.208791208791209,0.49050949050949,FALSE,FALSE,"reestimated",222.183,"31845"
"S2",5,100,0,269,22532156,32532175,"ok",NA,NA,1.11882809229787,0.0846306261440681,0.34965034965035,0.26973026973027,FALSE,FALSE,"reestimated",224.109,"31845"
"S2",5,100,0,270,22533165,32533184,"ok",NA,NA,1.15184718992337,0.0800127573252857,0.327672327672328,0.417582417582418,FALSE,FALSE,"reestimated",222.671,"31845"
"S2",5,100,0,271,22534174,32534193,"ok",NA,NA,1.11397491748041,0.0681717007676669,0.380619380619381,0.647352647352647,FALSE,FALSE,"reestimated",221.718,"31845"
"S2",5,100,0,272,22535183,32535202,"ok",NA,NA,0.952931699518413,0.0741430473261565,0.815184815184815,0.523476523476524,FALSE,FALSE,"reestimated",222.384,"31845"
"S2",5,100,0,273,22536192,32536211,"ok",NA,NA,1.10106620152602,0.0752124735006115,0.401598401598402,0.452547452547453,FALSE,FALSE,"reestimated",222.017,"31845"
"S2",5,100,0,274,22537201,32537220,"ok",NA,NA,1.19289485752473,0.0813879668524614,0.184815184815185,0.332667332667333,FALSE,FALSE,"reestimated",223.233,"31845"
"S2",5,100,0,275,22538210,32538229,"ok",NA,NA,1.14601781144531,0.0834376808897847,0.336663336663337,0.334665334665335,FALSE,FALSE,"reestimated",221.847,"31845"
"S2",5,100,0,276,22539219,32539238,"ok",NA,NA,0.986496941532041,0.0690144822490064,0.747252747252747,0.645354645354645,FALSE,FALSE,"reestimated",223.601,"31845"
"S2",5,100,0,277,22540228,32540247,"ok",NA,NA,1.04602274733354,0.0882704675579672,0.512487512487512,0.17982017982018,FALSE,FALSE,"reestimated",221.841,"31845"
"S2",5,100,0,278,22541237,32541256,"ok",NA,NA,1.22862941542049,0.0857908959326139,0.180819180819181,0.328671328671329,FALSE,FALSE,"reestimated",221.399,"31845"
"S2",5,100,0,279,22542246,32542265,"ok",NA,NA,1.07974779433634,0.0870518938146412,0.487512487512487,0.278721278721279,FALSE,FALSE,"reestimated",221.279,"31845"
"S2",5,100,0,280,22543255,32543274,"ok",NA,NA,1.24072509901922,0.0935825671270919,0.173826173826174,0.206793206793207,FALSE,FALSE,"reestimated",222.087,"31845"
"S2",5,100,0,281,22544264,32544283,"ok",NA,NA,1.18867004970706,0.0763033962844957,0.18981018981019,0.402597402597403,FALSE,FALSE,"reestimated",222.601,"31845"
"S2",5,100,0,282,22545273,32545292,"ok",NA,NA,0.932304566486658,0.0706917458815338,0.863136863136863,0.564435564435564,FALSE,FALSE,"reestimated",222.352,"31845"
"S2",5,100,0,283,22546282,32546301,"ok",NA,NA,1.16243740076092,0.0806412542307638,0.270729270729271,0.341658341658342,FALSE,FALSE,"reestimated",223.983,"31845"
"S2",5,100,0,284,22547291,32547310,"ok",NA,NA,1.13856390870857,0.082477867210539,0.314685314685315,0.316683316683317,FALSE,FALSE,"reestimated",222.596,"31845"
"S2",5,100,0,285,22548300,32548319,"ok",NA,NA,0.892586091325149,0.0630668969104864,0.914085914085914,0.757242757242757,FALSE,FALSE,"reestimated",221.772,"31845"
"S2",5,100,0,286,22549309,32549328,"ok",NA,NA,1.19464615755426,0.0714353198853969,0.206793206793207,0.586413586413586,FALSE,FALSE,"reestimated",222.068,"31845"
"S2",5,100,0,287,22550318,32550337,"ok",NA,NA,0.998556970508506,0.0800482832939103,0.677322677322677,0.343656343656344,FALSE,FALSE,"reestimated",224.852,"31845"
"S2",5,100,0,288,22551327,32551346,"ok",NA,NA,0.907363188798768,0.0646091971706454,0.907092907092907,0.718281718281718,FALSE,FALSE,"reestimated",223.203,"31845"
"S2",5,100,0,289,22552336,32552355,"ok",NA,NA,1.04985392715342,0.0791939379494996,0.523476523476524,0.385614385614386,FALSE,FALSE,"reestimated",222.973,"31845"
"S2",5,100,0,290,22553345,32553364,"ok",NA,NA,0.967828140265458,0.0679953559020986,0.752247752247752,0.608391608391608,FALSE,FALSE,"reestimated",222.732,"31845"
"S2",5,100,0,291,22554354,32554373,"ok",NA,NA,0.833143142991374,0.066962438592676,0.981018981018981,0.631368631368631,FALSE,FALSE,"reestimated",223.115,"31845"
"S2",5,100,0,292,22555363,32555382,"ok",NA,NA,1.11299289482106,0.0800478187309264,0.342657342657343,0.346653346653347,FALSE,FALSE,"reestimated",222.855,"31845"
"S2",5,100,0,293,22556372,32556391,"ok",NA,NA,1.14686952525532,0.0685938932418641,0.305694305694306,0.648351648351648,FALSE,FALSE,"reestimated",221.966,"31845"
"S2",5,100,0,294,22557381,32557400,"ok",NA,NA,1.25061829255489,0.102539662984695,0.141858141858142,0.0939060939060939,FALSE,FALSE,"reestimated",222.902,"31845"
"S2",5,100,0,295,22558390,32558409,"ok",NA,NA,1.40021674207341,0.10316008172402,0.037962037962038,0.111888111888112,TRUE,FALSE,"reestimated",221.077,"31845"
"S2",5,100,0,296,22559399,32559418,"ok",NA,NA,1.03833778979064,0.0821630086242361,0.575424575424575,0.347652347652348,FALSE,FALSE,"reestimated",221.747,"31845"
"S2",5,100,0,297,22560408,32560427,"ok",NA,NA,1.06036971083454,0.0801636359068612,0.507492507492508,0.384615384615385,FALSE,FALSE,"reestimated",222.959,"31845"
"S2",5,100,0,298,22561417,32561436,"ok",NA,NA,1.32794008924564,0.0957050225199779,0.0719280719280719,0.152847152847153,FALSE,FALSE,"reestimated",223.097,"31845"
"S2",5,100,0,299,22562426,32562445,"ok",NA,NA,1.11642671395632,0.0832152348368115,0.363636363636364,0.283716283716284,FALSE,FALSE,"reestimated",221.573,"31845"
"S2",5,100,0,300,22563435,32563454,"ok",NA,NA,1.19900406735562,0.0646606540114515,0.222777222777223,0.754245754245754,FALSE,FALSE,"reestimated",221.601,"31845"
"S2",5,100,0,301,22564444,32564463,"ok",NA,NA,1.16411028743557,0.0980731650317878,0.326673326673327,0.154845154845155,FALSE,FALSE,"reestimated",222.377,"31845"
"S2",5,100,0,302,22565453,32565472,"ok",NA,NA,1.45632260162366,0.0901589978400645,0.015984015984016,0.188811188811189,TRUE,FALSE,"reestimated",223.05,"31845"
"S2",5,100,0,303,22566462,32566481,"ok",NA,NA,1.08066054931762,0.070955960352658,0.438561438561439,0.559440559440559,FALSE,FALSE,"reestimated",222.003,"31845"
"S2",5,100,0,304,22567471,32567490,"ok",NA,NA,1.18008528840531,0.0863647707717716,0.214785214785215,0.232767232767233,FALSE,FALSE,"reestimated",221.54,"31845"
"S2",5,100,0,305,22568480,32568499,"ok",NA,NA,1.36947117805353,0.104875707013545,0.035964035964036,0.0639360639360639,TRUE,FALSE,"reestimated",222.667,"31845"
"S2",5,100,0,306,22569489,32569508,"ok",NA,NA,1.34408901721255,0.105469439292229,0.0689310689310689,0.0929070929070929,FALSE,FALSE,"reestimated",219.84,"31845"
"S2",5,100,0,307,22570498,32570517,"ok",NA,NA,1.06660536005247,0.0628031724206529,0.522477522477522,0.771228771228771,FALSE,FALSE,"reestimated",222.55,"31845"
"S2",5,100,0,308,22571507,32571526,"ok",NA,NA,1.2010276982624,0.0730319285769541,0.200799200799201,0.556443556443556,FALSE,FALSE,"reestimated",219,"31845"
"S2",5,100,0,309,22572516,32572535,"ok",NA,NA,1.12275691247243,0.0928569731870815,0.333666333666334,0.164835164835165,FALSE,FALSE,"reestimated",220.476000000001,"31845"
"S2",5,100,0,310,22573525,32573544,"ok",NA,NA,1.28858663271064,0.086022931733361,0.10989010989011,0.303696303696304,FALSE,FALSE,"reestimated",222.761,"31845"
"S2",5,100,0,311,22574534,32574553,"ok",NA,NA,0.983127531161215,0.0656820217261897,0.748251748251748,0.689310689310689,FALSE,FALSE,"reestimated",219.036999999999,"31845"
"S2",5,100,0,312,22575543,32575562,"ok",NA,NA,1.11039280479786,0.0822846829851881,0.342657342657343,0.297702297702298,FALSE,FALSE,"reestimated",220.455,"31845"
"S2",5,100,0,313,22576552,32576571,"ok",NA,NA,1.12238850263613,0.0826678318968089,0.352647352647353,0.346653346653347,FALSE,FALSE,"reestimated",220.335,"31845"
"S2",5,100,0,314,22577561,32577580,"ok",NA,NA,1.15967354752892,0.0661316522047761,0.305694305694306,0.74025974025974,FALSE,FALSE,"reestimated",219.401,"31845"
"S2",5,100,0,315,22578570,32578589,"ok",NA,NA,1.28917861500963,0.0901411961282024,0.0779220779220779,0.183816183816184,FALSE,FALSE,"reestimated",220.874000000001,"31845"
"S2",5,100,0,316,22579579,32579598,"ok",NA,NA,1.31131621064521,0.0727434474921892,0.0969030969030969,0.597402597402597,FALSE,FALSE,"reestimated",219.41,"31845"
"S2",5,100,0,317,22580588,32580607,"ok",NA,NA,1.27743517096693,0.0792135464545105,0.0619380619380619,0.338661338661339,FALSE,FALSE,"reestimated",222.276,"31845"
"S2",5,100,0,318,22581597,32581616,"ok",NA,NA,1.0349239605833,0.079082351300378,0.605394605394605,0.408591408591409,FALSE,FALSE,"reestimated",220.383,"31845"
"S2",5,100,0,319,22582606,32582625,"ok",NA,NA,0.999420613456209,0.0637959681457854,0.706293706293706,0.781218781218781,FALSE,FALSE,"reestimated",221.710999999999,"31845"
"S2",5,100,0,320,22583615,32583634,"ok",NA,NA,1.0318832303456,0.0910226020232571,0.594405594405594,0.191808191808192,FALSE,FALSE,"reestimated",220.767,"31845"
"S2",5,100,0,321,22584624,32584643,"ok",NA,NA,1.35103307711167,0.0886894567053115,0.0749250749250749,0.306693306693307,FALSE,FALSE,"reestimated",222.157,"31845"
"S2",5,100,0,322,22585633,32585652,"ok",NA,NA,1.1436253347863,0.073683721024512,0.307692307692308,0.507492507492508,FALSE,FALSE,"reestimated",222.711,"31845"
"S2",5,100,0,323,22586642,32586661,"ok",NA,NA,1.02318303910354,0.0767377318665969,0.654345654345654,0.464535464535465,FALSE,FALSE,"reestimated",223.334,"31845"
"S2",5,100,0,324,22587651,32587670,"ok",NA,NA,1.02400520592228,0.0754644897685729,0.604395604395604,0.460539460539461,FALSE,FALSE,"reestimated",224.381,"31845"
"S2",5,100,0,325,22588660,32588679,"ok",NA,NA,1.28434596410364,0.096518598133919,0.0839160839160839,0.113886113886114,FALSE,FALSE,"reestimated",222.054,"31845"
"S2",5,100,0,326,22589669,32589688,"ok",NA,NA,1.0892032423178,0.0944233736546129,0.484515484515485,0.197802197802198,FALSE,FALSE,"reestimated",222.003,"31845"
"S2",5,100,0,327,22590678,32590697,"ok",NA,NA,1.02049715302178,0.0751621358733573,0.577422577422577,0.441558441558442,FALSE,FALSE,"reestimated",221.282999999999,"31845"
"S2",5,100,0,328,22591687,32591706,"ok",NA,NA,1.21166732188059,0.113449264879047,0.158841158841159,0.032967032967033,FALSE,TRUE,"reestimated",219.853,"31845"
"S2",5,100,0,329,22592696,32592715,"ok",NA,NA,1.14524236300515,0.0770597538601421,0.341658341658342,0.483516483516484,FALSE,FALSE,"reestimated",221.476,"31845"
"S2",5,100,0,330,22593705,32593724,"ok",NA,NA,1.07728947945856,0.0626595486991751,0.476523476523477,0.786213786213786,FALSE,FALSE,"reestimated",222.768,"31845"
"S2",5,100,0,331,22594714,32594733,"ok",NA,NA,1.20777202244716,0.0948990730998376,0.213786213786214,0.191808191808192,FALSE,FALSE,"reestimated",220.829000000001,"31845"
"S2",5,100,0,332,22595723,32595742,"ok",NA,NA,1.00254867796292,0.0604977624116392,0.705294705294705,0.822177822177822,FALSE,FALSE,"reestimated",222.221,"31845"
"S2",5,100,0,333,22596732,32596751,"ok",NA,NA,1.10036716749999,0.0690106217469512,0.434565434565435,0.667332667332667,FALSE,FALSE,"reestimated",223.555,"31845"
"S2",5,100,0,334,22597741,32597760,"ok",NA,NA,1.38860782613916,0.0869060455092569,0.021978021978022,0.22977022977023,TRUE,FALSE,"reestimated",222.573,"31845"
"S2",5,100,0,335,22598750,32598769,"ok",NA,NA,1.04414968431713,0.0714235758746793,0.625374625374625,0.635364635364635,FALSE,FALSE,"reestimated",221.589,"31845"
"S2",5,100,0,336,22599759,32599778,"ok",NA,NA,1.0573350762329,0.0748214367224797,0.531468531468531,0.473526473526474,FALSE,FALSE,"reestimated",222.139,"31845"
"S2",5,100,0,337,22600768,32600787,"ok",NA,NA,1.23493880297609,0.097830128601359,0.181818181818182,0.182817182817183,FALSE,FALSE,"reestimated",221.624,"31845"
"S2",5,100,0,338,22601777,32601796,"ok",NA,NA,1.24802240466242,0.0953715027603469,0.167832167832168,0.170829170829171,FALSE,FALSE,"reestimated",220.132000000001,"31845"
"S2",5,100,0,339,22602786,32602805,"ok",NA,NA,1.28223230579643,0.0857923512727997,0.0829170829170829,0.252747252747253,FALSE,FALSE,"reestimated",222.186,"31845"
"S2",5,100,0,340,22603795,32603814,"ok",NA,NA,1.12103231636851,0.0724917659393847,0.373626373626374,0.548451548451548,FALSE,FALSE,"reestimated",223.858,"31845"
"S2",5,100,0,341,22604804,32604823,"ok",NA,NA,1.2485668920905,0.0913031337640462,0.130869130869131,0.178821178821179,FALSE,FALSE,"reestimated",223.463000000001,"31845"
"S2",5,100,0,342,22605813,32605832,"ok",NA,NA,1.11609667634766,0.0659595353477785,0.330669330669331,0.683316683316683,FALSE,FALSE,"reestimated",222.412,"31845"
"S2",5,100,0,343,22606822,32606841,"ok",NA,NA,1.01233311606986,0.0784444480386554,0.696303696303696,0.47952047952048,FALSE,FALSE,"reestimated",220.508,"31845"
"S2",5,100,0,344,22607831,32607850,"ok",NA,NA,0.98425862037619,0.0681546712107634,0.728271728271728,0.65034965034965,FALSE,FALSE,"reestimated",222.791,"31845"
"S2",5,100,0,345,22608840,32608859,"ok",NA,NA,1.23825409278348,0.0824853877858205,0.153846153846154,0.335664335664336,FALSE,FALSE,"reestimated",221.73,"31845"
"S2",5,100,0,346,22609849,32609868,"ok",NA,NA,1.4063235800783,0.0814929062949892,0.01998001998002,0.325674325674326,TRUE,FALSE,"reestimated",220.523,"31845"
"S2",5,100,0,347,22610858,32610877,"ok",NA,NA,1.00776221358652,0.067053947675056,0.619380619380619,0.628371628371628,FALSE,FALSE,"reestimated",221.814,"31845"
"S2",5,100,0,348,22611867,32611886,"ok",NA,NA,1.16814448511183,0.0813066179937891,0.195804195804196,0.274725274725275,FALSE,FALSE,"reestimated",223.504,"31845"
"S2",5,100,0,349,22612876,32612895,"ok",NA,NA,1.09098847599202,0.0632043449126926,0.433566433566434,0.746253746253746,FALSE,FALSE,"reestimated",222.147,"31845"
"S2",5,100,0,350,22613885,32613904,"ok",NA,NA,0.961353413195963,0.075497560995918,0.826173826173826,0.541458541458541,FALSE,FALSE,"reestimated",223.423000000001,"31845"
"S2",5,100,0,351,22614894,32614913,"ok",NA,NA,1.0330455932491,0.0812836563609151,0.654345654345654,0.404595404595405,FALSE,FALSE,"reestimated",221.224,"31845"
"S2",5,100,0,352,22615903,32615922,"ok",NA,NA,1.05625020512163,0.0759722622671552,0.572427572427572,0.458541458541459,FALSE,FALSE,"reestimated",221.992999999999,"31845"
"S2",5,100,0,353,22616912,32616931,"ok",NA,NA,1.05493254232551,0.0672827837255457,0.546453546453546,0.689310689310689,FALSE,FALSE,"reestimated",220.987,"31845"
"S2",5,100,0,354,22617921,32617940,"ok",NA,NA,0.950326808493778,0.0755029032151653,0.852147852147852,0.520479520479521,FALSE,FALSE,"reestimated",221.467,"31845"
"S2",5,100,0,355,22618930,32618949,"ok",NA,NA,1.16519946277953,0.078776555555292,0.332667332667333,0.500499500499501,FALSE,FALSE,"reestimated",225.554,"31845"
"S2",5,100,0,356,22619939,32619958,"ok",NA,NA,1.07266031489465,0.0801918517933746,0.48951048951049,0.357642357642358,FALSE,FALSE,"reestimated",221.103,"31845"
"S2",5,100,0,357,22620948,32620967,"ok",NA,NA,0.986646176116576,0.0635635260179213,0.718281718281718,0.726273726273726,FALSE,FALSE,"reestimated",222.615,"31845"
"S2",5,100,0,358,22621957,32621976,"ok",NA,NA,0.961858301473055,0.0726697393057875,0.809190809190809,0.541458541458541,FALSE,FALSE,"reestimated",222.298000000001,"31845"
"S2",5,100,0,359,22622966,32622985,"ok",NA,NA,1.12331775476672,0.0867124653228823,0.360639360639361,0.254745254745255,FALSE,FALSE,"reestimated",222.296,"31845"
"S2",5,100,0,360,22623975,32623994,"ok",NA,NA,1.17923552542801,0.0811501014333114,0.194805194805195,0.316683316683317,FALSE,FALSE,"reestimated",222.674,"31845"
"S2",5,100,0,361,22624984,32625003,"ok",NA,NA,1.24679936784885,0.0817821151690104,0.104895104895105,0.308691308691309,FALSE,FALSE,"reestimated",222.169,"31845"
"S2",5,100,0,362,22625993,32626012,"ok",NA,NA,1.02762739058591,0.0765502493265352,0.597402597402597,0.423576423576424,FALSE,FALSE,"reestimated",223.18,"31845"
"S2",5,100,0,363,22627002,32627021,"ok",NA,NA,1.17606794903092,0.0845955790629463,0.27972027972028,0.330669330669331,FALSE,FALSE,"reestimated",224.767,"31845"
"S2",5,100,0,364,22628011,32628030,"ok",NA,NA,1.13936592758004,0.0813131626324744,0.334665334665335,0.3996003996004,FALSE,FALSE,"reestimated",222.381,"31845"
"S2",5,100,0,365,22629020,32629039,"ok",NA,NA,1.20024539566193,0.111006940199807,0.184815184815185,0.051948051948052,FALSE,FALSE,"reestimated",223.284,"31845"
"S2",5,100,0,366,22630029,32630048,"ok",NA,NA,1.22352181519418,0.0997952209877311,0.14985014985015,0.108891108891109,FALSE,FALSE,"reestimated",223.080999999999,"31845"
"S2",5,100,0,367,22631038,32631057,"ok",NA,NA,1.08971196418944,0.0652262014279939,0.390609390609391,0.683316683316683,FALSE,FALSE,"reestimated",222.944,"31845"
"S2",5,100,0,368,22632047,32632066,"ok",NA,NA,0.973706921990733,0.0701839524406894,0.727272727272727,0.582417582417582,FALSE,FALSE,"reestimated",222.685,"31845"
"S2",5,100,0,369,22633056,32633075,"ok",NA,NA,1.37800748599862,0.0815219743514334,0.03996003996004,0.362637362637363,TRUE,FALSE,"reestimated",218.963000000001,"31845"
"S2",5,100,0,370,22634065,32634084,"ok",NA,NA,1.0820375132833,0.0811520756457178,0.475524475524476,0.351648351648352,FALSE,FALSE,"reestimated",220.708,"31845"
"S2",5,100,0,371,22635074,32635093,"ok",NA,NA,1.14325090359349,0.0755532177658849,0.25974025974026,0.411588411588412,FALSE,FALSE,"reestimated",220.442999999999,"31845"
"S2",5,100,0,372,22636083,32636102,"ok",NA,NA,1.05099805925358,0.0655455968922298,0.524475524475524,0.677322677322677,FALSE,FALSE,"reestimated",220.567,"31845"
"S2",5,100,0,373,22637092,32637111,"ok",NA,NA,1.27267434953422,0.114423032188326,0.13986013986014,0.0609390609390609,FALSE,FALSE,"reestimated",219.914,"31845"
"S2",5,100,0,374,22638101,32638120,"ok",NA,NA,0.927743413585411,0.0692928663560096,0.876123876123876,0.64035964035964,FALSE,FALSE,"reestimated",220.630999999999,"31845"
"S2",5,100,0,375,22639110,32639129,"ok",NA,NA,1.02473421044962,0.0803047353715551,0.64035964035964,0.37962037962038,FALSE,FALSE,"reestimated",219.856,"31845"
"S2",5,100,0,376,22640119,32640138,"ok",NA,NA,1.18868628368559,0.0780376815004138,0.243756243756244,0.433566433566434,FALSE,FALSE,"reestimated",219.355,"31845"
"S2",5,100,0,377,22641128,32641147,"ok",NA,NA,1.27763521144386,0.106071315026167,0.106893106893107,0.0699300699300699,FALSE,FALSE,"reestimated",221.047,"31845"
"S2",5,100,0,378,22642137,32642156,"ok",NA,NA,1.14247169587755,0.0864174080388065,0.351648351648352,0.31968031968032,FALSE,FALSE,"reestimated",219.488,"31845"
"S2",5,100,0,379,22643146,32643165,"ok",NA,NA,1.01374276955622,0.0762366002044685,0.669330669330669,0.456543456543457,FALSE,FALSE,"reestimated",220.294,"31845"
"S2",5,100,0,380,22644155,32644174,"ok",NA,NA,1.31679910666306,0.0953908748988407,0.0559440559440559,0.150849150849151,FALSE,FALSE,"reestimated",219.172,"31845"
"S2",5,100,0,381,22645164,32645183,"ok",NA,NA,1.24571920287783,0.0995449506551803,0.151848151848152,0.112887112887113,FALSE,FALSE,"reestimated",219.232,"31845"
"S2",5,100,0,382,22646173,32646192,"ok",NA,NA,1.03622522307406,0.0723849187596199,0.638361638361638,0.59040959040959,FALSE,FALSE,"reestimated",222.284,"31845"
"S2",5,100,0,383,22647182,32647201,"ok",NA,NA,1.1699955105463,0.0998181628251631,0.33966033966034,0.173826173826174,FALSE,FALSE,"reestimated",219.9,"31845"
"S2",5,100,0,384,22648191,32648210,"ok",NA,NA,1.01376994304639,0.0566526018401857,0.655344655344655,0.892107892107892,FALSE,FALSE,"reestimated",220.066,"31845"
"S2",5,100,0,385,22649200,32649219,"ok",NA,NA,1.2798905870747,0.0855002058714101,0.0949050949050949,0.308691308691309,FALSE,FALSE,"reestimated",221.835,"31845"
"S2",5,100,0,386,22650209,32650228,"ok",NA,NA,1.28522194906133,0.0877426886711884,0.105894105894106,0.27972027972028,FALSE,FALSE,"reestimated",223.317999999999,"31845"
"S2",5,100,0,387,22651218,32651237,"ok",NA,NA,0.926299053747787,0.075014526959937,0.859140859140859,0.470529470529471,FALSE,FALSE,"reestimated",221.819,"31845"
"S2",5,100,0,388,22652227,32652246,"ok",NA,NA,0.975469426622272,0.0606700670777867,0.759240759240759,0.833166833166833,FALSE,FALSE,"reestimated",221.12,"31845"
"S2",5,100,0,389,22653236,32653255,"ok",NA,NA,0.969310822286097,0.073642357750701,0.814185814185814,0.568431568431568,FALSE,FALSE,"reestimated",221.998,"31845"
"S2",5,100,0,390,22654245,32654264,"ok",NA,NA,1.24512444647813,0.083158955916487,0.155844155844156,0.373626373626374,FALSE,FALSE,"reestimated",222.835,"31845"
"S2",5,100,0,391,22655254,32655273,"ok",NA,NA,1.2944171218146,0.0813842193117653,0.0799200799200799,0.367632367632368,FALSE,FALSE,"reestimated",222.578,"31845"
"S2",5,100,0,392,22656263,32656282,"ok",NA,NA,1.46869695953319,0.104196067392924,0.014985014985015,0.0859140859140859,TRUE,FALSE,"reestimated",222.215,"31845"
"S2",5,100,0,393,22657272,32657291,"ok",NA,NA,1.15428964467882,0.0964112350431136,0.285714285714286,0.147852147852148,FALSE,FALSE,"reestimated",222.330000000001,"31845"
"S2",5,100,0,394,22658281,32658300,"ok",NA,NA,1.05152373154906,0.0739770963361127,0.484515484515485,0.460539460539461,FALSE,FALSE,"reestimated",222.735,"31845"
"S2",5,100,0,395,22659290,32659309,"ok",NA,NA,1.1072168119376,0.0711716798508272,0.374625374625375,0.556443556443556,FALSE,FALSE,"reestimated",223.583,"31845"
"S2",5,100,0,396,22660299,32660318,"ok",NA,NA,1.18382041130217,0.0958491366115852,0.296703296703297,0.197802197802198,FALSE,FALSE,"reestimated",222.413,"31845"
"S2",5,100,0,397,22661308,32661327,"ok",NA,NA,1.00216494386175,0.0792643164116653,0.692307692307692,0.390609390609391,FALSE,FALSE,"reestimated",222.624,"31845"
"S2",5,100,0,398,22662317,32662336,"ok",NA,NA,1.02984366691839,0.0758129547880196,0.544455544455544,0.400599400599401,FALSE,FALSE,"reestimated",222.934,"31845"
"S2",5,100,0,399,22663326,32663345,"ok",NA,NA,1.09733114423873,0.0812160934563827,0.424575424575425,0.381618381618382,FALSE,FALSE,"reestimated",222.032,"31845"
"S2",5,100,0,400,22664335,32664354,"ok",NA,NA,1.19814083640149,0.102521786636652,0.212787212787213,0.0909090909090909,FALSE,FALSE,"reestimated",222.42,"31845"
"S2",5,100,0,401,22665344,32665363,"ok",NA,NA,1.23516706604528,0.100351456607757,0.18981018981019,0.147852147852148,FALSE,FALSE,"reestimated",222.264,"31845"
"S2",5,100,0,402,22666353,32666372,"ok",NA,NA,1.14579160672874,0.0706269197153703,0.335664335664336,0.628371628371628,FALSE,FALSE,"reestimated",222.513,"31845"
"S2",5,100,0,403,22667362,32667381,"ok",NA,NA,1.19284513787535,0.082786296090476,0.21978021978022,0.330669330669331,FALSE,FALSE,"reestimated",221.764,"31845"
"S2",5,100,0,404,22668371,32668390,"ok",NA,NA,1.34377202623037,0.0862004883500893,0.03996003996004,0.250749250749251,TRUE,FALSE,"reestimated",221.24,"31845"
"S2",5,100,0,405,22669380,32669399,"ok",NA,NA,1.30003710916341,0.103502238516773,0.100899100899101,0.0999000999000999,FALSE,FALSE,"reestimated",223.528,"31845"
"S2",5,100,0,406,22670389,32670408,"ok",NA,NA,1.08476899973199,0.0826700230428233,0.477522477522478,0.362637362637363,FALSE,FALSE,"reestimated",221.754999999999,"31845"
"S2",5,100,0,407,22671398,32671417,"ok",NA,NA,1.06980895354481,0.0656185740288946,0.512487512487512,0.696303696303696,FALSE,FALSE,"reestimated",222.043,"31845"
"S2",5,100,0,408,22672407,32672426,"ok",NA,NA,1.01563494221523,0.0593840730483335,0.686313686313686,0.873126873126873,FALSE,FALSE,"reestimated",221.505,"31845"
"S2",5,100,0,409,22673416,32673435,"ok",NA,NA,1.05133586253262,0.0782822723276305,0.535464535464535,0.441558441558442,FALSE,FALSE,"reestimated",222.622,"31845"
"S2",5,100,0,410,22674425,32674444,"ok",NA,NA,1.10296100315482,0.0851460231860429,0.434565434565435,0.308691308691309,FALSE,FALSE,"reestimated",221.707,"31845"
"S2",5,100,0,411,22675434,32675453,"ok",NA,NA,1.16202257225193,0.0798870297764718,0.275724275724276,0.415584415584416,FALSE,FALSE,"reestimated",222.895,"31845"
"S2",5,100,0,412,22676443,32676462,"ok",NA,NA,1.15354829189277,0.0843064124555275,0.295704295704296,0.301698301698302,FALSE,FALSE,"reestimated",223.670999999999,"31845"
"S2",5,100,0,413,22677452,32677471,"ok",NA,NA,1.26997689103828,0.0778442589911778,0.0789210789210789,0.387612387612388,FALSE,FALSE,"reestimated",223.974,"31845"
"S2",5,100,0,414,22678461,32678480,"ok",NA,NA,0.934471556788345,0.0677290411640559,0.852147852147852,0.676323676323676,FALSE,FALSE,"reestimated",222.772,"31845"
"S2",5,100,0,415,22679470,32679489,"ok",NA,NA,1.15250526265095,0.0858063144524235,0.305694305694306,0.288711288711289,FALSE,FALSE,"reestimated",221.906999999999,"31845"
"S2",5,100,0,416,22680479,32680498,"ok",NA,NA,0.99582704172085,0.0657931126123329,0.726273726273726,0.703296703296703,FALSE,FALSE,"reestimated",222.971,"31845"
"S2",5,100,0,417,22681488,32681507,"ok",NA,NA,1.10334430969121,0.0833438881295565,0.400599400599401,0.338661338661339,FALSE,FALSE,"reestimated",222.545,"31845"
"S2",5,100,0,418,22682497,32682516,"ok",NA,NA,1.25746645082659,0.0916017402558398,0.141858141858142,0.256743256743257,FALSE,FALSE,"reestimated",222.325000000001,"31845"
"S2",5,100,0,419,22683506,32683525,"ok",NA,NA,1.15998947348633,0.0823984885878331,0.263736263736264,0.317682317682318,FALSE,FALSE,"reestimated",222.061,"31845"
"S2",5,100,0,420,22684515,32684534,"ok",NA,NA,1.15623394389181,0.093480142191753,0.360639360639361,0.268731268731269,FALSE,FALSE,"reestimated",222.219,"31845"
"S2",5,100,0,421,22685524,32685543,"ok",NA,NA,1.16964376182776,0.0774936999910222,0.238761238761239,0.406593406593407,FALSE,FALSE,"reestimated",225.348999999999,"31845"
"S2",5,100,0,422,22686533,32686552,"ok",NA,NA,1.13618967303375,0.0656902523827758,0.285714285714286,0.688311688311688,FALSE,FALSE,"reestimated",221.294,"31845"
"S2",5,100,0,423,22687542,32687561,"ok",NA,NA,1.14887175429535,0.0838706168779449,0.373626373626374,0.365634365634366,FALSE,FALSE,"reestimated",223.331,"31845"
"S2",5,100,0,424,22688551,32688570,"ok",NA,NA,1.18232784600728,0.0872475264119267,0.267732267732268,0.292707292707293,FALSE,FALSE,"reestimated",222.888,"31845"
"S2",5,100,0,425,22689560,32689579,"ok",NA,NA,1.070219025391,0.0820846705542918,0.506493506493506,0.352647352647353,FALSE,FALSE,"reestimated",222.614,"31845"
"S2",5,100,0,426,22690569,32690588,"ok",NA,NA,1.18603035331176,0.0894724507476887,0.277722277722278,0.280719280719281,FALSE,FALSE,"reestimated",224.204,"31845"
"S2",5,100,0,427,22691578,32691597,"ok",NA,NA,1.05875956802372,0.0735693544757181,0.605394605394605,0.601398601398601,FALSE,FALSE,"reestimated",223.198,"31845"
"S2",5,100,0,428,22692587,32692606,"ok",NA,NA,1.41873865395361,0.067975654274599,0.00999000999000999,0.598401598401598,TRUE,FALSE,"reestimated",221.632000000001,"31845"
"S2",5,100,0,429,22693596,32693615,"ok",NA,NA,0.987584235318112,0.0649730149660847,0.741258741258741,0.731268731268731,FALSE,FALSE,"reestimated",222.193,"31845"
"S2",5,100,0,430,22694605,32694624,"ok",NA,NA,0.971878355238393,0.0800175362847833,0.726273726273726,0.30969030969031,FALSE,FALSE,"reestimated",222.319,"31845"
"S2",5,100,0,431,22695614,32695633,"ok",NA,NA,1.30986356478982,0.0851474810026466,0.0649350649350649,0.293706293706294,FALSE,FALSE,"reestimated",222.089,"31845"
"S2",5,100,0,432,22696623,32696642,"ok",NA,NA,1.19951917021363,0.0934758347259296,0.257742257742258,0.198801198801199,FALSE,FALSE,"reestimated",221.364,"31845"
"S2",5,100,0,433,22697632,32697651,"ok",NA,NA,1.10825998787262,0.0795257700682956,0.384615384615385,0.377622377622378,FALSE,FALSE,"reestimated",223.036,"31845"
"S2",5,100,0,434,22698641,32698660,"ok",NA,NA,1.08007047048062,0.0679054237547972,0.495504495504495,0.676323676323676,FALSE,FALSE,"reestimated",220.361,"31845"
"S2",5,100,0,435,22699650,32699669,"ok",NA,NA,1.17360951839419,0.0667708099241851,0.276723276723277,0.715284715284715,FALSE,FALSE,"reestimated",219.227,"31845"
"S2",5,100,0,436,22700659,32700678,"ok",NA,NA,1.0178691408426,0.0682264647008806,0.628371628371628,0.635364635364635,FALSE,FALSE,"reestimated",222.102,"31845"
"S2",5,100,0,437,22701668,32701687,"ok",NA,NA,1.02509398856775,0.0862276288326853,0.613386613386613,0.256743256743257,FALSE,FALSE,"reestimated",219.433,"31845"
"S2",5,100,0,438,22702677,32702696,"ok",NA,NA,1.27221452807915,0.0910221130459937,0.140859140859141,0.261738261738262,FALSE,FALSE,"reestimated",220.382000000001,"31845"
"S2",5,100,0,439,22703686,32703705,"ok",NA,NA,1.02463817999907,0.0635196988039886,0.613386613386613,0.743256743256743,FALSE,FALSE,"reestimated",220.581,"31845"
"S2",5,100,0,440,22704695,32704714,"ok",NA,NA,1.05683585504168,0.0915163380314127,0.568431568431568,0.237762237762238,FALSE,FALSE,"reestimated",220.7,"31845"
"S2",5,100,0,441,22705704,32705723,"ok",NA,NA,1.10611766906157,0.0811239136947174,0.394605394605395,0.31968031968032,FALSE,FALSE,"reestimated",219.579,"31845"
"S2",5,100,0,442,22706713,32706732,"ok",NA,NA,1.08142940479555,0.0714841592954692,0.480519480519481,0.55044955044955,FALSE,FALSE,"reestimated",220.694,"31845"
"S2",5,100,0,443,22707722,32707741,"ok",NA,NA,1.11546835738427,0.0964980835108602,0.414585414585415,0.174825174825175,FALSE,FALSE,"reestimated",220.029,"31845"
"S2",5,100,0,444,22708731,32708750,"ok",NA,NA,1.10966215888027,0.0851135872022546,0.313686313686314,0.252747252747253,FALSE,FALSE,"reestimated",219.987,"31845"
"S2",5,100,0,445,22709740,32709759,"ok",NA,NA,1.14772478271385,0.0791717866586131,0.290709290709291,0.393606393606394,FALSE,FALSE,"reestimated",220.379,"31845"
"S2",5,100,0,446,22710749,32710768,"ok",NA,NA,1.12759560219931,0.0987664935605818,0.288711288711289,0.0949050949050949,FALSE,FALSE,"reestimated",220.699000000001,"31845"
"S2",5,100,0,447,22711758,32711777,"ok",NA,NA,1.1933937454919,0.0924770603663018,0.186813186813187,0.174825174825175,FALSE,FALSE,"reestimated",219.592,"31845"
"S2",5,100,0,448,22712767,32712786,"ok",NA,NA,1.34939183934486,0.100222175186097,0.0609390609390609,0.134865134865135,FALSE,FALSE,"reestimated",220.634999999999,"31845"
"S2",5,100,0,449,22713776,32713795,"ok",NA,NA,1.0590588039949,0.0735957030497599,0.513486513486514,0.533466533466533,FALSE,FALSE,"reestimated",222.262000000001,"31845"
"S2",5,100,0,450,22714785,32714804,"ok",NA,NA,1.06317382920063,0.078289385047915,0.534465534465534,0.424575424575425,FALSE,FALSE,"reestimated",222.003000000001,"31845"
"S2",5,100,0,451,22715794,32715813,"ok",NA,NA,1.19218389168368,0.106631655607198,0.244755244755245,0.0849150849150849,FALSE,FALSE,"reestimated",222.086,"31845"
"S2",5,100,0,452,22716803,32716822,"ok",NA,NA,1.1221826184872,0.0971477393374462,0.415584415584416,0.158841158841159,FALSE,FALSE,"reestimated",221.513999999999,"31845"
"S2",5,100,0,453,22717812,32717831,"ok",NA,NA,1.09630424860211,0.0898919896657361,0.466533466533467,0.233766233766234,FALSE,FALSE,"reestimated",221.835,"31845"
"S2",5,100,0,454,22718821,32718840,"ok",NA,NA,0.966062424657527,0.0683592505996599,0.802197802197802,0.679320679320679,FALSE,FALSE,"reestimated",221.744,"31845"
"S2",5,100,0,455,22719830,32719849,"ok",NA,NA,1.18684848195097,0.0750195254615595,0.243756243756244,0.487512487512487,FALSE,FALSE,"reestimated",224.453,"31845"
"S2",5,100,0,456,22720839,32720858,"ok",NA,NA,1.3005099265591,0.07215213134631,0.0589410589410589,0.510489510489511,FALSE,FALSE,"reestimated",221.945000000001,"31845"
"S2",5,100,0,457,22721848,32721867,"ok",NA,NA,1.09653363337549,0.0796815298005941,0.461538461538462,0.414585414585415,FALSE,FALSE,"reestimated",224.264,"31845"
"S2",5,100,0,458,22722857,32722876,"ok",NA,NA,0.972764535246561,0.0777477360318143,0.828171828171828,0.511488511488511,FALSE,FALSE,"reestimated",223.214,"31845"
"S2",5,100,0,459,22723866,32723885,"ok",NA,NA,0.994621537164054,0.0728435270129319,0.718281718281718,0.541458541458541,FALSE,FALSE,"reestimated",221.576,"31845"
"S2",5,100,0,460,22724875,32724894,"ok",NA,NA,1.09728624595187,0.0768979711770493,0.375624375624376,0.398601398601399,FALSE,FALSE,"reestimated",222.309999999999,"31845"
"S2",5,100,0,461,22725884,32725903,"ok",NA,NA,1.06931996372029,0.0797234675471894,0.591408591408591,0.444555444555445,FALSE,FALSE,"reestimated",222.076,"31845"
"S2",5,100,0,462,22726893,32726912,"ok",NA,NA,1.37209383543048,0.0976506005795178,0.0629370629370629,0.16983016983017,FALSE,FALSE,"reestimated",221.707,"31845"
"S2",5,100,0,463,22727902,32727921,"ok",NA,NA,1.25622029187036,0.0638109704717805,0.0989010989010989,0.735264735264735,FALSE,FALSE,"reestimated",222.188999999999,"31845"
"S2",5,100,0,464,22728911,32728930,"ok",NA,NA,0.967654631050235,0.0622472993507813,0.776223776223776,0.791208791208791,FALSE,FALSE,"reestimated",222.194,"31845"
"S2",5,100,0,465,22729920,32729939,"ok",NA,NA,0.976186245748035,0.0783563332125566,0.726273726273726,0.362637362637363,FALSE,FALSE,"reestimated",223.134,"31845"
"S2",5,100,0,466,22730929,32730948,"ok",NA,NA,1.01933440123049,0.0702165819251696,0.652347652347652,0.622377622377622,FALSE,FALSE,"reestimated",221.849,"31845"
"S2",5,100,0,467,22731938,32731957,"ok",NA,NA,1.11079448736169,0.069455803644564,0.383616383616384,0.577422577422577,FALSE,FALSE,"reestimated",221.809,"31845"
"S2",5,100,0,468,22732947,32732966,"ok",NA,NA,1.08162844628104,0.0845400093202599,0.470529470529471,0.290709290709291,FALSE,FALSE,"reestimated",221.077,"31845"
"S2",5,100,0,469,22733956,32733975,"ok",NA,NA,1.04647942299564,0.0646322015016704,0.571428571428571,0.718281718281718,FALSE,FALSE,"reestimated",223.559999999999,"31845"
"S2",5,100,0,470,22734965,32734984,"ok",NA,NA,1.11414458620598,0.0726385626025601,0.404595404595405,0.587412587412587,FALSE,FALSE,"reestimated",222.35,"31845"
"S2",5,100,0,471,22735974,32735993,"ok",NA,NA,1.10966488887038,0.077096593824456,0.421578421578422,0.442557442557443,FALSE,FALSE,"reestimated",222.281,"31845"
"S2",5,100,0,472,22736983,32737002,"ok",NA,NA,1.12134699348904,0.0807213188029126,0.357642357642358,0.337662337662338,FALSE,FALSE,"reestimated",225.205,"31845"
"S2",5,100,0,473,22737992,32738011,"ok",NA,NA,0.959093503239543,0.0567228594038429,0.802197802197802,0.895104895104895,FALSE,FALSE,"reestimated",220.354,"31845"
"S2",5,100,0,474,22739001,32739020,"ok",NA,NA,0.99366665613456,0.0693220019521483,0.715284715284715,0.65034965034965,FALSE,FALSE,"reestimated",222.987,"31845"
"S2",5,100,0,475,22740010,32740029,"ok",NA,NA,1.21501659329844,0.0837799292892525,0.177822177822178,0.310689310689311,FALSE,FALSE,"reestimated",224.773999999999,"31845"
"S2",5,100,0,476,22741019,32741038,"ok",NA,NA,1.11554976204866,0.0833895989295186,0.363636363636364,0.314685314685315,FALSE,FALSE,"reestimated",221.469,"31845"
"S2",5,100,0,477,22742028,32742047,"ok",NA,NA,1.27974443363857,0.0768536642580824,0.106893106893107,0.455544455544456,FALSE,FALSE,"reestimated",221.962,"31845"
"S2",5,100,0,478,22743037,32743056,"ok",NA,NA,1.01663892748289,0.0704733187815791,0.65034965034965,0.583416583416583,FALSE,FALSE,"reestimated",221.873000000001,"31845"
"S2",5,100,0,479,22744046,32744065,"ok",NA,NA,0.956412756417357,0.0588774913151487,0.821178821178821,0.867132867132867,FALSE,FALSE,"reestimated",221.837,"31845"
"S2",5,100,0,480,22745055,32745074,"ok",NA,NA,0.973832449428149,0.0649130694278129,0.786213786213786,0.748251748251748,FALSE,FALSE,"reestimated",222.085,"31845"
"S2",5,100,0,481,22746064,32746083,"ok",NA,NA,1.36896532093963,0.0746733023953161,0.036963036963037,0.485514485514486,TRUE,FALSE,"reestimated",222.546,"31845"
"S2",5,100,0,482,22747073,32747092,"ok",NA,NA,1.03626066465752,0.0733530748546597,0.53046953046953,0.464535464535465,FALSE,FALSE,"reestimated",222.815,"31845"
"S2",5,100,0,483,22748082,32748101,"ok",NA,NA,1.13468797563109,0.0836761438473108,0.341658341658342,0.331668331668332,FALSE,FALSE,"reestimated",221.535,"31845"
"S2",5,100,0,484,22749091,32749110,"ok",NA,NA,1.16247800902567,0.0843052242348501,0.240759240759241,0.26973026973027,FALSE,FALSE,"reestimated",223.129,"31845"
"S2",5,100,0,485,22750100,32750119,"ok",NA,NA,1.02134450929154,0.0806704471204692,0.706293706293706,0.424575424575425,FALSE,FALSE,"reestimated",222.011,"31845"
"S2",5,100,0,486,22751109,32751128,"ok",NA,NA,1.16299833545073,0.0765433655498821,0.305694305694306,0.468531468531469,FALSE,FALSE,"reestimated",221.935,"31845"
"S2",5,100,0,487,22752118,32752137,"ok",NA,NA,0.969314705617114,0.070906494699583,0.766233766233766,0.555444555444555,FALSE,FALSE,"reestimated",221.821,"31845"
"S2",5,100,0,488,22753127,32753146,"ok",NA,NA,1.11676425672899,0.0676481105969645,0.376623376623377,0.66033966033966,FALSE,FALSE,"reestimated",221.708,"31845"
"S2",5,100,0,489,22754136,32754155,"ok",NA,NA,0.975169800852021,0.0733639682957117,0.773226773226773,0.520479520479521,FALSE,FALSE,"reestimated",221.558,"31845"
"S2",5,100,0,490,22755145,32755164,"ok",NA,NA,0.998350592497486,0.0654666882719356,0.701298701298701,0.72027972027972,FALSE,FALSE,"reestimated",221.857,"31845"
"S2",5,100,0,491,22756154,32756173,"ok",NA,NA,1.21207624436291,0.0902635215374295,0.172827172827173,0.216783216783217,FALSE,FALSE,"reestimated",221.612,"31845"
"S2",5,100,0,492,22757163,32757182,"ok",NA,NA,0.981924631602648,0.0659282876553341,0.759240759240759,0.722277722277722,FALSE,FALSE,"reestimated",222.791999999999,"31845"
"S2",5,100,0,493,22758172,32758191,"ok",NA,NA,1.02123857799768,0.0859862256276479,0.65034965034965,0.275724275724276,FALSE,FALSE,"reestimated",221.433,"31845"
"S2",5,100,0,494,22759181,32759200,"ok",NA,NA,1.236494534216,0.0919836705335649,0.126873126873127,0.163836163836164,FALSE,FALSE,"reestimated",222.949,"31845"
"S2",5,100,0,495,22760190,32760209,"ok",NA,NA,1.04665521632061,0.0861269114525217,0.602397602397602,0.292707292707293,FALSE,FALSE,"reestimated",224.035999999999,"31845"
"S2",5,100,0,496,22761199,32761218,"ok",NA,NA,1.14068689649126,0.0750896311342907,0.302697302697303,0.478521478521479,FALSE,FALSE,"reestimated",222.652,"31845"
"S2",5,100,0,497,22762208,32762227,"ok",NA,NA,1.0905648086464,0.0860253672491904,0.425574425574426,0.252747252747253,FALSE,FALSE,"reestimated",219.428,"31845"
"S2",5,100,0,498,22763217,32763236,"ok",NA,NA,1.11809234666662,0.0816281510272643,0.383616383616384,0.368631368631369,FALSE,FALSE,"reestimated",218.832,"31845"
"S2",5,100,0,499,22764226,32764245,"ok",NA,NA,1.23430158527875,0.0785049549848574,0.158841158841159,0.40959040959041,FALSE,FALSE,"reestimated",219.074000000001,"31845"
"S2",5,100,0,500,22765235,32765254,"ok",NA,NA,0.949213342179406,0.0697244235249471,0.843156843156843,0.621378621378621,FALSE,FALSE,"reestimated",219.178,"31845"
"S2",5,100,0,501,22766244,32766263,"ok",NA,NA,1.18954860422828,0.0835195222812078,0.220779220779221,0.307692307692308,FALSE,FALSE,"reestimated",219.161,"31845"
"S2",5,100,0,502,22767253,32767272,"ok",NA,NA,1.07292736519482,0.0768598973862018,0.473526473526474,0.436563436563437,FALSE,FALSE,"reestimated",219.577,"31845"
"S2",5,100,0,503,22768262,32768281,"ok",NA,NA,1.24433763694208,0.0916760380736927,0.111888111888112,0.173826173826174,FALSE,FALSE,"reestimated",220.585,"31845"
"S2",5,100,0,504,22769271,32769290,"ok",NA,NA,1.04240900836523,0.0840777830180219,0.593406593406593,0.293706293706294,FALSE,FALSE,"reestimated",219.908,"31845"
"S2",5,100,0,505,22770280,32770299,"ok",NA,NA,1.10080496162388,0.0815800675655486,0.49050949050949,0.384615384615385,FALSE,FALSE,"reestimated",219.098,"31845"
"S2",5,100,0,506,22771289,32771308,"ok",NA,NA,1.04904302263208,0.0656776983611534,0.512487512487512,0.666333666333666,FALSE,FALSE,"reestimated",219.143,"31845"
"S2",5,100,0,507,22772298,32772317,"ok",NA,NA,1.10974612688408,0.0751035556957475,0.476523476523477,0.579420579420579,FALSE,FALSE,"reestimated",219.799,"31845"
"S2",5,100,0,508,22773307,32773326,"ok",NA,NA,1.12844989128631,0.0792074733339225,0.278721278721279,0.33966033966034,FALSE,FALSE,"reestimated",219.369000000001,"31845"
"S2",5,100,0,509,22774316,32774335,"ok",NA,NA,0.9728038747182,0.0834089405950062,0.777222777222777,0.322677322677323,FALSE,FALSE,"reestimated",220.003,"31845"
"S2",5,100,0,510,22775325,32775344,"ok",NA,NA,0.935491972894336,0.0782736233361746,0.865134865134865,0.394605394605395,FALSE,FALSE,"reestimated",219.116,"31845"
"S2",5,100,0,511,22776334,32776353,"ok",NA,NA,1.21023391392484,0.0807613290286084,0.218781218781219,0.440559440559441,FALSE,FALSE,"reestimated",219.6,"31845"
"S2",5,100,0,512,22777343,32777362,"ok",NA,NA,1.08734370523654,0.0756573450854053,0.432567432567433,0.445554445554446,FALSE,FALSE,"reestimated",219.817,"31845"
"S2",5,100,0,513,22778352,32778371,"ok",NA,NA,1.05973230129638,0.0717914012226057,0.527472527472527,0.554445554445554,FALSE,FALSE,"reestimated",201.349999999999,"31845"
"S2",5,100,0,514,22779361,32779380,"ok",NA,NA,1.07609310942025,0.0763153372706488,0.48951048951049,0.467532467532468,FALSE,FALSE,"reestimated",205.254999999999,"31845"
"S2",5,100,0,515,22780370,32780389,"ok",NA,NA,1.53051502592712,0.108337313503448,0.016983016983017,0.12987012987013,TRUE,FALSE,"reestimated",201.061000000001,"31845"
"S2",5,100,0,516,22781379,32781398,"ok",NA,NA,1.07305636197995,0.0749458278021949,0.464535464535465,0.483516483516484,FALSE,FALSE,"reestimated",202.703,"31845"
"S2",5,100,0,517,22782388,32782407,"ok",NA,NA,1.38290541697335,0.0921841618965821,0.047952047952048,0.230769230769231,TRUE,FALSE,"reestimated",200.947,"31845"
"S2",5,100,0,518,22783397,32783416,"ok",NA,NA,1.13815335308776,0.0799143039001547,0.316683316683317,0.378621378621379,FALSE,FALSE,"reestimated",203.452,"31845"
"S2",5,100,0,519,22784406,32784425,"ok",NA,NA,1.10275399995114,0.0682123037071666,0.374625374625375,0.636363636363636,FALSE,FALSE,"reestimated",204.528,"31845"
"S2",5,100,0,520,22785415,32785434,"ok",NA,NA,1.33104374388952,0.0744693254612963,0.0629370629370629,0.53946053946054,FALSE,FALSE,"reestimated",201.945,"31845"
"S2",5,100,0,521,22786424,32786443,"ok",NA,NA,1.2453651140742,0.0687496421987676,0.117882117882118,0.597402597402597,FALSE,FALSE,"reestimated",201.47,"31845"
"S2",5,100,0,522,22787433,32787452,"ok",NA,NA,1.21979042033238,0.106134399055419,0.181818181818182,0.0779220779220779,FALSE,FALSE,"reestimated",202.001,"31845"
"S2",5,100,0,523,22788442,32788461,"ok",NA,NA,1.39640475609503,0.0912133177159124,0.015984015984016,0.193806193806194,TRUE,FALSE,"reestimated",201.856,"31845"
"S2",5,100,0,524,22789451,32789470,"ok",NA,NA,1.13404013879902,0.0986496852023565,0.375624375624376,0.148851148851149,FALSE,FALSE,"reestimated",201.194,"31845"
"S2",5,100,0,525,22790460,32790479,"ok",NA,NA,1.09342396109298,0.0834281831676109,0.388611388611389,0.268731268731269,FALSE,FALSE,"reestimated",201.205,"31845"
"S2",5,100,0,526,22791469,32791488,"ok",NA,NA,1.22890528991069,0.0909844116750455,0.181818181818182,0.248751248751249,FALSE,FALSE,"reestimated",202.53,"31845"
"S2",5,100,0,527,22792478,32792497,"ok",NA,NA,1.1744197264182,0.0728958445256786,0.242757242757243,0.523476523476524,FALSE,FALSE,"reestimated",200.749,"31845"
"S2",5,100,0,528,22793487,32793506,"ok",NA,NA,0.996464450723155,0.0702776807002661,0.745254745254745,0.622377622377622,FALSE,FALSE,"reestimated",201.62,"31845"
"S2",5,100,0,529,22794496,32794515,"ok",NA,NA,1.16200231029187,0.0778312861273762,0.271728271728272,0.403596403596404,FALSE,FALSE,"reestimated",200.015,"31845"
"S2",5,100,0,530,22795505,32795524,"ok",NA,NA,1.12559422674276,0.0797414438098559,0.347652347652348,0.386613386613387,FALSE,FALSE,"reestimated",201.541,"31845"
"S2",5,100,0,531,22796514,32796533,"ok",NA,NA,1.063461650368,0.074169285379501,0.491508491508492,0.464535464535465,FALSE,FALSE,"reestimated",202.75,"31845"
"S2",5,100,0,532,22797523,32797542,"ok",NA,NA,1.33956981810082,0.083325112969959,0.0639360639360639,0.31968031968032,FALSE,FALSE,"reestimated",201.857000000001,"31845"
"S2",5,100,0,533,22798532,32798551,"ok",NA,NA,1.02889990998904,0.0684350127334059,0.646353646353646,0.667332667332667,FALSE,FALSE,"reestimated",201.498000000001,"31845"
"S2",5,100,0,534,22799541,32799560,"ok",NA,NA,1.04173968926476,0.0751482546885028,0.601398601398601,0.510489510489511,FALSE,FALSE,"reestimated",202.443,"31845"
"S2",5,100,0,535,22800550,32800569,"ok",NA,NA,1.16844485110061,0.0707179005411149,0.263736263736264,0.598401598401598,FALSE,FALSE,"reestimated",200.290999999999,"31845"
"S2",5,100,0,536,22801559,32801578,"ok",NA,NA,1.30270040286169,0.078817492149416,0.0739260739260739,0.438561438561439,FALSE,FALSE,"reestimated",201.267000000001,"31845"
"S2",5,100,0,537,22802568,32802587,"ok",NA,NA,0.910209236245674,0.0619103656367834,0.89010989010989,0.784215784215784,FALSE,FALSE,"reestimated",204.299,"31845"
"S2",5,100,0,538,22803577,32803596,"ok",NA,NA,1.29064305595393,0.0899944021331599,0.0749250749250749,0.177822177822178,FALSE,FALSE,"reestimated",201.115,"31845"
"S2",5,100,0,539,22804586,32804605,"ok",NA,NA,1.09340077903243,0.0761109326296108,0.515484515484515,0.538461538461538,FALSE,FALSE,"reestimated",201.232,"31845"
"S2",5,100,0,540,22805595,32805614,"ok",NA,NA,1.03567987043309,0.0611697575617289,0.625374625374625,0.816183816183816,FALSE,FALSE,"reestimated",201.913,"31845"
"S2",5,100,0,541,22806604,32806623,"ok",NA,NA,1.44920405890134,0.0898795122843678,0.012987012987013,0.212787212787213,TRUE,FALSE,"reestimated",201.005,"31845"
"S2",5,100,0,542,22807613,32807632,"ok",NA,NA,1.09322673595578,0.0783160326329547,0.423576423576424,0.43956043956044,FALSE,FALSE,"reestimated",201.079,"31845"
"S2",5,100,0,543,22808622,32808641,"ok",NA,NA,0.940656905512999,0.0704076526254976,0.861138861138861,0.613386613386613,FALSE,FALSE,"reestimated",200.110000000001,"31845"
"S2",5,100,0,544,22809631,32809650,"ok",NA,NA,1.03897049663829,0.0810271600001054,0.501498501498502,0.297702297702298,FALSE,FALSE,"reestimated",200.715,"31845"
"S2",5,100,0,545,22810640,32810659,"ok",NA,NA,1.04593810573951,0.0870223394740009,0.603396603396603,0.280719280719281,FALSE,FALSE,"reestimated",201.422,"31845"
"S2",5,100,0,546,22811649,32811668,"ok",NA,NA,1.28234261494993,0.0756308188285972,0.0829170829170829,0.443556443556444,FALSE,FALSE,"reestimated",202.545,"31845"
"S2",5,100,0,547,22812658,32812677,"ok",NA,NA,0.983752004251774,0.0646969912872307,0.712287712287712,0.72027972027972,FALSE,FALSE,"reestimated",201.222,"31845"
"S2",5,100,0,548,22813667,32813686,"ok",NA,NA,1.17287730075799,0.088053017189735,0.250749250749251,0.217782217782218,FALSE,FALSE,"reestimated",202.973999999999,"31845"
"S2",5,100,0,549,22814676,32814695,"ok",NA,NA,1.06540317127996,0.0780217533722909,0.507492507492508,0.400599400599401,FALSE,FALSE,"reestimated",201.312,"31845"
"S2",5,100,0,550,22815685,32815704,"ok",NA,NA,1.21450005418524,0.0819821955504509,0.147852147852148,0.292707292707293,FALSE,FALSE,"reestimated",200.741,"31845"
"S2",5,100,0,551,22816694,32816713,"ok",NA,NA,1.05027227558679,0.0804351843902457,0.616383616383616,0.438561438561439,FALSE,FALSE,"reestimated",201.299999999999,"31845"
"S2",5,100,0,552,22817703,32817722,"ok",NA,NA,1.06549818625465,0.0927725207507588,0.552447552447552,0.244755244755245,FALSE,FALSE,"reestimated",200.814,"31845"
"S2",5,100,0,553,22818712,32818731,"ok",NA,NA,1.38096230265965,0.128780235471204,0.0669330669330669,0.025974025974026,FALSE,TRUE,"reestimated",200.419,"31845"
"S2",5,100,0,554,22819721,32819740,"ok",NA,NA,1.31129746188045,0.100658616363963,0.117882117882118,0.143856143856144,FALSE,FALSE,"reestimated",203.351,"31845"
"S2",5,100,0,555,22820730,32820749,"ok",NA,NA,0.959243207993252,0.0640524959949091,0.811188811188811,0.724275724275724,FALSE,FALSE,"reestimated",201.769,"31845"
"S2",5,100,0,556,22821739,32821758,"ok",NA,NA,0.901406145805551,0.0639957305163496,0.914085914085914,0.748251748251748,FALSE,FALSE,"reestimated",200.277,"31845"
"S2",5,100,0,557,22822748,32822767,"ok",NA,NA,1.31985519556732,0.106773081984366,0.133866133866134,0.13986013986014,FALSE,FALSE,"reestimated",200.848,"31845"
"S2",5,100,0,558,22823757,32823776,"ok",NA,NA,1.3707661429653,0.0975996140244772,0.0529470529470529,0.175824175824176,FALSE,FALSE,"reestimated",199.926,"31845"
"S2",5,100,0,559,22824766,32824785,"ok",NA,NA,1.24017778671308,0.0901358043159061,0.121878121878122,0.183816183816184,FALSE,FALSE,"reestimated",200.499,"31845"
"S2",5,100,0,560,22825775,32825794,"ok",NA,NA,0.963439797885388,0.0687305852006975,0.799200799200799,0.639360639360639,FALSE,FALSE,"reestimated",201.063,"31845"
"S2",5,100,0,561,22826784,32826803,"ok",NA,NA,1.03397638658984,0.0716232851220403,0.61038961038961,0.581418581418581,FALSE,FALSE,"reestimated",200.308,"31845"
"S2",5,100,0,562,22827793,32827812,"ok",NA,NA,0.99170439977809,0.0754566436370594,0.693306693306693,0.421578421578422,FALSE,FALSE,"reestimated",200.033,"31845"
"S2",5,100,0,563,22828802,32828821,"ok",NA,NA,1.15531098781448,0.065835572097826,0.271728271728272,0.664335664335664,FALSE,FALSE,"reestimated",200.574000000001,"31845"
"S2",5,100,0,564,22829811,32829830,"ok",NA,NA,1.03209712667999,0.0834626185115081,0.647352647352647,0.354645354645355,FALSE,FALSE,"reestimated",200.361,"31845"
"S2",5,100,0,565,22830820,32830839,"ok",NA,NA,1.10214042171497,0.0638122252930148,0.383616383616384,0.744255744255744,FALSE,FALSE,"reestimated",203.227000000001,"31845"
"S2",5,100,0,566,22831829,32831848,"ok",NA,NA,1.39292063741309,0.125363359560657,0.048951048951049,0.035964035964036,TRUE,TRUE,"reestimated",199.487,"31845"
"S2",5,100,0,567,22832838,32832857,"ok",NA,NA,1.11384370359273,0.0858339391739293,0.435564435564436,0.312687312687313,FALSE,FALSE,"reestimated",202.433,"31845"
"S2",5,100,0,568,22833847,32833866,"ok",NA,NA,1.08104850818821,0.0896117249034038,0.453546453546454,0.222777222777223,FALSE,FALSE,"reestimated",199.499,"31845"
"S2",5,100,0,569,22834856,32834875,"ok",NA,NA,1.08485601650423,0.0771103118410616,0.457542457542458,0.487512487512487,FALSE,FALSE,"reestimated",199.758000000001,"31845"
"S2",5,100,0,570,22835865,32835884,"ok",NA,NA,1.221823573765,0.0959119912977189,0.204795204795205,0.175824175824176,FALSE,FALSE,"reestimated",200.872,"31845"
"S2",5,100,0,571,22836874,32836893,"ok",NA,NA,1.11092288956707,0.0749161018981692,0.391608391608392,0.49050949050949,FALSE,FALSE,"reestimated",199.645,"31845"
"S2",5,100,0,572,22837883,32837902,"ok",NA,NA,0.983408949316077,0.0703260833481207,0.747252747252747,0.618381618381618,FALSE,FALSE,"reestimated",201.551,"31845"
"S2",5,100,0,573,22838892,32838911,"ok",NA,NA,1.08189571679748,0.0669231586188899,0.467532467532468,0.704295704295704,FALSE,FALSE,"reestimated",200.249,"31845"
"S2",5,100,0,574,22839901,32839920,"ok",NA,NA,0.984305460578394,0.0698919987388527,0.709290709290709,0.585414585414585,FALSE,FALSE,"reestimated",199.309999999999,"31845"
"S2",5,100,0,575,22840910,32840929,"ok",NA,NA,1.08139034280866,0.0758748597255074,0.427572427572428,0.442557442557443,FALSE,FALSE,"reestimated",200.126,"31845"
"S2",5,100,0,576,22841919,32841938,"ok",NA,NA,1.15535584513665,0.0966113128964778,0.354645354645355,0.190809190809191,FALSE,FALSE,"reestimated",199.865,"31845"
"S2",5,100,0,577,22842928,32842947,"ok",NA,NA,1.1433390178201,0.098225820832722,0.373626373626374,0.153846153846154,FALSE,FALSE,"reestimated",200.614,"31845"
"S2",5,100,0,578,22843937,32843956,"ok",NA,NA,1.15506582861875,0.07771851583529,0.351648351648352,0.504495504495505,FALSE,FALSE,"reestimated",200.912,"31845"
"S2",5,100,0,579,22844946,32844965,"ok",NA,NA,1.16299543660493,0.0692054727015247,0.274725274725275,0.621378621378621,FALSE,FALSE,"reestimated",199.91,"31845"
"S2",5,100,0,580,22845955,32845974,"ok",NA,NA,1.19164047201751,0.0959357429880601,0.207792207792208,0.162837162837163,FALSE,FALSE,"reestimated",201.451,"31845"
"S2",5,100,0,581,22846964,32846983,"ok",NA,NA,1.1211090316894,0.0659714491172645,0.378621378621379,0.701298701298701,FALSE,FALSE,"reestimated",201.739,"31845"
"S2",5,100,0,582,22847973,32847992,"ok",NA,NA,1.30427125445674,0.0847821430963624,0.0879120879120879,0.307692307692308,FALSE,FALSE,"reestimated",200.554,"31845"
"S2",5,100,0,583,22848982,32849001,"ok",NA,NA,1.27345702793566,0.0818302354953485,0.123876123876124,0.392607392607393,FALSE,FALSE,"reestimated",200.885,"31845"
"S2",5,100,0,584,22849991,32850010,"ok",NA,NA,1.11402838340462,0.092082690411786,0.38961038961039,0.187812187812188,FALSE,FALSE,"reestimated",201.442999999999,"31845"
"S2",5,100,0,585,22851000,32851019,"ok",NA,NA,1.4492925973495,0.119254808116677,0.012987012987013,0.02997002997003,TRUE,TRUE,"reestimated",201.015,"31845"
"S2",5,100,0,586,22852009,32852028,"ok",NA,NA,1.17966470066574,0.0876978045416899,0.248751248751249,0.260739260739261,FALSE,FALSE,"reestimated",201.072,"31845"
"S2",5,100,0,587,22853018,32853037,"ok",NA,NA,1.16503345206706,0.0981037878982538,0.315684315684316,0.165834165834166,FALSE,FALSE,"reestimated",202.526,"31845"
"S2",5,100,0,588,22854027,32854046,"ok",NA,NA,1.11888169294419,0.0799359437340136,0.345654345654346,0.367632367632368,FALSE,FALSE,"reestimated",203.785,"31845"
"S2",5,100,0,589,22855036,32855055,"ok",NA,NA,1.06862265436284,0.0788532367507178,0.472527472527473,0.37962037962038,FALSE,FALSE,"reestimated",204.205000000001,"31845"
"S2",5,100,0,590,22856045,32856064,"ok",NA,NA,1.36590306908239,0.0743123386488273,0.035964035964036,0.494505494505495,TRUE,FALSE,"reestimated",201.525,"31845"
"S2",5,100,0,591,22857054,32857073,"ok",NA,NA,1.00668791078214,0.0842188095752612,0.647352647352647,0.290709290709291,FALSE,FALSE,"reestimated",200.744000000001,"31845"
"S2",5,100,0,592,22858063,32858082,"ok",NA,NA,1.13998008185561,0.0828628769845552,0.294705294705295,0.311688311688312,FALSE,FALSE,"reestimated",204.689,"31845"
"S2",5,100,0,593,22859072,32859091,"ok",NA,NA,1.09570730149017,0.0832160556706308,0.382617382617383,0.244755244755245,FALSE,FALSE,"reestimated",201.607,"31845"
"S2",5,100,0,594,22860081,32860100,"ok",NA,NA,1.00728181538299,0.0721343956221481,0.674325674325674,0.544455544455544,FALSE,FALSE,"reestimated",201.369000000001,"31845"
"S2",5,100,0,595,22861090,32861109,"ok",NA,NA,1.11770556345866,0.0792346304650882,0.422577422577423,0.422577422577423,FALSE,FALSE,"reestimated",201.666999999999,"31845"
"S2",5,100,0,596,22862099,32862118,"ok",NA,NA,1.10213846111914,0.0760071279765678,0.462537462537463,0.4995004995005,FALSE,FALSE,"reestimated",199.868,"31845"
"S2",5,100,0,597,22863108,32863127,"ok",NA,NA,0.968391725993634,0.0779914689073513,0.738261738261738,0.366633366633367,FALSE,FALSE,"reestimated",201.156999999999,"31845"
"S2",5,100,0,598,22864117,32864136,"ok",NA,NA,1.23829833718374,0.0660138664158816,0.133866133866134,0.702297702297702,FALSE,FALSE,"reestimated",201.883,"31845"
"S2",5,100,0,599,22865126,32865145,"ok",NA,NA,1.03919238840067,0.0792769722464773,0.621378621378621,0.43956043956044,FALSE,FALSE,"reestimated",201.140000000001,"31845"
"S2",5,100,0,600,22866135,32866154,"ok",NA,NA,1.08692544115228,0.0865291365479498,0.48951048951049,0.298701298701299,FALSE,FALSE,"reestimated",200.367,"31845"
"S2",5,100,0,601,22867144,32867163,"ok",NA,NA,1.09746881109068,0.0694487218769791,0.425574425574426,0.602397602397602,FALSE,FALSE,"reestimated",201.407000000001,"31845"
"S2",5,100,0,602,22868153,32868172,"ok",NA,NA,1.46763780541916,0.0933796537369325,0.010989010989011,0.150849150849151,TRUE,FALSE,"reestimated",204.441000000001,"31845"
"S2",5,100,0,603,22869162,32869181,"ok",NA,NA,1.23285005027065,0.0863626870327102,0.130869130869131,0.246753246753247,FALSE,FALSE,"reestimated",200.835999999999,"31845"
"S2",5,100,0,604,22870171,32870190,"ok",NA,NA,0.971595463544519,0.0703435177244899,0.764235764235764,0.586413586413586,FALSE,FALSE,"reestimated",201.367,"31845"
"S2",5,100,0,605,22871180,32871199,"ok",NA,NA,1.14328907451846,0.102883846333609,0.378621378621379,0.162837162837163,FALSE,FALSE,"reestimated",200.799999999999,"31845"
"S2",5,100,0,606,22872189,32872208,"ok",NA,NA,1.14555519351648,0.0785827791328481,0.325674325674326,0.437562437562438,FALSE,FALSE,"reestimated",201.070000000002,"31845"
"S2",5,100,0,607,22873198,32873217,"ok",NA,NA,1.00310558017868,0.0728081164060057,0.651348651348651,0.516483516483517,FALSE,FALSE,"reestimated",202.599,"31845"
"S2",5,100,0,608,22874207,32874226,"ok",NA,NA,0.971980492720017,0.0719732208357935,0.779220779220779,0.562437562437562,FALSE,FALSE,"reestimated",201.814,"31845"
"S2",5,100,0,609,22875216,32875235,"ok",NA,NA,1.08564017768382,0.0719524970956783,0.436563436563437,0.557442557442557,FALSE,FALSE,"reestimated",201.081,"31845"
"S2",5,100,0,610,22876225,32876244,"ok",NA,NA,1.1567225016533,0.0731344941712507,0.304695304695305,0.581418581418581,FALSE,FALSE,"reestimated",199.932000000001,"31845"
"S2",5,100,0,611,22877234,32877253,"ok",NA,NA,1.32479675939478,0.121378985118895,0.0829170829170829,0.03996003996004,FALSE,TRUE,"reestimated",199.643,"31845"
"S2",5,100,0,612,22878243,32878262,"ok",NA,NA,1.02460424911346,0.0809072031878787,0.674325674325674,0.41958041958042,FALSE,FALSE,"reestimated",200.624,"31845"
"S2",5,100,0,613,22879252,32879271,"ok",NA,NA,1.05578705024585,0.0735449988442024,0.519480519480519,0.508491508491508,FALSE,FALSE,"reestimated",201.188,"31845"
"S2",5,100,0,614,22880261,32880280,"ok",NA,NA,1.06042692834423,0.0688283982164559,0.528471528471528,0.632367632367632,FALSE,FALSE,"reestimated",200.575000000001,"31845"
"S2",5,100,0,615,22881270,32881289,"ok",NA,NA,0.935018325393177,0.0760211117987844,0.83016983016983,0.465534465534466,FALSE,FALSE,"reestimated",202.028,"31845"
"S2",5,100,0,616,22882279,32882298,"ok",NA,NA,0.977587873848721,0.061865574514564,0.763236763236763,0.799200799200799,FALSE,FALSE,"reestimated",201.851000000001,"31845"
"S2",5,100,0,617,22883288,32883307,"ok",NA,NA,1.19205398096719,0.086605862806602,0.255744255744256,0.324675324675325,FALSE,FALSE,"reestimated",203.698,"31845"
"S2",5,100,0,618,22884297,32884316,"ok",NA,NA,1.03565931766137,0.0704216738057674,0.599400599400599,0.597402597402597,FALSE,FALSE,"reestimated",201.384,"31845"
"S2",5,100,0,619,22885306,32885325,"ok",NA,NA,1.04685127547264,0.0705123373859152,0.566433566433566,0.576423576423576,FALSE,FALSE,"reestimated",202.714999999998,"31845"
"S2",5,100,0,620,22886315,32886334,"ok",NA,NA,1.17708917564677,0.097113645998095,0.225774225774226,0.136863136863137,FALSE,FALSE,"reestimated",201.231,"31845"
"S2",5,100,0,621,22887324,32887343,"ok",NA,NA,0.973869893853955,0.0718029649454771,0.743256743256743,0.549450549450549,FALSE,FALSE,"reestimated",200.967000000001,"31845"
"S2",5,100,0,622,22888333,32888352,"ok",NA,NA,1.11596991881207,0.0872172371782235,0.387612387612388,0.248751248751249,FALSE,FALSE,"reestimated",201.800999999999,"31845"
"S2",5,100,0,623,22889342,32889361,"ok",NA,NA,1.12424081679715,0.091505997147956,0.351648351648352,0.201798201798202,FALSE,FALSE,"reestimated",200.578,"31845"
"S2",5,100,0,624,22890351,32890370,"ok",NA,NA,0.988205753274822,0.0797774555799957,0.715284715284715,0.375624375624376,FALSE,FALSE,"reestimated",201.876,"31845"
"S2",5,100,0,625,22891360,32891379,"ok",NA,NA,1.060245517,0.0908678062729608,0.505494505494505,0.204795204795205,FALSE,FALSE,"reestimated",199.83,"31845"
"S2",5,100,0,626,22892369,32892388,"ok",NA,NA,1.05550147098818,0.0836726845373771,0.551448551448551,0.340659340659341,FALSE,FALSE,"reestimated",200.052,"31845"
"S2",5,100,0,627,22893378,32893397,"ok",NA,NA,1.39742286118442,0.139742180394101,0.0629370629370629,0.025974025974026,FALSE,TRUE,"reestimated",198.362999999999,"31845"
"S2",5,100,0,628,22894387,32894406,"ok",NA,NA,1.02228661863046,0.075660613880152,0.617382617382617,0.457542457542458,FALSE,FALSE,"reestimated",199.946,"31845"
"S2",5,100,0,629,22895396,32895415,"ok",NA,NA,0.917673150217555,0.0763475381347633,0.868131868131868,0.460539460539461,FALSE,FALSE,"reestimated",200.23,"31845"
"S2",5,100,0,630,22896405,32896424,"ok",NA,NA,1.23006754043184,0.0719030497534947,0.164835164835165,0.548451548451548,FALSE,FALSE,"reestimated",199.862999999999,"31845"
"S2",5,100,0,631,22897414,32897433,"ok",NA,NA,1.22378637393751,0.0958655718638261,0.141858141858142,0.138861138861139,FALSE,FALSE,"reestimated",198.975999999999,"31845"
"S2",5,100,0,632,22898423,32898442,"ok",NA,NA,1.16929135401409,0.0833650414082303,0.293706293706294,0.327672327672328,FALSE,FALSE,"reestimated",199.856000000002,"31845"
"S2",5,100,0,633,22899432,32899451,"ok",NA,NA,0.917912735624233,0.0754322369934426,0.879120879120879,0.477522477522478,FALSE,FALSE,"reestimated",200.623,"31845"
"S2",5,100,0,634,22900441,32900460,"ok",NA,NA,1.27573559197758,0.129750118675622,0.150849150849151,0.028971028971029,FALSE,TRUE,"reestimated",199.365,"31845"
"S2",5,100,0,635,22901450,32901469,"ok",NA,NA,1.26568393181613,0.0899379127840145,0.108891108891109,0.1998001998002,FALSE,FALSE,"reestimated",200.894,"31845"
"S2",5,100,0,636,22902459,32902478,"ok",NA,NA,1.2029973101794,0.0843403048694617,0.23976023976024,0.347652347652348,FALSE,FALSE,"reestimated",199.833999999999,"31845"
"S2",5,100,0,637,22903468,32903487,"ok",NA,NA,1.21768464833034,0.0955915868766098,0.156843156843157,0.130869130869131,FALSE,FALSE,"reestimated",199.992999999999,"31845"
"S2",5,100,0,638,22904477,32904496,"ok",NA,NA,0.960875678672935,0.0630885628369286,0.798201798201798,0.769230769230769,FALSE,FALSE,"reestimated",199.977000000001,"31845"
"S2",5,100,0,639,22905486,32905505,"ok",NA,NA,1.06354072178233,0.0897655254032921,0.564435564435564,0.23976023976024,FALSE,FALSE,"reestimated",199.101000000001,"31845"
"S2",5,100,0,640,22906495,32906514,"ok",NA,NA,1.15638693132908,0.091561124676103,0.311688311688312,0.248751248751249,FALSE,FALSE,"reestimated",200.186,"31845"
"S2",5,100,0,641,22907504,32907523,"ok",NA,NA,1.07481361295333,0.0719595064419932,0.458541458541459,0.547452547452547,FALSE,FALSE,"reestimated",221.01,"32312"
"S2",5,100,0,642,22908513,32908532,"ok",NA,NA,1.01499438606115,0.0807155558091209,0.674325674325674,0.411588411588412,FALSE,FALSE,"reestimated",216.282,"32312"
"S2",5,100,0,643,22909522,32909541,"ok",NA,NA,1.21243927998138,0.0896119816526861,0.20979020979021,0.271728271728272,FALSE,FALSE,"reestimated",216.213,"32312"
"S2",5,100,0,644,22910531,32910550,"ok",NA,NA,0.965038482346757,0.0681096960532092,0.746253746253746,0.613386613386613,FALSE,FALSE,"reestimated",216.87,"32312"
"S2",5,100,0,645,22911540,32911559,"ok",NA,NA,1.12743366998085,0.0670411253063817,0.35964035964036,0.686313686313686,FALSE,FALSE,"reestimated",218.201,"32312"
"S2",5,100,0,646,22912549,32912568,"ok",NA,NA,1.03573229003016,0.0730747463650725,0.567432567432567,0.492507492507492,FALSE,FALSE,"reestimated",217.573,"32312"
"S2",5,100,0,647,22913558,32913577,"ok",NA,NA,1.08967494432262,0.0666982729170008,0.421578421578422,0.659340659340659,FALSE,FALSE,"reestimated",217.238,"32312"
"S2",5,100,0,648,22914567,32914586,"ok",NA,NA,1.22928850571609,0.0822014793430638,0.160839160839161,0.31968031968032,FALSE,FALSE,"reestimated",217.357,"32312"
"S2",5,100,0,649,22915576,32915595,"ok",NA,NA,1.02485808366258,0.0758917960345833,0.664335664335664,0.516483516483517,FALSE,FALSE,"reestimated",217.277,"32312"
"S2",5,100,0,650,22916585,32916604,"ok",NA,NA,1.17748721558788,0.0878259371402086,0.1998001998002,0.215784215784216,FALSE,FALSE,"reestimated",220.641,"32312"
"S2",5,100,0,651,22917594,32917613,"ok",NA,NA,1.20660483407311,0.0738896959444493,0.194805194805195,0.512487512487512,FALSE,FALSE,"reestimated",219.585,"32312"
"S2",5,100,0,652,22918603,32918622,"ok",NA,NA,0.936643732204015,0.0683275460376944,0.839160839160839,0.644355644355644,FALSE,FALSE,"reestimated",218.45,"32312"
"S2",5,100,0,653,22919612,32919631,"ok",NA,NA,0.940907083488551,0.0619683411276661,0.802197802197802,0.755244755244755,FALSE,FALSE,"reestimated",217.498,"32312"
"S2",5,100,0,654,22920621,32920640,"ok",NA,NA,1.44391478228541,0.0845144363033107,0.040959040959041,0.413586413586414,TRUE,FALSE,"reestimated",218.912,"32312"
"S2",5,100,0,655,22921630,32921649,"ok",NA,NA,0.961279979932372,0.0682962081614897,0.807192807192807,0.656343656343656,FALSE,FALSE,"reestimated",218.286,"32312"
"S2",5,100,0,656,22922639,32922658,"ok",NA,NA,1.11608318890493,0.0707326156438628,0.386613386613387,0.61038961038961,FALSE,FALSE,"reestimated",220.935,"32312"
"S2",5,100,0,657,22923648,32923667,"ok",NA,NA,1.29516798211129,0.0906785506001517,0.125874125874126,0.243756243756244,FALSE,FALSE,"reestimated",220.664,"32312"
"S2",5,100,0,658,22924657,32924676,"ok",NA,NA,1.2827912535443,0.100078325130463,0.104895104895105,0.116883116883117,FALSE,FALSE,"reestimated",220.976,"32312"
"S2",5,100,0,659,22925666,32925685,"ok",NA,NA,1.0547173157543,0.0768944591559938,0.535464535464535,0.411588411588412,FALSE,FALSE,"reestimated",221.481,"32312"
"S2",5,100,0,660,22926675,32926694,"ok",NA,NA,1.03643527336164,0.0828958283606291,0.659340659340659,0.40959040959041,FALSE,FALSE,"reestimated",223.074,"32312"
"S2",5,100,0,661,22927684,32927703,"ok",NA,NA,0.938871074959114,0.0699069862967462,0.831168831168831,0.599400599400599,FALSE,FALSE,"reestimated",221.238,"32312"
"S2",5,100,0,662,22928693,32928712,"ok",NA,NA,1.16667435886284,0.104599654447536,0.288711288711289,0.111888111888112,FALSE,FALSE,"reestimated",220.696,"32312"
"S2",5,100,0,663,22929702,32929721,"ok",NA,NA,1.25683003379093,0.105998642671379,0.147852147852148,0.126873126873127,FALSE,FALSE,"reestimated",221.536,"32312"
"S2",5,100,0,664,22930711,32930730,"ok",NA,NA,1.14441638228697,0.0887278822153415,0.295704295704296,0.204795204795205,FALSE,FALSE,"reestimated",219.576,"32312"
"S2",5,100,0,665,22931720,32931739,"ok",NA,NA,1.11596780482885,0.0829574633920744,0.437562437562438,0.384615384615385,FALSE,FALSE,"reestimated",219.919,"32312"
"S2",5,100,0,666,22932729,32932748,"ok",NA,NA,1.03314544271046,0.0696962091549983,0.54045954045954,0.561438561438561,FALSE,FALSE,"reestimated",222.764,"32312"
"S2",5,100,0,667,22933738,32933757,"ok",NA,NA,0.988752150131773,0.0645826518626209,0.685314685314685,0.704295704295704,FALSE,FALSE,"reestimated",220.682,"32312"
"S2",5,100,0,668,22934747,32934766,"ok",NA,NA,1.14767013035187,0.0872106877745556,0.337662337662338,0.27972027972028,FALSE,FALSE,"reestimated",219.998,"32312"
"S2",5,100,0,669,22935756,32935775,"ok",NA,NA,1.12967805772683,0.0832709128735512,0.376623376623377,0.332667332667333,FALSE,FALSE,"reestimated",220.068,"32312"
"S2",5,100,0,670,22936765,32936784,"ok",NA,NA,1.02779590768398,0.0701701815757576,0.592407592407592,0.595404595404595,FALSE,FALSE,"reestimated",222.711,"32312"
"S2",5,100,0,671,22937774,32937793,"ok",NA,NA,1.47591637893274,0.147240064603184,0.027972027972028,0.021978021978022,TRUE,TRUE,"reestimated",218.715,"32312"
"S2",5,100,0,672,22938783,32938802,"ok",NA,NA,1.00673877106054,0.0670679617935745,0.705294705294705,0.715284715284715,FALSE,FALSE,"reestimated",220.936,"32312"
"S2",5,100,0,673,22939792,32939811,"ok",NA,NA,1.1094840498279,0.0770510336558397,0.422577422577423,0.454545454545455,FALSE,FALSE,"reestimated",222.264,"32312"
"S2",5,100,0,674,22940801,32940820,"ok",NA,NA,1.28881307821294,0.0749263438922121,0.0819180819180819,0.477522477522478,FALSE,FALSE,"reestimated",219.986,"32312"
"S2",5,100,0,675,22941810,32941829,"ok",NA,NA,1.19773332326177,0.0982298253365695,0.268731268731269,0.167832167832168,FALSE,FALSE,"reestimated",221.756,"32312"
"S2",5,100,0,676,22942819,32942838,"ok",NA,NA,1.10854206348808,0.0698957824287095,0.351648351648352,0.573426573426573,FALSE,FALSE,"reestimated",221.075,"32312"
"S2",5,100,0,677,22943828,32943847,"ok",NA,NA,1.24036711734378,0.0686778069082706,0.146853146853147,0.639360639360639,FALSE,FALSE,"reestimated",222.622,"32312"
"S2",5,100,0,678,22944837,32944856,"ok",NA,NA,1.1919208676924,0.0850036117361333,0.187812187812188,0.258741258741259,FALSE,FALSE,"reestimated",220.696,"32312"
"S2",5,100,0,679,22945846,32945865,"ok",NA,NA,1.00910812248045,0.0649849009736116,0.646353646353646,0.741258741258741,FALSE,FALSE,"reestimated",219.256,"32312"
"S2",5,100,0,680,22946855,32946874,"ok",NA,NA,1.31988208856114,0.083869861887972,0.0779220779220779,0.347652347652348,FALSE,FALSE,"reestimated",221.922,"32312"
"S2",5,100,0,681,22947864,32947883,"ok",NA,NA,1.21258338183216,0.0862129359415236,0.205794205794206,0.291708291708292,FALSE,FALSE,"reestimated",220.313,"32312"
"S2",5,100,0,682,22948873,32948892,"ok",NA,NA,1.37478366610423,0.0828720064334679,0.035964035964036,0.326673326673327,TRUE,FALSE,"reestimated",220.824,"32312"
"S2",5,100,0,683,22949882,32949901,"ok",NA,NA,1.22989842070769,0.102909448119911,0.143856143856144,0.0799200799200799,FALSE,FALSE,"reestimated",223.33,"32312"
"S2",5,100,0,684,22950891,32950910,"ok",NA,NA,1.01650447324516,0.0767018698141827,0.606393606393606,0.421578421578422,FALSE,FALSE,"reestimated",220.229,"32312"
"S2",5,100,0,685,22951900,32951919,"ok",NA,NA,0.990970217874262,0.0659497591134947,0.716283716283716,0.663336663336663,FALSE,FALSE,"reestimated",223.552,"32312"
"S2",5,100,0,686,22952909,32952928,"ok",NA,NA,1.14965424667969,0.0801104485961053,0.27972027972028,0.372627372627373,FALSE,FALSE,"reestimated",220.685,"32312"
"S2",5,100,0,687,22953918,32953937,"ok",NA,NA,1.03089648297309,0.0762048051269527,0.617382617382617,0.472527472527473,FALSE,FALSE,"reestimated",222.92,"32312"
"S2",5,100,0,688,22954927,32954946,"ok",NA,NA,1.29384194517786,0.0947588042059311,0.0949050949050949,0.163836163836164,FALSE,FALSE,"reestimated",219.262,"32312"
"S2",5,100,0,689,22955936,32955955,"ok",NA,NA,1.06535579178972,0.0742347162196732,0.492507492507492,0.486513486513487,FALSE,FALSE,"reestimated",221.809,"32312"
"S2",5,100,0,690,22956945,32956964,"ok",NA,NA,1.14888630197831,0.0900632330897834,0.310689310689311,0.227772227772228,FALSE,FALSE,"reestimated",220.282,"32312"
"S2",5,100,0,691,22957954,32957973,"ok",NA,NA,0.936126681374148,0.0675423803860794,0.841158841158841,0.679320679320679,FALSE,FALSE,"reestimated",219.581,"32312"
"S2",5,100,0,692,22958963,32958982,"ok",NA,NA,1.288989072029,0.10821524969007,0.118881118881119,0.0879120879120879,FALSE,FALSE,"reestimated",218.812,"32312"
"S2",5,100,0,693,22959972,32959991,"ok",NA,NA,1.25229539919033,0.0756201886091373,0.120879120879121,0.44955044955045,FALSE,FALSE,"reestimated",218.314,"32312"
"S2",5,100,0,694,22960981,32961000,"ok",NA,NA,0.986038509611032,0.0767587911526622,0.745254745254745,0.42957042957043,FALSE,FALSE,"reestimated",220.976,"32312"
"S2",5,100,0,695,22961990,32962009,"ok",NA,NA,0.980383890968912,0.0551768914275023,0.731268731268731,0.917082917082917,FALSE,FALSE,"reestimated",219.086,"32312"
"S2",5,100,0,696,22962999,32963018,"ok",NA,NA,1.13366149043218,0.075378268166078,0.344655344655345,0.495504495504495,FALSE,FALSE,"reestimated",217.563,"32312"
"S2",5,100,0,697,22964008,32964027,"ok",NA,NA,0.995441945088138,0.0673427854561953,0.669330669330669,0.662337662337662,FALSE,FALSE,"reestimated",218.654,"32312"
"S2",5,100,0,698,22965017,32965036,"ok",NA,NA,1.40808209959048,0.0950389316728641,0.035964035964036,0.218781218781219,TRUE,FALSE,"reestimated",219.06,"32312"
"S2",5,100,0,699,22966026,32966045,"ok",NA,NA,1.17453098431569,0.0797194312037715,0.287712287712288,0.426573426573427,FALSE,FALSE,"reestimated",221.74,"32312"
"S2",5,100,0,700,22967035,32967054,"ok",NA,NA,1.35549975999959,0.089602175178522,0.031968031968032,0.197802197802198,TRUE,FALSE,"reestimated",219.782,"32312"
"S2",5,100,0,701,22968044,32968063,"ok",NA,NA,1.06216119475803,0.0752323347617332,0.553446553446553,0.506493506493506,FALSE,FALSE,"reestimated",220.267,"32312"
"S2",5,100,0,702,22969053,32969072,"ok",NA,NA,1.1764898336412,0.0839988565585991,0.341658341658342,0.408591408591409,FALSE,FALSE,"reestimated",219.653,"32312"
"S2",5,100,0,703,22970062,32970081,"ok",NA,NA,1.15545653925638,0.0868305542615123,0.352647352647353,0.348651348651349,FALSE,FALSE,"reestimated",219.061,"32312"
"S2",5,100,0,704,22971071,32971090,"ok",NA,NA,1.24483748260359,0.0847041091103315,0.177822177822178,0.370629370629371,FALSE,FALSE,"reestimated",217.583,"32312"
"S2",5,100,0,705,22972080,32972099,"ok",NA,NA,1.28351626656193,0.0683849744860733,0.0979020979020979,0.662337662337662,FALSE,FALSE,"reestimated",222.86,"32312"
"S2",5,100,0,706,22973089,32973108,"ok",NA,NA,0.998909265151781,0.0746161081988428,0.726273726273726,0.512487512487512,FALSE,FALSE,"reestimated",221.936,"32312"
"S2",5,100,0,707,22974098,32974117,"ok",NA,NA,1.0709849201303,0.0726374363870077,0.417582417582418,0.473526473526474,FALSE,FALSE,"reestimated",220.755,"32312"
"S2",5,100,0,708,22975107,32975126,"ok",NA,NA,0.999393004899655,0.0666277247079802,0.698301698301698,0.686313686313686,FALSE,FALSE,"reestimated",219.598,"32312"
"S2",5,100,0,709,22976116,32976135,"ok",NA,NA,0.979440971569073,0.0728873195385532,0.789210789210789,0.602397602397602,FALSE,FALSE,"reestimated",219.862,"32312"
"S2",5,100,0,710,22977125,32977144,"ok",NA,NA,0.972478008134656,0.0616552126410523,0.742257742257742,0.813186813186813,FALSE,FALSE,"reestimated",222.883,"32312"
"S2",5,100,0,711,22978134,32978153,"ok",NA,NA,1.20948489333508,0.0728176980637445,0.190809190809191,0.549450549450549,FALSE,FALSE,"reestimated",218.892,"32312"
"S2",5,100,0,712,22979143,32979162,"ok",NA,NA,1.11358092308573,0.0724843398840729,0.428571428571429,0.602397602397602,FALSE,FALSE,"reestimated",219.755,"32312"
"S2",5,100,0,713,22980152,32980171,"ok",NA,NA,0.972155462158799,0.0682240042361715,0.744255744255744,0.616383616383616,FALSE,FALSE,"reestimated",220.577,"32312"
"S2",5,100,0,714,22981161,32981180,"ok",NA,NA,1.16917471119137,0.101649626497422,0.222777222777223,0.0909090909090909,FALSE,FALSE,"reestimated",222.901,"32312"
"S2",5,100,0,715,22982170,32982189,"ok",NA,NA,1.27019895664854,0.118775888578823,0.147852147852148,0.0599400599400599,FALSE,FALSE,"reestimated",222.999,"32312"
"S2",5,100,0,716,22983179,32983198,"ok",NA,NA,1.18427978844402,0.0675693832379683,0.226773226773227,0.673326673326673,FALSE,FALSE,"reestimated",220.657,"32312"
"S2",5,100,0,717,22984188,32984207,"ok",NA,NA,1.27120100427943,0.079037788307832,0.138861138861139,0.442557442557443,FALSE,FALSE,"reestimated",220.538,"32312"
"S2",5,100,0,718,22985197,32985216,"ok",NA,NA,1.01502756124803,0.0674395709425392,0.691308691308691,0.691308691308691,FALSE,FALSE,"reestimated",219.057,"32312"
"S2",5,100,0,719,22986206,32986225,"ok",NA,NA,1.08438301162624,0.0610676268746492,0.478521478521479,0.807192807192807,FALSE,FALSE,"reestimated",219.286,"32312"
"S2",5,100,0,720,22987215,32987234,"ok",NA,NA,1.22191148999203,0.0732193854633261,0.208791208791209,0.563436563436563,FALSE,FALSE,"reestimated",220.747,"32312"
"S2",5,100,0,721,22988224,32988243,"ok",NA,NA,1.07731373362212,0.0688458161793086,0.450549450549451,0.623376623376623,FALSE,FALSE,"reestimated",220.084,"32312"
"S2",5,100,0,722,22989233,32989252,"ok",NA,NA,0.928859258918466,0.0733081403284855,0.86013986013986,0.522477522477522,FALSE,FALSE,"reestimated",223.093,"32312"
"S2",5,100,0,723,22990242,32990261,"ok",NA,NA,1.12308044603654,0.0696120450462526,0.354645354645355,0.619380619380619,FALSE,FALSE,"reestimated",222.338,"32312"
"S2",5,100,0,724,22991251,32991270,"ok",NA,NA,1.12613389521601,0.0866767788968345,0.310689310689311,0.21978021978022,FALSE,FALSE,"reestimated",220.332,"32312"
"S2",5,100,0,725,22992260,32992279,"ok",NA,NA,1.18161082423332,0.102219985539532,0.317682317682318,0.141858141858142,FALSE,FALSE,"reestimated",220.144,"32312"
"S2",5,100,0,726,22993269,32993288,"ok",NA,NA,1.06304629921388,0.0859167021039728,0.557442557442557,0.334665334665335,FALSE,FALSE,"reestimated",219.312,"32312"
"S2",5,100,0,727,22994278,32994297,"ok",NA,NA,0.951890474393593,0.0643773364616329,0.811188811188811,0.734265734265734,FALSE,FALSE,"reestimated",220.296,"32312"
"S2",5,100,0,728,22995287,32995306,"ok",NA,NA,1.41576864571923,0.0651900680780665,0.026973026973027,0.724275724275724,TRUE,FALSE,"reestimated",220.71,"32312"
"S2",5,100,0,729,22996296,32996315,"ok",NA,NA,1.21906109928658,0.0956235584928909,0.182817182817183,0.17982017982018,FALSE,FALSE,"reestimated",221.821,"32312"
"S2",5,100,0,730,22997305,32997324,"ok",NA,NA,1.22900370455681,0.0658769466920377,0.176823176823177,0.7002997002997,FALSE,FALSE,"reestimated",220.109,"32312"
"S2",5,100,0,731,22998314,32998333,"ok",NA,NA,1.0319792061086,0.0903866519936792,0.656343656343656,0.250749250749251,FALSE,FALSE,"reestimated",221.136,"32312"
"S2",5,100,0,732,22999323,32999342,"ok",NA,NA,1.00789147724306,0.0698116050234118,0.729270729270729,0.652347652347652,FALSE,FALSE,"reestimated",219.733,"32312"
"S2",5,100,0,733,23000332,33000351,"ok",NA,NA,0.909085416357351,0.0573507727635498,0.899100899100899,0.887112887112887,FALSE,FALSE,"reestimated",220.202,"32312"
"S2",5,100,0,734,23001341,33001360,"ok",NA,NA,1.06017178998161,0.0668572343010489,0.553446553446553,0.711288711288711,FALSE,FALSE,"reestimated",221.77,"32312"
"S2",5,100,0,735,23002350,33002369,"ok",NA,NA,1.20462866972978,0.0723862150157902,0.20979020979021,0.556443556443556,FALSE,FALSE,"reestimated",220.116,"32312"
"S2",5,100,0,736,23003359,33003378,"ok",NA,NA,1.26154070168317,0.0978095193046081,0.193806193806194,0.252747252747253,FALSE,FALSE,"reestimated",220.393,"32312"
"S2",5,100,0,737,23004368,33004387,"ok",NA,NA,0.886343767013434,0.0591910357507456,0.935064935064935,0.858141858141858,FALSE,FALSE,"reestimated",220.974,"32312"
"S2",5,100,0,738,23005377,33005396,"ok",NA,NA,1.36431820681132,0.0754285464440164,0.0719280719280719,0.562437562437562,FALSE,FALSE,"reestimated",220.698,"32312"
"S2",5,100,0,739,23006386,33006405,"ok",NA,NA,1.00213333781432,0.0653134060721205,0.692307692307692,0.722277722277722,FALSE,FALSE,"reestimated",219.454,"32312"
"S2",5,100,0,740,23007395,33007414,"ok",NA,NA,1.41452754601835,0.129072960076562,0.047952047952048,0.033966033966034,TRUE,TRUE,"reestimated",219.711,"32312"
"S2",5,100,0,741,23008404,33008423,"ok",NA,NA,1.12679692853945,0.0676727329953158,0.313686313686314,0.632367632367632,FALSE,FALSE,"reestimated",222.338,"32312"
"S2",5,100,0,742,23009413,33009432,"ok",NA,NA,1.25491525642432,0.101699427539715,0.176823176823177,0.156843156843157,FALSE,FALSE,"reestimated",219.163,"32312"
"S2",5,100,0,743,23010422,33010441,"ok",NA,NA,1.20509026618072,0.0783625584308584,0.18981018981019,0.384615384615385,FALSE,FALSE,"reestimated",220.752,"32312"
"S2",5,100,0,744,23011431,33011450,"ok",NA,NA,1.15114675808845,0.0791730615679165,0.307692307692308,0.427572427572428,FALSE,FALSE,"reestimated",221.403,"32312"
"S2",5,100,0,745,23012440,33012459,"ok",NA,NA,1.28057202716894,0.12493441667275,0.165834165834166,0.0799200799200799,FALSE,FALSE,"reestimated",221.563,"32312"
"S2",5,100,0,746,23013449,33013468,"ok",NA,NA,1.14269708865009,0.0844439598621518,0.283716283716284,0.281718281718282,FALSE,FALSE,"reestimated",220.375,"32312"
"S2",5,100,0,747,23014458,33014477,"ok",NA,NA,1.37335713696155,0.0873016833200585,0.023976023976024,0.220779220779221,TRUE,FALSE,"reestimated",221.138,"32312"
"S2",5,100,0,748,23015467,33015486,"ok",NA,NA,1.12301844712338,0.0934375815098127,0.350649350649351,0.170829170829171,FALSE,FALSE,"reestimated",219.679,"32312"
"S2",5,100,0,749,23016476,33016495,"ok",NA,NA,1.27150323782852,0.108632671986606,0.0909090909090909,0.051948051948052,FALSE,FALSE,"reestimated",221.226,"32312"
"S2",5,100,0,750,23017485,33017504,"ok",NA,NA,0.953627496182441,0.0688697213080462,0.808191808191808,0.636363636363636,FALSE,FALSE,"reestimated",221.947,"32312"
"S2",5,100,0,751,23018494,33018513,"ok",NA,NA,1.22721814620449,0.0932336438216884,0.195804195804196,0.183816183816184,FALSE,FALSE,"reestimated",220.869,"32312"
"S2",5,100,0,752,23019503,33019522,"ok",NA,NA,1.12732245360345,0.0803945507714586,0.435564435564436,0.491508491508492,FALSE,FALSE,"reestimated",218.934,"32312"
"S2",5,100,0,753,23020512,33020531,"ok",NA,NA,0.958959810520479,0.0565686215138292,0.8001998001998,0.9000999000999,FALSE,FALSE,"reestimated",215.807,"32312"
"S2",5,100,0,754,23021521,33021540,"ok",NA,NA,1.30579045810799,0.0739423068829211,0.0759240759240759,0.491508491508492,FALSE,FALSE,"reestimated",217.87,"32312"
"S2",5,100,0,755,23022530,33022549,"ok",NA,NA,1.27656256582723,0.0937922195605845,0.0869130869130869,0.145854145854146,FALSE,FALSE,"reestimated",218.253,"32312"
"S2",5,100,0,756,23023539,33023558,"ok",NA,NA,1.06960641035585,0.0667152961312433,0.537462537462537,0.694305694305694,FALSE,FALSE,"reestimated",218.543,"32312"
"S2",5,100,0,757,23024548,33024567,"ok",NA,NA,1.11653098485689,0.0897596199382506,0.362637362637363,0.198801198801199,FALSE,FALSE,"reestimated",220.149,"32312"
"S2",5,100,0,758,23025557,33025576,"ok",NA,NA,1.17256631550405,0.0731702063874077,0.262737262737263,0.577422577422577,FALSE,FALSE,"reestimated",219.306,"32312"
"S2",5,100,0,759,23026566,33026585,"ok",NA,NA,1.08040052336366,0.0594231317165557,0.435564435564436,0.81018981018981,FALSE,FALSE,"reestimated",219.142,"32312"
"S2",5,100,0,760,23027575,33027594,"ok",NA,NA,1.11275650076858,0.0960287878819403,0.420579420579421,0.145854145854146,FALSE,FALSE,"reestimated",219.586,"32312"
"S2",5,100,0,761,23028584,33028603,"ok",NA,NA,1.15934892520845,0.0951753589612265,0.227772227772228,0.125874125874126,FALSE,FALSE,"reestimated",218.977,"32312"
"S2",5,100,0,762,23029593,33029612,"ok",NA,NA,0.99291172695601,0.0691241750158563,0.69030969030969,0.612387612387612,FALSE,FALSE,"reestimated",219.683,"32312"
"S2",5,100,0,763,23030602,33030621,"ok",NA,NA,1.21521317383071,0.080043423937986,0.18981018981019,0.412587412587413,FALSE,FALSE,"reestimated",218.946,"32312"
"S2",5,100,0,764,23031611,33031630,"ok",NA,NA,1.09666524787567,0.0889275544072954,0.414585414585415,0.210789210789211,FALSE,FALSE,"reestimated",221.216,"32312"
"S2",5,100,0,765,23032620,33032639,"ok",NA,NA,1.19268269967532,0.0790776010883007,0.198801198801199,0.383616383616384,FALSE,FALSE,"reestimated",219.097,"32312"
"S2",5,100,0,766,23033629,33033648,"ok",NA,NA,1.10269731430787,0.0829359010559298,0.407592407592408,0.292707292707293,FALSE,FALSE,"reestimated",219.191,"32312"
"S2",5,100,0,767,23034638,33034657,"ok",NA,NA,1.21884945602433,0.0956654206194182,0.151848151848152,0.141858141858142,FALSE,FALSE,"reestimated",222.146,"32312"
"S2",5,100,0,768,23035647,33035666,"ok",NA,NA,0.982466436983162,0.0767419653985538,0.763236763236763,0.44955044955045,FALSE,FALSE,"reestimated",218.117,"32312"
"S2",5,100,0,769,23036656,33036675,"ok",NA,NA,0.968523422192762,0.0694844174148346,0.772227772227772,0.618381618381618,FALSE,FALSE,"reestimated",218.842,"32312"
"S2",5,100,0,770,23037665,33037684,"ok",NA,NA,1.05840353514816,0.0733124601110494,0.505494505494505,0.481518481518482,FALSE,FALSE,"reestimated",219.875,"32312"
"S2",5,100,0,771,23038674,33038693,"ok",NA,NA,1.38460523741045,0.0795011542558076,0.033966033966034,0.3996003996004,TRUE,FALSE,"reestimated",221.087,"32312"
"S2",5,100,0,772,23039683,33039702,"ok",NA,NA,1.15792817972646,0.0675192150139068,0.241758241758242,0.642357642357642,FALSE,FALSE,"reestimated",220.163,"32312"
"S2",5,100,0,773,23040692,33040711,"ok",NA,NA,1.43755504148185,0.111391297357846,0.030969030969031,0.0919080919080919,TRUE,FALSE,"reestimated",219.371,"32312"
"S2",5,100,0,774,23041701,33041720,"ok",NA,NA,1.18197228184003,0.082008562804816,0.278721278721279,0.424575424575425,FALSE,FALSE,"reestimated",222.92,"32312"
"S2",5,100,0,775,23042710,33042729,"ok",NA,NA,1.11274138160998,0.0742400023462985,0.322677322677323,0.437562437562438,FALSE,FALSE,"reestimated",221.848,"32312"
"S2",5,100,0,776,23043719,33043738,"ok",NA,NA,1.10676246130114,0.0759278132801911,0.402597402597403,0.460539460539461,FALSE,FALSE,"reestimated",222.187,"32312"
"S2",5,100,0,777,23044728,33044747,"ok",NA,NA,1.14776266192141,0.0748246598814482,0.355644355644356,0.521478521478521,FALSE,FALSE,"reestimated",219.022,"32312"
"S2",5,100,0,778,23045737,33045756,"ok",NA,NA,0.938304430511696,0.0618377380826926,0.847152847152847,0.819180819180819,FALSE,FALSE,"reestimated",219.225,"32312"
"S2",5,100,0,779,23046746,33046765,"ok",NA,NA,0.922157963317581,0.0662378637089173,0.879120879120879,0.707292707292707,FALSE,FALSE,"reestimated",221.665,"32312"
"S2",5,100,0,780,23047755,33047774,"ok",NA,NA,1.0605495558,0.0922395924343985,0.460539460539461,0.156843156843157,FALSE,FALSE,"reestimated",221.199,"32312"
"S2",5,100,0,781,23048764,33048783,"ok",NA,NA,1.11945223158608,0.0727188413656504,0.38961038961039,0.53046953046953,FALSE,FALSE,"reestimated",218.272,"32312"
"S2",5,100,0,782,23049773,33049792,"ok",NA,NA,0.946032967915385,0.0635794551410195,0.823176823176823,0.754245754245754,FALSE,FALSE,"reestimated",219.97,"32312"
"S2",5,100,0,783,23050782,33050801,"ok",NA,NA,1.07639888140786,0.0745308343946501,0.48951048951049,0.509490509490509,FALSE,FALSE,"reestimated",220.796,"32312"
"S2",5,100,0,784,23051791,33051810,"ok",NA,NA,1.17770903698889,0.0970838773871802,0.232767232767233,0.132867132867133,FALSE,FALSE,"reestimated",222.062,"32312"
"S2",5,100,0,785,23052800,33052819,"ok",NA,NA,1.12011252119739,0.0748595186601167,0.384615384615385,0.524475524475524,FALSE,FALSE,"reestimated",223.183,"32312"
"S2",5,100,0,786,23053809,33053828,"ok",NA,NA,1.22523884408742,0.0729894809854304,0.144855144855145,0.53946053946054,FALSE,FALSE,"reestimated",223.162,"32312"
"S2",5,100,0,787,23054818,33054837,"ok",NA,NA,1.07796106908094,0.0895790236631158,0.465534465534466,0.215784215784216,FALSE,FALSE,"reestimated",219.964,"32312"
"S2",5,100,0,788,23055827,33055846,"ok",NA,NA,0.996742222776863,0.0668280277746169,0.714285714285714,0.662337662337662,FALSE,FALSE,"reestimated",221.881,"32312"
"S2",5,100,0,789,23056836,33056855,"ok",NA,NA,1.08069136379983,0.0691503838278358,0.492507492507492,0.642357642357642,FALSE,FALSE,"reestimated",222.142,"32312"
"S2",5,100,0,790,23057845,33057864,"ok",NA,NA,1.0158798196724,0.0622834939133272,0.66033966033966,0.773226773226773,FALSE,FALSE,"reestimated",223.147,"32312"
"S2",5,100,0,791,23058854,33058873,"ok",NA,NA,1.13514224065758,0.0814260666503515,0.415584415584416,0.438561438561439,FALSE,FALSE,"reestimated",222.524,"32312"
"S2",5,100,0,792,23059863,33059882,"ok",NA,NA,1.05323865879105,0.0720922495894063,0.569430569430569,0.584415584415584,FALSE,FALSE,"reestimated",218.735,"32312"
"S2",5,100,0,793,23060872,33060891,"ok",NA,NA,1.20750995355179,0.0883919701911326,0.210789210789211,0.26973026973027,FALSE,FALSE,"reestimated",220.048,"32312"
"S2",5,100,0,794,23061881,33061900,"ok",NA,NA,1.0576206089015,0.088026648188804,0.494505494505495,0.198801198801199,FALSE,FALSE,"reestimated",221.56,"32312"
"S2",5,100,0,795,23062890,33062909,"ok",NA,NA,1.32566528544663,0.0939846681476963,0.0629370629370629,0.174825174825175,FALSE,FALSE,"reestimated",219.275,"32312"
"S2",5,100,0,796,23063899,33063918,"ok",NA,NA,1.20862112025049,0.115295869261298,0.174825174825175,0.032967032967033,FALSE,TRUE,"reestimated",220.164,"32312"
"S2",5,100,0,797,23064908,33064927,"ok",NA,NA,1.25943683047133,0.103186579126021,0.133866133866134,0.0839160839160839,FALSE,FALSE,"reestimated",219.368,"32312"
"S2",5,100,0,798,23065917,33065936,"ok",NA,NA,1.06337025795031,0.0804697819746244,0.533466533466533,0.358641358641359,FALSE,FALSE,"reestimated",220.363,"32312"
"S2",5,100,0,799,23066926,33066945,"ok",NA,NA,1.11358039502168,0.0695686079340382,0.380619380619381,0.605394605394605,FALSE,FALSE,"reestimated",220.651,"32312"
"S2",5,100,0,800,23067935,33067954,"ok",NA,NA,1.14454711929974,0.0769185636351948,0.281718281718282,0.396603396603397,FALSE,FALSE,"reestimated",220.242,"32312"
"S2",5,100,0,801,23068944,33068963,"ok",NA,NA,1.09365612424179,0.0737806605372982,0.422577422577423,0.474525474525474,FALSE,FALSE,"reestimated",218.95,"32312"
"S2",5,100,0,802,23069953,33069972,"ok",NA,NA,1.10788364626246,0.0716631531324677,0.453546453546454,0.629370629370629,FALSE,FALSE,"reestimated",222.434,"32312"
"S2",5,100,0,803,23070962,33070981,"ok",NA,NA,1.1168707174719,0.065942513645152,0.394605394605395,0.732267732267732,FALSE,FALSE,"reestimated",219.33,"32312"
"S2",5,100,0,804,23071971,33071990,"ok",NA,NA,1.51807956134722,0.130534586001867,0.025974025974026,0.0629370629370629,TRUE,FALSE,"reestimated",217.765,"32312"
"S2",5,100,0,805,23072980,33072999,"ok",NA,NA,1.21293373534131,0.0955561716625243,0.227772227772228,0.180819180819181,FALSE,FALSE,"reestimated",217.399,"32312"
"S2",5,100,0,806,23073989,33074008,"ok",NA,NA,1.28990273566508,0.0990186290434324,0.0899100899100899,0.120879120879121,FALSE,FALSE,"reestimated",221.304,"32312"
"S2",5,100,0,807,23074998,33075017,"ok",NA,NA,0.94237152559403,0.0737343839095076,0.781218781218781,0.44955044955045,FALSE,FALSE,"reestimated",222.187,"32312"
"S2",5,100,0,808,23076007,33076026,"ok",NA,NA,1.09995059403685,0.0771504935568316,0.424575424575425,0.431568431568432,FALSE,FALSE,"reestimated",218.324,"32312"
"S2",5,100,0,809,23077016,33077035,"ok",NA,NA,1.18026299636764,0.0855136651275388,0.227772227772228,0.291708291708292,FALSE,FALSE,"reestimated",218.979,"32312"
"S2",5,100,0,810,23078025,33078044,"ok",NA,NA,1.02168990022994,0.0669137184924908,0.628371628371628,0.659340659340659,FALSE,FALSE,"reestimated",217.836,"32312"
"S2",5,100,0,811,23079034,33079053,"ok",NA,NA,1.10633422061577,0.088970058437437,0.346653346653347,0.193806193806194,FALSE,FALSE,"reestimated",219.892,"32312"
"S2",5,100,0,812,23080043,33080062,"ok",NA,NA,0.935991397904472,0.0673787083588352,0.859140859140859,0.662337662337662,FALSE,FALSE,"reestimated",218.86,"32312"
"S2",5,100,0,813,23081052,33081071,"ok",NA,NA,0.970136180257269,0.0622171368987161,0.784215784215784,0.805194805194805,FALSE,FALSE,"reestimated",220.424,"32312"
"S2",5,100,0,814,23082061,33082080,"ok",NA,NA,1.26206202972012,0.0993885172996842,0.112887112887113,0.11988011988012,FALSE,FALSE,"reestimated",220.692,"32312"
"S2",5,100,0,815,23083070,33083089,"ok",NA,NA,1.03325333662679,0.0710433438346122,0.564435564435564,0.545454545454545,FALSE,FALSE,"reestimated",219.082,"32312"
"S2",5,100,0,816,23084079,33084098,"ok",NA,NA,1.31809610060362,0.104990217994295,0.0769230769230769,0.0789210789210789,FALSE,FALSE,"reestimated",218.289,"32312"
"S2",5,100,0,817,23085088,33085107,"ok",NA,NA,1.10997373119829,0.0718581053292168,0.3996003996004,0.569430569430569,FALSE,FALSE,"reestimated",221.178,"32312"
"S2",5,100,0,818,23086097,33086116,"ok",NA,NA,0.961379376794645,0.0712106775437451,0.786213786213786,0.565434565434565,FALSE,FALSE,"reestimated",220.148,"32312"
"S2",5,100,0,819,23087106,33087125,"ok",NA,NA,1.0317201286169,0.0669451113841508,0.615384615384615,0.703296703296703,FALSE,FALSE,"reestimated",221.076,"32312"
"S2",5,100,0,820,23088115,33088134,"ok",NA,NA,1.20527967036945,0.0745107511939993,0.184815184815185,0.496503496503497,FALSE,FALSE,"reestimated",220.477,"32312"
"S2",5,100,0,821,23089124,33089143,"ok",NA,NA,1.02151010932973,0.0762884707469705,0.599400599400599,0.42957042957043,FALSE,FALSE,"reestimated",222.556,"32312"
"S2",5,100,0,822,23090133,33090152,"ok",NA,NA,1.41939834519753,0.0810511149874804,0.013986013986014,0.30969030969031,TRUE,FALSE,"reestimated",221.054,"32312"
"S2",5,100,0,823,23091142,33091161,"ok",NA,NA,1.06746212400366,0.0724092884888629,0.482517482517482,0.535464535464535,FALSE,FALSE,"reestimated",222.599,"32312"
"S2",5,100,0,824,23092151,33092170,"ok",NA,NA,1.14168838330896,0.0736299313768974,0.351648351648352,0.558441558441558,FALSE,FALSE,"reestimated",220.189,"32312"
"S2",5,100,0,825,23093160,33093179,"ok",NA,NA,1.18728509770461,0.0755538248813483,0.18981018981019,0.443556443556444,FALSE,FALSE,"reestimated",222.363,"32312"
"S2",5,100,0,826,23094169,33094188,"ok",NA,NA,1.16721657027942,0.103022216734561,0.396603396603397,0.204795204795205,FALSE,FALSE,"reestimated",220.188,"32312"
"S2",5,100,0,827,23095178,33095197,"ok",NA,NA,1.23211455976346,0.0894720695745836,0.142857142857143,0.223776223776224,FALSE,FALSE,"reestimated",221.831,"32312"
"S2",5,100,0,828,23096187,33096206,"ok",NA,NA,1.2785244961123,0.0935595670596384,0.0769230769230769,0.154845154845155,FALSE,FALSE,"reestimated",220.767,"32312"
"S2",5,100,0,829,23097196,33097215,"ok",NA,NA,1.34974393936652,0.111460145503113,0.0799200799200799,0.0929070929070929,FALSE,FALSE,"reestimated",218.239,"32312"
"S2",5,100,0,830,23098205,33098224,"ok",NA,NA,1.17676647206398,0.0989421997978742,0.212787212787213,0.105894105894106,FALSE,FALSE,"reestimated",220.083,"32312"
"S2",5,100,0,831,23099214,33099233,"ok",NA,NA,0.977572744721966,0.0837484732758728,0.712287712287712,0.272727272727273,FALSE,FALSE,"reestimated",220.99,"32312"
"S2",5,100,0,832,23100223,33100242,"ok",NA,NA,1.10501363424366,0.0722067325248086,0.388611388611389,0.526473526473527,FALSE,FALSE,"reestimated",219.953,"32312"
"S2",5,100,0,833,23101232,33101251,"ok",NA,NA,0.998499332700049,0.0739887522387591,0.757242757242757,0.549450549450549,FALSE,FALSE,"reestimated",220.718,"32312"
"S2",5,100,0,834,23102241,33102260,"ok",NA,NA,0.919452181654327,0.070871570800583,0.862137862137862,0.559440559440559,FALSE,FALSE,"reestimated",221.172,"32312"
"S2",5,100,0,835,23103250,33103269,"ok",NA,NA,1.27218384665523,0.103761179642103,0.123876123876124,0.102897102897103,FALSE,FALSE,"reestimated",220.245,"32312"
"S2",5,100,0,836,23104259,33104278,"ok",NA,NA,1.11345580908012,0.0964270915878543,0.358641358641359,0.140859140859141,FALSE,FALSE,"reestimated",221.121,"32312"
"S2",5,100,0,837,23105268,33105287,"ok",NA,NA,1.08342509636881,0.0804019776863626,0.434565434565435,0.327672327672328,FALSE,FALSE,"reestimated",219.248,"32312"
"S2",5,100,0,838,23106277,33106296,"ok",NA,NA,1.08108653811133,0.074128397392166,0.456543456543457,0.478521478521479,FALSE,FALSE,"reestimated",221.018,"32312"
"S2",5,100,0,839,23107286,33107305,"ok",NA,NA,1.05370430531487,0.0699038568913969,0.502497502497502,0.577422577422577,FALSE,FALSE,"reestimated",220.876,"32312"
"S2",5,100,0,840,23108295,33108314,"ok",NA,NA,1.17809725608175,0.101597235635639,0.303696303696304,0.154845154845155,FALSE,FALSE,"reestimated",219.925,"32312"
"S2",5,100,0,841,23109304,33109323,"ok",NA,NA,1.02702032504742,0.0685020314052677,0.603396603396603,0.651348651348651,FALSE,FALSE,"reestimated",219.84,"32312"
"S2",5,100,0,842,23110313,33110332,"ok",NA,NA,0.980032203446445,0.063460895538499,0.763236763236763,0.788211788211788,FALSE,FALSE,"reestimated",221.396,"32312"
"S2",5,100,0,843,23111322,33111341,"ok",NA,NA,1.20582999570115,0.0802286332574945,0.214785214785215,0.394605394605395,FALSE,FALSE,"reestimated",223.457,"32312"
"S2",5,100,0,844,23112331,33112350,"ok",NA,NA,1.22406483342627,0.0830254406876847,0.162837162837163,0.341658341658342,FALSE,FALSE,"reestimated",219.547,"32312"
"S2",5,100,0,845,23113340,33113359,"ok",NA,NA,1.18333320191821,0.0818886540326599,0.301698301698302,0.398601398601399,FALSE,FALSE,"reestimated",223.25,"32312"
"S2",5,100,0,846,23114349,33114368,"ok",NA,NA,1.12645012278415,0.0898664903233524,0.375624375624376,0.237762237762238,FALSE,FALSE,"reestimated",219.542,"32312"
"S2",5,100,0,847,23115358,33115377,"ok",NA,NA,0.938155997292279,0.0722968556567848,0.85014985014985,0.591408591408591,FALSE,FALSE,"reestimated",219.741,"32312"
"S2",5,100,0,848,23116367,33116386,"ok",NA,NA,0.915715378100894,0.0661989878827204,0.889110889110889,0.717282717282717,FALSE,FALSE,"reestimated",224,"32312"
"S2",5,100,0,849,23117376,33117395,"ok",NA,NA,1.12017321709568,0.0831363097721349,0.355644355644356,0.337662337662338,FALSE,FALSE,"reestimated",222.467,"32312"
"S2",5,100,0,850,23118385,33118404,"ok",NA,NA,0.906458429943106,0.0613933015433249,0.905094905094905,0.799200799200799,FALSE,FALSE,"reestimated",223.197,"32312"
"S2",5,100,0,851,23119394,33119413,"ok",NA,NA,1.1556854036714,0.0812549826273966,0.367632367632368,0.441558441558442,FALSE,FALSE,"reestimated",222.275,"32312"
"S2",5,100,0,852,23120403,33120422,"ok",NA,NA,1.1087951185986,0.064154301295594,0.361638361638362,0.715284715284715,FALSE,FALSE,"reestimated",221.854,"32312"
"S2",5,100,0,853,23121412,33121431,"ok",NA,NA,1.05283535872913,0.0671714841157507,0.611388611388611,0.711288711288711,FALSE,FALSE,"reestimated",221.557,"32312"
"S2",5,100,0,854,23122421,33122440,"ok",NA,NA,1.24313136511359,0.0765881541925666,0.153846153846154,0.498501498501498,FALSE,FALSE,"reestimated",218.788,"32312"
"S2",5,100,0,855,23123430,33123449,"ok",NA,NA,1.25318849722405,0.0886755141143137,0.123876123876124,0.211788211788212,FALSE,FALSE,"reestimated",222.043,"32312"
"S2",5,100,0,856,23124439,33124458,"ok",NA,NA,1.52161993920317,0.104307704719149,0.004995004995005,0.0659340659340659,TRUE,FALSE,"reestimated",219.187,"32312"
"S2",5,100,0,857,23125448,33125467,"ok",NA,NA,1.13071007964357,0.078235736863556,0.375624375624376,0.44955044955045,FALSE,FALSE,"reestimated",223.017,"32312"
"S2",5,100,0,858,23126457,33126476,"ok",NA,NA,1.22744599048144,0.0900028718569462,0.190809190809191,0.245754245754246,FALSE,FALSE,"reestimated",220.083,"32312"
"S2",5,100,0,859,23127466,33127485,"ok",NA,NA,1.07678345774822,0.0892761182234567,0.478521478521479,0.221778221778222,FALSE,FALSE,"reestimated",218.973,"32312"
"S2",5,100,0,860,23128475,33128494,"ok",NA,NA,1.12161726838172,0.0741605770381554,0.344655344655345,0.491508491508492,FALSE,FALSE,"reestimated",221.593,"32312"
"S2",5,100,0,861,23129484,33129503,"ok",NA,NA,0.948532272595666,0.073497650670952,0.81018981018981,0.503496503496504,FALSE,FALSE,"reestimated",222.876,"32312"
"S2",5,100,0,862,23130493,33130512,"ok",NA,NA,1.02601498095735,0.070406349952537,0.674325674325674,0.645354645354645,FALSE,FALSE,"reestimated",220.051,"32312"
"S2",5,100,0,863,23131502,33131521,"ok",NA,NA,1.06629123896804,0.0775748415574925,0.504495504495505,0.41958041958042,FALSE,FALSE,"reestimated",223.466,"32312"
"S2",5,100,0,864,23132511,33132530,"ok",NA,NA,1.08206563704174,0.0671344904613126,0.517482517482518,0.707292707292707,FALSE,FALSE,"reestimated",223.571,"32312"
"S2",5,100,0,865,23133520,33133539,"ok",NA,NA,1.07188470210691,0.0870268363976991,0.524475524475524,0.30969030969031,FALSE,FALSE,"reestimated",220.484,"32312"
"S2",5,100,0,866,23134529,33134548,"ok",NA,NA,1.04786501495117,0.0909024116630538,0.468531468531469,0.144855144855145,FALSE,FALSE,"reestimated",219.245,"32312"
"S2",5,100,0,867,23135538,33135557,"ok",NA,NA,1.13065180451929,0.0831514768812816,0.356643356643357,0.351648351648352,FALSE,FALSE,"reestimated",221.858,"32312"
"S2",5,100,0,868,23136547,33136566,"ok",NA,NA,1.06483678962614,0.0856078400549216,0.553446553446553,0.315684315684316,FALSE,FALSE,"reestimated",218.809,"32312"
"S2",5,100,0,869,23137556,33137575,"ok",NA,NA,1.06796183622399,0.0654007475767602,0.496503496503497,0.697302697302697,FALSE,FALSE,"reestimated",222.635,"32312"
"S2",5,100,0,870,23138565,33138584,"ok",NA,NA,1.03488015325022,0.0769854059046898,0.564435564435564,0.405594405594406,FALSE,FALSE,"reestimated",222.64,"32312"
"S2",5,100,0,871,23139574,33139593,"ok",NA,NA,1.06317255984106,0.0746714931552803,0.486513486513487,0.467532467532468,FALSE,FALSE,"reestimated",219.127,"32312"
"S2",5,100,0,872,23140583,33140602,"ok",NA,NA,1.06513813186183,0.0875255942868862,0.481518481518482,0.197802197802198,FALSE,FALSE,"reestimated",220.266,"32312"
"S2",5,100,0,873,23141592,33141611,"ok",NA,NA,1.36867145770865,0.0962306553811041,0.038961038961039,0.142857142857143,TRUE,FALSE,"reestimated",221.077,"32312"
"S2",5,100,0,874,23142601,33142620,"ok",NA,NA,1.17202136139407,0.0869921446951376,0.232767232767233,0.230769230769231,FALSE,FALSE,"reestimated",219.979,"32312"
"S2",5,100,0,875,23143610,33143629,"ok",NA,NA,1.56277741916291,0.102966935185745,0.002997002997003,0.0799200799200799,TRUE,FALSE,"reestimated",218.811,"32312"
"S2",5,100,0,876,23144619,33144638,"ok",NA,NA,1.23648569392749,0.0958010394638259,0.122877122877123,0.154845154845155,FALSE,FALSE,"reestimated",219.332,"32312"
"S2",5,100,0,877,23145628,33145647,"ok",NA,NA,1.13436586750681,0.0664236912340442,0.322677322677323,0.692307692307692,FALSE,FALSE,"reestimated",221.153,"32312"
"S2",5,100,0,878,23146637,33146656,"ok",NA,NA,1.11759545966965,0.0774773831663944,0.407592407592408,0.456543456543457,FALSE,FALSE,"reestimated",220.003,"32312"
"S2",5,100,0,879,23147646,33147665,"ok",NA,NA,1.05125261888932,0.0751927552416708,0.595404595404595,0.520479520479521,FALSE,FALSE,"reestimated",218.557,"32312"
"S2",5,100,0,880,23148655,33148674,"ok",NA,NA,0.911239293726084,0.0674616348973904,0.902097902097902,0.655344655344655,FALSE,FALSE,"reestimated",219.414,"32312"
"S2",5,100,0,881,23149664,33149683,"ok",NA,NA,1.10534549648116,0.0732621693690728,0.428571428571429,0.511488511488511,FALSE,FALSE,"reestimated",220.758,"32312"
"S2",5,100,0,882,23150673,33150692,"ok",NA,NA,1.36030459485556,0.0908261426623293,0.028971028971029,0.194805194805195,TRUE,FALSE,"reestimated",221.381,"32312"
"S2",5,100,0,883,23151682,33151701,"ok",NA,NA,1.27628270238838,0.0820491232700623,0.10989010989011,0.372627372627373,FALSE,FALSE,"reestimated",220.383,"32312"
"S2",5,100,0,884,23152691,33152710,"ok",NA,NA,1.23119141711483,0.0883835784844852,0.121878121878122,0.178821178821179,FALSE,FALSE,"reestimated",220.25,"32312"
"S2",5,100,0,885,23153700,33153719,"ok",NA,NA,1.19136964127879,0.0896450723018881,0.180819180819181,0.198801198801199,FALSE,FALSE,"reestimated",222.21,"32312"
"S2",5,100,0,886,23154709,33154728,"ok",NA,NA,0.854908133832825,0.0608337292895192,0.97002997002997,0.775224775224775,FALSE,FALSE,"reestimated",220.232,"32312"
"S2",5,100,0,887,23155718,33155737,"ok",NA,NA,1.22066817435761,0.0963047582635111,0.183816183816184,0.163836163836164,FALSE,FALSE,"reestimated",223.362,"32312"
"S2",5,100,0,888,23156727,33156746,"ok",NA,NA,1.01872927916461,0.0715463307722422,0.614385614385614,0.538461538461538,FALSE,FALSE,"reestimated",223.013,"32312"
"S2",5,100,0,889,23157736,33157755,"ok",NA,NA,1.12185876692968,0.095990162340597,0.427572427572428,0.214785214785215,FALSE,FALSE,"reestimated",221.423,"32312"
"S2",5,100,0,890,23158745,33158764,"ok",NA,NA,1.2209383680582,0.0808296107610529,0.152847152847153,0.353646353646354,FALSE,FALSE,"reestimated",221.115,"32312"
"S2",5,100,0,891,23159754,33159773,"ok",NA,NA,0.907682269920462,0.0606099763788575,0.888111888111888,0.805194805194805,FALSE,FALSE,"reestimated",220.872,"32312"
"S2",5,100,0,892,23160763,33160782,"ok",NA,NA,1.27541124483967,0.0697809661335173,0.0739260739260739,0.584415584415584,FALSE,FALSE,"reestimated",220.684,"32312"
"S2",5,100,0,893,23161772,33161791,"ok",NA,NA,1.13558447829965,0.0661332768622038,0.342657342657343,0.693306693306693,FALSE,FALSE,"reestimated",220.999,"32312"
"S2",5,100,0,894,23162781,33162800,"ok",NA,NA,1.24614072994496,0.0830676298859176,0.145854145854146,0.322677322677323,FALSE,FALSE,"reestimated",221.509,"32312"
"S2",5,100,0,895,23163790,33163809,"ok",NA,NA,0.932980914356478,0.0665672653798253,0.876123876123876,0.7002997002997,FALSE,FALSE,"reestimated",220.489,"32312"
"S2",5,100,0,896,23164799,33164818,"ok",NA,NA,1.22958580210647,0.0905346389824942,0.145854145854146,0.208791208791209,FALSE,FALSE,"reestimated",220.188,"32312"
"S2",5,100,0,897,23165808,33165827,"ok",NA,NA,1.11531608774825,0.100515433851228,0.337662337662338,0.103896103896104,FALSE,FALSE,"reestimated",220.165,"32312"
"S2",5,100,0,898,23166817,33166836,"ok",NA,NA,1.00960978726878,0.0773447326042484,0.638361638361638,0.3996003996004,FALSE,FALSE,"reestimated",220.118,"32312"
"S2",5,100,0,899,23167826,33167845,"ok",NA,NA,1.05016480425489,0.0887981780600591,0.581418581418581,0.250749250749251,FALSE,FALSE,"reestimated",223.136,"32312"
"S2",5,100,0,900,23168835,33168854,"ok",NA,NA,1.16754525370338,0.0944146379687524,0.27972027972028,0.172827172827173,FALSE,FALSE,"reestimated",219.891,"32312"
"S2",5,100,0,901,23169844,33169863,"ok",NA,NA,1.05490861521086,0.0748386373481872,0.544455544455544,0.470529470529471,FALSE,FALSE,"reestimated",220.989,"32312"
"S2",5,100,0,902,23170853,33170872,"ok",NA,NA,1.26525838753158,0.0964860466298091,0.100899100899101,0.135864135864136,FALSE,FALSE,"reestimated",220.297,"32312"
"S2",5,100,0,903,23171862,33171881,"ok",NA,NA,1.3435448820282,0.105263305039905,0.0649350649350649,0.0959040959040959,FALSE,FALSE,"reestimated",219.873,"32312"
"S2",5,100,0,904,23172871,33172890,"ok",NA,NA,1.12560937428411,0.0829314077956637,0.34965034965035,0.323676323676324,FALSE,FALSE,"reestimated",220.418,"32312"
"S2",5,100,0,905,23173880,33173899,"ok",NA,NA,1.17422684233777,0.0773006518748266,0.212787212787213,0.410589410589411,FALSE,FALSE,"reestimated",221.128,"32312"
"S2",5,100,0,906,23174889,33174908,"ok",NA,NA,1.17686383360234,0.0867207363940403,0.210789210789211,0.244755244755245,FALSE,FALSE,"reestimated",220.01,"32312"
"S2",5,100,0,907,23175898,33175917,"ok",NA,NA,1.22711522344873,0.0830514804451337,0.182817182817183,0.336663336663337,FALSE,FALSE,"reestimated",221.866,"32312"
"S2",5,100,0,908,23176907,33176926,"ok",NA,NA,1.05268021192532,0.0588512282653837,0.62037962037962,0.876123876123876,FALSE,FALSE,"reestimated",221.177,"32312"
"S2",5,100,0,909,23177916,33177935,"ok",NA,NA,1.32988463233946,0.0868568334915991,0.0619380619380619,0.22977022977023,FALSE,FALSE,"reestimated",221.34,"32312"
"S2",5,100,0,910,23178925,33178944,"ok",NA,NA,1.11727313831759,0.0904147579426222,0.402597402597403,0.230769230769231,FALSE,FALSE,"reestimated",223.653,"32312"
"S2",5,100,0,911,23179934,33179953,"ok",NA,NA,1.0900142493552,0.0750878479585141,0.431568431568432,0.486513486513487,FALSE,FALSE,"reestimated",221.164,"32312"
"S2",5,100,0,912,23180943,33180962,"ok",NA,NA,1.16474924565785,0.0779151061227276,0.226773226773227,0.396603396603397,FALSE,FALSE,"reestimated",219.69,"32312"
"S2",5,100,0,913,23181952,33181971,"ok",NA,NA,1.12928956375096,0.0718493256715671,0.336663336663337,0.561438561438561,FALSE,FALSE,"reestimated",220.673,"32312"
"S2",5,100,0,914,23182961,33182980,"ok",NA,NA,0.961744661047899,0.0728740402604694,0.76023976023976,0.503496503496504,FALSE,FALSE,"reestimated",218.44,"32312"
"S2",5,100,0,915,23183970,33183989,"ok",NA,NA,0.887306774055843,0.0577835394993345,0.925074925074925,0.865134865134865,FALSE,FALSE,"reestimated",219.886,"32312"
"S2",5,100,0,916,23184979,33184998,"ok",NA,NA,1.21162344534726,0.0613488866755768,0.162837162837163,0.808191808191808,FALSE,FALSE,"reestimated",219.519,"32312"
"S2",5,100,0,917,23185988,33186007,"ok",NA,NA,1.18409688172178,0.0737440223099835,0.247752247752248,0.520479520479521,FALSE,FALSE,"reestimated",218.023,"32312"
"S2",5,100,0,918,23186997,33187016,"ok",NA,NA,1.01610480106524,0.0675036760800035,0.686313686313686,0.672327672327672,FALSE,FALSE,"reestimated",219.296,"32312"
"S2",5,100,0,919,23188006,33188025,"ok",NA,NA,1.20605019357972,0.0596372994717914,0.180819180819181,0.832167832167832,FALSE,FALSE,"reestimated",219.562,"32312"
"S2",5,100,0,920,23189015,33189034,"ok",NA,NA,0.934072372279949,0.0686147276084827,0.832167832167832,0.597402597402597,FALSE,FALSE,"reestimated",219.146,"32312"
"S2",5,100,0,921,23190024,33190043,"ok",NA,NA,1.12530208272095,0.0686375868992961,0.367632367632368,0.648351648351648,FALSE,FALSE,"reestimated",220.44,"32312"
"S2",5,100,0,922,23191033,33191052,"ok",NA,NA,1.07067564793874,0.0820625943923056,0.438561438561439,0.297702297702298,FALSE,FALSE,"reestimated",220.166,"32312"
"S2",5,100,0,923,23192042,33192061,"ok",NA,NA,0.982307187005706,0.0683886166823901,0.744255744255744,0.657342657342657,FALSE,FALSE,"reestimated",218.78,"32312"
"S2",5,100,0,924,23193051,33193070,"ok",NA,NA,0.993491870792334,0.0726870680075892,0.693306693306693,0.531468531468531,FALSE,FALSE,"reestimated",217.812,"32312"
"S2",5,100,0,925,23194060,33194079,"ok",NA,NA,1.03623972001538,0.069646339840358,0.573426573426573,0.603396603396603,FALSE,FALSE,"reestimated",217.321,"32312"
"S2",5,100,0,926,23195069,33195088,"ok",NA,NA,1.14983635749178,0.0673648524083116,0.304695304695305,0.673326673326673,FALSE,FALSE,"reestimated",218.206,"32312"
"S2",5,100,0,927,23196078,33196097,"ok",NA,NA,1.19965247359652,0.103244841663825,0.192807192807193,0.0899100899100899,FALSE,FALSE,"reestimated",218.392,"32312"
"S2",5,100,0,928,23197087,33197106,"ok",NA,NA,1.17833295486741,0.0583786452187986,0.287712287712288,0.885114885114885,FALSE,FALSE,"reestimated",221.034,"32312"
"S2",5,100,0,929,23198096,33198115,"ok",NA,NA,1.2981627502785,0.101110172409928,0.105894105894106,0.111888111888112,FALSE,FALSE,"reestimated",222.901,"32312"
"S2",5,100,0,930,23199105,33199124,"ok",NA,NA,1.29082136652356,0.128342062481813,0.0819180819180819,0.018981018981019,FALSE,TRUE,"reestimated",220.853,"32312"
"S2",5,100,0,931,23200114,33200133,"ok",NA,NA,1.07567870458604,0.0838779385793867,0.509490509490509,0.336663336663337,FALSE,FALSE,"reestimated",219.651,"32312"
"S2",5,100,0,932,23201123,33201142,"ok",NA,NA,1.32107350251068,0.0735719423141687,0.0539460539460539,0.513486513486514,FALSE,FALSE,"reestimated",221.344,"32312"
"S2",5,100,0,933,23202132,33202151,"ok",NA,NA,1.14683742787952,0.0895097656569498,0.277722277722278,0.207792207792208,FALSE,FALSE,"reestimated",220.418,"32312"
"S2",5,100,0,934,23203141,33203160,"ok",NA,NA,1.11773263547204,0.0755791984192783,0.381618381618382,0.481518481518482,FALSE,FALSE,"reestimated",219.629,"32312"
"S2",5,100,0,935,23204150,33204169,"ok",NA,NA,0.983619564074644,0.0731593016794749,0.722277722277722,0.524475524475524,FALSE,FALSE,"reestimated",220.303,"32312"
"S2",5,100,0,936,23205159,33205178,"ok",NA,NA,1.14936421022203,0.0687775806823266,0.302697302697303,0.628371628371628,FALSE,FALSE,"reestimated",219.456,"32312"
"S2",5,100,0,937,23206168,33206187,"ok",NA,NA,1.28758094241556,0.0850938833741861,0.0599400599400599,0.244755244755245,FALSE,FALSE,"reestimated",220.412,"32312"
"S2",5,100,0,938,23207177,33207196,"ok",NA,NA,0.91378354477955,0.0613344153020542,0.899100899100899,0.795204795204795,FALSE,FALSE,"reestimated",219.49,"32312"
"S2",5,100,0,939,23208186,33208205,"ok",NA,NA,0.9605747072178,0.0667143551464562,0.795204795204795,0.662337662337662,FALSE,FALSE,"reestimated",219.628,"32312"
"S2",5,100,0,940,23209195,33209214,"ok",NA,NA,1.29101656974214,0.103263708953528,0.0859140859140859,0.101898101898102,FALSE,FALSE,"reestimated",221.492,"32312"
"S2",5,100,0,941,23210204,33210223,"ok",NA,NA,0.929464114000223,0.0655827780073044,0.835164835164835,0.692307692307692,FALSE,FALSE,"reestimated",220.708,"32312"
"S2",5,100,0,942,23211213,33211232,"ok",NA,NA,1.03524592118552,0.0739201420437501,0.614385614385614,0.535464535464535,FALSE,FALSE,"reestimated",219.574000000001,"32312"
"S2",5,100,0,943,23212222,33212241,"ok",NA,NA,0.988650376361606,0.0596341841368697,0.72027972027972,0.839160839160839,FALSE,FALSE,"reestimated",220.765,"32312"
"S2",5,100,0,944,23213231,33213250,"ok",NA,NA,1.43339564967382,0.0977833844439591,0.015984015984016,0.136863136863137,TRUE,FALSE,"reestimated",220.902,"32312"
"S2",5,100,0,945,23214240,33214259,"ok",NA,NA,1.11770584733191,0.0686877095519759,0.346653346653347,0.614385614385614,FALSE,FALSE,"reestimated",222.389999999999,"32312"
"S2",5,100,0,946,23215249,33215268,"ok",NA,NA,0.995501571736187,0.0750564167217103,0.669330669330669,0.462537462537463,FALSE,FALSE,"reestimated",223.295,"32312"
"S2",5,100,0,947,23216258,33216277,"ok",NA,NA,1.35498497305181,0.098350176834876,0.0879120879120879,0.221778221778222,FALSE,FALSE,"reestimated",223.103,"32312"
"S2",5,100,0,948,23217267,33217286,"ok",NA,NA,1.30668121872441,0.078862815363711,0.0789210789210789,0.442557442557443,FALSE,FALSE,"reestimated",219.562,"32312"
"S2",5,100,0,949,23218276,33218295,"ok",NA,NA,0.914958773752645,0.0703870807009422,0.847152847152847,0.538461538461538,FALSE,FALSE,"reestimated",221.229,"32312"
"S2",5,100,0,950,23219285,33219304,"ok",NA,NA,1.03471254428799,0.0718493991133609,0.552447552447552,0.491508491508492,FALSE,FALSE,"reestimated",219.012,"32312"
"S2",5,100,0,951,23220294,33220313,"ok",NA,NA,1.34169727500137,0.119990042914044,0.038961038961039,0.026973026973027,TRUE,TRUE,"reestimated",224.151,"32312"
"S2",5,100,0,952,23221303,33221322,"ok",NA,NA,1.26823784683999,0.0804532858374895,0.117882117882118,0.372627372627373,FALSE,FALSE,"reestimated",221.105,"32312"
"S2",5,100,0,953,23222312,33222331,"ok",NA,NA,1.0645584417587,0.0715919460968893,0.501498501498502,0.551448551448551,FALSE,FALSE,"reestimated",221.38,"32312"
"S2",5,100,0,954,23223321,33223340,"ok",NA,NA,0.914707049691688,0.0720118650802063,0.855144855144855,0.535464535464535,FALSE,FALSE,"reestimated",221.802,"32312"
"S2",5,100,0,955,23224330,33224349,"ok",NA,NA,1.22739586263463,0.0894752160655138,0.136863136863137,0.205794205794206,FALSE,FALSE,"reestimated",218.897,"32312"
"S2",5,100,0,956,23225339,33225358,"ok",NA,NA,1.08107110806101,0.0759093856270675,0.38961038961039,0.408591408591409,FALSE,FALSE,"reestimated",219.738,"32312"
"S2",5,100,0,957,23226348,33226367,"ok",NA,NA,1.12530544628256,0.0735672671943975,0.368631368631369,0.536463536463537,FALSE,FALSE,"reestimated",220.087,"32312"
"S2",5,100,0,958,23227357,33227376,"ok",NA,NA,1.02259534579296,0.0853525956419876,0.632367632367632,0.258741258741259,FALSE,FALSE,"reestimated",219.311000000001,"32312"
"S2",5,100,0,959,23228366,33228385,"ok",NA,NA,0.976856052764296,0.0742165892770222,0.716283716283716,0.447552447552448,FALSE,FALSE,"reestimated",221.417,"32312"
"S2",5,100,0,960,23229375,33229394,"ok",NA,NA,1.162941126975,0.0934101531924061,0.320679320679321,0.213786213786214,FALSE,FALSE,"reestimated",221.027,"32312"
"S2",5,100,0,961,23230384,33230403,"ok",NA,NA,1.2663071170451,0.102454821688731,0.142857142857143,0.125874125874126,FALSE,FALSE,"reestimated",219.822,"32312"
"S2",5,100,0,962,23231393,33231412,"ok",NA,NA,1.00567962572885,0.0742450044634351,0.672327672327672,0.521478521478521,FALSE,FALSE,"reestimated",222.811000000001,"32312"
"S2",5,100,0,963,23232402,33232421,"ok",NA,NA,1.12745616929767,0.0832156695129062,0.38961038961039,0.364635364635365,FALSE,FALSE,"reestimated",220.2,"32312"
"S2",5,100,0,964,23233411,33233430,"ok",NA,NA,1.0607893359016,0.0784041368664848,0.492507492507492,0.396603396603397,FALSE,FALSE,"reestimated",220.847,"32312"
"S2",5,100,0,965,23234420,33234439,"ok",NA,NA,1.06662069603094,0.0768471999251458,0.496503496503497,0.464535464535465,FALSE,FALSE,"reestimated",220.998000000001,"32312"
"S2",5,100,0,966,23235429,33235448,"ok",NA,NA,1.03248703081739,0.0755325959870029,0.594405594405594,0.478521478521479,FALSE,FALSE,"reestimated",221.42,"32312"
"S2",5,100,0,967,23236438,33236457,"ok",NA,NA,1.26798914060406,0.0862031831948964,0.120879120879121,0.293706293706294,FALSE,FALSE,"reestimated",219.934999999999,"32312"
"S2",5,100,0,968,23237447,33237466,"ok",NA,NA,1.28245597973444,0.122827276388686,0.102897102897103,0.026973026973027,FALSE,TRUE,"reestimated",220.737,"32312"
"S2",5,100,0,969,23238456,33238475,"ok",NA,NA,1.18663255587823,0.082247423311867,0.245754245754246,0.383616383616384,FALSE,FALSE,"reestimated",221.624,"32312"
"S2",5,100,0,970,23239465,33239484,"ok",NA,NA,1.08179587579041,0.0677648535372753,0.412587412587413,0.628371628371628,FALSE,FALSE,"reestimated",219.420999999999,"32312"
"S2",5,100,0,971,23240474,33240493,"ok",NA,NA,0.970839976009643,0.0722769206654312,0.75024975024975,0.555444555444555,FALSE,FALSE,"reestimated",220.163,"32312"
"S2",5,100,0,972,23241483,33241502,"ok",NA,NA,0.922076435306634,0.0725059571903894,0.883116883116883,0.605394605394605,FALSE,FALSE,"reestimated",220.875,"32312"
"S2",5,100,0,973,23242492,33242511,"ok",NA,NA,0.955110195879607,0.0666352941827496,0.804195804195804,0.677322677322677,FALSE,FALSE,"reestimated",219.317,"32312"
"S2",5,100,0,974,23243501,33243520,"ok",NA,NA,1.0252189625327,0.0723056981050268,0.595404595404595,0.527472527472527,FALSE,FALSE,"reestimated",220.678,"32312"
"S2",5,100,0,975,23244510,33244529,"ok",NA,NA,0.946870038547061,0.0637303497627975,0.852147852147852,0.793206793206793,FALSE,FALSE,"reestimated",220.605,"32312"
"S2",5,100,0,976,23245519,33245538,"ok",NA,NA,0.989656513413819,0.0828070126240691,0.689310689310689,0.307692307692308,FALSE,FALSE,"reestimated",223.448,"32312"
"S2",5,100,0,977,23246528,33246547,"ok",NA,NA,1.19281736249349,0.113265594758031,0.250749250749251,0.0649350649350649,FALSE,FALSE,"reestimated",220.216,"32312"
"S2",5,100,0,978,23247537,33247556,"ok",NA,NA,1.1562007210004,0.0554869181084156,0.313686313686314,0.9000999000999,FALSE,FALSE,"reestimated",217.741,"32312"
"S2",5,100,0,979,23248546,33248565,"ok",NA,NA,1.15316681334559,0.0951230252439457,0.286713286713287,0.138861138861139,FALSE,FALSE,"reestimated",218.781999999999,"32312"
"S2",5,100,0,980,23249555,33249574,"ok",NA,NA,1.08860608321698,0.0794621716810334,0.442557442557443,0.374625374625375,FALSE,FALSE,"reestimated",217.807000000001,"32312"
"S2",5,100,0,981,23250564,33250583,"ok",NA,NA,1.08578375031629,0.0973917065864654,0.504495504495505,0.166833166833167,FALSE,FALSE,"reestimated",219.028,"32312"
"S2",5,100,0,982,23251573,33251592,"ok",NA,NA,1.09583963788465,0.0633876849472187,0.407592407592408,0.743256743256743,FALSE,FALSE,"reestimated",220.964999999999,"32312"
"S2",5,100,0,983,23252582,33252601,"ok",NA,NA,1.08502023340503,0.0810814837016037,0.425574425574426,0.332667332667333,FALSE,FALSE,"reestimated",217.38,"32312"
"S2",5,100,0,984,23253591,33253610,"ok",NA,NA,1.13902420293468,0.0804115960559102,0.365634365634366,0.433566433566434,FALSE,FALSE,"reestimated",217.295,"32312"
"S2",5,100,0,985,23254600,33254619,"ok",NA,NA,1.10482408081429,0.0843114770757375,0.37962037962038,0.262737262737263,FALSE,FALSE,"reestimated",219.118,"32312"
"S2",5,100,0,986,23255609,33255628,"ok",NA,NA,1.07691762525601,0.079734678063758,0.468531468531469,0.405594405594406,FALSE,FALSE,"reestimated",217.304,"32312"
"S2",5,100,0,987,23256618,33256637,"ok",NA,NA,1.61478990307299,0.154751411053657,0.00599400599400599,0.00599400599400599,TRUE,TRUE,"reestimated",219.178,"32312"
"S2",5,100,0,988,23257627,33257646,"ok",NA,NA,0.985651851002098,0.0685139837726026,0.753246753246753,0.665334665334665,FALSE,FALSE,"reestimated",216.297,"32312"
"S2",5,100,0,989,23258636,33258655,"ok",NA,NA,1.21931944619025,0.0730300512007242,0.18981018981019,0.534465534465534,FALSE,FALSE,"reestimated",217.017,"32312"
"S2",5,100,0,990,23259645,33259664,"ok",NA,NA,1.06378083431373,0.0699249092897733,0.495504495504495,0.576423576423576,FALSE,FALSE,"reestimated",216.713,"32312"
"S2",5,100,0,991,23260654,33260673,"ok",NA,NA,1.2282045881751,0.11228387523593,0.196803196803197,0.0769230769230769,FALSE,FALSE,"reestimated",217.036,"32312"
"S2",5,100,0,992,23261663,33261682,"ok",NA,NA,0.996973566650192,0.0627252116664173,0.699300699300699,0.771228771228771,FALSE,FALSE,"reestimated",217.376,"32312"
"S2",5,100,0,993,23262672,33262691,"ok",NA,NA,1.01122043391989,0.076751572295424,0.614385614385614,0.415584415584416,FALSE,FALSE,"reestimated",200.464,"32312"
"S2",5,100,0,994,23263681,33263700,"ok",NA,NA,0.99396871740802,0.0713139599704039,0.72027972027972,0.546453546453546,FALSE,FALSE,"reestimated",200.039,"32312"
"S2",5,100,0,995,23264690,33264709,"ok",NA,NA,0.992839296364779,0.0817657301130797,0.715284715284715,0.346653346653347,FALSE,FALSE,"reestimated",200.324,"32312"
"S2",5,100,0,996,23265699,33265718,"ok",NA,NA,1.28919996576119,0.0963258921367125,0.0969030969030969,0.164835164835165,FALSE,FALSE,"reestimated",197.954,"32312"
"S2",5,100,0,997,23266708,33266727,"ok",NA,NA,1.08725311505068,0.0801610113494894,0.510489510489511,0.410589410589411,FALSE,FALSE,"reestimated",198.244000000001,"32312"
"S2",5,100,0,998,23267717,33267736,"ok",NA,NA,1.17017765333551,0.0839920184953756,0.275724275724276,0.30969030969031,FALSE,FALSE,"reestimated",200.578,"32312"
"S2",5,100,0,999,23268726,33268745,"ok",NA,NA,1.12207082861533,0.0827048349131107,0.401598401598402,0.367632367632368,FALSE,FALSE,"reestimated",200.583,"32312"
"S2",5,100,0,1000,23269735,33269754,"ok",NA,NA,1.04496658013913,0.0950308276698626,0.576423576423576,0.153846153846154,FALSE,FALSE,"reestimated",199.801,"32312"
