"scenario","d","n","beta","rep","seed_data","seed_bootstrap","status","error_message","warning_message","ks_observed","cvm_observed","ks_pvalue","cvm_pvalue","ks_reject","cvm_reject","effective_bootstrap_method","elapsed_seconds","slurm_job_id"
"S3",2,100,0,1,23261923,33261942,"ok",NA,NA,1.1421415591447,0.108940295462362,0.493506493506494,0.465534465534466,FALSE,FALSE,"reestimated",196.504,"31846"
"S3",2,100,0,2,23262932,33262951,"ok",NA,NA,1.23400508827661,0.145802258162868,0.298701298701299,0.196803196803197,FALSE,FALSE,"reestimated",195.467,"31846"
"S3",2,100,0,3,23263941,33263960,"ok",NA,NA,1.24637468513887,0.0886783626826022,0.305694305694306,0.572427572427572,FALSE,FALSE,"reestimated",197.853,"31846"
"S3",2,100,0,4,23264950,33264969,"ok",NA,NA,1.28216379674795,0.215863696593021,0.253746253746254,0.0679320679320679,FALSE,FALSE,"reestimated",194.807,"31846"
"S3",2,100,0,5,23265959,33265978,"ok",NA,NA,1.22032759379433,0.111556706696799,0.334665334665335,0.38961038961039,FALSE,FALSE,"reestimated",199.372,"31846"
"S3",2,100,0,6,23266968,33266987,"ok",NA,NA,0.926921651877231,0.0766169134815596,0.861138861138861,0.736263736263736,FALSE,FALSE,"reestimated",198.12,"31846"
"S3",2,100,0,7,23267977,33267996,"ok",NA,NA,1.23282581092857,0.0847045065250909,0.295704295704296,0.603396603396603,FALSE,FALSE,"reestimated",196.218,"31846"
"S3",2,100,0,8,23268986,33269005,"ok",NA,NA,1.03572436689915,0.0775547361787441,0.671328671328671,0.699300699300699,FALSE,FALSE,"reestimated",198.004,"31846"
"S3",2,100,0,9,23269995,33270014,"ok",NA,NA,1.12326705812276,0.0994620229069403,0.510489510489511,0.512487512487512,FALSE,FALSE,"reestimated",196.424,"31846"
"S3",2,100,0,10,23271004,33271023,"ok",NA,NA,1.55356853317095,0.266408607228508,0.0549450549450549,0.020979020979021,FALSE,TRUE,"reestimated",194.158,"31846"
"S3",2,100,0,11,23272013,33272032,"ok",NA,NA,1.49547172263686,0.250988912086499,0.0919080919080919,0.047952047952048,FALSE,TRUE,"reestimated",197.774,"31846"
"S3",2,100,0,12,23273022,33273041,"ok",NA,NA,1.22925682061154,0.114433451936692,0.314685314685315,0.337662337662338,FALSE,FALSE,"reestimated",196.319,"31846"
"S3",2,100,0,13,23274031,33274050,"ok",NA,NA,1.17045049461918,0.142801956095663,0.452547452547453,0.255744255744256,FALSE,FALSE,"reestimated",199.263,"31846"
"S3",2,100,0,14,23275040,33275059,"ok",NA,NA,1.34354903240624,0.119176132214407,0.153846153846154,0.298701298701299,FALSE,FALSE,"reestimated",201.532,"31846"
"S3",2,100,0,15,23276049,33276068,"ok",NA,NA,1.20621406310366,0.104901177833497,0.382617382617383,0.472527472527473,FALSE,FALSE,"reestimated",198.409,"31846"
"S3",2,100,0,16,23277058,33277077,"ok",NA,NA,1.05474333067603,0.0892814368213011,0.617382617382617,0.582417582417582,FALSE,FALSE,"reestimated",195.894,"31846"
"S3",2,100,0,17,23278067,33278086,"ok",NA,NA,1.32474319677034,0.123357505313963,0.164835164835165,0.238761238761239,FALSE,FALSE,"reestimated",203.95,"31846"
"S3",2,100,0,18,23279076,33279095,"ok",NA,NA,1.23903446667097,0.149487314568056,0.286713286713287,0.171828171828172,FALSE,FALSE,"reestimated",197.473,"31846"
"S3",2,100,0,19,23280085,33280104,"ok",NA,NA,1.12752624040628,0.109228789255534,0.474525474525474,0.391608391608392,FALSE,FALSE,"reestimated",199.892,"31846"
"S3",2,100,0,20,23281094,33281113,"ok",NA,NA,1.50546031428741,0.101300199049187,0.0719280719280719,0.453546453546454,FALSE,FALSE,"reestimated",198.728,"31846"
"S3",2,100,0,21,23282103,33282122,"ok",NA,NA,1.22763889965841,0.142740038600648,0.281718281718282,0.163836163836164,FALSE,FALSE,"reestimated",200.15,"31846"
"S3",2,100,0,22,23283112,33283131,"ok",NA,NA,1.01809609124964,0.0618343775101774,0.666333666333666,0.847152847152847,FALSE,FALSE,"reestimated",200.959,"31846"
"S3",2,100,0,23,23284121,33284140,"ok",NA,NA,0.995579138232597,0.0844626549373772,0.762237762237762,0.647352647352647,FALSE,FALSE,"reestimated",202.629,"31846"
"S3",2,100,0,24,23285130,33285149,"ok",NA,NA,1.53279037583219,0.193554380870655,0.0649350649350649,0.0909090909090909,FALSE,FALSE,"reestimated",204.472,"31846"
"S3",2,100,0,25,23286139,33286158,"ok",NA,NA,0.829764918168819,0.0552159786643819,0.954045954045954,0.909090909090909,FALSE,FALSE,"reestimated",199.114,"31846"
"S3",2,100,0,26,23287148,33287167,"ok",NA,NA,1.13326194193885,0.0797637331364392,0.492507492507492,0.685314685314685,FALSE,FALSE,"reestimated",198.801,"31846"
"S3",2,100,0,27,23288157,33288176,"ok",NA,NA,1.39008666138665,0.253422386626506,0.135864135864136,0.026973026973027,FALSE,TRUE,"reestimated",200.644,"31846"
"S3",2,100,0,28,23289166,33289185,"ok",NA,NA,1.21516181593124,0.154386063240972,0.336663336663337,0.15984015984016,FALSE,FALSE,"reestimated",199.245,"31846"
"S3",2,100,0,29,23290175,33290194,"ok",NA,NA,1.40231042968808,0.179005437186282,0.157842157842158,0.138861138861139,FALSE,FALSE,"reestimated",197.668,"31846"
"S3",2,100,0,30,23291184,33291203,"ok",NA,NA,1.41189991699517,0.185508080544671,0.138861138861139,0.114885114885115,FALSE,FALSE,"reestimated",197.519,"31846"
"S3",2,100,0,31,23292193,33292212,"ok",NA,NA,1.15761300621267,0.0941561014919876,0.438561438561439,0.533466533466533,FALSE,FALSE,"reestimated",199.888,"31846"
"S3",2,100,0,32,23293202,33293221,"ok",NA,NA,1.12667822319968,0.064564626631551,0.49050949050949,0.84015984015984,FALSE,FALSE,"reestimated",200.4,"31846"
"S3",2,100,0,33,23294211,33294230,"ok",NA,NA,1.52682839033622,0.191228869277175,0.0599400599400599,0.0649350649350649,FALSE,FALSE,"reestimated",200.697,"31846"
"S3",2,100,0,34,23295220,33295239,"ok",NA,NA,0.920194297254703,0.0821517716622322,0.865134865134865,0.647352647352647,FALSE,FALSE,"reestimated",197.984,"31846"
"S3",2,100,0,35,23296229,33296248,"ok",NA,NA,1.32321596012756,0.169733215939809,0.21978021978022,0.161838161838162,FALSE,FALSE,"reestimated",196.491,"31846"
"S3",2,100,0,36,23297238,33297257,"ok",NA,NA,1.39314669846668,0.147520484097261,0.121878121878122,0.182817182817183,FALSE,FALSE,"reestimated",204.439,"31846"
"S3",2,100,0,37,23298247,33298266,"ok",NA,NA,1.34972344400315,0.181778693104551,0.148851148851149,0.0949050949050949,FALSE,FALSE,"reestimated",200.549,"31846"
"S3",2,100,0,38,23299256,33299275,"ok",NA,NA,1.34884596348601,0.169781181204009,0.152847152847153,0.137862137862138,FALSE,FALSE,"reestimated",201.452,"31846"
"S3",2,100,0,39,23300265,33300284,"ok",NA,NA,1.11799836277445,0.0953731159429731,0.483516483516484,0.497502497502497,FALSE,FALSE,"reestimated",200.725,"31846"
"S3",2,100,0,40,23301274,33301293,"ok",NA,NA,1.00478800743565,0.0678009786474177,0.725274725274725,0.796203796203796,FALSE,FALSE,"reestimated",202.307,"31846"
"S3",2,100,0,41,23302283,33302302,"ok",NA,NA,0.880324912447265,0.0674021665129999,0.914085914085914,0.81018981018981,FALSE,FALSE,"reestimated",199.974,"31846"
"S3",2,100,0,42,23303292,33303311,"ok",NA,NA,0.864267411780055,0.0682065328880304,0.91008991008991,0.785214785214785,FALSE,FALSE,"reestimated",199.189,"31846"
"S3",2,100,0,43,23304301,33304320,"ok",NA,NA,1.11763209119088,0.0851820081820824,0.492507492507492,0.638361638361638,FALSE,FALSE,"reestimated",198.332,"31846"
"S3",2,100,0,44,23305310,33305329,"ok",NA,NA,1.17960594699641,0.111491249388849,0.390609390609391,0.364635364635365,FALSE,FALSE,"reestimated",201.949,"31846"
"S3",2,100,0,45,23306319,33306338,"ok",NA,NA,1.26977199796982,0.0929521427650772,0.271728271728272,0.565434565434565,FALSE,FALSE,"reestimated",198.354,"31846"
"S3",2,100,0,46,23307328,33307347,"ok",NA,NA,1.2727959017729,0.160910971759759,0.267732267732268,0.167832167832168,FALSE,FALSE,"reestimated",197.336,"31846"
"S3",2,100,0,47,23308337,33308356,"ok",NA,NA,0.804375885068861,0.0506916140849836,0.967032967032967,0.957042957042957,FALSE,FALSE,"reestimated",197.937,"31846"
"S3",2,100,0,48,23309346,33309365,"ok",NA,NA,1.32108317801205,0.137226316473416,0.22977022977023,0.263736263736264,FALSE,FALSE,"reestimated",197.933,"31846"
"S3",2,100,0,49,23310355,33310374,"ok",NA,NA,1.26578887444652,0.120249216672224,0.283716283716284,0.333666333666334,FALSE,FALSE,"reestimated",196.023,"31846"
"S3",2,100,0,50,23311364,33311383,"ok",NA,NA,1.78659862318002,0.349233881372397,0.00699300699300699,0.00799200799200799,TRUE,TRUE,"reestimated",195.005,"31846"
"S3",2,100,0,51,23312373,33312392,"ok",NA,NA,1.30575104476774,0.21701146486664,0.224775224775225,0.0619380619380619,FALSE,FALSE,"reestimated",195.424,"31846"
"S3",2,100,0,52,23313382,33313401,"ok",NA,NA,1.07077208978011,0.0745545483859406,0.594405594405594,0.743256743256743,FALSE,FALSE,"reestimated",197.036,"31846"
"S3",2,100,0,53,23314391,33314410,"ok",NA,NA,1.03324661245864,0.0775018600712543,0.682317682317682,0.726273726273726,FALSE,FALSE,"reestimated",197.496,"31846"
"S3",2,100,0,54,23315400,33315419,"ok",NA,NA,1.10615176385352,0.0958362512381886,0.572427572427572,0.554445554445554,FALSE,FALSE,"reestimated",199.787,"31846"
"S3",2,100,0,55,23316409,33316428,"ok",NA,NA,1.17912595399035,0.121783022303005,0.420579420579421,0.342657342657343,FALSE,FALSE,"reestimated",196.379,"31846"
"S3",2,100,0,56,23317418,33317437,"ok",NA,NA,1.04013753127951,0.0703448842494074,0.632367632367632,0.771228771228771,FALSE,FALSE,"reestimated",197.571,"31846"
"S3",2,100,0,57,23318427,33318446,"ok",NA,NA,0.903586297951456,0.0680131094716969,0.907092907092907,0.812187812187812,FALSE,FALSE,"reestimated",198.585,"31846"
"S3",2,100,0,58,23319436,33319455,"ok",NA,NA,1.51392884974826,0.308794084027703,0.0819180819180819,0.021978021978022,FALSE,TRUE,"reestimated",194.844,"31846"
"S3",2,100,0,59,23320445,33320464,"ok",NA,NA,1.38714344647586,0.121936927373088,0.135864135864136,0.311688311688312,FALSE,FALSE,"reestimated",200.872,"31846"
"S3",2,100,0,60,23321454,33321473,"ok",NA,NA,1.16141246217114,0.122472896452531,0.442557442557443,0.30969030969031,FALSE,FALSE,"reestimated",196.72,"31846"
"S3",2,100,0,61,23322463,33322482,"ok",NA,NA,1.16227757514968,0.118897023783304,0.444555444555445,0.338661338661339,FALSE,FALSE,"reestimated",196.768,"31846"
"S3",2,100,0,62,23323472,33323491,"ok",NA,NA,1.16364452591363,0.0859913988519915,0.3996003996004,0.595404595404595,FALSE,FALSE,"reestimated",197.863,"31846"
"S3",2,100,0,63,23324481,33324500,"ok",NA,NA,1.02403341999225,0.0937470468454099,0.7002997002997,0.561438561438561,FALSE,FALSE,"reestimated",197.873,"31846"
"S3",2,100,0,64,23325490,33325509,"ok",NA,NA,0.859975798444561,0.0718917822287883,0.924075924075924,0.762237762237762,FALSE,FALSE,"reestimated",196.607,"31846"
"S3",2,100,0,65,23326499,33326518,"ok",NA,NA,1.60223410686128,0.185571056182243,0.040959040959041,0.12987012987013,TRUE,FALSE,"reestimated",198.455,"31846"
"S3",2,100,0,66,23327508,33327527,"ok",NA,NA,0.934273589737943,0.0704625846194727,0.857142857142857,0.796203796203796,FALSE,FALSE,"reestimated",200.06,"31846"
"S3",2,100,0,67,23328517,33328536,"ok",NA,NA,1.07062038455136,0.118041254790078,0.655344655344655,0.3996003996004,FALSE,FALSE,"reestimated",200.796,"31846"
"S3",2,100,0,68,23329526,33329545,"ok",NA,NA,1.234935853789,0.155235594978324,0.330669330669331,0.186813186813187,FALSE,FALSE,"reestimated",201.143,"31846"
"S3",2,100,0,69,23330535,33330554,"ok",NA,NA,1.47672663946578,0.244156319955707,0.104895104895105,0.044955044955045,FALSE,TRUE,"reestimated",198.161,"31846"
"S3",2,100,0,70,23331544,33331563,"ok",NA,NA,1.25355647071841,0.133876264663985,0.354645354645355,0.325674325674326,FALSE,FALSE,"reestimated",199.484,"31846"
"S3",2,100,0,71,23332553,33332572,"ok",NA,NA,1.36718144777428,0.208156597194005,0.171828171828172,0.0669330669330669,FALSE,FALSE,"reestimated",202.783,"31846"
"S3",2,100,0,72,23333562,33333581,"ok",NA,NA,1.31870756622221,0.147007030822535,0.204795204795205,0.1998001998002,FALSE,FALSE,"reestimated",199.143,"31846"
"S3",2,100,0,73,23334571,33334590,"ok",NA,NA,1.4170589158603,0.128119818297969,0.128871128871129,0.317682317682318,FALSE,FALSE,"reestimated",200.182,"31846"
"S3",2,100,0,74,23335580,33335599,"ok",NA,NA,1.19118805011649,0.154807311404617,0.350649350649351,0.134865134865135,FALSE,FALSE,"reestimated",199.489,"31846"
"S3",2,100,0,75,23336589,33336608,"ok",NA,NA,1.1054321683138,0.0739954527296815,0.480519480519481,0.708291708291708,FALSE,FALSE,"reestimated",200.34,"31846"
"S3",2,100,0,76,23337598,33337617,"ok",NA,NA,1.0687321869891,0.0681628491365989,0.609390609390609,0.775224775224775,FALSE,FALSE,"reestimated",198.84,"31846"
"S3",2,100,0,77,23338607,33338626,"ok",NA,NA,1.10366576960281,0.118755087685698,0.533466533466533,0.30969030969031,FALSE,FALSE,"reestimated",198.451,"31846"
"S3",2,100,0,78,23339616,33339635,"ok",NA,NA,1.25052478095758,0.0736112724875519,0.275724275724276,0.748251748251748,FALSE,FALSE,"reestimated",202.419,"31846"
"S3",2,100,0,79,23340625,33340644,"ok",NA,NA,1.16921988604718,0.122837442643427,0.43956043956044,0.327672327672328,FALSE,FALSE,"reestimated",201.18,"31846"
"S3",2,100,0,80,23341634,33341653,"ok",NA,NA,1.0871638398869,0.114586458825134,0.586413586413586,0.402597402597403,FALSE,FALSE,"reestimated",199.415,"31846"
"S3",2,100,0,81,23342643,33342662,"ok",NA,NA,1.0769971153259,0.104646930513175,0.61038961038961,0.47952047952048,FALSE,FALSE,"reestimated",200.665,"31846"
"S3",2,100,0,82,23343652,33343671,"ok",NA,NA,1.37080909098575,0.136100214094469,0.17982017982018,0.273726273726274,FALSE,FALSE,"reestimated",202.287,"31846"
"S3",2,100,0,83,23344661,33344680,"ok",NA,NA,0.999983860696109,0.0863408709672806,0.715284715284715,0.582417582417582,FALSE,FALSE,"reestimated",200.177,"31846"
"S3",2,100,0,84,23345670,33345689,"ok",NA,NA,1.11170138133276,0.074613556525126,0.502497502497502,0.724275724275724,FALSE,FALSE,"reestimated",200.604,"31846"
"S3",2,100,0,85,23346679,33346698,"ok",NA,NA,0.971768070572401,0.0656214940915828,0.772227772227772,0.85014985014985,FALSE,FALSE,"reestimated",199.427,"31846"
"S3",2,100,0,86,23347688,33347707,"ok",NA,NA,1.19571442863428,0.114671046596469,0.342657342657343,0.341658341658342,FALSE,FALSE,"reestimated",201.419,"31846"
"S3",2,100,0,87,23348697,33348716,"ok",NA,NA,1.65354462546204,0.246583863432963,0.033966033966034,0.036963036963037,TRUE,TRUE,"reestimated",198.07,"31846"
"S3",2,100,0,88,23349706,33349725,"ok",NA,NA,1.43319218815,0.127655044478352,0.115884115884116,0.296703296703297,FALSE,FALSE,"reestimated",199.103,"31846"
"S3",2,100,0,89,23350715,33350734,"ok",NA,NA,1.08147104928269,0.116054850497468,0.592407592407592,0.375624375624376,FALSE,FALSE,"reestimated",197.824,"31846"
"S3",2,100,0,90,23351724,33351743,"ok",NA,NA,1.28453994840511,0.128436673093466,0.233766233766234,0.306693306693307,FALSE,FALSE,"reestimated",198.135,"31846"
"S3",2,100,0,91,23352733,33352752,"ok",NA,NA,1.13636724025833,0.095192758522333,0.492507492507492,0.545454545454545,FALSE,FALSE,"reestimated",198.638,"31846"
"S3",2,100,0,92,23353742,33353761,"ok",NA,NA,0.922787784362495,0.0652656650165842,0.864135864135864,0.851148851148851,FALSE,FALSE,"reestimated",200.5,"31846"
"S3",2,100,0,93,23354751,33354770,"ok",NA,NA,1.48629753977108,0.28906817243256,0.0909090909090909,0.022977022977023,FALSE,TRUE,"reestimated",200.551,"31846"
"S3",2,100,0,94,23355760,33355779,"ok",NA,NA,1.3251961244875,0.0894252566291466,0.187812187812188,0.545454545454545,FALSE,FALSE,"reestimated",200.39,"31846"
"S3",2,100,0,95,23356769,33356788,"ok",NA,NA,0.943430022435817,0.0697535639095786,0.817182817182817,0.778221778221778,FALSE,FALSE,"reestimated",200.185,"31846"
"S3",2,100,0,96,23357778,33357797,"ok",NA,NA,1.45766698217075,0.255897950577918,0.0919080919080919,0.022977022977023,FALSE,TRUE,"reestimated",197.056,"31846"
"S3",2,100,0,97,23358787,33358806,"ok",NA,NA,1.28634794749053,0.135456301684215,0.227772227772228,0.23976023976024,FALSE,FALSE,"reestimated",201.381,"31846"
"S3",2,100,0,98,23359796,33359815,"ok",NA,NA,1.05849530875696,0.109297372965365,0.571428571428571,0.35964035964036,FALSE,FALSE,"reestimated",199.999,"31846"
"S3",2,100,0,99,23360805,33360824,"ok",NA,NA,1.3357858208895,0.100982742716193,0.166833166833167,0.447552447552448,FALSE,FALSE,"reestimated",202.066,"31846"
"S3",2,100,0,100,23361814,33361833,"ok",NA,NA,1.10353088710944,0.0946791448072878,0.533466533466533,0.522477522477522,FALSE,FALSE,"reestimated",198.18,"31846"
"S3",2,100,0,101,23362823,33362842,"ok",NA,NA,1.05703958576191,0.103402727556869,0.633366633366633,0.432567432567433,FALSE,FALSE,"reestimated",202.024,"31846"
"S3",2,100,0,102,23363832,33363851,"ok",NA,NA,1.20365579068315,0.0838722562638449,0.331668331668332,0.6003996003996,FALSE,FALSE,"reestimated",198.789,"31846"
"S3",2,100,0,103,23364841,33364860,"ok",NA,NA,1.23000121886854,0.107482061915774,0.284715284715285,0.363636363636364,FALSE,FALSE,"reestimated",198.22,"31846"
"S3",2,100,0,104,23365850,33365869,"ok",NA,NA,1.1765275315233,0.134534714018061,0.373626373626374,0.241758241758242,FALSE,FALSE,"reestimated",198.893,"31846"
"S3",2,100,0,105,23366859,33366878,"ok",NA,NA,0.937888140824107,0.065350716126635,0.83016983016983,0.831168831168831,FALSE,FALSE,"reestimated",203.61,"31846"
"S3",2,100,0,106,23367868,33367887,"ok",NA,NA,1.02659808184861,0.0869038875984213,0.7002997002997,0.622377622377622,FALSE,FALSE,"reestimated",201.184,"31846"
"S3",2,100,0,107,23368877,33368896,"ok",NA,NA,1.11305292206079,0.0840944120314649,0.474525474525474,0.571428571428571,FALSE,FALSE,"reestimated",198.67,"31846"
"S3",2,100,0,108,23369886,33369905,"ok",NA,NA,1.42521699939582,0.145440954913025,0.0879120879120879,0.147852147852148,FALSE,FALSE,"reestimated",202.053,"31846"
"S3",2,100,0,109,23370895,33370914,"ok",NA,NA,1.00547922074256,0.0724519314414901,0.715284715284715,0.754245754245754,FALSE,FALSE,"reestimated",199.229,"31846"
"S3",2,100,0,110,23371904,33371923,"ok",NA,NA,1.30634543624828,0.128960843236007,0.174825174825175,0.234765234765235,FALSE,FALSE,"reestimated",198.547,"31846"
"S3",2,100,0,111,23372913,33372932,"ok",NA,NA,1.49104506405869,0.115330903696391,0.0789210789210789,0.353646353646354,FALSE,FALSE,"reestimated",198.736,"31846"
"S3",2,100,0,112,23373922,33373941,"ok",NA,NA,1.62132084506581,0.173901698351648,0.024975024975025,0.0569430569430569,TRUE,FALSE,"reestimated",202.928,"31846"
"S3",2,100,0,113,23374931,33374950,"ok",NA,NA,1.07595874343043,0.075732316157361,0.563436563436563,0.699300699300699,FALSE,FALSE,"reestimated",200.717,"31846"
"S3",2,100,0,114,23375940,33375959,"ok",NA,NA,1.03923847912206,0.103826787001426,0.646353646353646,0.430569430569431,FALSE,FALSE,"reestimated",196.063,"31846"
"S3",2,100,0,115,23376949,33376968,"ok",NA,NA,1.23114769024172,0.133117410945398,0.341658341658342,0.252747252747253,FALSE,FALSE,"reestimated",199.306,"31846"
"S3",2,100,0,116,23377958,33377977,"ok",NA,NA,1.29779525446591,0.174243140193084,0.25974025974026,0.116883116883117,FALSE,FALSE,"reestimated",195.9,"31846"
"S3",2,100,0,117,23378967,33378986,"ok",NA,NA,1.19510513778987,0.110572228077427,0.382617382617383,0.380619380619381,FALSE,FALSE,"reestimated",196.104,"31846"
"S3",2,100,0,118,23379976,33379995,"ok",NA,NA,0.846217084251671,0.0668823365288534,0.94005994005994,0.819180819180819,FALSE,FALSE,"reestimated",198.837,"31846"
"S3",2,100,0,119,23380985,33381004,"ok",NA,NA,1.43851969632588,0.236216270385533,0.10989010989011,0.045954045954046,FALSE,TRUE,"reestimated",194.542,"31846"
"S3",2,100,0,120,23381994,33382013,"ok",NA,NA,1.46613162744141,0.152728912341999,0.111888111888112,0.21978021978022,FALSE,FALSE,"reestimated",201.036,"31846"
"S3",2,100,0,121,23383003,33383022,"ok",NA,NA,1.06529224372404,0.0699189203687826,0.552447552447552,0.748251748251748,FALSE,FALSE,"reestimated",199.237,"31846"
"S3",2,100,0,122,23384012,33384031,"ok",NA,NA,1.07200072170045,0.0836617766442811,0.582417582417582,0.633366633366633,FALSE,FALSE,"reestimated",196.792,"31846"
"S3",2,100,0,123,23385021,33385040,"ok",NA,NA,1.29928656039415,0.144876374950636,0.212787212787213,0.184815184815185,FALSE,FALSE,"reestimated",199.254,"31846"
"S3",2,100,0,124,23386030,33386049,"ok",NA,NA,1.24296215716931,0.140685098575948,0.311688311688312,0.232767232767233,FALSE,FALSE,"reestimated",196.835,"31846"
"S3",2,100,0,125,23387039,33387058,"ok",NA,NA,1.37541870076328,0.166378960358037,0.138861138861139,0.0969030969030969,FALSE,FALSE,"reestimated",200.541,"31846"
"S3",2,100,0,126,23388048,33388067,"ok",NA,NA,0.909381569505021,0.0677312464412247,0.874125874125874,0.793206793206793,FALSE,FALSE,"reestimated",197.988,"31846"
"S3",2,100,0,127,23389057,33389076,"ok",NA,NA,1.203788691681,0.111730108398804,0.338661338661339,0.364635364635365,FALSE,FALSE,"reestimated",196.512,"31846"
"S3",2,100,0,128,23390066,33390085,"ok",NA,NA,1.45722788201216,0.156599469670249,0.104895104895105,0.161838161838162,FALSE,FALSE,"reestimated",197.178,"31846"
"S3",2,100,0,129,23391075,33391094,"ok",NA,NA,1.24666520979834,0.154775719724577,0.296703296703297,0.172827172827173,FALSE,FALSE,"reestimated",201.449,"31846"
"S3",2,100,0,130,23392084,33392103,"ok",NA,NA,1.30731261873245,0.162825812980585,0.221778221778222,0.142857142857143,FALSE,FALSE,"reestimated",201.305,"31846"
"S3",2,100,0,131,23393093,33393112,"ok",NA,NA,1.19734918881702,0.0839735670610775,0.351648351648352,0.579420579420579,FALSE,FALSE,"reestimated",200.022,"31846"
"S3",2,100,0,132,23394102,33394121,"ok",NA,NA,1.22698420585199,0.122848777240132,0.317682317682318,0.255744255744256,FALSE,FALSE,"reestimated",198.367,"31846"
"S3",2,100,0,133,23395111,33395130,"ok",NA,NA,1.06264699317166,0.102308619799562,0.615384615384615,0.415584415584416,FALSE,FALSE,"reestimated",198.257,"31846"
"S3",2,100,0,134,23396120,33396139,"ok",NA,NA,1.27633340389377,0.144917429160546,0.212787212787213,0.155844155844156,FALSE,FALSE,"reestimated",201.159,"31846"
"S3",2,100,0,135,23397129,33397148,"ok",NA,NA,1.1581685585059,0.142876219305464,0.472527472527473,0.246753246753247,FALSE,FALSE,"reestimated",200.715,"31846"
"S3",2,100,0,136,23398138,33398157,"ok",NA,NA,1.257119124969,0.0800477947395614,0.271728271728272,0.635364635364635,FALSE,FALSE,"reestimated",202.466,"31846"
"S3",2,100,0,137,23399147,33399166,"ok",NA,NA,1.38812591062124,0.110109316387058,0.117882117882118,0.337662337662338,FALSE,FALSE,"reestimated",200.542,"31846"
"S3",2,100,0,138,23400156,33400175,"ok",NA,NA,1.10240920048145,0.131544330687125,0.524475524475524,0.251748251748252,FALSE,FALSE,"reestimated",201.712,"31846"
"S3",2,100,0,139,23401165,33401184,"ok",NA,NA,0.871162181724876,0.0582933729332712,0.913086913086913,0.894105894105894,FALSE,FALSE,"reestimated",197.789,"31846"
"S3",2,100,0,140,23402174,33402193,"ok",NA,NA,1.08963141422782,0.0868809432020874,0.561438561438561,0.604395604395604,FALSE,FALSE,"reestimated",203.452,"31846"
"S3",2,100,0,141,23403183,33403202,"ok",NA,NA,1.01893575236436,0.0725034077025522,0.633366633366633,0.703296703296703,FALSE,FALSE,"reestimated",199.532,"31846"
"S3",2,100,0,142,23404192,33404211,"ok",NA,NA,1.33631393186977,0.13651808960994,0.167832167832168,0.196803196803197,FALSE,FALSE,"reestimated",199.403,"31846"
"S3",2,100,0,143,23405201,33405220,"ok",NA,NA,1.07486310758427,0.0692536838962562,0.577422577422577,0.771228771228771,FALSE,FALSE,"reestimated",200.301,"31846"
"S3",2,100,0,144,23406210,33406229,"ok",NA,NA,0.905435586186526,0.0860161151311278,0.897102897102897,0.67032967032967,FALSE,FALSE,"reestimated",200.262,"31846"
"S3",2,100,0,145,23407219,33407238,"ok",NA,NA,1.60681607625661,0.293198058548431,0.044955044955045,0.021978021978022,TRUE,TRUE,"reestimated",197.506,"31846"
"S3",2,100,0,146,23408228,33408247,"ok",NA,NA,1.33240964412445,0.181755617583867,0.1998001998002,0.118881118881119,FALSE,FALSE,"reestimated",199.261,"31846"
"S3",2,100,0,147,23409237,33409256,"ok",NA,NA,1.58065445492367,0.30120377414493,0.048951048951049,0.017982017982018,TRUE,TRUE,"reestimated",196.485,"31846"
"S3",2,100,0,148,23410246,33410265,"ok",NA,NA,1.43054203016791,0.209062970201815,0.131868131868132,0.0689310689310689,FALSE,FALSE,"reestimated",198.729,"31846"
"S3",2,100,0,149,23411255,33411274,"ok",NA,NA,1.19183344538445,0.0908358540365967,0.367632367632368,0.544455544455544,FALSE,FALSE,"reestimated",200.401,"31846"
"S3",2,100,0,150,23412264,33412283,"ok",NA,NA,1.56909957411886,0.188404788744801,0.0629370629370629,0.12987012987013,FALSE,FALSE,"reestimated",198.283,"31846"
"S3",2,100,0,151,23413273,33413292,"ok",NA,NA,1.12798013039964,0.085154378834271,0.53946053946054,0.702297702297702,FALSE,FALSE,"reestimated",200.081,"31846"
"S3",2,100,0,152,23414282,33414301,"ok",NA,NA,1.21071487836433,0.104992721559954,0.316683316683317,0.401598401598402,FALSE,FALSE,"reestimated",198.722,"31846"
"S3",2,100,0,153,23415291,33415310,"ok",NA,NA,1.14412649443842,0.131214737261394,0.466533466533467,0.267732267732268,FALSE,FALSE,"reestimated",199.254,"31846"
"S3",2,100,0,154,23416300,33416319,"ok",NA,NA,1.28749920754291,0.154135543999857,0.251748251748252,0.165834165834166,FALSE,FALSE,"reestimated",200.821,"31846"
"S3",2,100,0,155,23417309,33417328,"ok",NA,NA,1.19494172573054,0.115327157539695,0.345654345654346,0.348651348651349,FALSE,FALSE,"reestimated",198.793,"31846"
"S3",2,100,0,156,23418318,33418337,"ok",NA,NA,1.08559205994876,0.0746509778968691,0.592407592407592,0.761238761238761,FALSE,FALSE,"reestimated",200.607,"31846"
"S3",2,100,0,157,23419327,33419346,"ok",NA,NA,1.35230428812722,0.188098839005312,0.194805194805195,0.130869130869131,FALSE,FALSE,"reestimated",197.354,"31846"
"S3",2,100,0,158,23420336,33420355,"ok",NA,NA,1.22095656046598,0.104791912896561,0.358641358641359,0.487512487512487,FALSE,FALSE,"reestimated",200.098,"31846"
"S3",2,100,0,159,23421345,33421364,"ok",NA,NA,1.45915791957033,0.190530585440925,0.120879120879121,0.107892107892108,FALSE,FALSE,"reestimated",197.958,"31846"
"S3",2,100,0,160,23422354,33422373,"ok",NA,NA,1.28580347871031,0.113051883127727,0.243756243756244,0.351648351648352,FALSE,FALSE,"reestimated",200.22,"31846"
"S3",2,100,0,161,23423363,33423382,"ok",NA,NA,1.06985618076711,0.0803897115533935,0.578421578421578,0.661338661338661,FALSE,FALSE,"reestimated",199.944,"31846"
"S3",2,100,0,162,23424372,33424391,"ok",NA,NA,1.48868276493873,0.145387536712783,0.0669330669330669,0.182817182817183,FALSE,FALSE,"reestimated",198.271,"31846"
"S3",2,100,0,163,23425381,33425400,"ok",NA,NA,1.47831412635822,0.203537194169849,0.0949050949050949,0.0909090909090909,FALSE,FALSE,"reestimated",202.519,"31846"
"S3",2,100,0,164,23426390,33426409,"ok",NA,NA,1.49942128603003,0.227430432986386,0.0809190809190809,0.0669330669330669,FALSE,FALSE,"reestimated",200.79,"31846"
"S3",2,100,0,165,23427399,33427418,"ok",NA,NA,1.21993050417885,0.0991686311994835,0.271728271728272,0.405594405594406,FALSE,FALSE,"reestimated",201.283,"31846"
"S3",2,100,0,166,23428408,33428427,"ok",NA,NA,1.01188856628792,0.0890787491321825,0.692307692307692,0.566433566433566,FALSE,FALSE,"reestimated",201.298,"31846"
"S3",2,100,0,167,23429417,33429436,"ok",NA,NA,1.14116684744482,0.0893245176838465,0.491508491508492,0.611388611388611,FALSE,FALSE,"reestimated",200.019,"31846"
"S3",2,100,0,168,23430426,33430445,"ok",NA,NA,1.88935774063257,0.336284892070299,0.002997002997003,0.004995004995005,TRUE,TRUE,"reestimated",204.521,"31846"
"S3",2,100,0,169,23431435,33431454,"ok",NA,NA,1.03022835878054,0.0983026776525477,0.681318681318681,0.538461538461538,FALSE,FALSE,"reestimated",199.545,"31846"
"S3",2,100,0,170,23432444,33432463,"ok",NA,NA,1.11131390669835,0.0762751745280429,0.505494505494505,0.715284715284715,FALSE,FALSE,"reestimated",200.925,"31846"
"S3",2,100,0,171,23433453,33433472,"ok",NA,NA,1.30294291200742,0.155609730237628,0.192807192807193,0.128871128871129,FALSE,FALSE,"reestimated",201.442,"31846"
"S3",2,100,0,172,23434462,33434481,"ok",NA,NA,1.07044645161612,0.101671275027986,0.608391608391608,0.448551448551449,FALSE,FALSE,"reestimated",198.599,"31846"
"S3",2,100,0,173,23435471,33435490,"ok",NA,NA,0.945892889641129,0.0771159014231396,0.823176823176823,0.708291708291708,FALSE,FALSE,"reestimated",202.792,"31846"
"S3",2,100,0,174,23436480,33436499,"ok",NA,NA,1.27017277845202,0.107999765643682,0.253746253746254,0.434565434565435,FALSE,FALSE,"reestimated",200.158,"31846"
"S3",2,100,0,175,23437489,33437508,"ok",NA,NA,1.26333339631168,0.130758575486475,0.305694305694306,0.294705294705295,FALSE,FALSE,"reestimated",200.067,"31846"
"S3",2,100,0,176,23438498,33438517,"ok",NA,NA,1.29680862813195,0.115509611448574,0.194805194805195,0.307692307692308,FALSE,FALSE,"reestimated",201.572,"31846"
"S3",2,100,0,177,23439507,33439526,"ok",NA,NA,1.0382154053974,0.0794923491438652,0.659340659340659,0.685314685314685,FALSE,FALSE,"reestimated",200.971,"31846"
"S3",2,100,0,178,23440516,33440535,"ok",NA,NA,1.16807052913074,0.0776410086595335,0.417582417582418,0.696303696303696,FALSE,FALSE,"reestimated",199.79,"31846"
"S3",2,100,0,179,23441525,33441544,"ok",NA,NA,1.28115617552448,0.112636579148486,0.273726273726274,0.396603396603397,FALSE,FALSE,"reestimated",198.778,"31846"
"S3",2,100,0,180,23442534,33442553,"ok",NA,NA,1.19151209157837,0.103101683812187,0.368631368631369,0.411588411588412,FALSE,FALSE,"reestimated",197.376,"31846"
"S3",2,100,0,181,23443543,33443562,"ok",NA,NA,1.26947616394076,0.117239208021672,0.243756243756244,0.28971028971029,FALSE,FALSE,"reestimated",198.85,"31846"
"S3",2,100,0,182,23444552,33444571,"ok",NA,NA,1.23293219555227,0.197770153410763,0.327672327672328,0.0689310689310689,FALSE,FALSE,"reestimated",196.134,"31846"
"S3",2,100,0,183,23445561,33445580,"ok",NA,NA,1.41506702882426,0.312491190642807,0.132867132867133,0.028971028971029,FALSE,TRUE,"reestimated",194.831,"31846"
"S3",2,100,0,184,23446570,33446589,"ok",NA,NA,1.08815227845888,0.123275000440595,0.547452547452547,0.282717282717283,FALSE,FALSE,"reestimated",198.882,"31846"
"S3",2,100,0,185,23447579,33447598,"ok",NA,NA,1.49632793002428,0.213450616281843,0.0809190809190809,0.0769230769230769,FALSE,FALSE,"reestimated",198.629,"31846"
"S3",2,100,0,186,23448588,33448607,"ok",NA,NA,1.1045720001757,0.0790504366317178,0.531468531468531,0.704295704295704,FALSE,FALSE,"reestimated",197.763,"31846"
"S3",2,100,0,187,23449597,33449616,"ok",NA,NA,0.967252499414412,0.0776147074382704,0.797202797202797,0.727272727272727,FALSE,FALSE,"reestimated",196.956,"31846"
"S3",2,100,0,188,23450606,33450625,"ok",NA,NA,1.02329678624116,0.0919078659267629,0.651348651348651,0.483516483516484,FALSE,FALSE,"reestimated",198.872,"31846"
"S3",2,100,0,189,23451615,33451634,"ok",NA,NA,1.74870411510258,0.427304367498101,0.01998001998002,0.00699300699300699,TRUE,TRUE,"reestimated",195.091,"31846"
"S3",2,100,0,190,23452624,33452643,"ok",NA,NA,1.48446991834145,0.262069425742722,0.0869130869130869,0.02997002997003,FALSE,TRUE,"reestimated",198.795,"31846"
"S3",2,100,0,191,23453633,33453652,"ok",NA,NA,1.3672066722169,0.182248604911813,0.142857142857143,0.0979020979020979,FALSE,FALSE,"reestimated",195.77,"31846"
"S3",2,100,0,192,23454642,33454661,"ok",NA,NA,1.34498366091893,0.209067916163249,0.187812187812188,0.0629370629370629,FALSE,FALSE,"reestimated",196.49,"31846"
"S3",2,100,0,193,23455651,33455670,"ok",NA,NA,1.04425245701223,0.049468773613341,0.637362637362637,0.97002997002997,FALSE,FALSE,"reestimated",200.514,"31846"
"S3",2,100,0,194,23456660,33456679,"ok",NA,NA,1.1475487178676,0.153100410441859,0.482517482517482,0.212787212787213,FALSE,FALSE,"reestimated",199.089,"31846"
"S3",2,100,0,195,23457669,33457688,"ok",NA,NA,1.19102800206435,0.105826269931231,0.432567432567433,0.467532467532468,FALSE,FALSE,"reestimated",199.896,"31846"
"S3",2,100,0,196,23458678,33458697,"ok",NA,NA,0.977061352115466,0.0629758510130226,0.736263736263736,0.844155844155844,FALSE,FALSE,"reestimated",200.315,"31846"
"S3",2,100,0,197,23459687,33459706,"ok",NA,NA,1.27642239573773,0.120297968306654,0.252747252747253,0.295704295704296,FALSE,FALSE,"reestimated",201.6,"31846"
"S3",2,100,0,198,23460696,33460715,"ok",NA,NA,1.06433946331922,0.0919859120539747,0.62037962037962,0.56043956043956,FALSE,FALSE,"reestimated",200.609,"31846"
"S3",2,100,0,199,23461705,33461724,"ok",NA,NA,1.44973026896342,0.228276220008253,0.114885114885115,0.0529470529470529,FALSE,FALSE,"reestimated",198.419,"31846"
"S3",2,100,0,200,23462714,33462733,"ok",NA,NA,1.12116204525973,0.124177741511117,0.536463536463537,0.334665334665335,FALSE,FALSE,"reestimated",203.987,"31846"
"S3",2,100,0,201,23463723,33463742,"ok",NA,NA,1.32676353895754,0.212260216484475,0.207792207792208,0.0579420579420579,FALSE,FALSE,"reestimated",202.56,"31846"
"S3",2,100,0,202,23464732,33464751,"ok",NA,NA,0.93291695346897,0.0591114896194258,0.851148851148851,0.898101898101898,FALSE,FALSE,"reestimated",201.481,"31846"
"S3",2,100,0,203,23465741,33465760,"ok",NA,NA,0.993618444331338,0.0845815586719781,0.703296703296703,0.59040959040959,FALSE,FALSE,"reestimated",200.442,"31846"
"S3",2,100,0,204,23466750,33466769,"ok",NA,NA,0.955806779136263,0.0820623127472888,0.77022977022977,0.64035964035964,FALSE,FALSE,"reestimated",201.4,"31846"
"S3",2,100,0,205,23467759,33467778,"ok",NA,NA,0.927824261657437,0.0657112329156182,0.824175824175824,0.798201798201798,FALSE,FALSE,"reestimated",199.182,"31846"
"S3",2,100,0,206,23468768,33468787,"ok",NA,NA,1.04796869053615,0.102349361878904,0.612387612387612,0.44955044955045,FALSE,FALSE,"reestimated",198.847,"31846"
"S3",2,100,0,207,23469777,33469796,"ok",NA,NA,1.21922565218888,0.0997866964668314,0.358641358641359,0.500499500499501,FALSE,FALSE,"reestimated",198.912,"31846"
"S3",2,100,0,208,23470786,33470805,"ok",NA,NA,0.934793703475505,0.0750342802357786,0.792207792207792,0.673326673326673,FALSE,FALSE,"reestimated",201.721,"31846"
"S3",2,100,0,209,23471795,33471814,"ok",NA,NA,1.13694515611293,0.079796153017306,0.42957042957043,0.653346653346653,FALSE,FALSE,"reestimated",199.469,"31846"
"S3",2,100,0,210,23472804,33472823,"ok",NA,NA,1.19109986031531,0.126588085909415,0.3996003996004,0.286713286713287,FALSE,FALSE,"reestimated",202.827,"31846"
"S3",2,100,0,211,23473813,33473832,"ok",NA,NA,1.20512789953014,0.090609425725703,0.350649350649351,0.576423576423576,FALSE,FALSE,"reestimated",200.704,"31846"
"S3",2,100,0,212,23474822,33474841,"ok",NA,NA,0.959842995981824,0.0891247785319457,0.782217782217782,0.553446553446553,FALSE,FALSE,"reestimated",200.01,"31846"
"S3",2,100,0,213,23475831,33475850,"ok",NA,NA,1.15310914551517,0.10742982932533,0.430569430569431,0.412587412587413,FALSE,FALSE,"reestimated",200.807,"31846"
"S3",2,100,0,214,23476840,33476859,"ok",NA,NA,1.15801984471234,0.100833388157662,0.435564435564436,0.470529470529471,FALSE,FALSE,"reestimated",199.167,"31846"
"S3",2,100,0,215,23477849,33477868,"ok",NA,NA,1.00324924220451,0.124865668478952,0.694305694305694,0.253746253746254,FALSE,FALSE,"reestimated",199.943,"31846"
"S3",2,100,0,216,23478858,33478877,"ok",NA,NA,1.07977987826654,0.0896825765804751,0.58041958041958,0.566433566433566,FALSE,FALSE,"reestimated",201.306,"31846"
"S3",2,100,0,217,23479867,33479886,"ok",NA,NA,1.27831801881757,0.13104581497777,0.257742257742258,0.256743256743257,FALSE,FALSE,"reestimated",199.071,"31846"
"S3",2,100,0,218,23480876,33480895,"ok",NA,NA,1.79347997962857,0.456524392994336,0.013986013986014,0.002997002997003,TRUE,TRUE,"reestimated",200.227,"31846"
"S3",2,100,0,219,23481885,33481904,"ok",NA,NA,0.893651969760517,0.0753695423487213,0.893106893106893,0.721278721278721,FALSE,FALSE,"reestimated",199.823,"31846"
"S3",2,100,0,220,23482894,33482913,"ok",NA,NA,1.06165588587009,0.070247341671418,0.578421578421578,0.772227772227772,FALSE,FALSE,"reestimated",199.969,"31846"
"S3",2,100,0,221,23483903,33483922,"ok",NA,NA,1.61100689491522,0.257465837639682,0.04995004995005,0.043956043956044,TRUE,TRUE,"reestimated",198.241,"31846"
"S3",2,100,0,222,23484912,33484931,"ok",NA,NA,1.26277692666314,0.12698307449744,0.280719280719281,0.266733266733267,FALSE,FALSE,"reestimated",198.54,"31846"
"S3",2,100,0,223,23485921,33485940,"ok",NA,NA,0.896575994528706,0.0703216977699141,0.896103896103896,0.781218781218781,FALSE,FALSE,"reestimated",201.448,"31846"
"S3",2,100,0,224,23486930,33486949,"ok",NA,NA,1.31999665867835,0.119729998976051,0.222777222777223,0.375624375624376,FALSE,FALSE,"reestimated",201.211,"31846"
"S3",2,100,0,225,23487939,33487958,"ok",NA,NA,1.24886915039516,0.19154664454977,0.298701298701299,0.0959040959040959,FALSE,FALSE,"reestimated",197.151,"31846"
"S3",2,100,0,226,23488948,33488967,"ok",NA,NA,1.08683457182017,0.0945777470188926,0.527472527472527,0.45954045954046,FALSE,FALSE,"reestimated",199.497,"31846"
"S3",2,100,0,227,23489957,33489976,"ok",NA,NA,1.60122877698813,0.280226004810223,0.038961038961039,0.024975024975025,TRUE,TRUE,"reestimated",198.086,"31846"
"S3",2,100,0,228,23490966,33490985,"ok",NA,NA,1.02092177516129,0.0825614888112644,0.708291708291708,0.666333666333666,FALSE,FALSE,"reestimated",202.287,"31846"
"S3",2,100,0,229,23491975,33491994,"ok",NA,NA,1.31696105515329,0.156442685932202,0.185814185814186,0.17982017982018,FALSE,FALSE,"reestimated",197.772,"31846"
"S3",2,100,0,230,23492984,33493003,"ok",NA,NA,0.993643158498779,0.0814105166053012,0.765234765234765,0.687312687312687,FALSE,FALSE,"reestimated",199.968,"31846"
"S3",2,100,0,231,23493993,33494012,"ok",NA,NA,1.0469941204867,0.07876223818771,0.648351648351648,0.696303696303696,FALSE,FALSE,"reestimated",198.68,"31846"
"S3",2,100,0,232,23495002,33495021,"ok",NA,NA,1.03959312838702,0.0766429671018075,0.644355644355644,0.689310689310689,FALSE,FALSE,"reestimated",199.305,"31846"
"S3",2,100,0,233,23496011,33496030,"ok",NA,NA,1.00503276556804,0.0701319981898822,0.712287712287712,0.773226773226773,FALSE,FALSE,"reestimated",202.694,"31846"
"S3",2,100,0,234,23497020,33497039,"ok",NA,NA,1.1403303056066,0.144500666764383,0.501498501498502,0.233766233766234,FALSE,FALSE,"reestimated",202.207,"31846"
"S3",2,100,0,235,23498029,33498048,"ok",NA,NA,1.03900572083544,0.0917765836284257,0.66033966033966,0.588411588411588,FALSE,FALSE,"reestimated",199.08,"31846"
"S3",2,100,0,236,23499038,33499057,"ok",NA,NA,0.912322877319032,0.0576742792228487,0.903096903096903,0.927072927072927,FALSE,FALSE,"reestimated",200.936,"31846"
"S3",2,100,0,237,23500047,33500066,"ok",NA,NA,1.37244447305888,0.208629896025232,0.152847152847153,0.0659340659340659,FALSE,FALSE,"reestimated",197.611,"31846"
"S3",2,100,0,238,23501056,33501075,"ok",NA,NA,1.04354639784146,0.0754732279260773,0.626373626373626,0.717282717282717,FALSE,FALSE,"reestimated",203.185,"31846"
"S3",2,100,0,239,23502065,33502084,"ok",NA,NA,1.22236559294547,0.0929635490084408,0.315684315684316,0.561438561438561,FALSE,FALSE,"reestimated",200.457,"31846"
"S3",2,100,0,240,23503074,33503093,"ok",NA,NA,0.968395321705005,0.0463692636129546,0.793206793206793,0.983016983016983,FALSE,FALSE,"reestimated",202.838,"31846"
"S3",2,100,0,241,23504083,33504102,"ok",NA,NA,1.24541412688609,0.171698968074253,0.277722277722278,0.0939060939060939,FALSE,FALSE,"reestimated",202.184,"31846"
"S3",2,100,0,242,23505092,33505111,"ok",NA,NA,1.52004580808417,0.238429822950169,0.0819180819180819,0.0579420579420579,FALSE,FALSE,"reestimated",195.223,"31846"
"S3",2,100,0,243,23506101,33506120,"ok",NA,NA,1.20460636253266,0.130226267641026,0.36963036963037,0.283716283716284,FALSE,FALSE,"reestimated",197.663,"31846"
"S3",2,100,0,244,23507110,33507129,"ok",NA,NA,1.01215569410781,0.0782513577535816,0.705294705294705,0.699300699300699,FALSE,FALSE,"reestimated",195.667,"31846"
"S3",2,100,0,245,23508119,33508138,"ok",NA,NA,1.50938606480299,0.185446379844967,0.050949050949051,0.0669330669330669,FALSE,FALSE,"reestimated",198.498,"31846"
"S3",2,100,0,246,23509128,33509147,"ok",NA,NA,1.08022140612499,0.104318099852827,0.587412587412587,0.433566433566434,FALSE,FALSE,"reestimated",199.234,"31846"
"S3",2,100,0,247,23510137,33510156,"ok",NA,NA,1.07493350111116,0.0828386807643876,0.582417582417582,0.624375624375624,FALSE,FALSE,"reestimated",196.31,"31846"
"S3",2,100,0,248,23511146,33511165,"ok",NA,NA,1.11812979876884,0.0742115016294256,0.462537462537463,0.702297702297702,FALSE,FALSE,"reestimated",196.349,"31846"
"S3",2,100,0,249,23512155,33512174,"ok",NA,NA,0.888371487932098,0.0600756793991494,0.899100899100899,0.893106893106893,FALSE,FALSE,"reestimated",197.263,"31846"
"S3",2,100,0,250,23513164,33513183,"ok",NA,NA,1.44701648758393,0.163485251715379,0.0799200799200799,0.117882117882118,FALSE,FALSE,"reestimated",200.677,"31846"
"S3",2,100,0,251,23514173,33514192,"ok",NA,NA,1.24970290944926,0.1404769427879,0.280719280719281,0.222777222777223,FALSE,FALSE,"reestimated",198.272,"31846"
"S3",2,100,0,252,23515182,33515201,"ok",NA,NA,1.16167610618838,0.108023636090007,0.392607392607393,0.358641358641359,FALSE,FALSE,"reestimated",197.468,"31846"
"S3",2,100,0,253,23516191,33516210,"ok",NA,NA,1.25240943464669,0.111169431285855,0.290709290709291,0.373626373626374,FALSE,FALSE,"reestimated",201.433,"31846"
"S3",2,100,0,254,23517200,33517219,"ok",NA,NA,1.30322870880989,0.136243950809937,0.267732267732268,0.26973026973027,FALSE,FALSE,"reestimated",198.148,"31846"
"S3",2,100,0,255,23518209,33518228,"ok",NA,NA,0.948637313086738,0.0860267254387486,0.832167832167832,0.649350649350649,FALSE,FALSE,"reestimated",200.337,"31846"
"S3",2,100,0,256,23519218,33519237,"ok",NA,NA,0.978915597276068,0.0790933405197802,0.778221778221778,0.693306693306693,FALSE,FALSE,"reestimated",198.481,"31846"
"S3",2,100,0,257,23520227,33520246,"ok",NA,NA,0.884494612956538,0.0604365344244128,0.927072927072927,0.892107892107892,FALSE,FALSE,"reestimated",199.116,"31846"
"S3",2,100,0,258,23521236,33521255,"ok",NA,NA,1.27749844088338,0.120307013775427,0.270729270729271,0.38961038961039,FALSE,FALSE,"reestimated",198.13,"31846"
"S3",2,100,0,259,23522245,33522264,"ok",NA,NA,0.982412900278206,0.0854273928875523,0.777222777222777,0.616383616383616,FALSE,FALSE,"reestimated",198.45,"31846"
"S3",2,100,0,260,23523254,33523273,"ok",NA,NA,0.9655158378024,0.0767813879200608,0.798201798201798,0.736263736263736,FALSE,FALSE,"reestimated",202.031,"31846"
"S3",2,100,0,261,23524263,33524282,"ok",NA,NA,1.22434786435718,0.0822131674791321,0.265734265734266,0.569430569430569,FALSE,FALSE,"reestimated",199.482,"31846"
"S3",2,100,0,262,23525272,33525291,"ok",NA,NA,1.0953218174456,0.093716239054888,0.538461538461538,0.512487512487512,FALSE,FALSE,"reestimated",201.758,"31846"
"S3",2,100,0,263,23526281,33526300,"ok",NA,NA,1.52701092225805,0.154750667968375,0.041958041958042,0.150849150849151,TRUE,FALSE,"reestimated",200.988,"31846"
"S3",2,100,0,264,23527290,33527309,"ok",NA,NA,1.09205398695258,0.128085873294367,0.558441558441558,0.251748251748252,FALSE,FALSE,"reestimated",201.472,"31846"
"S3",2,100,0,265,23528299,33528318,"ok",NA,NA,1.01121622544973,0.0834101264023984,0.729270729270729,0.645354645354645,FALSE,FALSE,"reestimated",201.082,"31846"
"S3",2,100,0,266,23529308,33529327,"ok",NA,NA,1.51627268867768,0.15460548953933,0.0719280719280719,0.18981018981019,FALSE,FALSE,"reestimated",199.652,"31846"
"S3",2,100,0,267,23530317,33530336,"ok",NA,NA,1.25932179828924,0.171372969145806,0.295704295704296,0.134865134865135,FALSE,FALSE,"reestimated",197.396,"31846"
"S3",2,100,0,268,23531326,33531345,"ok",NA,NA,1.04499840114889,0.0948006879521373,0.639360639360639,0.522477522477522,FALSE,FALSE,"reestimated",201.237,"31846"
"S3",2,100,0,269,23532335,33532354,"ok",NA,NA,1.4863189078525,0.110886615947051,0.0739260739260739,0.405594405594406,FALSE,FALSE,"reestimated",200.015,"31846"
"S3",2,100,0,270,23533344,33533363,"ok",NA,NA,1.07593834284165,0.0891610629065068,0.61038961038961,0.565434565434565,FALSE,FALSE,"reestimated",198.684,"31846"
"S3",2,100,0,271,23534353,33534372,"ok",NA,NA,0.965095469353602,0.0834318934410129,0.83016983016983,0.699300699300699,FALSE,FALSE,"reestimated",201.372,"31846"
"S3",2,100,0,272,23535362,33535381,"ok",NA,NA,0.928956231306777,0.0767846695252675,0.856143856143856,0.732267732267732,FALSE,FALSE,"reestimated",199.713,"31846"
"S3",2,100,0,273,23536371,33536390,"ok",NA,NA,0.77599733480714,0.0415782085252162,0.982017982017982,0.992007992007992,FALSE,FALSE,"reestimated",202.009,"31846"
"S3",2,100,0,274,23537380,33537399,"ok",NA,NA,1.02153444350954,0.0813742186902415,0.702297702297702,0.658341658341658,FALSE,FALSE,"reestimated",202.841,"31846"
"S3",2,100,0,275,23538389,33538408,"ok",NA,NA,1.26737740332264,0.0989076579330047,0.280719280719281,0.49050949050949,FALSE,FALSE,"reestimated",201.809,"31846"
"S3",2,100,0,276,23539398,33539417,"ok",NA,NA,1.46602504238563,0.142414386378525,0.0789210789210789,0.15984015984016,FALSE,FALSE,"reestimated",199.383,"31846"
"S3",2,100,0,277,23540407,33540426,"ok",NA,NA,1.27885949336265,0.0886198183462905,0.258741258741259,0.597402597402597,FALSE,FALSE,"reestimated",199.117,"31846"
"S3",2,100,0,278,23541416,33541435,"ok",NA,NA,1.30706043659271,0.118842564749719,0.190809190809191,0.2997002997003,FALSE,FALSE,"reestimated",200.658,"31846"
"S3",2,100,0,279,23542425,33542444,"ok",NA,NA,1.2040082303833,0.104584977427529,0.363636363636364,0.437562437562438,FALSE,FALSE,"reestimated",197.403,"31846"
"S3",2,100,0,280,23543434,33543453,"ok",NA,NA,1.29607674428394,0.145394574215232,0.235764235764236,0.211788211788212,FALSE,FALSE,"reestimated",197.857,"31846"
"S3",2,100,0,281,23544443,33544462,"ok",NA,NA,1.22503184309739,0.17210618151456,0.328671328671329,0.134865134865135,FALSE,FALSE,"reestimated",197.345,"31846"
"S3",2,100,0,282,23545452,33545471,"ok",NA,NA,1.3797430082196,0.171461890839643,0.115884115884116,0.0849150849150849,FALSE,FALSE,"reestimated",201.255,"31846"
"S3",2,100,0,283,23546461,33546480,"ok",NA,NA,1.00641658037233,0.0972293671590672,0.691308691308691,0.478521478521479,FALSE,FALSE,"reestimated",199.649,"31846"
"S3",2,100,0,284,23547470,33547489,"ok",NA,NA,0.904164538484932,0.066471746452332,0.882117882117882,0.826173826173826,FALSE,FALSE,"reestimated",201.171,"31846"
"S3",2,100,0,285,23548479,33548498,"ok",NA,NA,0.922455767960084,0.0706584051623769,0.875124875124875,0.796203796203796,FALSE,FALSE,"reestimated",201.361,"31846"
"S3",2,100,0,286,23549488,33549507,"ok",NA,NA,1.08555625104068,0.085523858636302,0.565434565434565,0.6003996003996,FALSE,FALSE,"reestimated",199.202,"31846"
"S3",2,100,0,287,23550497,33550516,"ok",NA,NA,0.976336556151944,0.0747033916722015,0.769230769230769,0.745254745254745,FALSE,FALSE,"reestimated",198.602,"31846"
"S3",2,100,0,288,23551506,33551525,"ok",NA,NA,1.17583471592567,0.112150800138623,0.398601398601399,0.381618381618382,FALSE,FALSE,"reestimated",197.337,"31846"
"S3",2,100,0,289,23552515,33552534,"ok",NA,NA,0.979229918359575,0.0650409701287568,0.781218781218781,0.854145854145854,FALSE,FALSE,"reestimated",203.483,"31846"
"S3",2,100,0,290,23553524,33553543,"ok",NA,NA,1.19654762077208,0.108251325009959,0.383616383616384,0.436563436563437,FALSE,FALSE,"reestimated",203.695,"31846"
"S3",2,100,0,291,23554533,33554552,"ok",NA,NA,1.33236152841361,0.111736658832055,0.148851148851149,0.288711288711289,FALSE,FALSE,"reestimated",199.253,"31846"
"S3",2,100,0,292,23555542,33555561,"ok",NA,NA,1.10531892724447,0.0696065278213028,0.509490509490509,0.78021978021978,FALSE,FALSE,"reestimated",199.439,"31846"
"S3",2,100,0,293,23556551,33556570,"ok",NA,NA,1.07220744028222,0.0794238099227213,0.574425574425574,0.657342657342657,FALSE,FALSE,"reestimated",200.175,"31846"
"S3",2,100,0,294,23557560,33557579,"ok",NA,NA,1.08228632247541,0.0833963783851453,0.596403596403596,0.678321678321678,FALSE,FALSE,"reestimated",201.592,"31846"
"S3",2,100,0,295,23558569,33558588,"ok",NA,NA,0.806800445553773,0.041503441543748,0.982017982017982,0.995004995004995,FALSE,FALSE,"reestimated",199.469,"31846"
"S3",2,100,0,296,23559578,33559597,"ok",NA,NA,1.20830361439821,0.0931318674810747,0.333666333666334,0.481518481518482,FALSE,FALSE,"reestimated",201.285,"31846"
"S3",2,100,0,297,23560587,33560606,"ok",NA,NA,1.52506839737889,0.204328086223706,0.0689310689310689,0.0699300699300699,FALSE,FALSE,"reestimated",199.799,"31846"
"S3",2,100,0,298,23561596,33561615,"ok",NA,NA,1.09910638564072,0.106688277291171,0.532467532467532,0.407592407592408,FALSE,FALSE,"reestimated",200.097,"31846"
"S3",2,100,0,299,23562605,33562624,"ok",NA,NA,1.35222398487568,0.216858196979977,0.195804195804196,0.0649350649350649,FALSE,FALSE,"reestimated",202.478,"31846"
"S3",2,100,0,300,23563614,33563633,"ok",NA,NA,1.03818538683689,0.105106099866264,0.655344655344655,0.438561438561439,FALSE,FALSE,"reestimated",198.408,"31846"
"S3",2,100,0,301,23564623,33564642,"ok",NA,NA,1.24339286688153,0.121071432305349,0.327672327672328,0.353646353646354,FALSE,FALSE,"reestimated",198.167,"31846"
"S3",2,100,0,302,23565632,33565651,"ok",NA,NA,1.34574199562976,0.232076826822725,0.195804195804196,0.0599400599400599,FALSE,FALSE,"reestimated",198.131,"31846"
"S3",2,100,0,303,23566641,33566660,"ok",NA,NA,1.41756438395333,0.174918572586069,0.0989010989010989,0.0769230769230769,FALSE,FALSE,"reestimated",202.046,"31846"
"S3",2,100,0,304,23567650,33567669,"ok",NA,NA,0.947060191700332,0.0770400054115824,0.804195804195804,0.699300699300699,FALSE,FALSE,"reestimated",201.765,"31846"
"S3",2,100,0,305,23568659,33568678,"ok",NA,NA,0.983203214228203,0.0802414225962604,0.742257742257742,0.662337662337662,FALSE,FALSE,"reestimated",196.885,"31846"
"S3",2,100,0,306,23569668,33569687,"ok",NA,NA,1.16207331371579,0.0917947496605492,0.408591408591409,0.534465534465534,FALSE,FALSE,"reestimated",198.255,"31846"
"S3",2,100,0,307,23570677,33570696,"ok",NA,NA,1.16087649127273,0.0910502595132098,0.387612387612388,0.502497502497502,FALSE,FALSE,"reestimated",199.721,"31846"
"S3",2,100,0,308,23571686,33571705,"ok",NA,NA,1.12982917714016,0.117394434046418,0.502497502497502,0.362637362637363,FALSE,FALSE,"reestimated",194.684,"31846"
"S3",2,100,0,309,23572695,33572714,"ok",NA,NA,1.154908285293,0.0739449408476585,0.468531468531469,0.764235764235764,FALSE,FALSE,"reestimated",196.799,"31846"
"S3",2,100,0,310,23573704,33573723,"ok",NA,NA,0.896276367457413,0.0694723613246627,0.884115884115884,0.801198801198801,FALSE,FALSE,"reestimated",198.31,"31846"
"S3",2,100,0,311,23574713,33574732,"ok",NA,NA,0.899303993438463,0.0601277799078126,0.903096903096903,0.906093906093906,FALSE,FALSE,"reestimated",198.828,"31846"
"S3",2,100,0,312,23575722,33575741,"ok",NA,NA,1.41250255441067,0.165185061919487,0.12987012987013,0.123876123876124,FALSE,FALSE,"reestimated",195.509,"31846"
"S3",2,100,0,313,23576731,33576750,"ok",NA,NA,1.15507150261536,0.0960202580824278,0.435564435564436,0.463536463536464,FALSE,FALSE,"reestimated",200.863,"31846"
"S3",2,100,0,314,23577740,33577759,"ok",NA,NA,1.06243790891358,0.118611322709649,0.613386613386613,0.325674325674326,FALSE,FALSE,"reestimated",196.586,"31846"
"S3",2,100,0,315,23578749,33578768,"ok",NA,NA,1.01648392651235,0.0803091544370999,0.714285714285714,0.709290709290709,FALSE,FALSE,"reestimated",197.065,"31846"
"S3",2,100,0,316,23579758,33579777,"ok",NA,NA,1.22412610091431,0.126056229886725,0.313686313686314,0.276723276723277,FALSE,FALSE,"reestimated",198.294,"31846"
"S3",2,100,0,317,23580767,33580786,"ok",NA,NA,1.28320609884775,0.0863938466959621,0.235764235764236,0.612387612387612,FALSE,FALSE,"reestimated",196.293,"31846"
"S3",2,100,0,318,23581776,33581795,"ok",NA,NA,0.942617484015428,0.0872373195661771,0.837162837162837,0.598401598401598,FALSE,FALSE,"reestimated",199.891,"31846"
"S3",2,100,0,319,23582785,33582804,"ok",NA,NA,0.784014780707413,0.0439024609100722,0.99000999000999,0.987012987012987,FALSE,FALSE,"reestimated",198.753,"31846"
"S3",2,100,0,320,23583794,33583813,"ok",NA,NA,1.25749932515292,0.10195951546306,0.298701298701299,0.47952047952048,FALSE,FALSE,"reestimated",196.534,"31846"
"S3",2,100,0,321,23584803,33584822,"ok",NA,NA,1.48863395352987,0.213581692319352,0.0749250749250749,0.0729270729270729,FALSE,FALSE,"reestimated",199.682,"31846"
"S3",2,100,0,322,23585812,33585831,"ok",NA,NA,0.897565371703409,0.0686060586277023,0.891108891108891,0.8001998001998,FALSE,FALSE,"reestimated",200.522,"31846"
"S3",2,100,0,323,23586821,33586840,"ok",NA,NA,0.993230036825129,0.0934475127931718,0.757242757242757,0.548451548451548,FALSE,FALSE,"reestimated",200.148,"31846"
"S3",2,100,0,324,23587830,33587849,"ok",NA,NA,1.32111509124139,0.145421592395306,0.178821178821179,0.166833166833167,FALSE,FALSE,"reestimated",204.165,"31846"
"S3",2,100,0,325,23588839,33588858,"ok",NA,NA,0.829202443347378,0.0646724825094772,0.96003996003996,0.853146853146853,FALSE,FALSE,"reestimated",200.046,"31846"
"S3",2,100,0,326,23589848,33589867,"ok",NA,NA,1.12527845801465,0.0742252274229196,0.458541458541459,0.691308691308691,FALSE,FALSE,"reestimated",203.702,"31846"
"S3",2,100,0,327,23590857,33590876,"ok",NA,NA,1.50102730795036,0.139570005307616,0.0889110889110889,0.247752247752248,FALSE,FALSE,"reestimated",198.79,"31846"
"S3",2,100,0,328,23591866,33591885,"ok",NA,NA,0.968638507432081,0.066138243076459,0.782217782217782,0.82017982017982,FALSE,FALSE,"reestimated",202.688,"31846"
"S3",2,100,0,329,23592875,33592894,"ok",NA,NA,0.9321814256105,0.0719083187827893,0.864135864135864,0.783216783216783,FALSE,FALSE,"reestimated",202.035,"31846"
"S3",2,100,0,330,23593884,33593903,"ok",NA,NA,1.07692033467531,0.0868626343295678,0.599400599400599,0.626373626373626,FALSE,FALSE,"reestimated",199.349,"31846"
"S3",2,100,0,331,23594893,33594912,"ok",NA,NA,1.25761173791732,0.139362158602271,0.255744255744256,0.198801198801199,FALSE,FALSE,"reestimated",205.105,"31846"
"S3",2,100,0,332,23595902,33595921,"ok",NA,NA,1.03272352823812,0.0849625430990727,0.678321678321678,0.622377622377622,FALSE,FALSE,"reestimated",200.445,"31846"
"S3",2,100,0,333,23596911,33596930,"ok",NA,NA,1.01370491943423,0.0984413942949691,0.722277722277722,0.509490509490509,FALSE,FALSE,"reestimated",199.039,"31846"
"S3",2,100,0,334,23597920,33597939,"ok",NA,NA,1.40876188511086,0.201108852650023,0.116883116883117,0.047952047952048,FALSE,TRUE,"reestimated",198.084,"31846"
"S3",2,100,0,335,23598929,33598948,"ok",NA,NA,1.00252386620921,0.0673035200789162,0.734265734265734,0.832167832167832,FALSE,FALSE,"reestimated",201.75,"31846"
"S3",2,100,0,336,23599938,33599957,"ok",NA,NA,1.04528875891906,0.0635895936262758,0.623376623376623,0.861138861138861,FALSE,FALSE,"reestimated",199.484,"31846"
"S3",2,100,0,337,23600947,33600966,"ok",NA,NA,1.52851959656194,0.163084870153471,0.0689310689310689,0.194805194805195,FALSE,FALSE,"reestimated",198.003000000001,"31846"
"S3",2,100,0,338,23601956,33601975,"ok",NA,NA,1.3986288503768,0.182921351496179,0.144855144855145,0.115884115884116,FALSE,FALSE,"reestimated",198.648,"31846"
"S3",2,100,0,339,23602965,33602984,"ok",NA,NA,1.23822860207284,0.0613068406434866,0.32967032967033,0.887112887112887,FALSE,FALSE,"reestimated",203.996,"31846"
"S3",2,100,0,340,23603974,33603993,"ok",NA,NA,1.39823778421043,0.155739105414715,0.170829170829171,0.221778221778222,FALSE,FALSE,"reestimated",198.138999999999,"31846"
"S3",2,100,0,341,23604983,33605002,"ok",NA,NA,0.892897798880323,0.0689211578716235,0.903096903096903,0.806193806193806,FALSE,FALSE,"reestimated",197.941,"31846"
"S3",2,100,0,342,23605992,33606011,"ok",NA,NA,1.2467667067859,0.122904211356162,0.261738261738262,0.24975024975025,FALSE,FALSE,"reestimated",200.034,"31846"
"S3",2,100,0,343,23607001,33607020,"ok",NA,NA,1.14856503256408,0.130139909024635,0.453546453546454,0.252747252747253,FALSE,FALSE,"reestimated",200.971,"31846"
"S3",2,100,0,344,23608010,33608029,"ok",NA,NA,1.40613951966252,0.143308064511031,0.125874125874126,0.195804195804196,FALSE,FALSE,"reestimated",204.697,"31846"
"S3",2,100,0,345,23609019,33609038,"ok",NA,NA,0.93680192009162,0.0611543832634159,0.832167832167832,0.866133866133866,FALSE,FALSE,"reestimated",199.415,"31846"
"S3",2,100,0,346,23610028,33610047,"ok",NA,NA,1.5403433997787,0.11935023504461,0.040959040959041,0.321678321678322,TRUE,FALSE,"reestimated",200.973999999999,"31846"
"S3",2,100,0,347,23611037,33611056,"ok",NA,NA,1.28303702415952,0.134760216392628,0.268731268731269,0.280719280719281,FALSE,FALSE,"reestimated",199.078,"31846"
"S3",2,100,0,348,23612046,33612065,"ok",NA,NA,1.17572328434873,0.122815423772691,0.394605394605395,0.306693306693307,FALSE,FALSE,"reestimated",198.753,"31846"
"S3",2,100,0,349,23613055,33613074,"ok",NA,NA,1.37098866761742,0.0979169368245847,0.150849150849151,0.527472527472527,FALSE,FALSE,"reestimated",198.638,"31846"
"S3",2,100,0,350,23614064,33614083,"ok",NA,NA,1.29374910060211,0.188872229849834,0.22977022977023,0.0929070929070929,FALSE,FALSE,"reestimated",197.468,"31846"
"S3",2,100,0,351,23615073,33615092,"ok",NA,NA,1.21156012988744,0.144678922667217,0.360639360639361,0.220779220779221,FALSE,FALSE,"reestimated",197.94,"31846"
"S3",2,100,0,352,23616082,33616101,"ok",NA,NA,0.9743388236909,0.0857175669922407,0.791208791208791,0.612387612387612,FALSE,FALSE,"reestimated",199.141,"31846"
"S3",2,100,0,353,23617091,33617110,"ok",NA,NA,1.3169603893091,0.127699852557353,0.205794205794206,0.268731268731269,FALSE,FALSE,"reestimated",200.001,"31846"
"S3",2,100,0,354,23618100,33618119,"ok",NA,NA,1.19523632708949,0.111653826690478,0.375624375624376,0.384615384615385,FALSE,FALSE,"reestimated",201.022,"31846"
"S3",2,100,0,355,23619109,33619128,"ok",NA,NA,1.459471439384,0.181238243653254,0.0909090909090909,0.0959040959040959,FALSE,FALSE,"reestimated",198.955000000001,"31846"
"S3",2,100,0,356,23620118,33620137,"ok",NA,NA,1.0160713529379,0.0896784270532463,0.695304695304695,0.562437562437562,FALSE,FALSE,"reestimated",199.064,"31846"
"S3",2,100,0,357,23621127,33621146,"ok",NA,NA,1.09482460974867,0.0729945203726717,0.503496503496504,0.717282717282717,FALSE,FALSE,"reestimated",199.076,"31846"
"S3",2,100,0,358,23622136,33622155,"ok",NA,NA,1.02028628138785,0.0680663256356198,0.674325674325674,0.804195804195804,FALSE,FALSE,"reestimated",199.477,"31846"
"S3",2,100,0,359,23623145,33623164,"ok",NA,NA,1.27738969650916,0.102445759738492,0.272727272727273,0.465534465534466,FALSE,FALSE,"reestimated",200.296,"31846"
"S3",2,100,0,360,23624154,33624173,"ok",NA,NA,1.37003058733619,0.148293301219702,0.176823176823177,0.188811188811189,FALSE,FALSE,"reestimated",197.514,"31846"
"S3",2,100,0,361,23625163,33625182,"ok",NA,NA,1.04211322709226,0.091536075263875,0.621378621378621,0.514485514485514,FALSE,FALSE,"reestimated",199.965,"31846"
"S3",2,100,0,362,23626172,33626191,"ok",NA,NA,1.19259393462283,0.0832829546196246,0.394605394605395,0.646353646353646,FALSE,FALSE,"reestimated",201.613,"31846"
"S3",2,100,0,363,23627181,33627200,"ok",NA,NA,1.11940901639849,0.110211817540653,0.517482517482518,0.417582417582418,FALSE,FALSE,"reestimated",197.679999999999,"31846"
"S3",2,100,0,364,23628190,33628209,"ok",NA,NA,1.14585370919344,0.117717567173411,0.448551448551449,0.332667332667333,FALSE,FALSE,"reestimated",200.044,"31846"
"S3",2,100,0,365,23629199,33629218,"ok",NA,NA,1.44052818372325,0.106505654834107,0.105894105894106,0.393606393606394,FALSE,FALSE,"reestimated",201.672,"31846"
"S3",2,100,0,366,23630208,33630227,"ok",NA,NA,1.18682642021521,0.0955594100685485,0.383616383616384,0.528471528471528,FALSE,FALSE,"reestimated",201.439,"31846"
"S3",2,100,0,367,23631217,33631236,"ok",NA,NA,1.22060841651226,0.113220766730459,0.362637362637363,0.391608391608392,FALSE,FALSE,"reestimated",202.072,"31846"
"S3",2,100,0,368,23632226,33632245,"ok",NA,NA,0.965600040352294,0.0675650522499224,0.745254745254745,0.767232767232767,FALSE,FALSE,"reestimated",201.693,"31846"
"S3",2,100,0,369,23633235,33633254,"ok",NA,NA,1.29242076682426,0.212184776481559,0.247752247752248,0.0659340659340659,FALSE,FALSE,"reestimated",200.762,"31846"
"S3",2,100,0,370,23634244,33634263,"ok",NA,NA,1.2266197851809,0.0946580237500598,0.333666333666334,0.525474525474525,FALSE,FALSE,"reestimated",197.491,"31846"
"S3",2,100,0,371,23635253,33635272,"ok",NA,NA,1.74082678178386,0.295114658914681,0.01998001998002,0.018981018981019,TRUE,TRUE,"reestimated",195.642,"31846"
"S3",2,100,0,372,23636262,33636281,"ok",NA,NA,1.85743944469956,0.31589799857625,0.003996003996004,0.018981018981019,TRUE,TRUE,"reestimated",194.677,"31846"
"S3",2,100,0,373,23637271,33637290,"ok",NA,NA,1.57985763370629,0.210481521953411,0.041958041958042,0.0599400599400599,TRUE,FALSE,"reestimated",201.817,"31846"
"S3",2,100,0,374,23638280,33638299,"ok",NA,NA,1.23556969097722,0.120601135391038,0.30969030969031,0.315684315684316,FALSE,FALSE,"reestimated",196.199,"31846"
"S3",2,100,0,375,23639289,33639308,"ok",NA,NA,0.937306841901684,0.0839300785226267,0.831168831168831,0.628371628371628,FALSE,FALSE,"reestimated",199.121,"31846"
"S3",2,100,0,376,23640298,33640317,"ok",NA,NA,1.36282246027695,0.202705369573837,0.176823176823177,0.0709290709290709,FALSE,FALSE,"reestimated",194.948,"31846"
"S3",2,100,0,377,23641307,33641326,"ok",NA,NA,1.07464368137483,0.0891792258954399,0.545454545454545,0.527472527472527,FALSE,FALSE,"reestimated",196,"31846"
"S3",2,100,0,378,23642316,33642335,"ok",NA,NA,1.25625431507014,0.151212822113669,0.290709290709291,0.185814185814186,FALSE,FALSE,"reestimated",199.324,"31846"
"S3",2,100,0,379,23643325,33643344,"ok",NA,NA,1.2143398817792,0.0939314346648331,0.374625374625375,0.571428571428571,FALSE,FALSE,"reestimated",197.523,"31846"
"S3",2,100,0,380,23644334,33644353,"ok",NA,NA,0.806602511423258,0.049636153286065,0.97002997002997,0.961038961038961,FALSE,FALSE,"reestimated",196.911,"31846"
"S3",2,100,0,381,23645343,33645362,"ok",NA,NA,1.92101684103602,0.460132511358762,0.00799200799200799,0.002997002997003,TRUE,TRUE,"reestimated",194.358,"31846"
"S3",2,100,0,382,23646352,33646371,"ok",NA,NA,1.18462266153728,0.103039291600479,0.381618381618382,0.443556443556444,FALSE,FALSE,"reestimated",200.978,"31846"
"S3",2,100,0,383,23647361,33647380,"ok",NA,NA,1.11041412906755,0.0883932377269149,0.548451548451548,0.595404595404595,FALSE,FALSE,"reestimated",200.97,"31846"
"S3",2,100,0,384,23648370,33648389,"ok",NA,NA,1.3397363696442,0.14693239919073,0.150849150849151,0.132867132867133,FALSE,FALSE,"reestimated",201.762,"31846"
"S3",2,100,0,385,23649379,33649398,"ok",NA,NA,1.19079885275653,0.10044690158048,0.356643356643357,0.452547452547453,FALSE,FALSE,"reestimated",201.299999999999,"31846"
"S3",2,100,0,386,23650388,33650407,"ok",NA,NA,1.04193131694936,0.103018503835346,0.688311688311688,0.497502497502497,FALSE,FALSE,"reestimated",198.175,"31846"
"S3",2,100,0,387,23651397,33651416,"ok",NA,NA,1.3615704563878,0.179930152774436,0.174825174825175,0.130869130869131,FALSE,FALSE,"reestimated",205.445,"31846"
"S3",2,100,0,388,23652406,33652425,"ok",NA,NA,1.04006607952112,0.0833323143250666,0.634365634365634,0.626373626373626,FALSE,FALSE,"reestimated",198.507,"31846"
"S3",2,100,0,389,23653415,33653434,"ok",NA,NA,1.02185179611197,0.0790517387927277,0.692307692307692,0.691308691308691,FALSE,FALSE,"reestimated",199.904,"31846"
"S3",2,100,0,390,23654424,33654443,"ok",NA,NA,1.2812906345618,0.13119315015662,0.236763236763237,0.246753246753247,FALSE,FALSE,"reestimated",200.017,"31846"
"S3",2,100,0,391,23655433,33655452,"ok",NA,NA,1.14658939985275,0.0870058248631451,0.465534465534466,0.621378621378621,FALSE,FALSE,"reestimated",202.458,"31846"
"S3",2,100,0,392,23656442,33656461,"ok",NA,NA,1.05394927868329,0.0715407402670688,0.583416583416583,0.738261738261738,FALSE,FALSE,"reestimated",201.869000000001,"31846"
"S3",2,100,0,393,23657451,33657470,"ok",NA,NA,1.72589367361809,0.194929719206235,0.017982017982018,0.0789210789210789,TRUE,FALSE,"reestimated",201.972,"31846"
"S3",2,100,0,394,23658460,33658479,"ok",NA,NA,1.02038845512688,0.0919604171606702,0.703296703296703,0.547452547452547,FALSE,FALSE,"reestimated",198.003,"31846"
"S3",2,100,0,395,23659469,33659488,"ok",NA,NA,0.920966179589989,0.0632265678879663,0.866133866133866,0.869130869130869,FALSE,FALSE,"reestimated",198.543000000001,"31846"
"S3",2,100,0,396,23660478,33660497,"ok",NA,NA,0.877357077726106,0.0628948934601151,0.903096903096903,0.856143856143856,FALSE,FALSE,"reestimated",198.836,"31846"
"S3",2,100,0,397,23661487,33661506,"ok",NA,NA,1.21793447318291,0.108033162094699,0.311688311688312,0.367632367632368,FALSE,FALSE,"reestimated",202.284,"31846"
"S3",2,100,0,398,23662496,33662515,"ok",NA,NA,1.16763519801235,0.0942983452919302,0.407592407592408,0.512487512487512,FALSE,FALSE,"reestimated",201.621,"31846"
"S3",2,100,0,399,23663505,33663524,"ok",NA,NA,1.00961344770141,0.0853323067709601,0.72027972027972,0.632367632367632,FALSE,FALSE,"reestimated",201.538,"31846"
"S3",2,100,0,400,23664514,33664533,"ok",NA,NA,1.23068685157813,0.0867510010577816,0.318681318681319,0.602397602397602,FALSE,FALSE,"reestimated",198.612,"31846"
"S3",2,100,0,401,23665523,33665542,"ok",NA,NA,1.24037902040397,0.0914577885377901,0.282717282717283,0.537462537462537,FALSE,FALSE,"reestimated",200.546,"31846"
"S3",2,100,0,402,23666532,33666551,"ok",NA,NA,0.819129714957474,0.0539943089652602,0.96003996003996,0.933066933066933,FALSE,FALSE,"reestimated",202.099999999999,"31846"
"S3",2,100,0,403,23667541,33667560,"ok",NA,NA,1.2928669856869,0.12038131845317,0.268731268731269,0.368631368631369,FALSE,FALSE,"reestimated",199.519,"31846"
"S3",2,100,0,404,23668550,33668569,"ok",NA,NA,1.07806961326235,0.102274721667142,0.55044955044955,0.426573426573427,FALSE,FALSE,"reestimated",201.401,"31846"
"S3",2,100,0,405,23669559,33669578,"ok",NA,NA,1.05429458061761,0.0914871324643612,0.588411588411588,0.476523476523477,FALSE,FALSE,"reestimated",203.646,"31846"
"S3",2,100,0,406,23670568,33670587,"ok",NA,NA,1.0601841270861,0.0995527067094481,0.584415584415584,0.457542457542458,FALSE,FALSE,"reestimated",197.928999999999,"31846"
"S3",2,100,0,407,23671577,33671596,"ok",NA,NA,1.26630569793127,0.0843179007481822,0.218781218781219,0.554445554445554,FALSE,FALSE,"reestimated",199.618,"31846"
"S3",2,100,0,408,23672586,33672605,"ok",NA,NA,1.14760840646753,0.0727113384823613,0.454545454545455,0.787212787212787,FALSE,FALSE,"reestimated",199.816,"31846"
"S3",2,100,0,409,23673595,33673614,"ok",NA,NA,1.04908182389516,0.0681152861420971,0.688311688311688,0.837162837162837,FALSE,FALSE,"reestimated",201.166999999999,"31846"
"S3",2,100,0,410,23674604,33674623,"ok",NA,NA,1.057918546929,0.0781654108511323,0.635364635364635,0.707292707292707,FALSE,FALSE,"reestimated",203.348,"31846"
"S3",2,100,0,411,23675613,33675632,"ok",NA,NA,1.22559635765899,0.132159707448681,0.327672327672328,0.233766233766234,FALSE,FALSE,"reestimated",200.504,"31846"
"S3",2,100,0,412,23676622,33676641,"ok",NA,NA,1.42837714074023,0.119786554230643,0.122877122877123,0.344655344655345,FALSE,FALSE,"reestimated",201.692999999999,"31846"
"S3",2,100,0,413,23677631,33677650,"ok",NA,NA,1.11979519008756,0.104954654090932,0.505494505494505,0.427572427572428,FALSE,FALSE,"reestimated",198.030000000001,"31846"
"S3",2,100,0,414,23678640,33678659,"ok",NA,NA,1.45747130911494,0.188609345620923,0.120879120879121,0.132867132867133,FALSE,FALSE,"reestimated",198.559,"31846"
"S3",2,100,0,415,23679649,33679668,"ok",NA,NA,1.59386242711172,0.235740090971753,0.050949050949051,0.041958041958042,FALSE,TRUE,"reestimated",203.087,"31846"
"S3",2,100,0,416,23680658,33680677,"ok",NA,NA,0.883715986205537,0.073826675030886,0.905094905094905,0.729270729270729,FALSE,FALSE,"reestimated",198.805,"31846"
"S3",2,100,0,417,23681667,33681686,"ok",NA,NA,1.53951210116853,0.171929063146453,0.04995004995005,0.141858141858142,TRUE,FALSE,"reestimated",199.655,"31846"
"S3",2,100,0,418,23682676,33682695,"ok",NA,NA,1.06948444070912,0.0959400711166048,0.581418581418581,0.486513486513487,FALSE,FALSE,"reestimated",200.261,"31846"
"S3",2,100,0,419,23683685,33683704,"ok",NA,NA,1.07195058749046,0.0952724342105888,0.571428571428571,0.513486513486514,FALSE,FALSE,"reestimated",198.178,"31846"
"S3",2,100,0,420,23684694,33684713,"ok",NA,NA,1.1071719492607,0.102732706914843,0.536463536463537,0.461538461538462,FALSE,FALSE,"reestimated",201.563,"31846"
"S3",2,100,0,421,23685703,33685722,"ok",NA,NA,1.25014033138013,0.104873887881736,0.283716283716284,0.434565434565435,FALSE,FALSE,"reestimated",202.331999999999,"31846"
"S3",2,100,0,422,23686712,33686731,"ok",NA,NA,1.26836538548157,0.112045981628749,0.277722277722278,0.35964035964036,FALSE,FALSE,"reestimated",200.768,"31846"
"S3",2,100,0,423,23687721,33687740,"ok",NA,NA,1.11941385073831,0.0849322760721254,0.475524475524476,0.577422577422577,FALSE,FALSE,"reestimated",199.323,"31846"
"S3",2,100,0,424,23688730,33688749,"ok",NA,NA,1.55425377057355,0.175061940030787,0.0539460539460539,0.107892107892108,FALSE,FALSE,"reestimated",197.883,"31846"
"S3",2,100,0,425,23689739,33689758,"ok",NA,NA,1.04497110460577,0.0812484822280862,0.659340659340659,0.659340659340659,FALSE,FALSE,"reestimated",199.221,"31846"
"S3",2,100,0,426,23690748,33690767,"ok",NA,NA,1.04242106583415,0.0814422342412546,0.684315684315684,0.663336663336663,FALSE,FALSE,"reestimated",199.512000000001,"31846"
"S3",2,100,0,427,23691757,33691776,"ok",NA,NA,1.20707198273669,0.07746028582299,0.368631368631369,0.717282717282717,FALSE,FALSE,"reestimated",199.317,"31846"
"S3",2,100,0,428,23692766,33692785,"ok",NA,NA,1.03708084788231,0.102741211185911,0.656343656343656,0.428571428571429,FALSE,FALSE,"reestimated",199.235000000001,"31846"
"S3",2,100,0,429,23693775,33693794,"ok",NA,NA,1.06706785654457,0.0955896022175765,0.589410589410589,0.470529470529471,FALSE,FALSE,"reestimated",198.940000000001,"31846"
"S3",2,100,0,430,23694784,33694803,"ok",NA,NA,1.46981880848892,0.200619227647762,0.0889110889110889,0.0739260739260739,FALSE,FALSE,"reestimated",202.757,"31846"
"S3",2,100,0,431,23695793,33695812,"ok",NA,NA,1.3817513771141,0.247453155068358,0.135864135864136,0.028971028971029,FALSE,TRUE,"reestimated",196.775000000001,"31846"
"S3",2,100,0,432,23696802,33696821,"ok",NA,NA,1.53944637378761,0.27380332227393,0.0639360639360639,0.026973026973027,FALSE,TRUE,"reestimated",203.146,"31846"
"S3",2,100,0,433,23697811,33697830,"ok",NA,NA,1.31726639960739,0.122970133185268,0.186813186813187,0.2997002997003,FALSE,FALSE,"reestimated",199.393,"31846"
"S3",2,100,0,434,23698820,33698839,"ok",NA,NA,1.25833557541593,0.130318972869807,0.276723276723277,0.252747252747253,FALSE,FALSE,"reestimated",195.485,"31846"
"S3",2,100,0,435,23699829,33699848,"ok",NA,NA,1.14514206220986,0.15902615828209,0.446553446553447,0.136863136863137,FALSE,FALSE,"reestimated",197.469,"31846"
"S3",2,100,0,436,23700838,33700857,"ok",NA,NA,1.05161988262796,0.102003704463347,0.609390609390609,0.430569430569431,FALSE,FALSE,"reestimated",195.839,"31846"
"S3",2,100,0,437,23701847,33701866,"ok",NA,NA,1.25866241426084,0.174358779009938,0.240759240759241,0.0959040959040959,FALSE,FALSE,"reestimated",198.575,"31846"
"S3",2,100,0,438,23702856,33702875,"ok",NA,NA,1.65284667207317,0.128750372896933,0.025974025974026,0.232767232767233,TRUE,FALSE,"reestimated",197.838000000001,"31846"
"S3",2,100,0,439,23703865,33703884,"ok",NA,NA,1.37690736346259,0.158039704241281,0.136863136863137,0.147852147852148,FALSE,FALSE,"reestimated",199.335,"31846"
"S3",2,100,0,440,23704874,33704893,"ok",NA,NA,1.14669871058609,0.117816485862532,0.434565434565435,0.311688311688312,FALSE,FALSE,"reestimated",197.387,"31846"
"S3",2,100,0,441,23705883,33705902,"ok",NA,NA,1.03082138824653,0.0812058074658789,0.666333666333666,0.633366633366633,FALSE,FALSE,"reestimated",197.357999999999,"31846"
"S3",2,100,0,442,23706892,33706911,"ok",NA,NA,0.858379852196517,0.0510116269205714,0.919080919080919,0.943056943056943,FALSE,FALSE,"reestimated",197.098,"31846"
"S3",2,100,0,443,23707901,33707920,"ok",NA,NA,2.10027953370298,0.516019007200171,0.000999000999000999,0.001998001998002,TRUE,TRUE,"reestimated",192.989,"31846"
"S3",2,100,0,444,23708910,33708929,"ok",NA,NA,0.937688657982385,0.0688257548782525,0.84015984015984,0.817182817182817,FALSE,FALSE,"reestimated",197.471,"31846"
"S3",2,100,0,445,23709919,33709938,"ok",NA,NA,1.29427439649688,0.215378348179343,0.236763236763237,0.0579420579420579,FALSE,FALSE,"reestimated",198.834,"31846"
"S3",2,100,0,446,23710928,33710947,"ok",NA,NA,0.96083232170647,0.0698211161939349,0.773226773226773,0.731268731268731,FALSE,FALSE,"reestimated",195.815,"31846"
"S3",2,100,0,447,23711937,33711956,"ok",NA,NA,1.21499031695726,0.111255540086499,0.326673326673327,0.373626373626374,FALSE,FALSE,"reestimated",196.554999999999,"31846"
"S3",2,100,0,448,23712946,33712965,"ok",NA,NA,0.952571255674629,0.0681987080016436,0.839160839160839,0.82017982017982,FALSE,FALSE,"reestimated",197.314,"31846"
"S3",2,100,0,449,23713955,33713974,"ok",NA,NA,1.17976279642327,0.104505769017852,0.426573426573427,0.472527472527473,FALSE,FALSE,"reestimated",202.803999999999,"31846"
"S3",2,100,0,450,23714964,33714983,"ok",NA,NA,1.23624116439391,0.133963594040211,0.370629370629371,0.300699300699301,FALSE,FALSE,"reestimated",201.48,"31846"
"S3",2,100,0,451,23715973,33715992,"ok",NA,NA,0.988733821364113,0.0782071913104525,0.725274725274725,0.676323676323676,FALSE,FALSE,"reestimated",199.466,"31846"
"S3",2,100,0,452,23716982,33717001,"ok",NA,NA,1.23067266147084,0.111737075642642,0.334665334665335,0.388611388611389,FALSE,FALSE,"reestimated",204.398,"31846"
"S3",2,100,0,453,23717991,33718010,"ok",NA,NA,1.10809367077141,0.0713894962392778,0.538461538461538,0.811188811188811,FALSE,FALSE,"reestimated",201.239,"31846"
"S3",2,100,0,454,23719000,33719019,"ok",NA,NA,1.29140686271443,0.108683300049574,0.217782217782218,0.400599400599401,FALSE,FALSE,"reestimated",200.468,"31846"
"S3",2,100,0,455,23720009,33720028,"ok",NA,NA,1.06410443478705,0.128552576364446,0.636363636363636,0.286713286713287,FALSE,FALSE,"reestimated",201.02,"31846"
"S3",2,100,0,456,23721018,33721037,"ok",NA,NA,1.3601428940998,0.15264864888681,0.165834165834166,0.186813186813187,FALSE,FALSE,"reestimated",198.089,"31846"
"S3",2,100,0,457,23722027,33722046,"ok",NA,NA,1.05156757600118,0.113873517833032,0.615384615384615,0.347652347652348,FALSE,FALSE,"reestimated",197.507,"31846"
"S3",2,100,0,458,23723036,33723055,"ok",NA,NA,1.04367427234458,0.0978807720347101,0.635364635364635,0.494505494505495,FALSE,FALSE,"reestimated",197.901,"31846"
"S3",2,100,0,459,23724045,33724064,"ok",NA,NA,1.12654881668052,0.0854102086593535,0.46953046953047,0.595404595404595,FALSE,FALSE,"reestimated",200.081,"31846"
"S3",2,100,0,460,23725054,33725073,"ok",NA,NA,1.14084699017585,0.0664115155678917,0.488511488511489,0.847152847152847,FALSE,FALSE,"reestimated",200.491,"31846"
"S3",2,100,0,461,23726063,33726082,"ok",NA,NA,1.29240540662134,0.0984691998778308,0.233766233766234,0.48951048951049,FALSE,FALSE,"reestimated",198.897,"31846"
"S3",2,100,0,462,23727072,33727091,"ok",NA,NA,1.41606312188147,0.177334398984558,0.127872127872128,0.111888111888112,FALSE,FALSE,"reestimated",203.909,"31846"
"S3",2,100,0,463,23728081,33728100,"ok",NA,NA,1.21947835249786,0.118229169779056,0.308691308691309,0.266733266733267,FALSE,FALSE,"reestimated",200.949,"31846"
"S3",2,100,0,464,23729090,33729109,"ok",NA,NA,1.3234144652828,0.0858524536449708,0.184815184815185,0.584415584415584,FALSE,FALSE,"reestimated",200.434,"31846"
"S3",2,100,0,465,23730099,33730118,"ok",NA,NA,1.45910642504596,0.187535614638128,0.118881118881119,0.12987012987013,FALSE,FALSE,"reestimated",198.964,"31846"
"S3",2,100,0,466,23731108,33731127,"ok",NA,NA,1.01755289906964,0.092822515125194,0.727272727272727,0.579420579420579,FALSE,FALSE,"reestimated",197.59,"31846"
"S3",2,100,0,467,23732117,33732136,"ok",NA,NA,1.05563691352731,0.0870943261045449,0.629370629370629,0.61038961038961,FALSE,FALSE,"reestimated",202.975,"31846"
"S3",2,100,0,468,23733126,33733145,"ok",NA,NA,1.13038144479973,0.0862684546970127,0.451548451548452,0.596403596403596,FALSE,FALSE,"reestimated",199.607,"31846"
"S3",2,100,0,469,23734135,33734154,"ok",NA,NA,1.04192168389695,0.0965272529253362,0.67032967032967,0.549450549450549,FALSE,FALSE,"reestimated",199.019,"31846"
"S3",2,100,0,470,23735144,33735163,"ok",NA,NA,0.957111923776387,0.062658632433404,0.815184815184815,0.867132867132867,FALSE,FALSE,"reestimated",199.389999999999,"31846"
"S3",2,100,0,471,23736153,33736172,"ok",NA,NA,0.903280380641369,0.0678506065741522,0.885114885114885,0.795204795204795,FALSE,FALSE,"reestimated",199.082,"31846"
"S3",2,100,0,472,23737162,33737181,"ok",NA,NA,1.25306341241729,0.110843425008381,0.300699300699301,0.403596403596404,FALSE,FALSE,"reestimated",197.544,"31846"
"S3",2,100,0,473,23738171,33738190,"ok",NA,NA,1.0230142102676,0.073484237799472,0.663336663336663,0.712287712287712,FALSE,FALSE,"reestimated",201.686000000001,"31846"
"S3",2,100,0,474,23739180,33739199,"ok",NA,NA,0.836200024850605,0.0678104239028846,0.953046953046953,0.828171828171828,FALSE,FALSE,"reestimated",199.259,"31846"
"S3",2,100,0,475,23740189,33740208,"ok",NA,NA,0.993483667527809,0.0951412922431581,0.76023976023976,0.536463536463537,FALSE,FALSE,"reestimated",201.264,"31846"
"S3",2,100,0,476,23741198,33741217,"ok",NA,NA,1.48541412225632,0.178543288878446,0.0809190809190809,0.104895104895105,FALSE,FALSE,"reestimated",201.58,"31846"
"S3",2,100,0,477,23742207,33742226,"ok",NA,NA,1.61382117455219,0.308825841307615,0.045954045954046,0.020979020979021,TRUE,TRUE,"reestimated",200.414,"31846"
"S3",2,100,0,478,23743216,33743235,"ok",NA,NA,0.96039149602682,0.0682204610796236,0.823176823176823,0.83016983016983,FALSE,FALSE,"reestimated",199.722,"31846"
"S3",2,100,0,479,23744225,33744244,"ok",NA,NA,0.989286977537123,0.0811939576178712,0.74025974025974,0.665334665334665,FALSE,FALSE,"reestimated",198.462,"31846"
"S3",2,100,0,480,23745234,33745253,"ok",NA,NA,1.09961691809134,0.0760751730906231,0.573426573426573,0.75024975024975,FALSE,FALSE,"reestimated",198.703,"31846"
"S3",2,100,0,481,23746243,33746262,"ok",NA,NA,1.24484222742032,0.100579305168935,0.282717282717283,0.443556443556444,FALSE,FALSE,"reestimated",201.066,"31846"
"S3",2,100,0,482,23747252,33747271,"ok",NA,NA,1.15184928586748,0.103987623096205,0.473526473526474,0.511488511488511,FALSE,FALSE,"reestimated",202.407,"31846"
"S3",2,100,0,483,23748261,33748280,"ok",NA,NA,1.09573109489032,0.101414143781888,0.566433566433566,0.470529470529471,FALSE,FALSE,"reestimated",201.366,"31846"
"S3",2,100,0,484,23749270,33749289,"ok",NA,NA,1.2272733870611,0.12637929933491,0.331668331668332,0.31968031968032,FALSE,FALSE,"reestimated",197.691,"31846"
"S3",2,100,0,485,23750279,33750298,"ok",NA,NA,1.11310190013373,0.122988193868423,0.55044955044955,0.351648351648352,FALSE,FALSE,"reestimated",200.952,"31846"
"S3",2,100,0,486,23751288,33751307,"ok",NA,NA,1.02009329561285,0.0689667983646224,0.698301698301698,0.794205794205794,FALSE,FALSE,"reestimated",199.214,"31846"
"S3",2,100,0,487,23752297,33752316,"ok",NA,NA,1.02792430003731,0.0814280414897473,0.698301698301698,0.673326673326673,FALSE,FALSE,"reestimated",199.809,"31846"
"S3",2,100,0,488,23753306,33753325,"ok",NA,NA,1.61568259128824,0.296526384079511,0.030969030969031,0.00999000999000999,TRUE,TRUE,"reestimated",205.089,"31846"
"S3",2,100,0,489,23754315,33754334,"ok",NA,NA,1.11198335983347,0.0822697309397867,0.545454545454545,0.669330669330669,FALSE,FALSE,"reestimated",198.812,"31846"
"S3",2,100,0,490,23755324,33755343,"ok",NA,NA,1.72886875153101,0.18706978285408,0.018981018981019,0.0889110889110889,TRUE,FALSE,"reestimated",200.124,"31846"
"S3",2,100,0,491,23756333,33756352,"ok",NA,NA,1.33983844314671,0.12711608350582,0.182817182817183,0.26973026973027,FALSE,FALSE,"reestimated",201.946,"31846"
"S3",2,100,0,492,23757342,33757361,"ok",NA,NA,1.18098629878709,0.11630253223178,0.410589410589411,0.368631368631369,FALSE,FALSE,"reestimated",199.113,"31846"
"S3",2,100,0,493,23758351,33758370,"ok",NA,NA,1.08467171772745,0.057114149894798,0.597402597402597,0.903096903096903,FALSE,FALSE,"reestimated",199.364,"31846"
"S3",2,100,0,494,23759360,33759379,"ok",NA,NA,1.39475895012722,0.172875398153012,0.15984015984016,0.136863136863137,FALSE,FALSE,"reestimated",199.052000000001,"31846"
"S3",2,100,0,495,23760369,33760388,"ok",NA,NA,1.45099479818565,0.220215676086376,0.103896103896104,0.0609390609390609,FALSE,FALSE,"reestimated",199.941,"31846"
"S3",2,100,0,496,23761378,33761397,"ok",NA,NA,1.23219897505206,0.131980944551635,0.311688311688312,0.252747252747253,FALSE,FALSE,"reestimated",198.858999999999,"31846"
"S3",2,100,0,497,23762387,33762406,"ok",NA,NA,1.07601296934875,0.10528063904662,0.565434565434565,0.437562437562438,FALSE,FALSE,"reestimated",195.698,"31846"
"S3",2,100,0,498,23763396,33763415,"ok",NA,NA,1.80774912467296,0.221204604470362,0.011988011988012,0.0589410589410589,TRUE,FALSE,"reestimated",194.817,"31846"
"S3",2,100,0,499,23764405,33764424,"ok",NA,NA,1.14371320386815,0.132385452012161,0.470529470529471,0.277722277722278,FALSE,FALSE,"reestimated",195.826,"31846"
"S3",2,100,0,500,23765414,33765433,"ok",NA,NA,1.11784150780227,0.133990861740435,0.566433566433566,0.294705294705295,FALSE,FALSE,"reestimated",199.828,"31846"
"S3",2,100,0,501,23766423,33766442,"ok",NA,NA,1.20371630621492,0.0886048199026514,0.308691308691309,0.551448551448551,FALSE,FALSE,"reestimated",200.288,"31846"
"S3",2,100,0,502,23767432,33767451,"ok",NA,NA,1.44111662528461,0.113240246465967,0.120879120879121,0.415584415584416,FALSE,FALSE,"reestimated",198.648999999999,"31846"
"S3",2,100,0,503,23768441,33768460,"ok",NA,NA,0.920259797230063,0.0764966130488191,0.843156843156843,0.711288711288711,FALSE,FALSE,"reestimated",199.516000000001,"31846"
"S3",2,100,0,504,23769450,33769469,"ok",NA,NA,0.858493491379813,0.0567268279082073,0.934065934065934,0.906093906093906,FALSE,FALSE,"reestimated",199.727,"31846"
"S3",2,100,0,505,23770459,33770478,"ok",NA,NA,1.58601559467108,0.193324799658784,0.036963036963037,0.101898101898102,TRUE,FALSE,"reestimated",194.163,"31846"
"S3",2,100,0,506,23771468,33771487,"ok",NA,NA,1.12306969144739,0.0952339119966007,0.47952047952048,0.478521478521479,FALSE,FALSE,"reestimated",197.692,"31846"
"S3",2,100,0,507,23772477,33772496,"ok",NA,NA,1.38704725340397,0.131213778432907,0.143856143856144,0.24975024975025,FALSE,FALSE,"reestimated",199.669,"31846"
"S3",2,100,0,508,23773486,33773505,"ok",NA,NA,1.24812338694599,0.137512545519346,0.272727272727273,0.210789210789211,FALSE,FALSE,"reestimated",198.587,"31846"
"S3",2,100,0,509,23774495,33774514,"ok",NA,NA,1.10012010273418,0.112476666698953,0.523476523476524,0.361638361638362,FALSE,FALSE,"reestimated",201.344,"31846"
"S3",2,100,0,510,23775504,33775523,"ok",NA,NA,1.24321499123573,0.132338425503041,0.304695304695305,0.286713286713287,FALSE,FALSE,"reestimated",200.137,"31846"
"S3",2,100,0,511,23776513,33776532,"ok",NA,NA,0.812533744330326,0.0519929430452534,0.965034965034965,0.941058941058941,FALSE,FALSE,"reestimated",198.013,"31846"
"S3",2,100,0,512,23777522,33777541,"ok",NA,NA,1.2710617908488,0.117412743112985,0.297702297702298,0.36963036963037,FALSE,FALSE,"reestimated",196.49,"31846"
"S3",2,100,0,513,23778531,33778550,"ok",NA,NA,1.28529500297848,0.152876000235096,0.25974025974026,0.163836163836164,FALSE,FALSE,"reestimated",199.014,"31846"
"S3",2,100,0,514,23779540,33779559,"ok",NA,NA,0.959934935344688,0.0951938817947256,0.818181818181818,0.507492507492508,FALSE,FALSE,"reestimated",200.523,"31846"
"S3",2,100,0,515,23780549,33780568,"ok",NA,NA,0.978689365459071,0.0965473285834206,0.748251748251748,0.520479520479521,FALSE,FALSE,"reestimated",198.845,"31846"
"S3",2,100,0,516,23781558,33781577,"ok",NA,NA,1.11042638672598,0.133919695917391,0.536463536463537,0.276723276723277,FALSE,FALSE,"reestimated",201.837,"31846"
"S3",2,100,0,517,23782567,33782586,"ok",NA,NA,1.48682532425567,0.257611770809246,0.0939060939060939,0.041958041958042,FALSE,TRUE,"reestimated",196.007,"31846"
"S3",2,100,0,518,23783576,33783595,"ok",NA,NA,1.15583331407307,0.0904903133634516,0.486513486513487,0.635364635364635,FALSE,FALSE,"reestimated",202.169999999999,"31846"
"S3",2,100,0,519,23784585,33784604,"ok",NA,NA,1.16474127604579,0.0954125849501269,0.410589410589411,0.509490509490509,FALSE,FALSE,"reestimated",201.609,"31846"
"S3",2,100,0,520,23785594,33785613,"ok",NA,NA,0.992151942896036,0.063222766996235,0.774225774225774,0.865134865134865,FALSE,FALSE,"reestimated",203.809,"31846"
"S3",2,100,0,521,23786603,33786622,"ok",NA,NA,0.897751831991816,0.0667615639358019,0.884115884115884,0.816183816183816,FALSE,FALSE,"reestimated",199.272,"31846"
"S3",2,100,0,522,23787612,33787631,"ok",NA,NA,0.990461039190714,0.0638435803126395,0.765234765234765,0.861138861138861,FALSE,FALSE,"reestimated",199.418000000001,"31846"
"S3",2,100,0,523,23788621,33788640,"ok",NA,NA,1.48987397904976,0.201243890253443,0.0899100899100899,0.0869130869130869,FALSE,FALSE,"reestimated",199.194,"31846"
"S3",2,100,0,524,23789630,33789649,"ok",NA,NA,1.16190715221459,0.108976300926149,0.355644355644356,0.333666333666334,FALSE,FALSE,"reestimated",201.073,"31846"
"S3",2,100,0,525,23790639,33790658,"ok",NA,NA,1.42545722131209,0.199473189391576,0.120879120879121,0.0839160839160839,FALSE,FALSE,"reestimated",197.371,"31846"
"S3",2,100,0,526,23791648,33791667,"ok",NA,NA,1.19075548154417,0.118613232609177,0.361638361638362,0.322677322677323,FALSE,FALSE,"reestimated",198.204,"31846"
"S3",2,100,0,527,23792657,33792676,"ok",NA,NA,1.02094212779602,0.0631486263578477,0.704295704295704,0.872127872127872,FALSE,FALSE,"reestimated",199.255,"31846"
"S3",2,100,0,528,23793666,33793685,"ok",NA,NA,1.30118387375515,0.116292528688883,0.221778221778222,0.356643356643357,FALSE,FALSE,"reestimated",197.711,"31846"
"S3",2,100,0,529,23794675,33794694,"ok",NA,NA,1.30133970870127,0.152105550091754,0.225774225774226,0.178821178821179,FALSE,FALSE,"reestimated",203.067,"31846"
"S3",2,100,0,530,23795684,33795703,"ok",NA,NA,1.14787325498879,0.0990844280517288,0.517482517482518,0.543456543456543,FALSE,FALSE,"reestimated",201.58,"31846"
"S3",2,100,0,531,23796693,33796712,"ok",NA,NA,1.26533730148881,0.100965257938656,0.273726273726274,0.47952047952048,FALSE,FALSE,"reestimated",199.367999999999,"31846"
"S3",2,100,0,532,23797702,33797721,"ok",NA,NA,1.33191676524944,0.151859138046923,0.175824175824176,0.158841158841159,FALSE,FALSE,"reestimated",197.104,"31846"
"S3",2,100,0,533,23798711,33798730,"ok",NA,NA,0.861326821506061,0.0632746695437974,0.935064935064935,0.859140859140859,FALSE,FALSE,"reestimated",199.837,"31846"
"S3",2,100,0,534,23799720,33799739,"ok",NA,NA,1.17784741206258,0.0951210210526045,0.383616383616384,0.503496503496504,FALSE,FALSE,"reestimated",197.616999999999,"31846"
"S3",2,100,0,535,23800729,33800748,"ok",NA,NA,1.07315433020608,0.108300989178226,0.605394605394605,0.38961038961039,FALSE,FALSE,"reestimated",197.507000000001,"31846"
"S3",2,100,0,536,23801738,33801757,"ok",NA,NA,1.00197850405798,0.073493462129098,0.728271728271728,0.767232767232767,FALSE,FALSE,"reestimated",199.686,"31846"
"S3",2,100,0,537,23802747,33802766,"ok",NA,NA,0.949595409448797,0.0903471866902673,0.81018981018981,0.528471528471528,FALSE,FALSE,"reestimated",199.806,"31846"
"S3",2,100,0,538,23803756,33803775,"ok",NA,NA,1.22409144882732,0.106496692633146,0.366633366633367,0.481518481518482,FALSE,FALSE,"reestimated",199.482,"31846"
"S3",2,100,0,539,23804765,33804784,"ok",NA,NA,0.980109201860993,0.0608969455695683,0.744255744255744,0.876123876123876,FALSE,FALSE,"reestimated",198.785,"31846"
"S3",2,100,0,540,23805774,33805793,"ok",NA,NA,1.35221750194508,0.136662680558721,0.193806193806194,0.270729270729271,FALSE,FALSE,"reestimated",201.697999999999,"31846"
"S3",2,100,0,541,23806783,33806802,"ok",NA,NA,1.3190454126272,0.12033372968939,0.216783216783217,0.342657342657343,FALSE,FALSE,"reestimated",203.89,"31846"
"S3",2,100,0,542,23807792,33807811,"ok",NA,NA,1.51062121849985,0.182104828123313,0.0619380619380619,0.0799200799200799,FALSE,FALSE,"reestimated",200.373000000001,"31846"
"S3",2,100,0,543,23808801,33808820,"ok",NA,NA,1.142067154216,0.113379623803785,0.448551448551449,0.358641358641359,FALSE,FALSE,"reestimated",200.615,"31846"
"S3",2,100,0,544,23809810,33809829,"ok",NA,NA,1.50040900061375,0.209634846971495,0.0689310689310689,0.0649350649350649,FALSE,FALSE,"reestimated",198.795,"31846"
"S3",2,100,0,545,23810819,33810838,"ok",NA,NA,1.33197254523761,0.167138273306058,0.200799200799201,0.130869130869131,FALSE,FALSE,"reestimated",200.464,"31846"
"S3",2,100,0,546,23811828,33811847,"ok",NA,NA,1.06521168115423,0.0992213596808991,0.594405594405594,0.452547452547453,FALSE,FALSE,"reestimated",201.39,"31846"
"S3",2,100,0,547,23812837,33812856,"ok",NA,NA,1.04815432456901,0.100393736563885,0.674325674325674,0.53946053946054,FALSE,FALSE,"reestimated",201.086,"31846"
"S3",2,100,0,548,23813846,33813865,"ok",NA,NA,1.11918574028286,0.0713189205465187,0.467532467532468,0.74025974025974,FALSE,FALSE,"reestimated",200.696,"31846"
"S3",2,100,0,549,23814855,33814874,"ok",NA,NA,0.98939000396264,0.0793941544382808,0.74025974025974,0.674325674325674,FALSE,FALSE,"reestimated",202.652,"31846"
"S3",2,100,0,550,23815864,33815883,"ok",NA,NA,1.3120315898166,0.247712991864777,0.22977022977023,0.037962037962038,FALSE,TRUE,"reestimated",199.928,"31846"
"S3",2,100,0,551,23816873,33816892,"ok",NA,NA,1.46290044566489,0.155118824479253,0.100899100899101,0.173826173826174,FALSE,FALSE,"reestimated",200.901,"31846"
"S3",2,100,0,552,23817882,33817901,"ok",NA,NA,1.11350616537393,0.0831422977066738,0.515484515484515,0.644355644355644,FALSE,FALSE,"reestimated",197.691,"31846"
"S3",2,100,0,553,23818891,33818910,"ok",NA,NA,0.937061190943914,0.0539565092559166,0.849150849150849,0.933066933066933,FALSE,FALSE,"reestimated",202.361000000001,"31846"
"S3",2,100,0,554,23819900,33819919,"ok",NA,NA,1.356134069694,0.209428441081812,0.196803196803197,0.0879120879120879,FALSE,FALSE,"reestimated",200.248000000001,"31846"
"S3",2,100,0,555,23820909,33820928,"ok",NA,NA,1.40871851105754,0.181006957327859,0.134865134865135,0.124875124875125,FALSE,FALSE,"reestimated",198.971,"31846"
"S3",2,100,0,556,23821918,33821937,"ok",NA,NA,1.14156015588562,0.102815300697905,0.492507492507492,0.483516483516484,FALSE,FALSE,"reestimated",197.61,"31846"
"S3",2,100,0,557,23822927,33822946,"ok",NA,NA,0.941941613706777,0.0694171592910467,0.825174825174825,0.807192807192807,FALSE,FALSE,"reestimated",202.515,"31846"
"S3",2,100,0,558,23823936,33823955,"ok",NA,NA,1.74312222818535,0.252381643946129,0.012987012987013,0.037962037962038,TRUE,TRUE,"reestimated",203.287,"31846"
"S3",2,100,0,559,23824945,33824964,"ok",NA,NA,1.33395452635846,0.130809094802508,0.185814185814186,0.251748251748252,FALSE,FALSE,"reestimated",201.231,"31846"
"S3",2,100,0,560,23825954,33825973,"ok",NA,NA,0.984391310058336,0.0808818075391532,0.759240759240759,0.691308691308691,FALSE,FALSE,"reestimated",198.928,"31846"
"S3",2,100,0,561,23826963,33826982,"ok",NA,NA,1.22044082584579,0.0861052377492801,0.33966033966034,0.61038961038961,FALSE,FALSE,"reestimated",197.421,"31846"
"S3",2,100,0,562,23827972,33827991,"ok",NA,NA,1.2120807635128,0.0934221203913249,0.352647352647353,0.532467532467532,FALSE,FALSE,"reestimated",197.277,"31846"
"S3",2,100,0,563,23828981,33829000,"ok",NA,NA,1.48656471928666,0.196180035229795,0.0809190809190809,0.0759240759240759,FALSE,FALSE,"reestimated",198.876999999999,"31846"
"S3",2,100,0,564,23829990,33830009,"ok",NA,NA,0.986373683532266,0.0846813043557418,0.774225774225774,0.635364635364635,FALSE,FALSE,"reestimated",199.402,"31846"
"S3",2,100,0,565,23830999,33831018,"ok",NA,NA,1.02465231018874,0.0825953873878955,0.701298701298701,0.659340659340659,FALSE,FALSE,"reestimated",196.031,"31846"
"S3",2,100,0,566,23832008,33832027,"ok",NA,NA,1.10283521061112,0.0841716313626377,0.515484515484515,0.617382617382617,FALSE,FALSE,"reestimated",197.367999999999,"31846"
"S3",2,100,0,567,23833017,33833036,"ok",NA,NA,1.63703115204631,0.236690644619144,0.037962037962038,0.0619380619380619,TRUE,FALSE,"reestimated",196.248000000001,"31846"
"S3",2,100,0,568,23834026,33834045,"ok",NA,NA,1.14112090890139,0.148426164036523,0.484515484515485,0.201798201798202,FALSE,FALSE,"reestimated",195.325,"31846"
"S3",2,100,0,569,23835035,33835054,"ok",NA,NA,0.798340615855626,0.043531085631384,0.98001998001998,0.986013986013986,FALSE,FALSE,"reestimated",197.87,"31846"
"S3",2,100,0,570,23836044,33836063,"ok",NA,NA,1.06792189254169,0.0957916141593001,0.588411588411588,0.496503496503497,FALSE,FALSE,"reestimated",197.133000000001,"31846"
"S3",2,100,0,571,23837053,33837072,"ok",NA,NA,1.13776075992424,0.0971740486025789,0.45954045954046,0.484515484515485,FALSE,FALSE,"reestimated",197.012,"31846"
"S3",2,100,0,572,23838062,33838081,"ok",NA,NA,1.06243461094871,0.0957596880093611,0.567432567432567,0.435564435564436,FALSE,FALSE,"reestimated",195.945,"31846"
"S3",2,100,0,573,23839071,33839090,"ok",NA,NA,1.15667449971678,0.108091412423951,0.412587412587413,0.388611388611389,FALSE,FALSE,"reestimated",200.51,"31846"
"S3",2,100,0,574,23840080,33840099,"ok",NA,NA,0.831560853722443,0.0631391938597792,0.963036963036963,0.88011988011988,FALSE,FALSE,"reestimated",197.49,"31846"
"S3",2,100,0,575,23841089,33841108,"ok",NA,NA,0.970215413340978,0.0801351528321864,0.783216783216783,0.669330669330669,FALSE,FALSE,"reestimated",198.295,"31846"
"S3",2,100,0,576,23842098,33842117,"ok",NA,NA,1.18218085492098,0.113305039856707,0.400599400599401,0.362637362637363,FALSE,FALSE,"reestimated",198.755,"31846"
"S3",2,100,0,577,23843107,33843126,"ok",NA,NA,1.01940646575195,0.0904514479263752,0.708291708291708,0.57042957042957,FALSE,FALSE,"reestimated",194.923,"32310"
"S3",2,100,0,578,23844116,33844135,"ok",NA,NA,1.01339599611683,0.105452706883634,0.669330669330669,0.418581418581419,FALSE,FALSE,"reestimated",191.863,"32310"
"S3",2,100,0,579,23845125,33845144,"ok",NA,NA,1.26594282925696,0.172659770212151,0.311688311688312,0.162837162837163,FALSE,FALSE,"reestimated",194.744,"32310"
"S3",2,100,0,580,23846134,33846153,"ok",NA,NA,0.98052738682924,0.0812406969083881,0.751248751248751,0.616383616383616,FALSE,FALSE,"reestimated",194.919,"32310"
"S3",2,100,0,581,23847143,33847162,"ok",NA,NA,1.23742598086177,0.140406136338511,0.298701298701299,0.192807192807193,FALSE,FALSE,"reestimated",195.087,"32310"
"S3",2,100,0,582,23848152,33848171,"ok",NA,NA,1.10173416461982,0.12092315945504,0.534465534465534,0.325674325674326,FALSE,FALSE,"reestimated",193.897,"32310"
"S3",2,100,0,583,23849161,33849180,"ok",NA,NA,1.15045725456786,0.0837532884392505,0.424575424575425,0.608391608391608,FALSE,FALSE,"reestimated",196.445,"32310"
"S3",2,100,0,584,23850170,33850189,"ok",NA,NA,0.957477721403653,0.0557682720872797,0.792207792207792,0.925074925074925,FALSE,FALSE,"reestimated",195.462,"32310"
"S3",2,100,0,585,23851179,33851198,"ok",NA,NA,0.926301065668096,0.0675598983474962,0.823176823176823,0.79020979020979,FALSE,FALSE,"reestimated",193.638,"32310"
"S3",2,100,0,586,23852188,33852207,"ok",NA,NA,1.00132495120213,0.0833357578926036,0.749250749250749,0.686313686313686,FALSE,FALSE,"reestimated",195.706,"32310"
"S3",2,100,0,587,23853197,33853216,"ok",NA,NA,1.31351565282966,0.147635755440046,0.218781218781219,0.240759240759241,FALSE,FALSE,"reestimated",195.762,"32310"
"S3",2,100,0,588,23854206,33854225,"ok",NA,NA,1.01096005815424,0.104464560181522,0.669330669330669,0.413586413586414,FALSE,FALSE,"reestimated",197.108,"32310"
"S3",2,100,0,589,23855215,33855234,"ok",NA,NA,1.1344490791508,0.0989867546204692,0.526473526473527,0.527472527472527,FALSE,FALSE,"reestimated",193.315,"32310"
"S3",2,100,0,590,23856224,33856243,"ok",NA,NA,1.23843651254598,0.169391715847202,0.321678321678322,0.142857142857143,FALSE,FALSE,"reestimated",194.996,"32310"
"S3",2,100,0,591,23857233,33857252,"ok",NA,NA,0.986976739579217,0.0661783761554953,0.753246753246753,0.817182817182817,FALSE,FALSE,"reestimated",193.834,"32310"
"S3",2,100,0,592,23858242,33858261,"ok",NA,NA,1.48911214133899,0.140909722964307,0.0699300699300699,0.164835164835165,FALSE,FALSE,"reestimated",198.002,"32310"
"S3",2,100,0,593,23859251,33859270,"ok",NA,NA,1.31444544533253,0.139407383572456,0.202797202797203,0.216783216783217,FALSE,FALSE,"reestimated",199.86,"32310"
"S3",2,100,0,594,23860260,33860279,"ok",NA,NA,1.32252171408382,0.124212692938788,0.1998001998002,0.2997002997003,FALSE,FALSE,"reestimated",200.053,"32310"
"S3",2,100,0,595,23861269,33861288,"ok",NA,NA,0.972939364599761,0.0613698447905057,0.785214785214785,0.896103896103896,FALSE,FALSE,"reestimated",198.905,"32310"
"S3",2,100,0,596,23862278,33862297,"ok",NA,NA,1.21655052448684,0.112373318333491,0.325674325674326,0.362637362637363,FALSE,FALSE,"reestimated",194.969,"32310"
"S3",2,100,0,597,23863287,33863306,"ok",NA,NA,1.11532630999674,0.104431300518608,0.478521478521479,0.395604395604396,FALSE,FALSE,"reestimated",195.309,"32310"
"S3",2,100,0,598,23864296,33864315,"ok",NA,NA,1.05718469087731,0.0742354502663674,0.644355644355644,0.77022977022977,FALSE,FALSE,"reestimated",198.688,"32310"
"S3",2,100,0,599,23865305,33865324,"ok",NA,NA,0.792055608483492,0.0587512260824171,0.975024975024975,0.9000999000999,FALSE,FALSE,"reestimated",195.682,"32310"
"S3",2,100,0,600,23866314,33866333,"ok",NA,NA,1.59091424374807,0.28290381735371,0.040959040959041,0.011988011988012,TRUE,TRUE,"reestimated",195.446,"32310"
"S3",2,100,0,601,23867323,33867342,"ok",NA,NA,1.13620276583664,0.0749145233548685,0.487512487512487,0.727272727272727,FALSE,FALSE,"reestimated",198.216,"32310"
"S3",2,100,0,602,23868332,33868351,"ok",NA,NA,1.7537375170262,0.462107960419194,0.015984015984016,0.001998001998002,TRUE,TRUE,"reestimated",193.814,"32310"
"S3",2,100,0,603,23869341,33869360,"ok",NA,NA,1.09008177999672,0.110750269830446,0.578421578421578,0.415584415584416,FALSE,FALSE,"reestimated",196.445,"32310"
"S3",2,100,0,604,23870350,33870369,"ok",NA,NA,1.03446037499996,0.0787977974708432,0.65034965034965,0.663336663336663,FALSE,FALSE,"reestimated",194.445,"32310"
"S3",2,100,0,605,23871359,33871378,"ok",NA,NA,0.921968060078593,0.0505443795164316,0.842157842157842,0.964035964035964,FALSE,FALSE,"reestimated",199.449,"32310"
"S3",2,100,0,606,23872368,33872387,"ok",NA,NA,1.2512990968887,0.108665763127584,0.23976023976024,0.330669330669331,FALSE,FALSE,"reestimated",198.481,"32310"
"S3",2,100,0,607,23873377,33873396,"ok",NA,NA,1.16507065434043,0.107076080427902,0.412587412587413,0.406593406593407,FALSE,FALSE,"reestimated",199.008,"32310"
"S3",2,100,0,608,23874386,33874405,"ok",NA,NA,1.22068513888534,0.10314136116146,0.308691308691309,0.441558441558442,FALSE,FALSE,"reestimated",194.176,"32310"
"S3",2,100,0,609,23875395,33875414,"ok",NA,NA,1.08196252154876,0.102133468652421,0.558441558441558,0.437562437562438,FALSE,FALSE,"reestimated",198.846,"32310"
"S3",2,100,0,610,23876404,33876423,"ok",NA,NA,1.48697256861359,0.136843995034787,0.0819180819180819,0.233766233766234,FALSE,FALSE,"reestimated",197.795,"32310"
"S3",2,100,0,611,23877413,33877432,"ok",NA,NA,1.06065873646256,0.0999015868893895,0.618381618381618,0.466533466533467,FALSE,FALSE,"reestimated",195.32,"32310"
"S3",2,100,0,612,23878422,33878441,"ok",NA,NA,1.18477337337531,0.0854215385499859,0.437562437562438,0.657342657342657,FALSE,FALSE,"reestimated",197.023,"32310"
"S3",2,100,0,613,23879431,33879450,"ok",NA,NA,1.1167848024355,0.10249023845457,0.572427572427572,0.536463536463537,FALSE,FALSE,"reestimated",198.915,"32310"
"S3",2,100,0,614,23880440,33880459,"ok",NA,NA,1.14888739954688,0.0882700957175516,0.480519480519481,0.622377622377622,FALSE,FALSE,"reestimated",195.089,"32310"
"S3",2,100,0,615,23881449,33881468,"ok",NA,NA,1.05120810401786,0.0830902507230359,0.639360639360639,0.653346653346653,FALSE,FALSE,"reestimated",200.147,"32310"
"S3",2,100,0,616,23882458,33882477,"ok",NA,NA,1.53427384607781,0.179345690061239,0.0659340659340659,0.114885114885115,FALSE,FALSE,"reestimated",194.804,"32310"
"S3",2,100,0,617,23883467,33883486,"ok",NA,NA,1.32454977893397,0.164431588002489,0.228771228771229,0.180819180819181,FALSE,FALSE,"reestimated",199.389,"32310"
"S3",2,100,0,618,23884476,33884495,"ok",NA,NA,1.12589660966488,0.0712046938010109,0.464535464535465,0.744255744255744,FALSE,FALSE,"reestimated",198.897,"32310"
"S3",2,100,0,619,23885485,33885504,"ok",NA,NA,1.06553557403118,0.0845602909093771,0.625374625374625,0.666333666333666,FALSE,FALSE,"reestimated",196.539,"32310"
"S3",2,100,0,620,23886494,33886513,"ok",NA,NA,1.00703571410941,0.0822916070689092,0.741258741258741,0.679320679320679,FALSE,FALSE,"reestimated",195.372,"32310"
"S3",2,100,0,621,23887503,33887522,"ok",NA,NA,1.12658295606302,0.129784942042226,0.485514485514486,0.277722277722278,FALSE,FALSE,"reestimated",198.786,"32310"
"S3",2,100,0,622,23888512,33888531,"ok",NA,NA,1.19068617506334,0.130725322581516,0.412587412587413,0.321678321678322,FALSE,FALSE,"reestimated",198.986,"32310"
"S3",2,100,0,623,23889521,33889540,"ok",NA,NA,1.18866276908791,0.16596016623579,0.368631368631369,0.123876123876124,FALSE,FALSE,"reestimated",201.836,"32310"
"S3",2,100,0,624,23890530,33890549,"ok",NA,NA,1.33321885343566,0.135483578643337,0.207792207792208,0.271728271728272,FALSE,FALSE,"reestimated",200.818,"32310"
"S3",2,100,0,625,23891539,33891558,"ok",NA,NA,1.05591758757076,0.0877161714801134,0.65034965034965,0.586413586413586,FALSE,FALSE,"reestimated",194.14,"32310"
"S3",2,100,0,626,23892548,33892567,"ok",NA,NA,1.3896230056139,0.119656887591359,0.128871128871129,0.30969030969031,FALSE,FALSE,"reestimated",195.741,"32310"
"S3",2,100,0,627,23893557,33893576,"ok",NA,NA,1.17272619390875,0.082808335215563,0.421578421578422,0.64035964035964,FALSE,FALSE,"reestimated",193.639,"32310"
"S3",2,100,0,628,23894566,33894585,"ok",NA,NA,0.960533231148649,0.0670422045083863,0.784215784215784,0.802197802197802,FALSE,FALSE,"reestimated",196.521,"32310"
"S3",2,100,0,629,23895575,33895594,"ok",NA,NA,1.09828221694953,0.102209207718821,0.534465534465534,0.438561438561439,FALSE,FALSE,"reestimated",195.995,"32310"
"S3",2,100,0,630,23896584,33896603,"ok",NA,NA,1.1435408793109,0.150466482670203,0.495504495504495,0.185814185814186,FALSE,FALSE,"reestimated",195.184,"32310"
"S3",2,100,0,631,23897593,33897612,"ok",NA,NA,1.14424047405147,0.129576060894063,0.494505494505495,0.300699300699301,FALSE,FALSE,"reestimated",197.209,"32310"
"S3",2,100,0,632,23898602,33898621,"ok",NA,NA,1.38174473401892,0.256641217919678,0.13986013986014,0.025974025974026,FALSE,TRUE,"reestimated",192.199,"32310"
"S3",2,100,0,633,23899611,33899630,"ok",NA,NA,1.08218707302175,0.0885475451341414,0.573426573426573,0.584415584415584,FALSE,FALSE,"reestimated",195.245,"32310"
"S3",2,100,0,634,23900620,33900639,"ok",NA,NA,1.0580369275912,0.158987095628973,0.602397602397602,0.147852147852148,FALSE,FALSE,"reestimated",195.058,"32310"
"S3",2,100,0,635,23901629,33901648,"ok",NA,NA,1.02708077345612,0.0796182646989231,0.701298701298701,0.702297702297702,FALSE,FALSE,"reestimated",197.593,"32310"
"S3",2,100,0,636,23902638,33902657,"ok",NA,NA,1.28506362017576,0.144736788038559,0.240759240759241,0.197802197802198,FALSE,FALSE,"reestimated",196.159,"32310"
"S3",2,100,0,637,23903647,33903666,"ok",NA,NA,0.935138485963544,0.080967851725214,0.834165834165834,0.67032967032967,FALSE,FALSE,"reestimated",196.672,"32310"
"S3",2,100,0,638,23904656,33904675,"ok",NA,NA,1.07609601046339,0.0790735745881617,0.607392607392607,0.694305694305694,FALSE,FALSE,"reestimated",194.754,"32310"
"S3",2,100,0,639,23905665,33905684,"ok",NA,NA,1.16951513631831,0.145590737434365,0.432567432567433,0.18981018981019,FALSE,FALSE,"reestimated",195.114,"32310"
"S3",2,100,0,640,23906674,33906693,"ok",NA,NA,1.0363129954661,0.0953939072286484,0.657342657342657,0.518481518481518,FALSE,FALSE,"reestimated",192.833,"32310"
"S3",2,100,0,641,23907683,33907702,"ok",NA,NA,1.00732812740932,0.106594993387897,0.699300699300699,0.378621378621379,FALSE,FALSE,"reestimated",195.262,"32310"
"S3",2,100,0,642,23908692,33908711,"ok",NA,NA,1.27805178535087,0.170481984937911,0.281718281718282,0.152847152847153,FALSE,FALSE,"reestimated",193.478,"32310"
"S3",2,100,0,643,23909701,33909720,"ok",NA,NA,0.969500998438323,0.0732247307922405,0.801198801198801,0.781218781218781,FALSE,FALSE,"reestimated",193.877,"32310"
"S3",2,100,0,644,23910710,33910729,"ok",NA,NA,1.00218084055401,0.0824132797774343,0.748251748251748,0.686313686313686,FALSE,FALSE,"reestimated",195.521,"32310"
"S3",2,100,0,645,23911719,33911738,"ok",NA,NA,1.37675393586872,0.171879359636604,0.163836163836164,0.143856143856144,FALSE,FALSE,"reestimated",196.388,"32310"
"S3",2,100,0,646,23912728,33912747,"ok",NA,NA,1.06641904506197,0.134176813433784,0.603396603396603,0.215784215784216,FALSE,FALSE,"reestimated",199.113,"32310"
"S3",2,100,0,647,23913737,33913756,"ok",NA,NA,1.29403605876321,0.174637683755393,0.227772227772228,0.117882117882118,FALSE,FALSE,"reestimated",196.765,"32310"
"S3",2,100,0,648,23914746,33914765,"ok",NA,NA,1.5714991354241,0.166273316742167,0.0629370629370629,0.166833166833167,FALSE,FALSE,"reestimated",198.522,"32310"
"S3",2,100,0,649,23915755,33915774,"ok",NA,NA,1.04346259738886,0.0813812139891006,0.637362637362637,0.646353646353646,FALSE,FALSE,"reestimated",196.473,"32310"
"S3",2,100,0,650,23916764,33916783,"ok",NA,NA,1.21139581456243,0.114989463841351,0.357642357642358,0.344655344655345,FALSE,FALSE,"reestimated",198.963,"32310"
"S3",2,100,0,651,23917773,33917792,"ok",NA,NA,1.22049459743236,0.113437478096193,0.410589410589411,0.442557442557443,FALSE,FALSE,"reestimated",196.895,"32310"
"S3",2,100,0,652,23918782,33918801,"ok",NA,NA,0.847275640514507,0.070163530359307,0.935064935064935,0.775224775224775,FALSE,FALSE,"reestimated",197.088,"32310"
"S3",2,100,0,653,23919791,33919810,"ok",NA,NA,1.78938694808376,0.224382880263577,0.010989010989011,0.030969030969031,TRUE,TRUE,"reestimated",197.239,"32310"
"S3",2,100,0,654,23920800,33920819,"ok",NA,NA,1.10381647936842,0.0711382461447968,0.543456543456543,0.815184815184815,FALSE,FALSE,"reestimated",198.248,"32310"
"S3",2,100,0,655,23921809,33921828,"ok",NA,NA,1.06545202805795,0.0960793457623783,0.608391608391608,0.506493506493506,FALSE,FALSE,"reestimated",194.521,"32310"
"S3",2,100,0,656,23922818,33922837,"ok",NA,NA,0.910977220064676,0.0661381730697744,0.872127872127872,0.829170829170829,FALSE,FALSE,"reestimated",194.188,"32310"
"S3",2,100,0,657,23923827,33923846,"ok",NA,NA,1.30509511129875,0.0960111428979074,0.214785214785215,0.466533466533467,FALSE,FALSE,"reestimated",194.471,"32310"
"S3",2,100,0,658,23924836,33924855,"ok",NA,NA,1.55849618975903,0.238053232132688,0.051948051948052,0.0629370629370629,FALSE,FALSE,"reestimated",194.298,"32310"
"S3",2,100,0,659,23925845,33925864,"ok",NA,NA,1.05497646628709,0.0889659547527175,0.601398601398601,0.542457542457542,FALSE,FALSE,"reestimated",197.842,"32310"
"S3",2,100,0,660,23926854,33926873,"ok",NA,NA,1.20784794037793,0.116304136328023,0.392607392607393,0.404595404595405,FALSE,FALSE,"reestimated",197.51,"32310"
"S3",2,100,0,661,23927863,33927882,"ok",NA,NA,1.06465807130507,0.0691314831459941,0.599400599400599,0.782217782217782,FALSE,FALSE,"reestimated",197.231,"32310"
"S3",2,100,0,662,23928872,33928891,"ok",NA,NA,0.982523877157734,0.0688576268982834,0.792207792207792,0.841158841158841,FALSE,FALSE,"reestimated",200.253,"32310"
"S3",2,100,0,663,23929881,33929900,"ok",NA,NA,1.26704319729322,0.105146330135006,0.26973026973027,0.457542457542458,FALSE,FALSE,"reestimated",197.215,"32310"
"S3",2,100,0,664,23930890,33930909,"ok",NA,NA,1.27756488604624,0.114174282824021,0.298701298701299,0.434565434565435,FALSE,FALSE,"reestimated",196.822,"32310"
"S3",2,100,0,665,23931899,33931918,"ok",NA,NA,1.20370105708538,0.138954425088823,0.362637362637363,0.254745254745255,FALSE,FALSE,"reestimated",193.839,"32310"
"S3",2,100,0,666,23932908,33932927,"ok",NA,NA,1.2092971772919,0.12533213172288,0.328671328671329,0.270729270729271,FALSE,FALSE,"reestimated",196.521,"32310"
"S3",2,100,0,667,23933917,33933936,"ok",NA,NA,1.28697650825892,0.166751473381515,0.282717282717283,0.181818181818182,FALSE,FALSE,"reestimated",194.985,"32310"
"S3",2,100,0,668,23934926,33934945,"ok",NA,NA,1.13199970650367,0.0665517626992798,0.501498501498502,0.813186813186813,FALSE,FALSE,"reestimated",199.09,"32310"
"S3",2,100,0,669,23935935,33935954,"ok",NA,NA,1.24270149017778,0.140477712494079,0.293706293706294,0.210789210789211,FALSE,FALSE,"reestimated",197.059,"32310"
"S3",2,100,0,670,23936944,33936963,"ok",NA,NA,1.13711357364529,0.0900737462620517,0.464535464535465,0.568431568431568,FALSE,FALSE,"reestimated",196.973,"32310"
"S3",2,100,0,671,23937953,33937972,"ok",NA,NA,1.22526783868386,0.111796773936518,0.310689310689311,0.358641358641359,FALSE,FALSE,"reestimated",198.669,"32310"
"S3",2,100,0,672,23938962,33938981,"ok",NA,NA,1.01856979781422,0.0657016067146676,0.691308691308691,0.838161838161838,FALSE,FALSE,"reestimated",196.565,"32310"
"S3",2,100,0,673,23939971,33939990,"ok",NA,NA,0.9291384075324,0.0616270921563015,0.863136863136863,0.881118881118881,FALSE,FALSE,"reestimated",199.118,"32310"
"S3",2,100,0,674,23940980,33940999,"ok",NA,NA,1.09796831590906,0.108422048536552,0.536463536463537,0.384615384615385,FALSE,FALSE,"reestimated",196.316,"32310"
"S3",2,100,0,675,23941989,33942008,"ok",NA,NA,1.05819659888439,0.0904560022236739,0.58041958041958,0.533466533466533,FALSE,FALSE,"reestimated",196.899,"32310"
"S3",2,100,0,676,23942998,33943017,"ok",NA,NA,0.885834300093133,0.0715463274162605,0.883116883116883,0.721278721278721,FALSE,FALSE,"reestimated",198.809,"32310"
"S3",2,100,0,677,23944007,33944026,"ok",NA,NA,1.16770930164743,0.153462382354763,0.392607392607393,0.158841158841159,FALSE,FALSE,"reestimated",198.957,"32310"
"S3",2,100,0,678,23945016,33945035,"ok",NA,NA,1.68140354168727,0.327876798590036,0.023976023976024,0.012987012987013,TRUE,TRUE,"reestimated",191.068,"32310"
"S3",2,100,0,679,23946025,33946044,"ok",NA,NA,0.940876771788799,0.0514346735203461,0.828171828171828,0.948051948051948,FALSE,FALSE,"reestimated",194.866,"32310"
"S3",2,100,0,680,23947034,33947053,"ok",NA,NA,0.85467837539779,0.0604436836793613,0.945054945054945,0.889110889110889,FALSE,FALSE,"reestimated",199.498,"32310"
"S3",2,100,0,681,23948043,33948062,"ok",NA,NA,1.36800099798702,0.138976564318149,0.14985014985015,0.193806193806194,FALSE,FALSE,"reestimated",200.456,"32310"
"S3",2,100,0,682,23949052,33949071,"ok",NA,NA,1.10483036036471,0.0778087278459867,0.509490509490509,0.675324675324675,FALSE,FALSE,"reestimated",197.415,"32310"
"S3",2,100,0,683,23950061,33950080,"ok",NA,NA,1.50344549393186,0.118619694660666,0.0709290709290709,0.313686313686314,FALSE,FALSE,"reestimated",196.103,"32310"
"S3",2,100,0,684,23951070,33951089,"ok",NA,NA,0.959073570481292,0.0844139361944861,0.774225774225774,0.585414585414585,FALSE,FALSE,"reestimated",197.04,"32310"
"S3",2,100,0,685,23952079,33952098,"ok",NA,NA,1.40735657024575,0.109408741125191,0.121878121878122,0.392607392607393,FALSE,FALSE,"reestimated",197.972,"32310"
"S3",2,100,0,686,23953088,33953107,"ok",NA,NA,1.10478326098689,0.0836645974202408,0.537462537462537,0.648351648351648,FALSE,FALSE,"reestimated",197.574,"32310"
"S3",2,100,0,687,23954097,33954116,"ok",NA,NA,1.39366523673343,0.19379998573249,0.163836163836164,0.11988011988012,FALSE,FALSE,"reestimated",193.791,"32310"
"S3",2,100,0,688,23955106,33955125,"ok",NA,NA,0.912596778578087,0.0707142698392194,0.873126873126873,0.786213786213786,FALSE,FALSE,"reestimated",193.216,"32310"
"S3",2,100,0,689,23956115,33956134,"ok",NA,NA,1.39366764664543,0.214989279228028,0.141858141858142,0.0689310689310689,FALSE,FALSE,"reestimated",192.851,"32310"
"S3",2,100,0,690,23957124,33957143,"ok",NA,NA,1.08476143959375,0.0953766714560561,0.585414585414585,0.521478521478521,FALSE,FALSE,"reestimated",197.517,"32310"
"S3",2,100,0,691,23958133,33958152,"ok",NA,NA,1.41325661341811,0.178207098954272,0.0919080919080919,0.0639360639360639,FALSE,FALSE,"reestimated",194.458,"32310"
"S3",2,100,0,692,23959142,33959161,"ok",NA,NA,1.20619818012304,0.0792766237867175,0.373626373626374,0.697302697302697,FALSE,FALSE,"reestimated",195.246,"32310"
"S3",2,100,0,693,23960151,33960170,"ok",NA,NA,1.12268401662373,0.118179554054824,0.548451548451548,0.366633366633367,FALSE,FALSE,"reestimated",195.96,"32310"
"S3",2,100,0,694,23961160,33961179,"ok",NA,NA,0.993124019712354,0.0892593967763048,0.75024975024975,0.563436563436563,FALSE,FALSE,"reestimated",195.199,"32310"
"S3",2,100,0,695,23962169,33962188,"ok",NA,NA,1.41853755051719,0.151587919178899,0.122877122877123,0.162837162837163,FALSE,FALSE,"reestimated",195.897,"32310"
"S3",2,100,0,696,23963178,33963197,"ok",NA,NA,1.26060438501298,0.162386848842114,0.287712287712288,0.164835164835165,FALSE,FALSE,"reestimated",195.949,"32310"
"S3",2,100,0,697,23964187,33964206,"ok",NA,NA,1.12273630687985,0.10116925292716,0.498501498501498,0.45954045954046,FALSE,FALSE,"reestimated",196.753,"32310"
"S3",2,100,0,698,23965196,33965215,"ok",NA,NA,1.55541564378159,0.166523584834353,0.041958041958042,0.0949050949050949,TRUE,FALSE,"reestimated",197.733,"32310"
"S3",2,100,0,699,23966205,33966224,"ok",NA,NA,1.02902422745176,0.0618885206264907,0.7002997002997,0.889110889110889,FALSE,FALSE,"reestimated",194.746,"32310"
"S3",2,100,0,700,23967214,33967233,"ok",NA,NA,1.20173467344897,0.151014967916348,0.41958041958042,0.222777222777223,FALSE,FALSE,"reestimated",196.887,"32310"
"S3",2,100,0,701,23968223,33968242,"ok",NA,NA,1.08151113217084,0.0949669614298769,0.551448551448551,0.491508491508492,FALSE,FALSE,"reestimated",194.975,"32310"
"S3",2,100,0,702,23969232,33969251,"ok",NA,NA,1.17263072227086,0.0883183325641265,0.424575424575425,0.569430569430569,FALSE,FALSE,"reestimated",194.17,"32310"
"S3",2,100,0,703,23970241,33970260,"ok",NA,NA,1.34075530483051,0.166391760225625,0.1998001998002,0.155844155844156,FALSE,FALSE,"reestimated",195.903,"32310"
"S3",2,100,0,704,23971250,33971269,"ok",NA,NA,1.0666580707335,0.0995280138969902,0.631368631368631,0.502497502497502,FALSE,FALSE,"reestimated",194.954,"32310"
"S3",2,100,0,705,23972259,33972278,"ok",NA,NA,1.07098331188811,0.0756476689070365,0.608391608391608,0.742257742257742,FALSE,FALSE,"reestimated",197.81,"32310"
"S3",2,100,0,706,23973268,33973287,"ok",NA,NA,1.05496851955249,0.0759616756770252,0.666333666333666,0.769230769230769,FALSE,FALSE,"reestimated",198.659,"32310"
"S3",2,100,0,707,23974277,33974296,"ok",NA,NA,1.43182134881441,0.188873503649072,0.126873126873127,0.123876123876124,FALSE,FALSE,"reestimated",193.231,"32310"
"S3",2,100,0,708,23975286,33975305,"ok",NA,NA,0.97957669381849,0.0704700830516791,0.767232767232767,0.793206793206793,FALSE,FALSE,"reestimated",197.317,"32310"
"S3",2,100,0,709,23976295,33976314,"ok",NA,NA,0.97707487262759,0.0881820363426939,0.809190809190809,0.658341658341658,FALSE,FALSE,"reestimated",197.376,"32310"
"S3",2,100,0,710,23977304,33977323,"ok",NA,NA,1.31720093913731,0.223773497957717,0.238761238761239,0.0529470529470529,FALSE,FALSE,"reestimated",200.175,"32310"
"S3",2,100,0,711,23978313,33978332,"ok",NA,NA,1.24188805313052,0.0927465533998351,0.296703296703297,0.547452547452547,FALSE,FALSE,"reestimated",194.142,"32310"
"S3",2,100,0,712,23979322,33979341,"ok",NA,NA,0.905431835807845,0.060029473146615,0.897102897102897,0.89010989010989,FALSE,FALSE,"reestimated",194.467,"32310"
"S3",2,100,0,713,23980331,33980350,"ok",NA,NA,1.14790624813568,0.10912883079088,0.454545454545455,0.411588411588412,FALSE,FALSE,"reestimated",196.956,"32310"
"S3",2,100,0,714,23981340,33981359,"ok",NA,NA,1.28229018712344,0.0887978898455111,0.218781218781219,0.521478521478521,FALSE,FALSE,"reestimated",198.444,"32310"
"S3",2,100,0,715,23982349,33982368,"ok",NA,NA,0.993195778163226,0.0775576288267518,0.743256743256743,0.711288711288711,FALSE,FALSE,"reestimated",192.944,"32310"
"S3",2,100,0,716,23983358,33983377,"ok",NA,NA,1.2036609323337,0.0926934274967701,0.373626373626374,0.558441558441558,FALSE,FALSE,"reestimated",197.84,"32310"
"S3",2,100,0,717,23984367,33984386,"ok",NA,NA,1.33268931395872,0.164873190419588,0.162837162837163,0.0939060939060939,FALSE,FALSE,"reestimated",199.187,"32310"
"S3",2,100,0,718,23985376,33985395,"ok",NA,NA,1.41787704941798,0.143049974036152,0.132867132867133,0.270729270729271,FALSE,FALSE,"reestimated",193.841,"32310"
"S3",2,100,0,719,23986385,33986404,"ok",NA,NA,1.61400177171945,0.400689211638288,0.041958041958042,0.00799200799200799,TRUE,TRUE,"reestimated",195.262,"32310"
"S3",2,100,0,720,23987394,33987413,"ok",NA,NA,1.31673569351207,0.173906487769261,0.223776223776224,0.12987012987013,FALSE,FALSE,"reestimated",196.341,"32310"
"S3",2,100,0,721,23988403,33988422,"ok",NA,NA,1.03634827435229,0.0786129000518631,0.637362637362637,0.629370629370629,FALSE,FALSE,"reestimated",195.402,"32310"
"S3",2,100,0,722,23989412,33989431,"ok",NA,NA,1.26705141191803,0.101487177737841,0.263736263736264,0.473526473526474,FALSE,FALSE,"reestimated",195.638,"32310"
"S3",2,100,0,723,23990421,33990440,"ok",NA,NA,1.33213679271171,0.121979178372378,0.220779220779221,0.400599400599401,FALSE,FALSE,"reestimated",198.647,"32310"
"S3",2,100,0,724,23991430,33991449,"ok",NA,NA,1.15028268229001,0.0785228845057089,0.451548451548452,0.689310689310689,FALSE,FALSE,"reestimated",199.713,"32310"
"S3",2,100,0,725,23992439,33992458,"ok",NA,NA,1.66403482042946,0.139664216753649,0.020979020979021,0.201798201798202,TRUE,FALSE,"reestimated",200.25,"32310"
"S3",2,100,0,726,23993448,33993467,"ok",NA,NA,1.02725168241755,0.0830582141923931,0.714285714285714,0.691308691308691,FALSE,FALSE,"reestimated",197.824,"32310"
"S3",2,100,0,727,23994457,33994476,"ok",NA,NA,1.58732886321327,0.213233200511297,0.038961038961039,0.046953046953047,TRUE,TRUE,"reestimated",201.749,"32310"
"S3",2,100,0,728,23995466,33995485,"ok",NA,NA,1.07686660264599,0.0916205376562234,0.594405594405594,0.574425574425574,FALSE,FALSE,"reestimated",195.516,"32310"
"S3",2,100,0,729,23996475,33996494,"ok",NA,NA,1.2406094103587,0.122765455648716,0.290709290709291,0.315684315684316,FALSE,FALSE,"reestimated",197.868,"32310"
"S3",2,100,0,730,23997484,33997503,"ok",NA,NA,1.17037470232344,0.127463832026687,0.40959040959041,0.248751248751249,FALSE,FALSE,"reestimated",199.407,"32310"
"S3",2,100,0,731,23998493,33998512,"ok",NA,NA,1.06425203181148,0.106418855039151,0.583416583416583,0.376623376623377,FALSE,FALSE,"reestimated",193.256,"32310"
"S3",2,100,0,732,23999502,33999521,"ok",NA,NA,1.38030223859402,0.140653994411242,0.154845154845155,0.223776223776224,FALSE,FALSE,"reestimated",201.029,"32310"
"S3",2,100,0,733,24000511,34000530,"ok",NA,NA,1.02242681054608,0.0807296007593485,0.698301698301698,0.68031968031968,FALSE,FALSE,"reestimated",196.8,"32310"
"S3",2,100,0,734,24001520,34001539,"ok",NA,NA,1.26304981411257,0.10680575410689,0.271728271728272,0.426573426573427,FALSE,FALSE,"reestimated",197.595,"32310"
"S3",2,100,0,735,24002529,34002548,"ok",NA,NA,1.47670074645101,0.165556020451067,0.0669330669330669,0.103896103896104,FALSE,FALSE,"reestimated",199.72,"32310"
"S3",2,100,0,736,24003538,34003557,"ok",NA,NA,1.19607308032974,0.101766366724875,0.354645354645355,0.426573426573427,FALSE,FALSE,"reestimated",198.375,"32310"
"S3",2,100,0,737,24004547,34004566,"ok",NA,NA,0.997099491455489,0.0648719756501862,0.745254745254745,0.839160839160839,FALSE,FALSE,"reestimated",198.287,"32310"
"S3",2,100,0,738,24005556,34005575,"ok",NA,NA,0.893668601770118,0.0730668667757883,0.913086913086913,0.793206793206793,FALSE,FALSE,"reestimated",195.811,"32310"
"S3",2,100,0,739,24006565,34006584,"ok",NA,NA,1.01812170643945,0.091398989467628,0.692307692307692,0.554445554445554,FALSE,FALSE,"reestimated",194.493,"32310"
"S3",2,100,0,740,24007574,34007593,"ok",NA,NA,0.851132143226755,0.045090379575596,0.934065934065934,0.983016983016983,FALSE,FALSE,"reestimated",198.779,"32310"
"S3",2,100,0,741,24008583,34008602,"ok",NA,NA,1.14128468588197,0.101707361371329,0.424575424575425,0.401598401598402,FALSE,FALSE,"reestimated",198.228,"32310"
"S3",2,100,0,742,24009592,34009611,"ok",NA,NA,0.933103346766384,0.0755180355471883,0.82017982017982,0.684315684315684,FALSE,FALSE,"reestimated",194.373,"32310"
"S3",2,100,0,743,24010601,34010620,"ok",NA,NA,0.84312464690541,0.0686918452553012,0.953046953046953,0.82017982017982,FALSE,FALSE,"reestimated",195.805,"32310"
"S3",2,100,0,744,24011610,34011629,"ok",NA,NA,1.47988962276095,0.245001180831052,0.0919080919080919,0.033966033966034,FALSE,TRUE,"reestimated",195.578,"32310"
"S3",2,100,0,745,24012619,34012638,"ok",NA,NA,0.929978211867709,0.064488677646964,0.856143856143856,0.833166833166833,FALSE,FALSE,"reestimated",195.501,"32310"
"S3",2,100,0,746,24013628,34013647,"ok",NA,NA,1.17471446234412,0.0939329155175234,0.404595404595405,0.519480519480519,FALSE,FALSE,"reestimated",198.303,"32310"
"S3",2,100,0,747,24014637,34014656,"ok",NA,NA,1.4250313022353,0.203714469515861,0.135864135864136,0.0859140859140859,FALSE,FALSE,"reestimated",196.71,"32310"
"S3",2,100,0,748,24015646,34015665,"ok",NA,NA,1.11067092210741,0.0889961436900086,0.558441558441558,0.607392607392607,FALSE,FALSE,"reestimated",198.635,"32310"
"S3",2,100,0,749,24016655,34016674,"ok",NA,NA,0.969713663661635,0.062336807760711,0.798201798201798,0.872127872127872,FALSE,FALSE,"reestimated",197.162,"32310"
"S3",2,100,0,750,24017664,34017683,"ok",NA,NA,0.769427810789864,0.0494145588574667,0.988011988011988,0.977022977022977,FALSE,FALSE,"reestimated",195.426,"32310"
"S3",2,100,0,751,24018673,34018692,"ok",NA,NA,1.54986578324279,0.236341981914408,0.0699300699300699,0.0589410589410589,FALSE,FALSE,"reestimated",196.926,"32310"
"S3",2,100,0,752,24019682,34019701,"ok",NA,NA,1.544494942849,0.121647159014969,0.044955044955045,0.276723276723277,TRUE,FALSE,"reestimated",199.711,"32310"
"S3",2,100,0,753,24020691,34020710,"ok",NA,NA,1.49247400104565,0.197726095238249,0.0769230769230769,0.0779220779220779,FALSE,FALSE,"reestimated",195.702,"32310"
"S3",2,100,0,754,24021700,34021719,"ok",NA,NA,1.09628884819559,0.0938204049663828,0.559440559440559,0.55044955044955,FALSE,FALSE,"reestimated",193.455,"32310"
"S3",2,100,0,755,24022709,34022728,"ok",NA,NA,1.24157669252347,0.119420254826125,0.278721278721279,0.290709290709291,FALSE,FALSE,"reestimated",197.568,"32310"
"S3",2,100,0,756,24023718,34023737,"ok",NA,NA,1.12960618565226,0.109121426642682,0.513486513486514,0.453546453546454,FALSE,FALSE,"reestimated",197.225,"32310"
"S3",2,100,0,757,24024727,34024746,"ok",NA,NA,1.41052797571544,0.118321185029581,0.121878121878122,0.304695304695305,FALSE,FALSE,"reestimated",194.246,"32310"
"S3",2,100,0,758,24025736,34025755,"ok",NA,NA,1.1524990502488,0.138910446032292,0.475524475524476,0.261738261738262,FALSE,FALSE,"reestimated",194.163,"32310"
"S3",2,100,0,759,24026745,34026764,"ok",NA,NA,1.14756865610819,0.106716362703502,0.456543456543457,0.421578421578422,FALSE,FALSE,"reestimated",197.995,"32310"
"S3",2,100,0,760,24027754,34027773,"ok",NA,NA,1.32150705176233,0.209399886600114,0.208791208791209,0.0689310689310689,FALSE,FALSE,"reestimated",195.997,"32310"
"S3",2,100,0,761,24028763,34028782,"ok",NA,NA,1.05651464579567,0.0980772385183103,0.606393606393606,0.480519480519481,FALSE,FALSE,"reestimated",196.182,"32310"
"S3",2,100,0,762,24029772,34029791,"ok",NA,NA,1.24339767084333,0.108773178097161,0.325674325674326,0.424575424575425,FALSE,FALSE,"reestimated",195.585,"32310"
"S3",2,100,0,763,24030781,34030800,"ok",NA,NA,1.49700361446162,0.184437493295822,0.0929070929070929,0.120879120879121,FALSE,FALSE,"reestimated",196.569,"32310"
"S3",2,100,0,764,24031790,34031809,"ok",NA,NA,1.39409957752635,0.144218755936367,0.171828171828172,0.266733266733267,FALSE,FALSE,"reestimated",195.137,"32310"
"S3",2,100,0,765,24032799,34032818,"ok",NA,NA,1.10592724513944,0.0781805611674951,0.531468531468531,0.678321678321678,FALSE,FALSE,"reestimated",196.967,"32310"
"S3",2,100,0,766,24033808,34033827,"ok",NA,NA,1.49596662028101,0.176847818636792,0.0529470529470529,0.0799200799200799,FALSE,FALSE,"reestimated",200.005,"32310"
"S3",2,100,0,767,24034817,34034836,"ok",NA,NA,1.40370386357955,0.148308678860444,0.135864135864136,0.200799200799201,FALSE,FALSE,"reestimated",196.286,"32310"
"S3",2,100,0,768,24035826,34035845,"ok",NA,NA,1.27378033324035,0.0928127644906071,0.260739260739261,0.518481518481518,FALSE,FALSE,"reestimated",199.008,"32310"
"S3",2,100,0,769,24036835,34036854,"ok",NA,NA,0.883191630124295,0.061643779000335,0.911088911088911,0.862137862137862,FALSE,FALSE,"reestimated",198.21,"32310"
"S3",2,100,0,770,24037844,34037863,"ok",NA,NA,1.10022086602487,0.116865679500118,0.555444555444555,0.366633366633367,FALSE,FALSE,"reestimated",195.406,"32310"
"S3",2,100,0,771,24038853,34038872,"ok",NA,NA,1.30753656805877,0.148106809532508,0.207792207792208,0.174825174825175,FALSE,FALSE,"reestimated",199.363,"32310"
"S3",2,100,0,772,24039862,34039881,"ok",NA,NA,1.22431238767347,0.116163531605117,0.32967032967033,0.375624375624376,FALSE,FALSE,"reestimated",194.979,"32310"
"S3",2,100,0,773,24040871,34040890,"ok",NA,NA,1.47581291606105,0.192554036223192,0.0829170829170829,0.0859140859140859,FALSE,FALSE,"reestimated",193.561,"32310"
"S3",2,100,0,774,24041880,34041899,"ok",NA,NA,1.04476960784787,0.0674038181188786,0.611388611388611,0.788211788211788,FALSE,FALSE,"reestimated",196.384,"32310"
"S3",2,100,0,775,24042889,34042908,"ok",NA,NA,1.22535304265737,0.133583115550421,0.298701298701299,0.211788211788212,FALSE,FALSE,"reestimated",198.945,"32310"
"S3",2,100,0,776,24043898,34043917,"ok",NA,NA,1.50820474841347,0.260829152324585,0.0689310689310689,0.02997002997003,FALSE,TRUE,"reestimated",194.251,"32310"
"S3",2,100,0,777,24044907,34044926,"ok",NA,NA,1.32658371868886,0.134460963503781,0.210789210789211,0.265734265734266,FALSE,FALSE,"reestimated",199.55,"32310"
"S3",2,100,0,778,24045916,34045935,"ok",NA,NA,1.25996454488484,0.149060552072463,0.26973026973027,0.180819180819181,FALSE,FALSE,"reestimated",199.941,"32310"
"S3",2,100,0,779,24046925,34046944,"ok",NA,NA,1.07358287803091,0.0922369994319231,0.568431568431568,0.533466533466533,FALSE,FALSE,"reestimated",195.509,"32310"
"S3",2,100,0,780,24047934,34047953,"ok",NA,NA,1.17385921076478,0.155068139324821,0.410589410589411,0.178821178821179,FALSE,FALSE,"reestimated",193.486,"32310"
"S3",2,100,0,781,24048943,34048962,"ok",NA,NA,1.42855239961599,0.132215219337567,0.0969030969030969,0.207792207792208,FALSE,FALSE,"reestimated",198.912,"32310"
"S3",2,100,0,782,24049952,34049971,"ok",NA,NA,1.04391484185568,0.0739010944952675,0.648351648351648,0.753246753246753,FALSE,FALSE,"reestimated",197.982,"32310"
"S3",2,100,0,783,24050961,34050980,"ok",NA,NA,1.21142686328506,0.114688017670508,0.375624375624376,0.402597402597403,FALSE,FALSE,"reestimated",193.767,"32310"
"S3",2,100,0,784,24051970,34051989,"ok",NA,NA,1.21168582826869,0.18252583826576,0.33966033966034,0.0929070929070929,FALSE,FALSE,"reestimated",195.785,"32310"
"S3",2,100,0,785,24052979,34052998,"ok",NA,NA,0.975430501579557,0.0796245539513302,0.763236763236763,0.668331668331668,FALSE,FALSE,"reestimated",198.057,"32310"
"S3",2,100,0,786,24053988,34054007,"ok",NA,NA,1.05214463350817,0.0921127509026929,0.619380619380619,0.532467532467532,FALSE,FALSE,"reestimated",197.922,"32310"
"S3",2,100,0,787,24054997,34055016,"ok",NA,NA,1.42707312346343,0.121447791115664,0.115884115884116,0.312687312687313,FALSE,FALSE,"reestimated",194.928,"32310"
"S3",2,100,0,788,24056006,34056025,"ok",NA,NA,1.34773420322258,0.172872248027593,0.178821178821179,0.138861138861139,FALSE,FALSE,"reestimated",196.271,"32310"
"S3",2,100,0,789,24057015,34057034,"ok",NA,NA,1.01761901944889,0.07448572110377,0.702297702297702,0.744255744255744,FALSE,FALSE,"reestimated",195.139,"32310"
"S3",2,100,0,790,24058024,34058043,"ok",NA,NA,0.921464302323464,0.0734410498908252,0.87012987012987,0.761238761238761,FALSE,FALSE,"reestimated",194.123,"32310"
"S3",2,100,0,791,24059033,34059052,"ok",NA,NA,0.759746543134151,0.0482683243403546,0.99000999000999,0.968031968031968,FALSE,FALSE,"reestimated",198.032,"32310"
"S3",2,100,0,792,24060042,34060061,"ok",NA,NA,1.14496234316607,0.0936451163693356,0.485514485514486,0.551448551448551,FALSE,FALSE,"reestimated",199.371,"32310"
"S3",2,100,0,793,24061051,34061070,"ok",NA,NA,0.957603343115221,0.0850492828488224,0.783216783216783,0.577422577422577,FALSE,FALSE,"reestimated",196.558,"32310"
"S3",2,100,0,794,24062060,34062079,"ok",NA,NA,1.26694829761174,0.137337389094127,0.246753246753247,0.197802197802198,FALSE,FALSE,"reestimated",197.384,"32310"
"S3",2,100,0,795,24063069,34063088,"ok",NA,NA,1.12939178925654,0.131439126730306,0.538461538461538,0.311688311688312,FALSE,FALSE,"reestimated",197.328,"32310"
"S3",2,100,0,796,24064078,34064097,"ok",NA,NA,0.893935066394227,0.0616093217334132,0.907092907092907,0.892107892107892,FALSE,FALSE,"reestimated",199.361,"32310"
"S3",2,100,0,797,24065087,34065106,"ok",NA,NA,1.31313497078124,0.194971657638447,0.228771228771229,0.0999000999000999,FALSE,FALSE,"reestimated",194.552,"32310"
"S3",2,100,0,798,24066096,34066115,"ok",NA,NA,1.07070591087187,0.0704375275763672,0.591408591408591,0.779220779220779,FALSE,FALSE,"reestimated",196.288,"32310"
"S3",2,100,0,799,24067105,34067124,"ok",NA,NA,0.953165281261324,0.060338829901794,0.811188811188811,0.874125874125874,FALSE,FALSE,"reestimated",197.175,"32310"
"S3",2,100,0,800,24068114,34068133,"ok",NA,NA,1.18913140571992,0.126478744974276,0.407592407592408,0.313686313686314,FALSE,FALSE,"reestimated",193.428,"32310"
"S3",2,100,0,801,24069123,34069142,"ok",NA,NA,1.151802324838,0.068370900141746,0.426573426573427,0.787212787212787,FALSE,FALSE,"reestimated",197.869,"32310"
"S3",2,100,0,802,24070132,34070151,"ok",NA,NA,1.21233035450018,0.0975104155235615,0.31968031968032,0.457542457542458,FALSE,FALSE,"reestimated",198.942,"32310"
"S3",2,100,0,803,24071141,34071160,"ok",NA,NA,1.1754799227355,0.116647392486134,0.35964035964036,0.278721278721279,FALSE,FALSE,"reestimated",198.82,"32310"
"S3",2,100,0,804,24072150,34072169,"ok",NA,NA,1.13324716207873,0.0942939639276832,0.472527472527473,0.529470529470529,FALSE,FALSE,"reestimated",198.037,"32310"
"S3",2,100,0,805,24073159,34073178,"ok",NA,NA,1.08465583657788,0.076946315439121,0.562437562437562,0.69030969030969,FALSE,FALSE,"reestimated",197.995,"32310"
"S3",2,100,0,806,24074168,34074187,"ok",NA,NA,1.21104711755687,0.129264640665358,0.325674325674326,0.242757242757243,FALSE,FALSE,"reestimated",198.53,"32310"
"S3",2,100,0,807,24075177,34075196,"ok",NA,NA,0.806761494178614,0.0480035052484667,0.97002997002997,0.98001998001998,FALSE,FALSE,"reestimated",196.651,"32310"
"S3",2,100,0,808,24076186,34076205,"ok",NA,NA,0.84019190600239,0.0709479719215908,0.954045954045954,0.777222777222777,FALSE,FALSE,"reestimated",196.856,"32310"
"S3",2,100,0,809,24077195,34077214,"ok",NA,NA,1.37921756721662,0.158738843610822,0.182817182817183,0.196803196803197,FALSE,FALSE,"reestimated",197.099,"32310"
"S3",2,100,0,810,24078204,34078223,"ok",NA,NA,1.05962815988005,0.110897575415839,0.628371628371628,0.401598401598402,FALSE,FALSE,"reestimated",196.783,"32310"
"S3",2,100,0,811,24079213,34079232,"ok",NA,NA,1.1768269445963,0.116950959649409,0.390609390609391,0.330669330669331,FALSE,FALSE,"reestimated",194.638,"32310"
"S3",2,100,0,812,24080222,34080241,"ok",NA,NA,1.15713448822938,0.0871944203631347,0.418581418581419,0.555444555444555,FALSE,FALSE,"reestimated",194.25,"32310"
"S3",2,100,0,813,24081231,34081250,"ok",NA,NA,1.27969888355336,0.099643770693702,0.277722277722278,0.518481518481518,FALSE,FALSE,"reestimated",199.151,"32310"
"S3",2,100,0,814,24082240,34082259,"ok",NA,NA,1.33147454531985,0.0826798768372106,0.186813186813187,0.62037962037962,FALSE,FALSE,"reestimated",198.642,"32310"
"S3",2,100,0,815,24083249,34083268,"ok",NA,NA,1.44987006578533,0.18646996322914,0.118881118881119,0.121878121878122,FALSE,FALSE,"reestimated",198.516,"32310"
"S3",2,100,0,816,24084258,34084277,"ok",NA,NA,1.45326241443194,0.166790929179017,0.126873126873127,0.188811188811189,FALSE,FALSE,"reestimated",196.558,"32310"
"S3",2,100,0,817,24085267,34085286,"ok",NA,NA,1.12788436536219,0.0855218810227277,0.491508491508492,0.619380619380619,FALSE,FALSE,"reestimated",196.723,"32310"
"S3",2,100,0,818,24086276,34086295,"ok",NA,NA,1.28987887946961,0.15299348687708,0.275724275724276,0.230769230769231,FALSE,FALSE,"reestimated",194.233,"32310"
"S3",2,100,0,819,24087285,34087304,"ok",NA,NA,1.18715401545585,0.129449296665905,0.368631368631369,0.255744255744256,FALSE,FALSE,"reestimated",199.548,"32310"
"S3",2,100,0,820,24088294,34088313,"ok",NA,NA,1.01376610991978,0.103742421595841,0.705294705294705,0.438561438561439,FALSE,FALSE,"reestimated",196.6,"32310"
"S3",2,100,0,821,24089303,34089322,"ok",NA,NA,1.37339832798763,0.0924943958172935,0.16983016983017,0.536463536463537,FALSE,FALSE,"reestimated",199.455,"32310"
"S3",2,100,0,822,24090312,34090331,"ok",NA,NA,1.27917043755603,0.139502258015163,0.271728271728272,0.232767232767233,FALSE,FALSE,"reestimated",197.431,"32310"
"S3",2,100,0,823,24091321,34091340,"ok",NA,NA,1.09703709636626,0.092277941635252,0.588411588411588,0.585414585414585,FALSE,FALSE,"reestimated",196.403,"32310"
"S3",2,100,0,824,24092330,34092349,"ok",NA,NA,0.995835134315465,0.0743858788915958,0.725274725274725,0.717282717282717,FALSE,FALSE,"reestimated",196.448,"32310"
"S3",2,100,0,825,24093339,34093358,"ok",NA,NA,1.29903240094166,0.131117650326293,0.23976023976024,0.283716283716284,FALSE,FALSE,"reestimated",196.518,"32310"
"S3",2,100,0,826,24094348,34094367,"ok",NA,NA,1.07705084114645,0.108759280070703,0.584415584415584,0.412587412587413,FALSE,FALSE,"reestimated",199.107,"32310"
"S3",2,100,0,827,24095357,34095376,"ok",NA,NA,0.957203461444199,0.0605661841438193,0.789210789210789,0.874125874125874,FALSE,FALSE,"reestimated",198.148,"32310"
"S3",2,100,0,828,24096366,34096385,"ok",NA,NA,1.20612219834209,0.102508280154081,0.364635364635365,0.448551448551449,FALSE,FALSE,"reestimated",198.201,"32310"
"S3",2,100,0,829,24097375,34097394,"ok",NA,NA,1.06569006777243,0.0701215521898914,0.615384615384615,0.778221778221778,FALSE,FALSE,"reestimated",195.82,"32310"
"S3",2,100,0,830,24098384,34098403,"ok",NA,NA,1.20373190907059,0.13250602292635,0.35964035964036,0.26973026973027,FALSE,FALSE,"reestimated",196.717,"32310"
"S3",2,100,0,831,24099393,34099412,"ok",NA,NA,1.10423983225784,0.106651866167394,0.546453546453546,0.401598401598402,FALSE,FALSE,"reestimated",199.39,"32310"
"S3",2,100,0,832,24100402,34100421,"ok",NA,NA,1.00478096605815,0.0832303714962965,0.721278721278721,0.637362637362637,FALSE,FALSE,"reestimated",195.738,"32310"
"S3",2,100,0,833,24101411,34101430,"ok",NA,NA,1.37806034604244,0.15783398292392,0.132867132867133,0.143856143856144,FALSE,FALSE,"reestimated",193.066,"32310"
"S3",2,100,0,834,24102420,34102439,"ok",NA,NA,1.12691419775878,0.125034922780032,0.485514485514486,0.284715284715285,FALSE,FALSE,"reestimated",197.405,"32310"
"S3",2,100,0,835,24103429,34103448,"ok",NA,NA,1.17000156895506,0.0946048570431302,0.407592407592408,0.512487512487512,FALSE,FALSE,"reestimated",197.554,"32310"
"S3",2,100,0,836,24104438,34104457,"ok",NA,NA,1.17653360102509,0.0696525298741303,0.371628371628372,0.778221778221778,FALSE,FALSE,"reestimated",198.565,"32310"
"S3",2,100,0,837,24105447,34105466,"ok",NA,NA,1.21211998104005,0.148218821680711,0.368631368631369,0.222777222777223,FALSE,FALSE,"reestimated",196.607,"32310"
"S3",2,100,0,838,24106456,34106475,"ok",NA,NA,1.55826238114138,0.10369399166511,0.03996003996004,0.435564435564436,TRUE,FALSE,"reestimated",198.589,"32310"
"S3",2,100,0,839,24107465,34107484,"ok",NA,NA,1.33987520268128,0.179083564059841,0.201798201798202,0.123876123876124,FALSE,FALSE,"reestimated",197.103,"32310"
"S3",2,100,0,840,24108474,34108493,"ok",NA,NA,1.28223188292159,0.132429737366551,0.243756243756244,0.267732267732268,FALSE,FALSE,"reestimated",193.858,"32310"
"S3",2,100,0,841,24109483,34109502,"ok",NA,NA,1.00490550954717,0.0948399181701657,0.751248751248751,0.546453546453546,FALSE,FALSE,"reestimated",194.055,"32310"
"S3",2,100,0,842,24110492,34110511,"ok",NA,NA,0.84907722198402,0.0623629336007624,0.948051948051948,0.864135864135864,FALSE,FALSE,"reestimated",199.014,"32310"
"S3",2,100,0,843,24111501,34111520,"ok",NA,NA,1.17949279202369,0.0907928708965721,0.366633366633367,0.495504495504495,FALSE,FALSE,"reestimated",195.768,"32310"
"S3",2,100,0,844,24112510,34112529,"ok",NA,NA,0.814698716146355,0.0573808615315698,0.966033966033966,0.921078921078921,FALSE,FALSE,"reestimated",198.413,"32310"
"S3",2,100,0,845,24113519,34113538,"ok",NA,NA,1.24848704807811,0.0834828547762585,0.292707292707293,0.64035964035964,FALSE,FALSE,"reestimated",195.317,"32310"
"S3",2,100,0,846,24114528,34114547,"ok",NA,NA,0.794545830544979,0.0494836406342494,0.972027972027972,0.964035964035964,FALSE,FALSE,"reestimated",198.724,"32310"
"S3",2,100,0,847,24115537,34115556,"ok",NA,NA,1.04463401465682,0.067528416587367,0.676323676323676,0.823176823176823,FALSE,FALSE,"reestimated",199.718,"32310"
"S3",2,100,0,848,24116546,34116565,"ok",NA,NA,1.59386983493569,0.210260736100881,0.0539460539460539,0.104895104895105,FALSE,FALSE,"reestimated",195.567,"32310"
"S3",2,100,0,849,24117555,34117574,"ok",NA,NA,1.35418724970767,0.112035793066399,0.15984015984016,0.350649350649351,FALSE,FALSE,"reestimated",196.013,"32310"
"S3",2,100,0,850,24118564,34118583,"ok",NA,NA,1.07358147148162,0.0923508561610972,0.571428571428571,0.510489510489511,FALSE,FALSE,"reestimated",197.276,"32310"
"S3",2,100,0,851,24119573,34119592,"ok",NA,NA,1.4044924608099,0.126470892201007,0.125874125874126,0.300699300699301,FALSE,FALSE,"reestimated",195.024,"32310"
"S3",2,100,0,852,24120582,34120601,"ok",NA,NA,1.55599333435319,0.0976005060769262,0.0649350649350649,0.45954045954046,FALSE,FALSE,"reestimated",198.461,"32310"
"S3",2,100,0,853,24121591,34121610,"ok",NA,NA,1.18922369801381,0.111777270079823,0.373626373626374,0.341658341658342,FALSE,FALSE,"reestimated",199.566,"32310"
"S3",2,100,0,854,24122600,34122619,"ok",NA,NA,1.14522448564681,0.0927782215572473,0.455544455544456,0.553446553446553,FALSE,FALSE,"reestimated",196.796,"32310"
"S3",2,100,0,855,24123609,34123628,"ok",NA,NA,1.16630618935522,0.0636270059271172,0.395604395604396,0.836163836163836,FALSE,FALSE,"reestimated",195.196,"32310"
"S3",2,100,0,856,24124618,34124637,"ok",NA,NA,1.32334370226444,0.100428850258907,0.21978021978022,0.470529470529471,FALSE,FALSE,"reestimated",195.793,"32310"
"S3",2,100,0,857,24125627,34125646,"ok",NA,NA,1.00627046719185,0.0613375005708608,0.708291708291708,0.868131868131868,FALSE,FALSE,"reestimated",198.265,"32310"
"S3",2,100,0,858,24126636,34126655,"ok",NA,NA,1.42576334847257,0.243129597633273,0.110889110889111,0.034965034965035,FALSE,TRUE,"reestimated",196.354,"32310"
"S3",2,100,0,859,24127645,34127664,"ok",NA,NA,1.82208778513818,0.187742664946282,0.013986013986014,0.10989010989011,TRUE,FALSE,"reestimated",198.59,"32310"
"S3",2,100,0,860,24128654,34128673,"ok",NA,NA,1.22203341866117,0.139977015409374,0.368631368631369,0.256743256743257,FALSE,FALSE,"reestimated",196.312,"32310"
"S3",2,100,0,861,24129663,34129682,"ok",NA,NA,1.71320012407104,0.266303217963621,0.021978021978022,0.022977022977023,TRUE,TRUE,"reestimated",197.903,"32310"
"S3",2,100,0,862,24130672,34130691,"ok",NA,NA,1.31732028976838,0.134749368978721,0.204795204795205,0.258741258741259,FALSE,FALSE,"reestimated",194.617,"32310"
"S3",2,100,0,863,24131681,34131700,"ok",NA,NA,1.24758597993798,0.128008026041289,0.290709290709291,0.298701298701299,FALSE,FALSE,"reestimated",197.396,"32310"
"S3",2,100,0,864,24132690,34132709,"ok",NA,NA,1.09374518859269,0.0696117629281428,0.485514485514486,0.75024975024975,FALSE,FALSE,"reestimated",195.256,"32310"
"S3",2,100,0,865,24133699,34133718,"ok",NA,NA,1.06626244138231,0.111604304355854,0.652347652347652,0.455544455544456,FALSE,FALSE,"reestimated",197.02,"32310"
"S3",2,100,0,866,24134708,34134727,"ok",NA,NA,1.14332414773981,0.0742446160140682,0.460539460539461,0.737262737262737,FALSE,FALSE,"reestimated",195.356,"32310"
"S3",2,100,0,867,24135717,34135736,"ok",NA,NA,1.20426575918427,0.0924396223575482,0.374625374625375,0.556443556443556,FALSE,FALSE,"reestimated",198.888,"32310"
"S3",2,100,0,868,24136726,34136745,"ok",NA,NA,1.147194916423,0.096997882266951,0.376623376623377,0.428571428571429,FALSE,FALSE,"reestimated",194.982,"32310"
"S3",2,100,0,869,24137735,34137754,"ok",NA,NA,0.940712915015225,0.0712820613554339,0.843156843156843,0.79020979020979,FALSE,FALSE,"reestimated",196.741,"32310"
"S3",2,100,0,870,24138744,34138763,"ok",NA,NA,1.42270800389833,0.18839525433167,0.133866133866134,0.0859140859140859,FALSE,FALSE,"reestimated",194.97,"32310"
"S3",2,100,0,871,24139753,34139772,"ok",NA,NA,1.25958132436132,0.143725255466019,0.25974025974026,0.196803196803197,FALSE,FALSE,"reestimated",193.733,"32310"
"S3",2,100,0,872,24140762,34140781,"ok",NA,NA,0.934613128571248,0.0681706989978999,0.823176823176823,0.803196803196803,FALSE,FALSE,"reestimated",194.361,"32310"
"S3",2,100,0,873,24141771,34141790,"ok",NA,NA,1.08883927874507,0.0900610624942735,0.581418581418581,0.588411588411588,FALSE,FALSE,"reestimated",196.073,"32310"
"S3",2,100,0,874,24142780,34142799,"ok",NA,NA,1.13570398130679,0.0974164497237349,0.461538461538462,0.485514485514486,FALSE,FALSE,"reestimated",197.928,"32310"
"S3",2,100,0,875,24143789,34143808,"ok",NA,NA,0.880116689132512,0.0836302816810626,0.927072927072927,0.662337662337662,FALSE,FALSE,"reestimated",199.552,"32310"
"S3",2,100,0,876,24144798,34144817,"ok",NA,NA,1.06189919645703,0.115205588876072,0.584415584415584,0.33966033966034,FALSE,FALSE,"reestimated",196.216,"32310"
"S3",2,100,0,877,24145807,34145826,"ok",NA,NA,1.05189955908551,0.0655920065506569,0.636363636363636,0.841158841158841,FALSE,FALSE,"reestimated",198.504,"32310"
"S3",2,100,0,878,24146816,34146835,"ok",NA,NA,1.09755460223785,0.097289188123852,0.535464535464535,0.483516483516484,FALSE,FALSE,"reestimated",199.321,"32310"
"S3",2,100,0,879,24147825,34147844,"ok",NA,NA,1.58006384671695,0.137824085611974,0.023976023976024,0.148851148851149,TRUE,FALSE,"reestimated",197.497,"32310"
"S3",2,100,0,880,24148834,34148853,"ok",NA,NA,1.10268953055227,0.0720712756944947,0.529470529470529,0.77022977022977,FALSE,FALSE,"reestimated",195.729,"32310"
"S3",2,100,0,881,24149843,34149862,"ok",NA,NA,1.50732931726004,0.263041241441131,0.0919080919080919,0.046953046953047,FALSE,TRUE,"reestimated",196.109,"32310"
"S3",2,100,0,882,24150852,34150871,"ok",NA,NA,0.902140017576885,0.0779178422185234,0.869130869130869,0.661338661338661,FALSE,FALSE,"reestimated",194.345,"32310"
"S3",2,100,0,883,24151861,34151880,"ok",NA,NA,1.27804046136406,0.0886455718871219,0.267732267732268,0.591408591408591,FALSE,FALSE,"reestimated",196.915,"32310"
"S3",2,100,0,884,24152870,34152889,"ok",NA,NA,1.51537385035821,0.129665233119968,0.0829170829170829,0.278721278721279,FALSE,FALSE,"reestimated",194.423,"32310"
"S3",2,100,0,885,24153879,34153898,"ok",NA,NA,1.29288541237804,0.134687944666471,0.227772227772228,0.227772227772228,FALSE,FALSE,"reestimated",196.861,"32310"
"S3",2,100,0,886,24154888,34154907,"ok",NA,NA,1.11612166376696,0.10926676784339,0.515484515484515,0.388611388611389,FALSE,FALSE,"reestimated",198.975,"32310"
"S3",2,100,0,887,24155897,34155916,"ok",NA,NA,1.25379170486567,0.0726319937692849,0.292707292707293,0.752247752247752,FALSE,FALSE,"reestimated",195.948,"32310"
"S3",2,100,0,888,24156906,34156925,"ok",NA,NA,0.984202369003393,0.076470046468801,0.767232767232767,0.725274725274725,FALSE,FALSE,"reestimated",198.018,"32310"
"S3",2,100,0,889,24157915,34157934,"ok",NA,NA,1.14185635719,0.146501723629333,0.435564435564436,0.191808191808192,FALSE,FALSE,"reestimated",193.896,"32310"
"S3",2,100,0,890,24158924,34158943,"ok",NA,NA,1.33381357555964,0.157516638569118,0.161838161838162,0.111888111888112,FALSE,FALSE,"reestimated",198.464,"32310"
"S3",2,100,0,891,24159933,34159952,"ok",NA,NA,0.89394157021449,0.0750188898644503,0.883116883116883,0.724275724275724,FALSE,FALSE,"reestimated",198.15,"32310"
"S3",2,100,0,892,24160942,34160961,"ok",NA,NA,1.28829951788175,0.138871136588043,0.242757242757243,0.230769230769231,FALSE,FALSE,"reestimated",201.215,"32310"
"S3",2,100,0,893,24161951,34161970,"ok",NA,NA,1.26672505673194,0.120298361235836,0.281718281718282,0.330669330669331,FALSE,FALSE,"reestimated",194.008,"32310"
"S3",2,100,0,894,24162960,34162979,"ok",NA,NA,1.26426294165936,0.154125142097689,0.238761238761239,0.141858141858142,FALSE,FALSE,"reestimated",197.571,"32310"
"S3",2,100,0,895,24163969,34163988,"ok",NA,NA,1.00920923863282,0.0825523255581902,0.723276723276723,0.655344655344655,FALSE,FALSE,"reestimated",199.403,"32310"
"S3",2,100,0,896,24164978,34164997,"ok",NA,NA,0.970716172497952,0.0899304369589112,0.74025974025974,0.536463536463537,FALSE,FALSE,"reestimated",198.701,"32310"
"S3",2,100,0,897,24165987,34166006,"ok",NA,NA,1.00181945867387,0.0600534255327445,0.709290709290709,0.875124875124875,FALSE,FALSE,"reestimated",192.973,"32310"
"S3",2,100,0,898,24166996,34167015,"ok",NA,NA,0.843848752756047,0.0557026949833008,0.951048951048951,0.92007992007992,FALSE,FALSE,"reestimated",197.369,"32310"
"S3",2,100,0,899,24168005,34168024,"ok",NA,NA,1.13473832442824,0.0947522607605336,0.4995004995005,0.565434565434565,FALSE,FALSE,"reestimated",195.25,"32310"
"S3",2,100,0,900,24169014,34169033,"ok",NA,NA,0.947900651139877,0.106178600716847,0.818181818181818,0.444555444555445,FALSE,FALSE,"reestimated",199.355,"32310"
"S3",2,100,0,901,24170023,34170042,"ok",NA,NA,1.32798660194622,0.103362688801589,0.230769230769231,0.522477522477522,FALSE,FALSE,"reestimated",198.188,"32310"
"S3",2,100,0,902,24171032,34171051,"ok",NA,NA,1.41265080904326,0.130676206361145,0.147852147852148,0.301698301698302,FALSE,FALSE,"reestimated",193.993,"32310"
"S3",2,100,0,903,24172041,34172060,"ok",NA,NA,1.41343824430016,0.248763624576398,0.118881118881119,0.033966033966034,FALSE,TRUE,"reestimated",195.632,"32310"
"S3",2,100,0,904,24173050,34173069,"ok",NA,NA,1.02243516128002,0.0611122973710605,0.663336663336663,0.866133866133866,FALSE,FALSE,"reestimated",195.801,"32310"
"S3",2,100,0,905,24174059,34174078,"ok",NA,NA,0.900373108481534,0.0550819492557939,0.889110889110889,0.947052947052947,FALSE,FALSE,"reestimated",199.797,"32310"
"S3",2,100,0,906,24175068,34175087,"ok",NA,NA,1.70118026579922,0.180130149546644,0.012987012987013,0.0699300699300699,TRUE,FALSE,"reestimated",196.880000000001,"32310"
"S3",2,100,0,907,24176077,34176096,"ok",NA,NA,1.13279104716084,0.107593653725432,0.505494505494505,0.451548451548452,FALSE,FALSE,"reestimated",200.051,"32310"
"S3",2,100,0,908,24177086,34177105,"ok",NA,NA,1.41683992584927,0.146358386953603,0.0989010989010989,0.162837162837163,FALSE,FALSE,"reestimated",197.085,"32310"
"S3",2,100,0,909,24178095,34178114,"ok",NA,NA,1.24066874500012,0.126653199251609,0.303696303696304,0.286713286713287,FALSE,FALSE,"reestimated",195.57,"32310"
"S3",2,100,0,910,24179104,34179123,"ok",NA,NA,1.04201528400174,0.0805145629654348,0.674325674325674,0.674325674325674,FALSE,FALSE,"reestimated",198.306,"32310"
"S3",2,100,0,911,24180113,34180132,"ok",NA,NA,1.10107983285917,0.102473838777926,0.481518481518482,0.411588411588412,FALSE,FALSE,"reestimated",194.379,"32310"
"S3",2,100,0,912,24181122,34181141,"ok",NA,NA,1.06856193836512,0.121720942015692,0.634365634365634,0.355644355644356,FALSE,FALSE,"reestimated",196.827,"32310"
"S3",2,100,0,913,24182131,34182150,"ok",NA,NA,1.18152016225588,0.14667413933273,0.402597402597403,0.217782217782218,FALSE,FALSE,"reestimated",194.080000000001,"32310"
"S3",2,100,0,914,24183140,34183159,"ok",NA,NA,1.06187036416714,0.102581252519837,0.621378621378621,0.445554445554446,FALSE,FALSE,"reestimated",196.788,"32310"
"S3",2,100,0,915,24184149,34184168,"ok",NA,NA,1.04963893211796,0.0909677563315078,0.624375624375624,0.552447552447552,FALSE,FALSE,"reestimated",198.932,"32310"
"S3",2,100,0,916,24185158,34185177,"ok",NA,NA,1.11310934136011,0.0948923739195639,0.527472527472527,0.54045954045954,FALSE,FALSE,"reestimated",199.359,"32310"
"S3",2,100,0,917,24186167,34186186,"ok",NA,NA,1.01092499793008,0.0814581024381399,0.747252747252747,0.72027972027972,FALSE,FALSE,"reestimated",199.556,"32310"
"S3",2,100,0,918,24187176,34187195,"ok",NA,NA,1.20160615370456,0.109199751735868,0.383616383616384,0.434565434565435,FALSE,FALSE,"reestimated",199.473,"32310"
"S3",2,100,0,919,24188185,34188204,"ok",NA,NA,0.94816198212774,0.050000992872675,0.816183816183816,0.952047952047952,FALSE,FALSE,"reestimated",200.161,"32310"
"S3",2,100,0,920,24189194,34189213,"ok",NA,NA,1.18223491512252,0.100227049131289,0.373626373626374,0.46953046953047,FALSE,FALSE,"reestimated",196.329,"32310"
"S3",2,100,0,921,24190203,34190222,"ok",NA,NA,0.787300092640976,0.0540453952432828,0.978021978021978,0.941058941058941,FALSE,FALSE,"reestimated",195.072999999999,"32310"
"S3",2,100,0,922,24191212,34191231,"ok",NA,NA,1.28153088932736,0.186853728414024,0.238761238761239,0.0999000999000999,FALSE,FALSE,"reestimated",201.088000000001,"32310"
"S3",2,100,0,923,24192221,34192240,"ok",NA,NA,0.92841813482356,0.0623948849599295,0.849150849150849,0.846153846153846,FALSE,FALSE,"reestimated",197.596,"32310"
"S3",2,100,0,924,24193230,34193249,"ok",NA,NA,1.16065996580557,0.142941137952913,0.43956043956044,0.226773226773227,FALSE,FALSE,"reestimated",193.157,"32310"
"S3",2,100,0,925,24194239,34194258,"ok",NA,NA,1.20944626080088,0.11645268853045,0.336663336663337,0.324675324675325,FALSE,FALSE,"reestimated",197.355,"32310"
"S3",2,100,0,926,24195248,34195267,"ok",NA,NA,1.13217726953644,0.103294070208978,0.47952047952048,0.451548451548452,FALSE,FALSE,"reestimated",198.391,"32310"
"S3",2,100,0,927,24196257,34196276,"ok",NA,NA,0.93967344628469,0.0522836516219548,0.848151848151848,0.948051948051948,FALSE,FALSE,"reestimated",200.164,"32310"
"S3",2,100,0,928,24197266,34197285,"ok",NA,NA,1.02990836209699,0.0739057686102756,0.653346653346653,0.724275724275724,FALSE,FALSE,"reestimated",199.181,"32310"
"S3",2,100,0,929,24198275,34198294,"ok",NA,NA,1.05702803591996,0.085314274633454,0.587412587412587,0.574425574425574,FALSE,FALSE,"reestimated",195.799,"32310"
"S3",2,100,0,930,24199284,34199303,"ok",NA,NA,1.50426342206026,0.124794365882906,0.0879120879120879,0.333666333666334,FALSE,FALSE,"reestimated",200.257,"32310"
"S3",2,100,0,931,24200293,34200312,"ok",NA,NA,1.16913360684847,0.145445548860937,0.463536463536464,0.25974025974026,FALSE,FALSE,"reestimated",198.853,"32310"
"S3",2,100,0,932,24201302,34201321,"ok",NA,NA,0.910054484647195,0.0613656969443722,0.859140859140859,0.849150849150849,FALSE,FALSE,"reestimated",197.313,"32310"
"S3",2,100,0,933,24202311,34202330,"ok",NA,NA,1.24651080231572,0.101418113236792,0.346653346653347,0.515484515484515,FALSE,FALSE,"reestimated",195.128,"32310"
"S3",2,100,0,934,24203320,34203339,"ok",NA,NA,1.08499040817363,0.150123449461861,0.573426573426573,0.210789210789211,FALSE,FALSE,"reestimated",198.549,"32310"
"S3",2,100,0,935,24204329,34204348,"ok",NA,NA,0.887202417077743,0.0601047115702026,0.911088911088911,0.898101898101898,FALSE,FALSE,"reestimated",197.573,"32310"
"S3",2,100,0,936,24205338,34205357,"ok",NA,NA,1.03330023598166,0.0686782800646461,0.665334665334665,0.806193806193806,FALSE,FALSE,"reestimated",196.757,"32310"
"S3",2,100,0,937,24206347,34206366,"ok",NA,NA,1.09854471039668,0.0926779461584891,0.513486513486514,0.488511488511489,FALSE,FALSE,"reestimated",198.954,"32310"
"S3",2,100,0,938,24207356,34207375,"ok",NA,NA,1.53057673268094,0.149458509988889,0.0739260739260739,0.212787212787213,FALSE,FALSE,"reestimated",198.483,"32310"
"S3",2,100,0,939,24208365,34208384,"ok",NA,NA,1.02136977136901,0.061696486986791,0.695304695304695,0.87012987012987,FALSE,FALSE,"reestimated",199.503,"32310"
"S3",2,100,0,940,24209374,34209393,"ok",NA,NA,1.30395626262882,0.0882266744630704,0.206793206793207,0.561438561438561,FALSE,FALSE,"reestimated",198.290999999999,"32310"
"S3",2,100,0,941,24210383,34210402,"ok",NA,NA,1.47233310395935,0.130823730945465,0.0719280719280719,0.226773226773227,FALSE,FALSE,"reestimated",198.459000000001,"32310"
"S3",2,100,0,942,24211392,34211411,"ok",NA,NA,0.921989484844554,0.0562601659777437,0.849150849150849,0.924075924075924,FALSE,FALSE,"reestimated",199.819,"32310"
"S3",2,100,0,943,24212401,34212420,"ok",NA,NA,0.91635678759199,0.0700150032953324,0.87012987012987,0.803196803196803,FALSE,FALSE,"reestimated",195.441,"32310"
"S3",2,100,0,944,24213410,34213429,"ok",NA,NA,1.37583651765108,0.1830150592865,0.175824175824176,0.135864135864136,FALSE,FALSE,"reestimated",193.610000000001,"32310"
"S3",2,100,0,945,24214419,34214438,"ok",NA,NA,1.55891268521006,0.201211615164751,0.0599400599400599,0.0959040959040959,FALSE,FALSE,"reestimated",196.215,"32310"
"S3",2,100,0,946,24215428,34215447,"ok",NA,NA,1.09288520674003,0.0903337794461584,0.57042957042957,0.571428571428571,FALSE,FALSE,"reestimated",195.933999999999,"32310"
"S3",2,100,0,947,24216437,34216456,"ok",NA,NA,1.25304563078953,0.109057650089866,0.24975024975025,0.351648351648352,FALSE,FALSE,"reestimated",198.950000000001,"32310"
"S3",2,100,0,948,24217446,34217465,"ok",NA,NA,1.12314670504119,0.102874569213855,0.504495504495505,0.426573426573427,FALSE,FALSE,"reestimated",194.553,"32310"
"S3",2,100,0,949,24218455,34218474,"ok",NA,NA,1.23061931049443,0.116970467798702,0.314685314685315,0.366633366633367,FALSE,FALSE,"reestimated",195.496999999999,"32310"
"S3",2,100,0,950,24219464,34219483,"ok",NA,NA,1.11046305428207,0.133821385053362,0.496503496503497,0.235764235764236,FALSE,FALSE,"reestimated",194.758,"32310"
"S3",2,100,0,951,24220473,34220492,"ok",NA,NA,1.29163275813874,0.163041897618456,0.237762237762238,0.143856143856144,FALSE,FALSE,"reestimated",199.589,"32310"
"S3",2,100,0,952,24221482,34221501,"ok",NA,NA,1.06356613523563,0.0692495781658149,0.615384615384615,0.784215784215784,FALSE,FALSE,"reestimated",197.079,"32310"
"S3",2,100,0,953,24222491,34222510,"ok",NA,NA,1.25418734189488,0.194464704464121,0.331668331668332,0.10989010989011,FALSE,FALSE,"reestimated",195.015,"32310"
"S3",2,100,0,954,24223500,34223519,"ok",NA,NA,1.31136200815006,0.198381336797432,0.202797202797203,0.0529470529470529,FALSE,FALSE,"reestimated",201.524,"32310"
"S3",2,100,0,955,24224509,34224528,"ok",NA,NA,1.72553724851205,0.25721791582536,0.027972027972028,0.042957042957043,TRUE,TRUE,"reestimated",195.891,"32310"
"S3",2,100,0,956,24225518,34225537,"ok",NA,NA,1.34988417145264,0.112435774334783,0.184815184815185,0.357642357642358,FALSE,FALSE,"reestimated",199.364,"32310"
"S3",2,100,0,957,24226527,34226546,"ok",NA,NA,1.2720737866049,0.147960435185455,0.278721278721279,0.192807192807193,FALSE,FALSE,"reestimated",194.02,"32310"
"S3",2,100,0,958,24227536,34227555,"ok",NA,NA,1.37871060231367,0.195549803514035,0.207792207792208,0.12987012987013,FALSE,FALSE,"reestimated",197.634,"32310"
"S3",2,100,0,959,24228545,34228564,"ok",NA,NA,1.28008923467537,0.106929804413941,0.304695304695305,0.493506493506494,FALSE,FALSE,"reestimated",197.064,"32310"
"S3",2,100,0,960,24229554,34229573,"ok",NA,NA,0.962052757987759,0.0701986919171597,0.773226773226773,0.772227772227772,FALSE,FALSE,"reestimated",199.111,"32310"
"S3",2,100,0,961,24230563,34230582,"ok",NA,NA,1.33277631626543,0.139391113498895,0.20979020979021,0.243756243756244,FALSE,FALSE,"reestimated",187.094,"32310"
"S3",2,100,0,962,24231572,34231591,"ok",NA,NA,1.1373676635913,0.0834621964297593,0.495504495504495,0.657342657342657,FALSE,FALSE,"reestimated",191.249,"32310"
"S3",2,100,0,963,24232581,34232600,"ok",NA,NA,1.07397044980882,0.121651037487384,0.568431568431568,0.293706293706294,FALSE,FALSE,"reestimated",191.962,"32310"
"S3",2,100,0,964,24233590,34233609,"ok",NA,NA,1.1104895731075,0.094576117723316,0.543456543456543,0.563436563436563,FALSE,FALSE,"reestimated",190.552,"32310"
"S3",2,100,0,965,24234599,34234618,"ok",NA,NA,1.00009997819475,0.123407488159907,0.755244755244755,0.335664335664336,FALSE,FALSE,"reestimated",189.061,"32310"
"S3",2,100,0,966,24235608,34235627,"ok",NA,NA,1.03010512377481,0.0780887394654825,0.683316683316683,0.719280719280719,FALSE,FALSE,"reestimated",188.126,"32310"
"S3",2,100,0,967,24236617,34236636,"ok",NA,NA,1.26051563399288,0.140029709179348,0.286713286713287,0.247752247752248,FALSE,FALSE,"reestimated",187.443,"32310"
"S3",2,100,0,968,24237626,34237645,"ok",NA,NA,1.02375509018699,0.088733325046918,0.698301698301698,0.558441558441558,FALSE,FALSE,"reestimated",187.862999999999,"32310"
"S3",2,100,0,969,24238635,34238654,"ok",NA,NA,1.13780259124376,0.0767225029022417,0.4995004995005,0.725274725274725,FALSE,FALSE,"reestimated",191.439,"32310"
"S3",2,100,0,970,24239644,34239663,"ok",NA,NA,1.31571451433108,0.115278209056491,0.205794205794206,0.350649350649351,FALSE,FALSE,"reestimated",188.479,"32310"
"S3",2,100,0,971,24240653,34240672,"ok",NA,NA,1.37318302925449,0.220403975762682,0.164835164835165,0.0659340659340659,FALSE,FALSE,"reestimated",186.153,"32310"
"S3",2,100,0,972,24241662,34241681,"ok",NA,NA,0.905559406326581,0.0563608480278583,0.907092907092907,0.932067932067932,FALSE,FALSE,"reestimated",188.132000000001,"32310"
"S3",2,100,0,973,24242671,34242690,"ok",NA,NA,1.01671419407595,0.0777457307659818,0.707292707292707,0.702297702297702,FALSE,FALSE,"reestimated",188.629,"32310"
"S3",2,100,0,974,24243680,34243699,"ok",NA,NA,1.21273525285009,0.0751052660785287,0.346653346653347,0.754245754245754,FALSE,FALSE,"reestimated",187.963,"32310"
"S3",2,100,0,975,24244689,34244708,"ok",NA,NA,1.14741338556797,0.0978691091810089,0.450549450549451,0.473526473526474,FALSE,FALSE,"reestimated",186.174,"32310"
"S3",2,100,0,976,24245698,34245717,"ok",NA,NA,1.11367677847949,0.0928909345834755,0.483516483516484,0.513486513486514,FALSE,FALSE,"reestimated",190.839,"32310"
"S3",2,100,0,977,24246707,34246726,"ok",NA,NA,0.99714075010456,0.0734516462638424,0.735264735264735,0.773226773226773,FALSE,FALSE,"reestimated",182.147999999999,"32310"
"S3",2,100,0,978,24247716,34247735,"ok",NA,NA,0.920192831273821,0.0676197719058316,0.884115884115884,0.835164835164835,FALSE,FALSE,"reestimated",178.516,"32310"
"S3",2,100,0,979,24248725,34248744,"ok",NA,NA,1.24891484902185,0.0891383149945109,0.292707292707293,0.576423576423576,FALSE,FALSE,"reestimated",180.766,"32310"
"S3",2,100,0,980,24249734,34249753,"ok",NA,NA,1.45326578100767,0.159578988640399,0.0819180819180819,0.106893106893107,FALSE,FALSE,"reestimated",182.549999999999,"32310"
"S3",2,100,0,981,24250743,34250762,"ok",NA,NA,0.899023314483071,0.0667181466135767,0.889110889110889,0.815184815184815,FALSE,FALSE,"reestimated",181.101000000001,"32310"
"S3",2,100,0,982,24251752,34251771,"ok",NA,NA,1.52214370669948,0.191687338497421,0.0609390609390609,0.0799200799200799,FALSE,FALSE,"reestimated",179.315,"32310"
"S3",2,100,0,983,24252761,34252780,"ok",NA,NA,0.917851116183136,0.0619897127362767,0.846153846153846,0.857142857142857,FALSE,FALSE,"reestimated",181.672,"32310"
"S3",2,100,0,984,24253770,34253789,"ok",NA,NA,1.18021471110734,0.0821203341291378,0.405594405594406,0.624375624375624,FALSE,FALSE,"reestimated",181.107,"32310"
"S3",2,100,0,985,24254779,34254798,"ok",NA,NA,1.16676161041778,0.104537242577228,0.42957042957043,0.423576423576424,FALSE,FALSE,"reestimated",181.148,"32310"
"S3",2,100,0,986,24255788,34255807,"ok",NA,NA,1.20808020077597,0.123339970749092,0.353646353646354,0.314685314685315,FALSE,FALSE,"reestimated",176.96,"32310"
"S3",2,100,0,987,24256797,34256816,"ok",NA,NA,1.0535615633516,0.0801332663560677,0.64035964035964,0.68031968031968,FALSE,FALSE,"reestimated",181.55,"32310"
"S3",2,100,0,988,24257806,34257825,"ok",NA,NA,1.41671235786486,0.237874430108187,0.124875124875125,0.043956043956044,FALSE,TRUE,"reestimated",179.826,"32310"
"S3",2,100,0,989,24258815,34258834,"ok",NA,NA,1.18182393975302,0.132901015050144,0.400599400599401,0.241758241758242,FALSE,FALSE,"reestimated",178.125,"32310"
"S3",2,100,0,990,24259824,34259843,"ok",NA,NA,1.25663268974364,0.105643330624166,0.274725274725275,0.436563436563437,FALSE,FALSE,"reestimated",181.031000000001,"32310"
"S3",2,100,0,991,24260833,34260852,"ok",NA,NA,1.42149591944416,0.139038230046029,0.132867132867133,0.22977022977023,FALSE,FALSE,"reestimated",180.306,"32310"
"S3",2,100,0,992,24261842,34261861,"ok",NA,NA,1.14324602136226,0.0797558214287893,0.447552447552448,0.682317682317682,FALSE,FALSE,"reestimated",177.187,"32310"
"S3",2,100,0,993,24262851,34262870,"ok",NA,NA,1.29878721807403,0.13184500407063,0.240759240759241,0.284715284715285,FALSE,FALSE,"reestimated",158.382,"32310"
"S3",2,100,0,994,24263860,34263879,"ok",NA,NA,1.12953014614895,0.109893051043664,0.524475524475524,0.3996003996004,FALSE,FALSE,"reestimated",156.590999999999,"32310"
"S3",2,100,0,995,24264869,34264888,"ok",NA,NA,1.0935896718473,0.0925237379215784,0.535464535464535,0.494505494505495,FALSE,FALSE,"reestimated",156.076,"32310"
"S3",2,100,0,996,24265878,34265897,"ok",NA,NA,0.986741541790774,0.0761642065963189,0.75024975024975,0.715284715284715,FALSE,FALSE,"reestimated",158.675,"32310"
"S3",2,100,0,997,24266887,34266906,"ok",NA,NA,1.01165430780479,0.100099110755594,0.678321678321678,0.417582417582418,FALSE,FALSE,"reestimated",155.742,"32310"
"S3",2,100,0,998,24267896,34267915,"ok",NA,NA,1.02084056028588,0.0934739441976992,0.69030969030969,0.506493506493506,FALSE,FALSE,"reestimated",157.058,"32310"
"S3",2,100,0,999,24268905,34268924,"ok",NA,NA,0.998003050087906,0.0932372706933513,0.73026973026973,0.532467532467532,FALSE,FALSE,"reestimated",157.732,"32310"
"S3",2,100,0,1000,24269914,34269933,"ok",NA,NA,1.0044126582699,0.0897563626766014,0.724275724275724,0.566433566433566,FALSE,FALSE,"reestimated",156.235,"32310"
