"NOAA","date","cycle","total_area","dist_sun_disc","theta","phi","hemisphere","x1","x2","x3","norm_s2"
"7982",1996-08-06 06:04:49,23,3,0.6975,2.88817084620022,0.176452787376627,"N",-0.953028683676193,0.246824927790034,0.175538551639996,1
"7981b",1996-08-09 14:45:56,23,1,0.6115,3.53551346576491,0.267384441405531,"N",-0.890598117744152,-0.370173219362909,0.264209727938003,1
"7982a",1996-08-10 14:29:39,23,3,0.455,2.31744818079807,0.451691210416132,"N",-0.611069798478781,0.660357584568482,0.436487756861499,1
"7984",1996-08-14 10:01:58,23,23,0.6005,1.23778750551438,0.505621884302757,"N",0.285985652697874,0.826810576946649,0.484351604002836,1
"7984a",1996-08-15 05:57:30,23,2,0.5478,1.01089470275512,0.0523598775598299,"N",0.53037498782362,0.846146157572811,0.0523359562429438,1
"7985",1996-08-19 07:45:49,23,1,0.1002,0.736005345566009,0.16632987771506,"N",0.730927545283916,0.662067583460883,0.165564001146068,1
"7986",1996-08-24 12:43:28,23,168,0.9563,4.49684081776339,-0.206821516361328,"S",-0.209324784669973,-0.956041019618222,-0.205350196810764,1
"7986b",1996-08-31 08:08:34,23,14,0.7913,3.24596334285905,0.314508331209378,"N",-0.945773835138621,-0.0990710635660983,0.309348956893452,1
"7988",1996-09-07 08:17:00,23,17,0.5594,2.37591671073988,-0.441219234904167,"S",-0.651873340432197,0.626654659421735,-0.427042253013443,1
"7988c",1996-09-12 09:30:12,23,2,0.4777,1.03759824031063,0.502131225798769,"N",0.445546147934976,0.754880102822331,0.48129477498021,1
"7988d",1996-09-27 11:35:25,23,6,0.3974,4.38985213461614,-0.23404865269244,"S",-0.308331455992505,-0.922575689202464,-0.23191768138316,1
"7989c",1996-10-20 09:00:22,23,4,0.5822,4.59143766322148,0.25254914276358,"N",-0.116829232447457,-0.961204655581039,0.249873048836955,1
"7991",1996-10-25 13:44:08,23,3,0.4983,3.71824943844872,0.530929158456675,"N",-0.722888580315785,-0.470167165284535,0.506334807353133,1
"7992",1996-10-26 06:54:54,23,1,0.4439,4.17919089390042,-0.223053078404875,"S",-0.495698024560938,-0.8398514440843,-0.221208092790247,1
"7993",1996-11-09 07:28:55,23,4,0.9637,5.6004125037994,-0.0207694180987325,"S",0.77565888483638,-0.630810579864497,-0.0207679249180268,1
"7994",1996-11-10 07:33:11,23,1,0.704,5.92539281052075,-0.199840199353351,"S",0.918030832343111,-0.343237663507773,-0.198512712986195,1
"7995",1996-11-12 07:16:11,23,26,0.9455,4.97191944015625,0.0122173047639603,"N",0.25660761245613,-0.966438450249242,0.0122170008352472,1
"7996",1996-11-13 07:23:09,23,4,0.8572,5.01886879703489,0.549080582677416,"N",0.257355249782094,-0.813256013631611,0.521903182306467,1
"7997",1996-11-16 11:19:00,23,16,0.8507,4.23312156778705,0.135786615805159,"N",-0.45688462654223,-0.879165214728158,0.135369727935597,1
"7998",1996-11-16 11:19:00,23,11,0.8166,4.33627052657991,-0.256563400043166,"S",-0.355290048674488,-0.8996532036696,-0.253757944584806,1
"7999",1996-11-21 10:15:08,23,12,0.9312,2.91696877885812,-0.0692895713041749,"S",-0.972538673882458,0.222205223921688,-0.0692341408906283,1
"8000",1996-11-25 13:10:22,23,6,0.7873,4.03432856598489,-0.219038821125288,"S",-0.612295831621499,-0.760183013546413,-0.217291510405792,1
"7999a",1996-12-01 06:16:00,23,5,0.8636,2.84366495027436,-0.330041761552128,"S",-0.904353254394384,0.277697138850687,-0.324082536308931,1
"8003",1996-12-08 08:33:38,23,16,0.5753,6.16869170824876,-0.526565835326689,"S",0.858877730037499,-0.0987679559273277,-0.502567344469943,1
"8004",1996-12-11 09:35:10,23,141,0.9863,4.39788064917531,0.100007366139275,"N",-0.307803273133892,-0.94619710974487,0.0998407459833803,1
"8003m",1996-12-15 08:57:05,23,3,0.2923,5.03806741880683,0.234223185617639,"N",0.311215331169627,-0.921564122659291,0.232087452207547,1
"8005",1996-12-16 09:05:14,23,5,0.5878,4.05858864258761,-0.236841179495631,"S",-0.591228689745736,-0.771619021991977,-0.23463316330324,1
"8006",1996-12-17 10:46:45,23,16,0.6051,3.94758570216077,-0.499164166070378,"S",-0.607911086842998,-0.633481030209063,-0.478691857940607,1
"8007a",1996-12-19 10:04:36,23,4,0.785,3.05484978976568,-0.111875605052837,"S",-0.990012149804847,0.0860925268547866,-0.111642375729576,1
"8007",1996-12-21 05:57:00,23,14,0.605,4.17046424764045,0.0762708883121522,"N",-0.514286398063518,-0.85422685730645,0.0761969620339215,1
"8008",1996-12-24 11:16:49,23,3,0.3212,2.93512020307886,-0.330914426178125,"S",-0.925658168233192,0.193885948363821,-0.324907978680476,1
"8008a",1996-12-26 08:31:32,23,1,0.4025,2.58378542465241,-0.390255620745932,"S",-0.784626871127053,0.489527959219,-0.380424828643258,1
"8008m",1997-01-01 09:05:35,23,3,0.19,1.10077915923282,0.0886627260013119,"N",0.451122609627063,0.888058494344317,0.0885466075362222,1
"8009",1997-01-05 09:23:35,23,38,0.1781,0.231605191739647,-0.0471238898038469,"S",0.97221870932726,0.229285332142239,-0.0471064507096427,1
"8010",1997-01-09 12:44:32,23,14,0.8469,6.13657765001206,0.653625804871876,"N",0.78536775645129,-0.115973020345211,0.60806886590145,1
"8010m",1997-01-13 09:53:34,23,3,0.2459,4.44483000605396,0.164410015537866,"N",-0.260812940575275,-0.951414017555011,0.163670330934813,1
"8011",1997-01-15 10:07:01,23,53,0.5003,3.50497020385501,-0.0973893722612836,"S",-0.93027248849036,-0.353749001241869,-0.0972354939223993,1
"8011d",1997-01-16 09:19:26,23,8,0.8535,2.8000317189745,-0.390430153671132,"S",-0.87132563357423,0.30975112518609,-0.380586232964907,1
"8011b",1997-01-18 08:43:09,23,10,0.5992,3.03931635942293,0.478220215046446,"N",-0.883175961515303,0.0906442446403381,0.460199784783852,1
"8014",1997-01-24 06:11:00,23,5,0.9111,0.84648468721725,-0.197222205475359,"S",0.649774932327216,0.73443695840804,-0.195946144242518,1
"8013m",1997-01-25 08:28:55,23,2,0.5008,1.22940992510481,-0.0118682389135614,"S",0.334770229454377,0.942225050075308,-0.0118679602985372,1
"8015",1997-01-28 11:00:16,23,8,0.8517,0.0282743338823081,0.0570722665402146,"N",0.99797277863741,0.0282245372049799,0.0570412885398923,1
"8016",1997-02-02 09:14:48,23,42,0.5468,5.65207424965844,-0.365297412442413,"S",0.754100031625609,-0.55110973702675,-0.357227098715315,1
"8016m",1997-02-03 07:58:29,23,2,0.598,5.55206688351916,-0.620813614934383,"S",0.605521867364713,-0.543112964041892,-0.581697151817663,1
"8017",1997-02-06 11:38:08,23,4,0.8977,6.16729544484716,0.566708408122559,"N",0.838013541540921,-0.0975543989888839,0.536857935986756,1
"8018",1997-02-13 16:59:34,23,3,0.307,3.4152602803025,0.142767932813136,"N",-0.952990717986003,-0.267514705326245,0.14228342794133,1
"8017a",1997-02-16 14:53:57,23,8,0.8527,3.92402375725885,-0.455705467695719,"S",-0.636828212747605,-0.63306036642811,-0.44009589853417,1
"8019",1997-02-23 13:03:07,23,13,0.9804,0.039095375244673,0.44628068973495,"N",0.90136935511551,0.0352573380098094,0.431613491187558,1
"8020",1997-03-06 15:17:19,23,171,0.9822,3.693989361846,0.117635191584418,"N",-0.845386185996338,-0.52110255325293,0.117364072525805,1
"8021",1997-03-08 11:58:25,23,10,0.7812,3.76066093927218,-0.490437519810407,"S",-0.718421287727681,-0.511877584086129,-0.47101188121941,1
"8022",1997-03-14 14:46:58,23,3,0.2632,3.47966292970109,-0.0720820981073658,"S",-0.940946645563216,-0.330805946112029,-0.0720196932807821,1
"8023",1997-03-18 07:27:22,23,7,0.2348,2.60141325009755,-0.174881991049832,"S",-0.844535273574302,0.506445436390294,-0.173991929836482,1
"8022b",1997-03-20 04:57:00,23,10,0.8336,2.76111087665503,0.438252175175776,"N",-0.840739040253517,0.336271624835019,0.424357467855122,1
"8023a",1997-03-22 12:25:02,23,3,0.8594,2.35357649631435,-0.711396203112889,"S",-0.534194742012155,0.536999127411437,-0.652891962552705,1
"8024a",1997-03-25 08:04:13,23,2,0.7907,6.14059190729165,0.0457276264022514,"N",0.98881605906883,-0.141962116615572,0.0457116918699685,1
"8026",1997-03-27 07:07:05,23,26,0.9817,5.17577389678918,-0.407010781565078,"S",0.410464156707606,-0.821467726302257,-0.395866076725594,1
"8026a",1997-04-02 15:45:52,23,79,0.309,5.03056250302326,-0.41242130224626,"S",0.286602225981155,-0.870169782244979,-0.400828784059195,1
"8027",1997-04-02 15:45:52,23,121,0.9834,3.70044708007838,-0.494626310015193,"S",-0.746243425819272,-0.466666923615882,-0.474702782617087,1
"8026b",1997-04-08 05:29:34,23,6,0.6685,4.56944651464635,-0.0993092344384773,"S",-0.141754285619907,-0.984924249712427,-0.0991460782724331,1
"8029",1997-04-09 07:45:54,23,25,0.5388,3.81040282295402,0.416435559525847,"N",-0.717508795790184,-0.567061085105935,0.404503218432437,1
"8029a",1997-04-09 07:45:54,23,1,0.329,3.7545522868902,0.182386906833407,"N",-0.804382094638392,-0.565748780807938,0.181377404434746,1
"8031",1997-04-12 13:53:03,23,5,0.6104,3.36953265390025,-0.515919326889524,"S",-0.847340251430578,-0.196558765045784,-0.493334724288937,1
"8032",1997-04-14 15:22:00,23,15,0.4757,1.94831104400127,-0.391302818297129,"S",-0.34074909202796,0.859319134182174,-0.381393080575041,1
"8033a",1997-04-17 09:15:13,23,3,0.6393,1.37636664812273,0.508763476956347,"N",0.16873683929105,0.856891886180632,0.487097705254157,1
"8033b",1997-04-17 09:15:13,23,3,0.6243,1.14266706128069,-0.471064365113269,"S",0.369951749105855,0.810659923565048,-0.453834982850627,1
"8033",1997-04-19 10:14:38,23,6,0.4682,1.40795710758383,0.369835268497598,"N",0.151159045144905,0.920052323976724,0.361461843374802,1
"8035",1997-04-22 14:39:15,23,1,0.9471,5.61367700611456,0.310494073929791,"N",0.746632102805773,-0.590925086992947,0.30552912237986,1
"8035m",1997-04-25 06:21:42,23,1,0.5345,5.92940706780034,-0.587303293296092,"S",0.780885497004554,-0.288393588226419,-0.554118199338228,1
"8036",1997-04-26 08:54:41,23,34,0.5119,0.14782938764392,-0.311890337331387,"S",0.941374525751607,0.140185493077173,-0.306858322026056,1
"8036m",1997-04-28 11:29:02,23,2,0.5196,5.13336239596572,-0.530405559681077,"S",0.352501499204117,-0.787289566428823,-0.505883219380882,1
"8037",1997-05-03 15:21:19,23,5,0.5469,4.7102945852823,-0.450469479939736,"S",-0.00188546272350098,-0.90024082108036,-0.435388228011366,1
"8037m",1997-05-03 15:21:19,23,1,0.5377,3.80307244009564,0.269129770657526,"N",-0.760679148007539,-0.592172560092625,0.265892634083515,1
"8037a",1997-05-05 16:00:32,23,1,0.4357,3.97289297631469,-0.478918346747244,"S",-0.598096012793095,-0.655687854125355,-0.460819484650431,1
"8038",1997-05-05 16:00:32,23,113,0.9771,2.48116006463514,0.353778239379251,"N",-0.740819505395722,0.575467332222456,0.346444526540696,1
"8038m",1997-05-06 15:41:01,23,1,0.5599,3.24561427700865,-0.572293461728941,"S",-0.836117050136906,-0.087289318239821,-0.541561495484664,1
"8039",1997-05-06 15:41:01,23,4,0.4642,3.45138859581879,0.404916386462684,"N",-0.875380636410385,-0.28021155091392,0.393941909590951,1
"8039m",1997-05-13 11:05:45,23,1,0.3457,1.74986710804951,-0.305781684949406,"S",-0.169852865091696,0.938363314832368,-0.30103869119592,1
"8038n",1997-05-15 15:57:27,23,1,0.42,1.91497525528818,-0.100181899064475,"S",-0.335732026155927,0.936632865823913,-0.100014405321035,1
"8040",1997-05-16 05:40:35,23,9,0.9184,0.201585528605345,0.0998328332140757,"N",0.97487201662037,0.199226061689545,0.0996670836044028,1
"8040m",1997-05-17 15:18:31,23,2,0.8422,0.134564885328763,0.455356401845321,"N",0.889985302703633,0.120488908994421,0.439782427776347,1
"8041",1997-05-17 15:18:31,23,5,0.493,0.532674487708669,0.0848230016469244,"N",0.858354753101929,0.506013256152272,0.0847213221420735,1
"8043",1997-05-19 15:24:24,23,26,0.7197,1.20270638754929,0.480489143074039,"N",0.319089589720886,0.827369921938809,0.462212987704506,1
"8044",1997-05-19 15:24:24,23,60,0.9931,5.40319029832404,-0.604232987040437,"S",0.524339119997604,-0.63426777427385,-0.568131039248724,1
"8045",1997-05-21 15:53:47,23,35,0.0926,0.0380481776934764,0.032637657012294,"N",0.998744079792478,0.0380187401073486,0.0326318629582591,1
"8046",1997-05-23 16:02:26,23,12,0.9613,4.65095339071449,-0.441044701978967,"S",-0.0555216424434437,-0.902600150723207,-0.426884428311489,1
"8040a",1997-05-25 16:08:23,23,6,0.835,0.0417133691226645,0.509461608657145,"N",0.872247803143576,0.0364055122885326,0.487707298065362,1
"8047",1997-05-27 05:34:00,23,15,0.9887,3.70550853490916,0.452040276266531,"N",-0.76027795111978,-0.480813513453903,0.436801788367702,1
"8046e",1997-05-30 16:12:40,23,6,0.5344,3.94392051073159,-0.455880000620919,"S",-0.624053751901507,-0.645549805030054,-0.440252613806337,1
"8048",1997-05-30 16:12:40,23,3,0.8828,3.2943089631393,-0.502654824574367,"S",-0.866107793921142,-0.133306739509117,-0.481753674101715,1
"8048a",1997-05-31 15:40:58,23,7,0.8665,3.1396727914126,-0.577005850709325,"S",-0.838098218970118,0.00160903504827347,-0.545516989987781,1
"8047m",1997-06-03 07:54:03,23,2,0.2233,3.65943184265651,0.0954695100840898,"N",-0.864934102428606,-0.492749660983449,0.0953245511750099,1
"8050",1997-06-07 12:23:53,23,15,0.9702,1.20253185462409,0.484677933278825,"N",0.318534194976328,0.825500661291571,0.465923410914243,1
"8048b",1997-06-08 06:20:24,23,4,0.3599,2.32268416855405,0.37227872945039,"N",-0.636232681684274,0.680368947812395,0.363739013042995,1
"8048m",1997-06-08 06:20:24,23,3,0.39,2.53107648124218,-0.337023078560105,"S",-0.773258119149752,0.541039006027428,-0.33067911201925,1
"8050m",1997-06-12 13:38:23,23,3,0.5289,1.18158790360016,0.55100044485461,"N",0.323297094066729,0.788279767885956,0.523539870983741,1
"8052",1997-06-12 13:38:23,23,23,0.7433,0.527962098728285,0.298276769165831,"N",0.825692261028188,0.48152949450192,0.293873503403903,1
"8052m",1997-06-16 10:15:31,23,1,0.1129,0.459370659124908,0.130550628049176,"N",0.888704257408853,0.439611059000481,0.13018010473131,1
"8053",1997-06-18 07:25:21,23,21,0.7405,5.59081319291344,-0.472286095589665,"S",0.685471612430269,-0.568483465128098,-0.454923310491118,1
"8052b",1997-06-19 16:00:25,23,2,0.2721,5.724330880691,0.154985237577096,"N",0.837700419689107,-0.523859995602461,0.154365513830271,1
"8050c",1997-06-20 15:01:45,23,2,0.925,0.641233967182717,0.127758101245985,"N",0.794827180907534,0.593309557500465,0.127410837330209,1
"8052a",1997-06-22 16:04:20,23,3,0.9075,0.0820304748437335,-0.342957198016886,"S",0.938597568154444,0.0771667669260333,-0.336273542130134,1
"8055",1997-06-22 16:04:20,23,5,0.2912,5.07629012942551,0.252025543987981,"N",0.344678774215784,-0.904993440928316,0.249366025115354,1
"8056",1997-06-25 11:02:43,23,50,0.3448,4.85184078761904,0.313112067807783,"N",0.132242015527875,-0.942143930701325,0.308020881064551,1
"8057",1997-06-28 09:01:19,23,5,0.5384,3.6315065746246,0.52010811709431,"N",-0.765693124274589,-0.408326978657056,0.496973961027555,1
"8059m",1997-07-01 08:01:52,23,2,0.8239,2.4328144443549,-0.474729556542458,"S",-0.675207300958396,0.578927098874394,-0.457097927058694,1
"8058",1997-07-02 13:43:51,23,2,0.8004,2.15129283600821,-0.379260046458368,"S",-0.509466459140093,0.776769789055006,-0.370233199244339,1
"8059",1997-07-03 08:26:28,23,1,0.6472,2.41169596040576,-0.53564154743706,"S",-0.640865532566654,0.573402581517069,-0.510392837604153,1
"8058a",1997-07-07 15:38:38,23,6,0.3476,1.86785136548433,-0.286583063177469,"S",-0.280767611881886,0.917204260578726,-0.282676303383173,1
"8059a",1997-07-07 15:38:38,23,4,0.6354,2.16228841029577,-0.536339679137857,"S",-0.479304706365307,0.713549637701108,-0.510993065503519,1
"8060",1997-07-07 15:38:38,23,10,0.39,1.41406575996581,0.0645771823237902,"N",0.155764336754164,0.985684053126092,0.064532308252958,1
"8060a",1997-07-14 06:27:36,23,4,0.4304,0.163711883837068,-0.351683844276857,"S",0.926241486486671,0.153006122618692,-0.344479077959977,1
"8062",1997-07-16 13:29:02,23,14,0.9906,4.58794700471749,0.40945424251787,"N",-0.113860978436922,-0.910244531024854,0.398108743095063,1
"8063",1997-07-20 15:06:13,23,11,0.5128,5.22743564264822,-0.436681378848981,"S",0.446352280868559,-0.788603809242466,-0.422934597085303,1
"8063m",1997-07-20 15:06:13,23,6,0.9932,0.180292511731014,-0.600567795611249,"S",0.811642447195835,0.147939483365103,-0.565111004291743,1
"8062m",1997-07-21 05:30:40,23,2,0.4009,4.8003535746852,0.466875574908483,"N",0.0784492686732865,-0.889526337788993,0.450098441037435,1
"8064",1997-07-22 14:32:02,23,19,0.9675,3.31787090804122,0.38781215979314,"N",-0.911392632040154,-0.162343754003304,0.378163953595573,1
"8065",1997-07-24 14:44:42,23,55,0.6332,4.84451040476066,0.298102236240631,"N",0.125927174591833,-0.947564634816902,0.293706672623603,1
"8066",1997-07-25 14:49:22,23,22,0.9647,2.63178197908225,0.402821991360291,"N",-0.802973646762574,0.448950740094961,0.39201601443436,1
"8063a",1997-07-27 14:05:18,23,5,0.6276,3.95526515086955,-0.407883446191075,"S",-0.630487677783182,-0.667188384541025,-0.396667301018256,1
"8069",1997-07-29 05:41:47,23,1,0.9411,1.8779742751459,0.334579617607313,"N",-0.285603007084368,0.90033475347288,0.328372127369689,1
"8067",1997-08-02 03:40:00,23,2,0.9697,0.879645943005142,0.109257611174845,"N",0.633623235893642,0.765918920590018,0.109040368753469,1
"8068",1997-08-03 08:33:15,23,45,0.7453,1.22539566782522,-0.368788070946402,"S",0.315809668230678,0.877675701205067,-0.360485252078672,1
"8069m",1997-08-03 08:33:15,23,2,0.3811,1.64619455048105,0.379434579383567,"N",-0.0699691272175177,0.9262351889135,0.370395324018531,1
"8070",1997-08-05 15:37:28,23,6,0.8766,0.410850505919465,-0.318522588488965,"S",0.870666562458686,0.379299574643822,-0.31316380648375,1
"8071",1997-08-08 05:24:44,23,3,0.9513,5.81980039077509,0.461465054227301,"N",0.800976279621043,-0.400225161172646,0.44526039555384,1
"8072",1997-08-09 11:20:59,23,1,0.499,0.0516617458590322,0.367740873395205,"N",0.931896929751007,0.0481862986966672,0.359508265466264,1
"8072a",1997-08-11 15:40:19,23,5,0.4618,6.09224628701141,-0.319220720189763,"S",0.9322248475163,-0.180193250936155,-0.313826745179996,1
"8073",1997-08-11 15:40:19,23,118,0.9779,4.92200302354921,0.250454747661186,"N",0.201590197063859,-0.947594045095551,0.247844544316,1
"8074",1997-08-11 15:40:19,23,79,0.9843,4.87627539714696,0.45238934211693,"N",0.146741357937249,-0.887353807911985,0.437115766650933,1
"8067a",1997-08-12 15:31:55,23,5,0.8002,0.687659725285766,0.460592389601304,"N",0.692206505584338,0.568584833894242,0.44447884121989,1
"8071a",1997-08-13 14:18:47,23,1,0.3421,5.71263717470264,0.436332312998582,"N",0.762753218446397,-0.489490891225702,0.422618261740699,1
"8075",1997-08-15 12:11:30,23,10,0.7984,4.51830836756292,0.491310184436404,"N",-0.170051609707882,-0.865161640249819,0.471781502685301,1
"8071b",1997-08-18 05:52:22,23,2,0.4124,5.11154578031579,-0.143291531588734,"S",0.384658503162332,-0.911946005042624,-0.142801680073145,1
"8077",1997-08-24 15:31:56,23,3,0.9877,1.96209914509203,-0.40631264986428,"S",-0.350341732868506,0.849151320012032,-0.395224880204316,1
"8076",1997-08-25 09:58:35,23,56,0.9466,1.86697870085833,0.519584518318712,"N",-0.253351437089109,0.830229729455674,0.496519531995311,1
"8078",1997-08-26 08:22:39,23,3,0.8142,1.95616502563524,0.413468499797457,"N",-0.344224685712757,0.848572803679036,0.401787957263846,1
"8080m",1997-08-29 06:41:58,23,1,0.3566,2.47208435252477,0.40631264986428,"N",-0.720286743972207,0.570073943033182,0.395224880204316,1
"8080",1997-08-30 16:10:27,23,27,0.4738,2.37504404611388,0.321664181142555,"N",-0.683364813045032,0.658076249591072,0.316145823973806,1
"8081",1997-08-31 13:04:29,23,24,0.9814,0.292691715559449,0.597600735882858,"N",0.791529506551741,0.238524696734615,0.562660651996937,1
"8082",1997-09-01 14:45:28,23,6,0.9671,0.126710903694788,0.359712358836031,"N",0.928494131193157,0.118284051638084,0.352005016253951,1
"8083",1997-09-03 10:28:16,23,46,0.9295,6.26939720608883,-0.482758071101632,"S",0.885633739579998,-0.012211981420833,-0.464223811137824,1
"8076m",1997-09-05 09:05:45,23,2,0.6394,0.3384193419617,-0.518362787842316,"S",0.819363270568015,0.288382625550276,-0.495458668432408,1
"8084",1997-09-05 09:05:45,23,1,0.9538,5.59290758801583,0.37856191475757,"N",0.716475263320287,-0.591667499355488,0.36958458741748,1
"8085",1997-09-06 14:24:21,23,136,0.9925,5.22761017557342,-0.4309217923174,"S",0.447682747644413,-0.790632508887888,-0.417708502847611,1
"8085b",1997-09-11 16:23:46,23,1,0.407,5.07663919527591,0.370009801422798,"N",0.332139237373032,-0.871155093717647,0.361624570082092,1
"8086",1997-09-11 16:23:46,23,7,0.9769,4.04113535006767,0.437379510549779,"N",-0.56341898149479,-0.70933063655882,0.423567113136079,1
"8084a",1997-09-12 16:01:37,23,2,0.5789,5.70356146259227,0.519060919543114,"N",0.726467251594046,-0.475567956275438,0.496064966839421,1
"8086m",1997-09-20 14:33:04,23,2,0.9277,2.16909519437855,0.252723675688779,"N",-0.545346396913168,0.800047676605834,0.250042041527882,1
"8087",1997-09-21 06:26:04,23,91,0.9929,1.83329384629484,-0.383623369588354,"S",-0.240631938995931,0.895549308497381,-0.374282922379476,1
"8088a",1997-09-21 06:26:04,23,2,0.9508,1.94342412209569,0.352556508902855,"N",-0.341671660886673,0.87408788454898,0.345298198998535,1
"8088",1997-09-22 13:51:12,23,192,0.8064,2.19597326485927,-0.502654824574367,"S",-0.512850382186462,0.710561667260976,-0.481753674101715,1
"8088c",1997-09-24 13:18:03,23,1,0.6748,1.79821272832976,0.516093859814723,"N",-0.196095655896833,0.847359154114919,0.493486532416073,1
"8090",1997-09-30 07:11:49,23,91,0.9872,6.10097293327138,-0.479791011373241,"S",0.872405793561019,-0.160746076356856,-0.461593793607588,1
"8091",1997-10-01 13:58:21,23,58,0.9666,5.78960619471559,0.38152897448596,"N",0.817321420801513,-0.439714298499852,0.372339939831573,1
"8098b",1997-10-03 14:21:51,23,21,0.9242,1.5072663420223,0.765326876999514,"N",0.0457842136993256,0.71970111993953,0.692772764861408,1
"8094a",1997-10-04 12:42:22,23,2,0.8247,5.48364997684098,0.4307472593922,"N",0.63336814459226,-0.651534234263151,0.417549919170016,1
"8092",1997-10-07 15:03:27,23,20,0.8739,4.67416626976601,0.41242130224626,"N",-0.0350093242204461,-0.915483824590721,0.400828784059195,1
"8091m",1997-10-09 13:47:19,23,1,0.5191,5.17926455529317,-0.42481313993542,"S",0.410091784682284,-0.813607191669249,-0.412150537789503,1
"8093",1997-10-09 13:47:19,23,33,0.7632,4.47781672891665,0.526740368251889,"N",-0.200921574684195,-0.84077637032421,0.502718227171912,1
"8094",1997-10-10 10:11:26,23,16,0.3685,5.36322225845338,0.374373124552784,"N",0.563886625077709,-0.740475066057029,0.365689144775054,1
"8095",1997-10-12 08:50:35,23,3,0.8043,3.76362799900057,0.545240858323028,"N",-0.694855461597298,-0.498201758961679,0.518624039990334,1
"8096",1997-10-14 07:10:39,23,3,0.9309,2.99236700254428,0.220958683302482,"N",-0.96484448035135,0.145057878136639,0.219165099242624,1
"8097",1997-10-15 10:12:07,23,81,0.9948,2.45026773687484,0.27070056698432,"N",-0.742346864407622,0.61434100143523,0.26740655724894,1
"8098",1997-10-22 11:00:08,23,3,0.6668,1.77081105907345,-0.398807734080704,"S",-0.183091986965891,0.903152792734643,-0.388319916157409,1
"8097m",1997-10-23 07:39:22,23,2,0.73,2.87839700238905,-0.223227611330075,"S",-0.941605950312792,0.253712205569331,-0.221378298576641,1
"8096n",1997-10-25 07:52:49,23,2,0.8581,2.39232280570863,-0.686787060659769,"S",-0.56619034064618,0.526689254001087,-0.634055934345497,1
"8099",1997-10-25 07:52:49,23,23,0.959,0.366693675844009,0.339815605363296,"N",0.880135712906654,0.338028705677213,0.333313247568237,1
"8100",1997-10-27 13:15:01,23,106,0.9792,6.11371383681094,-0.363552083190419,"S",0.921250011620919,-0.157637639655486,-0.355596387288037,1
"8098a",1997-10-28 12:02:50,23,1,0.5304,1.31388386090133,-0.324456707945746,"S",0.240837895220041,0.916715640438374,-0.318793887647871,1
"8102",1997-11-02 07:36:51,23,35,0.5497,5.70809931864745,0.516617458590322,"N",0.729632788462724,-0.472924334788765,0.493941866584231,1
"8102m",1997-11-04 13:51:04,23,1,0.3756,5.58330827712986,0.453087473817728,"N",0.687740730625162,-0.579131470518586,0.437743563395453,1
"8103",1997-11-04 13:51:04,23,43,0.4044,5.30998971626755,0.388335758568738,"N",0.520765223440097,-0.765133195353905,0.378648617352433,1
"8104",1997-11-07 05:46:00,23,6,0.9836,3.57635417026158,0.503178423349965,"N",-0.794555433365455,-0.368988922478428,0.482212441147718,1
"8103m",1997-11-08 05:43:00,23,3,0.469,4.46490129245189,0.471238898038469,"N",-0.218268951095329,-0.863858374465387,0.453990499739547,1
"8105",1997-11-08 05:43:00,23,19,0.7321,4.23294703486185,-0.601091394386847,"S",-0.380429714444769,-0.731733870042633,-0.565542903589023,1
"8106",1997-11-11 10:14:50,23,72,0.6937,4.65845830649807,0.504225620901162,"N",-0.0471960539762484,-0.874275896303716,0.483129578510161,1
"8107",1997-11-13 13:18:41,23,37,0.5642,3.88300851983698,-0.426907535037813,"S",-0.671321727787468,-0.614722066508264,-0.414057868839922,1
"8108",1997-11-13 13:18:41,23,143,0.9906,2.07746540864885,0.345924257745276,"N",-0.456521455175766,0.822570474511714,0.339066328947267,1
"8104m",1997-11-15 05:29:00,23,3,0.3538,3.22763738571311,0.39688787190351,"N",-0.918856459723148,-0.0792584563867765,0.386550001314486,1
"8109",1997-11-16 06:39:00,23,7,0.9663,1.61460409101995,-0.31101767270539,"S",-0.0416926442590853,0.951109250102864,-0.306027642188501,1
"8110",1997-11-19 06:24:00,23,2,0.8036,1.34372899111043,0.477696616270848,"N",0.199920203279975,0.865260520515797,0.459734862673287,1
"8111",1997-11-22 06:15:00,23,33,0.9899,0.0883136601509131,0.382925237887556,"N",0.92396076207996,0.0818111573962471,0.37363544353033,1
"8112",1997-11-23 05:25:01,23,19,0.9509,0.0680678408277788,-0.309097810528196,"S",0.950402427524386,0.0647919374177891,-0.304199327089006,1
"8113",1997-11-26 10:44:03,23,559,0.9764,5.48539530609298,0.335277749308111,"N",0.659408827683604,-0.675957315239887,0.329031466499208,1
"8114",1997-12-03 09:47:40,23,1,0.5553,4.9867547387982,-0.527263967027487,"S",0.234139775896733,-0.831864008175857,-0.503170783377398,1
"8115",1997-12-05 06:23:34,23,31,0.5619,4.98134421811702,0.574911455606932,"N",0.223006648811297,-0.809068953769782,0.543760482778792,1
"8116",1997-12-06 09:53:06,23,48,0.6543,3.96521352760592,0.444186294632557,"N",-0.613624373605401,-0.662422094916091,0.429723278732206,1
"8117",1997-12-07 09:27:55,23,25,0.7585,3.52591415487894,0.379260046458368,"N",-0.8611755764623,-0.348287244501041,0.370233199244339,1
"8118",1997-12-08 08:55:27,23,18,0.8334,3.31403118368683,-0.679107611950994,"S",-0.766593256398536,-0.133516215430785,-0.628098877137453,1
"8119",1997-12-08 08:55:27,23,13,0.5472,3.94130251685359,0.557458163086989,"N",-0.591403693882525,-0.608578653721335,0.529030899945203,1
"8120",1997-12-08 08:55:27,23,5,0.7472,3.32589942260039,-0.390081087820733,"S",-0.909214057533865,-0.169497889424329,-0.380263412733205,1
"8121",1997-12-10 10:23:27,23,36,0.7964,4.44919332918394,0.436855911774181,"N",-0.235734209576784,-0.874883941557656,0.423092745435027,1
"8122",1997-12-11 11:59:17,23,59,0.5076,3.39257100002658,0.523773308523498,"N",-0.83880820586333,-0.215057268190406,0.500151142330817,1
"8123",1997-12-14 09:55:04,23,18,0.9396,1.50988433590029,0.314682864134578,"N",0.0578850719232559,0.949131092240248,0.30951492402027,1
"8122m",1997-12-15 10:05:19,23,2,0.5319,2.0631537087825,0.374024058702385,"N",-0.440023972858513,0.82029743376112,0.365364233984024,1
"8123m",1997-12-15 10:05:19,23,1,0.8079,1.60832090571277,-0.452040276266531,"S",-0.0337476055993724,0.898924522301559,-0.436801788367702,1
"8118m",1997-12-16 08:35:35,23,1,0.6064,2.39040294353143,0.617148423505195,"N",-0.596053915243729,0.556607754234208,0.578711964667202,1
"8123a",1997-12-19 08:38:03,23,2,0.5782,1.46642563752564,0.580845575063713,"N",0.0870954607271433,0.831449718515619,0.548731032748308,1
"8118b",1997-12-20 10:09:42,23,2,0.8739,2.3387411976724,-0.42481313993542,"S",-0.632914191458675,0.655401831283706,-0.412150537789503,1
"8124",1997-12-20 10:09:42,23,69,0.986,6.20691441886743,-0.38152897448596,"S",0.925398247025774,-0.0707181278587448,-0.372339939831573,1
"8123b",1997-12-21 12:06:20,23,4,0.607,1.01874868438909,-0.678060414399797,"S",0.408422686903456,0.663103387082323,-0.627283673358802,1
"8123n",1997-12-21 12:06:20,23,6,0.7092,0.467050107833683,-0.573340659280137,"S",0.750119847474287,0.378255725307241,-0.542441536663119,1
"8125",1997-12-23 11:40:15,23,10,0.7764,6.08037804809785,0.33545228223331,"N",0.924908877265901,-0.190193008458381,0.329196276236961,1
"8126",1997-12-23 11:40:15,23,255,0.9962,5.44106394309232,0.374896723328382,"N",0.619633150778276,-0.694240291592999,0.366176427402768,1
"8123o",1997-12-24 15:22:34,23,5,0.4057,0.0809832772925369,-0.357268897883239,"S",0.933785022242932,0.0757867209989423,-0.34971689286478,1
"8123c",1997-12-25 07:32:00,23,5,0.5568,0.717330322569669,-0.330739893252925,"S",0.712722010243323,0.621747037413176,-0.324742909980579,1
"8128",1997-12-27 06:50:01,23,20,0.7944,0.527613032877886,0.471238898038469,"N",0.769839707824906,0.448597202847164,0.453990499739547,1
"8129",1997-12-29 08:52:56,23,9,0.7909,4.77382457005489,0.473682358991261,"N",0.0546368121600723,-0.888215706892159,0.45616628194886,1
"8130",1997-12-29 08:52:56,23,4,0.7058,4.87994058857615,-0.50178215994837,"S",0.146210622261815,-0.864449106721283,-0.480988768919388,1
"8124m",1997-12-31 10:33:52,23,0,0.6294,5.64125320829607,0.327772833524535,"N",0.758299709942088,-0.566867935117569,0.321935232674661,1
"8129a",1998-01-04 06:13:00,23,4,0.6091,4.70104434024673,-0.496895238042786,"S",-0.00997248295102847,-0.879010264204965,-0.476698547308579,1
"8129b",1998-01-04 06:13:00,23,1,0.0879,4.10955225674585,-0.085870199198121,"S",-0.56489235860137,-0.82069545998977,-0.0857647080445139,1
"8129m",1998-01-04 06:13:00,23,2,0.2303,4.05509798408363,0.126536370769589,"N",-0.606089740998852,-0.785320982812123,0.12619896913583,1
"8132a",1998-01-06 08:12:00,23,5,0.9783,2.34973677195997,-0.438601241026175,"S",-0.636029294844455,0.644297398810292,-0.424673519289768,1
"8130m",1998-01-07 09:09:22,23,1,0.2848,3.43515703377524,-0.349938515024863,"S",-0.89920516369803,-0.271828574726822,-0.342840049499448,1
"8131",1998-01-11 13:08:38,23,2,0.464,2.14727857872862,-0.392350015848325,"S",-0.503659270188002,0.77467894691801,-0.382360914262549,1
"8131b",1998-01-11 13:08:38,23,5,0.5112,1.99613306550591,0.0441568300754565,"N",-0.412225329849382,0.910011933291089,0.0441424817877669,1
"8132",1998-01-11 13:08:38,23,7,0.2887,2.38848308135424,-0.335801348083709,"S",-0.688816965264579,0.645711926673653,-0.32952586562377,1
"8134",1998-01-11 13:08:38,23,18,0.9841,1.15697876114704,0.260054058547155,"N",0.388587150301926,0.884806619157368,0.257132793154696,1
"8135",1998-01-13 07:40:51,23,20,0.9709,0.773355391558687,-0.309272343453395,"S",0.68162078004897,0.665398154107934,-0.30436558398608,1
"8131m",1998-01-15 09:35:33,23,2,0.3733,1.52035631141226,-0.444535360482956,"S",0.0455184722824724,0.901662356025666,-0.430038445266601,1
"8136",1998-01-15 09:35:33,23,2,0.332,1.65317586748903,0.255865268342369,"N",-0.0796075352299791,0.964163801766489,0.253082602519018,1
"8136m",1998-01-16 13:19:53,23,2,0.4423,1.07250482535052,0.269478836507924,"N",0.460677053129178,0.846698712234169,0.266229118282011,1
"8137",1998-01-16 13:19:53,23,13,0.3193,1.10566608113841,-0.277856416917497,"S",0.431335771075245,0.859483422335519,-0.274294913043147,1
"8138",1998-01-16 13:19:53,23,5,0.8174,2.14361338729944,-0.742637596723587,"S",-0.399285792527201,0.619095564072792,-0.676233346139715,1
"8136n",1998-01-17 08:06:54,23,1,0.5614,0.873711823548361,0.425685804561417,"N",0.584691580791747,0.698292049588213,0.412945479250157,1
"8139",1998-01-17 08:06:54,23,7,0.7606,0.384321501289151,0.242426233102012,"N",0.899944516561552,0.363966657257802,0.240058616832172,1
"8140",1998-01-19 07:07:00,23,7,0.7817,1.6313592518391,-0.23387411976724,"S",-0.058878144313025,0.970992416730593,-0.231747903494157,1
"8141",1998-01-19 07:07:00,23,1,0.8894,6.02784363761282,0.42481313993542,"N",0.88157470671512,-0.230125988710473,0.412150537789503,1
"8135m",1998-01-20 06:23:33,23,4,0.5053,0.523947841448698,0.438775773951374,"N",0.783830875236402,0.452909851822873,0.424831525605055,1
"8142m",1998-01-20 06:23:33,23,3,0.7392,6.01300833897086,-0.425685804561417,"S",0.877716878773035,-0.243082520728621,-0.412945479250157,1
"8147m",1998-01-21 06:23:33,23,2,0.6389,5.90584512289841,-0.323584043319749,"S",0.881400971748624,-0.349327277448908,-0.317966633832411,1
"8142",1998-01-23 13:34:27,23,56,0.2765,6.0627502226527,-0.370533400198396,"S",0.909578921691667,-0.20381508588784,-0.362112684089851,1
"8143",1998-01-23 13:34:27,23,168,0.9056,4.94207430994714,-0.607374579694027,"S",0.18695196688275,-0.799584258061387,-0.570713567684432,1
"8144",1998-01-23 13:34:27,23,10,0.9435,4.84136881210707,0.209614043164519,"N",0.125807135490519,-0.969986740485727,0.208082406612249,1
"8145",1998-01-23 13:34:27,23,11,0.9901,4.68324198187638,0.480489143074039,"N",-0.0258429934840743,-0.886392291079438,0.462212987704506,1
"8147",1998-01-23 13:34:27,23,3,0.5712,5.50232499983732,-0.407883446191075,"S",0.652036288092204,-0.646145286536884,-0.396667301018256,1
"8146",1998-01-24 08:22:34,23,3,0.9538,4.63454729574574,0.246440490381599,"N",-0.0754136342824742,-0.966850273357494,0.243953546137066,1
"8147a",1998-01-24 08:22:34,23,1,0.5066,5.5100044485461,0.306828882500603,"N",0.682267132433746,-0.665796607397387,0.302037146024729,1
"8143a",1998-01-25 08:27:19,23,2,0.809,4.77539536638169,0.321315115292156,"N",0.0597422304359407,-0.946938212158768,0.315814642244616,1
"8147n",1998-01-27 11:04:23,23,1,0.5316,5.59744544407101,-0.44942228238854,"S",0.697096072223571,-0.570363379267357,-0.434445257404417,1
"8146a",1998-01-28 08:38:30,23,2,0.4747,4.53436539668127,-0.402996524285491,"S",-0.162898474522083,-0.905351657518248,-0.392176571492152,1
"8143m",1998-02-01 13:22:15,23,1,0.385,3.57687776903718,-0.105766952670856,"S",-0.901682835198794,-0.419312613645202,-0.105569866656608,1
"8152a",1998-02-02 10:07:13,23,3,0.4874,3.46709655908674,-0.5232497097479,"S",-0.820715472211167,-0.276998831440138,-0.499697669650358,1
"8150",1998-02-03 13:27:12,23,34,0.6265,3.89138610024656,0.456229066471318,"N",-0.656978273700255,-0.6117852105972,0.440566004113313,1
"8151",1998-02-03 13:27:12,23,122,0.9824,2.10539067668076,-0.416435559525847,"S",-0.465949095373527,0.786936202495724,-0.404503218432437,1
"8152",1998-02-05 10:07:24,23,3,0.6206,3.73273567124027,-0.32637657012294,"S",-0.786472677542861,-0.527890175837997,-0.320612990585676,1
"8150m",1998-02-08 09:39:06,23,1,0.9664,3.61859113815984,0.439124839801773,"N",-0.804091382628995,-0.415555835152568,0.425147499407492,1
"8153",1998-02-08 09:39:06,23,10,0.7996,1.59470733754722,-0.689055988687361,"S",-0.0184538730479458,0.771625933667368,-0.635808833739744,1
"8151m",1998-02-09 11:12:12,23,1,0.1513,2.13017435205908,-0.263544717051144,"S",-0.512336860486214,0.818320439903576,-0.260504508642648,1
"8153m",1998-02-09 11:12:12,23,2,0.7506,1.48422799589598,-0.712443400664085,"S",0.0654302546555264,0.75393305876385,-0.653684805298929,1
"8154",1998-02-09 11:12:12,23,13,0.6171,1.54095119658579,-0.416610092451047,"S",0.0272883041795413,0.914058719814642,-0.404662829014257,1
"8151b",1998-02-10 12:44:06,23,6,0.2069,1.74463112029353,-0.24312436480281,"S",-0.167873936151102,0.955962544886879,-0.240736275485307,1
"8154a",1998-02-10 12:44:06,23,1,0.4579,1.49365277385675,0.110304808726042,"N",0.0765986924191886,0.990966576644576,0.110081262224782,1
"8156",1998-02-10 12:44:06,23,5,0.9616,0.59707713710726,-0.434412450821389,"S",0.750170248984097,0.510006597302205,-0.420877497910454,1
"8157",1998-02-11 12:16:47,23,7,0.9656,0.475427688243255,0.455181868920121,"N",0.798570149237551,0.411114321085118,0.43962567230024,1
"8158",1998-02-11 12:16:47,23,4,0.9835,0.271573231610318,-0.351160245501259,"S",0.904560898338041,0.251877341637971,-0.343987479375725,1
"8159",1998-02-13 11:04:55,23,4,0.9407,0.169820536219048,0.560599755740579,"N",0.834753292724724,0.143136880040634,0.531694248471304,1
"8160",1998-02-14 09:04:36,23,4,0.9253,6.23239622594655,0.413293966872257,"N",0.914621926868985,-0.0464927907458088,0.40162812563257,1
"8157m",1998-02-16 07:14:28,23,2,0.6312,0.183259571459405,0.43703044469938,"N",0.890841259547323,0.165107668230106,0.423250880896609,1
"8161",1998-02-16 07:14:28,23,4,0.9414,5.74213323906134,0.420449816805434,"N",0.7825126836058,-0.470181055468299,0.408171134543791,1
"8163",1998-02-18 10:35:02,23,1,0.5575,5.83166862968865,-0.389208423194735,"S",0.832491088922015,-0.403697423649118,-0.379456159529005,1
"8168a",1998-02-18 10:35:02,23,3,0.8622,5.32918833803949,-0.31101767270539,"S",0.550675834840802,-0.776597197483311,-0.306027642188501,1
"8160m",1998-02-20 08:08:10,23,1,0.4426,5.84440953322821,0.323933109170148,"N",0.8581899858118,-0.402736401032604,0.318297564451329,1
"8164a",1998-02-20 08:08:10,23,2,0.9165,4.78569280896845,-0.573864258055736,"S",0.0615061276340318,-0.837554089712736,-0.542881334242517,1
"8165",1998-02-22 14:26:10,23,4,0.9795,4.16121400260488,0.509985207432743,"N",-0.457050100765073,-0.743505740238205,0.488164336697669,1
"8164",1998-02-23 14:19:17,23,17,0.5052,4.85690224244982,0.286408530252269,"N",0.138144457536577,-0.949265420774411,0.282508884415881,1
"8166",1998-02-24 13:48:12,23,7,0.5663,5.30545186021236,0.373674992851986,"N",0.520334735631816,-0.772009124246463,0.36503927867447,1
"8167",1998-02-24 13:48:12,23,14,0.4775,4.57939489138272,-0.456578132321717,"S",-0.119019439740941,-0.889640253065023,-0.440879340738659,1
"8168",1998-02-25 08:39:45,23,5,0.7206,5.48539530609298,0.2769837522915,"N",0.671674762007887,-0.688531074775193,0.273455614589583,1
"8164m",1998-02-26 14:03:12,23,1,0.7855,5.37439236566614,-0.496895238042786,"S",0.540360869006638,-0.693374809349374,-0.476698547308579,1
"8169",1998-02-26 14:03:12,23,3,0.479,4.96354185974667,-0.345924257745276,"S",0.233799073331075,-0.911247506379993,-0.339066328947267,1
"8165a",1998-02-27 15:28:08,23,2,0.1608,4.1551053502229,-0.00383972435438753,"S",-0.528878884018613,-0.8486886252499,-0.00383971491924261,1
"8171",1998-02-27 15:28:08,23,5,0.3149,4.13119433947058,-0.419228086329038,"S",-0.501479321877808,-0.763429305775897,-0.407055505811561,1
"8171m",1998-02-28 08:18:51,23,2,0.3636,3.82750704962357,-0.387986692718339,"S",-0.716322695118052,-0.586303332411663,-0.378325519707288,1
"8172",1998-03-01 05:42:01,23,12,0.5359,3.63918602333338,0.378387381832371,"N",-0.816573578164289,-0.443547829625302,0.369422406302939,1
"8173",1998-03-01 05:42:01,23,8,0.9842,2.47505141225316,-0.317649923862968,"S",-0.746644606621966,0.587340386896973,-0.312334918512233,1
"8167m",1998-03-02 12:40:32,23,1,0.8313,4.55984720376038,0.0558505360638185,"N",-0.151713954990064,-0.98684691591025,0.0558215049931638,1
"8172b",1998-03-05 09:35:33,23,5,0.4656,2.5864034185304,0.208741378538522,"N",-0.831353670296648,0.515662015381036,0.207228764358283,1
"8173m",1998-03-06 11:36:14,23,1,0.4768,2.29109370909296,-0.444709893408155,"S",-0.595451757161085,0.678504678562942,-0.430196008886619,1
"8175",1998-03-06 11:36:14,23,88,0.9961,1.38736222241029,0.806865713196978,"N",0.126182900731879,0.680159481874537,0.72212253446285,1
"8172m",1998-03-07 11:08:02,23,3,0.9272,3.65978090850691,-0.16929693744345,"S",-0.856298321674963,-0.488225883449907,-0.168489379565003,1
"8174",1998-03-07 11:08:02,23,99,0.6931,1.70117242191887,-0.305607152024207,"S",-0.123983107047849,0.945570768576964,-0.300872249932643,1
"8176",1998-03-07 11:08:02,23,4,0.9548,1.19083814863573,-0.734260016314014,"S",0.275315364325771,0.689384137675278,-0.670038029434062,1
"8172c",1998-03-08 11:20:02,23,6,0.4802,2.46510303551679,-0.575260521457331,"S",-0.654270866830833,0.525295660511989,-0.544053399827355,1
"8179",1998-03-09 09:11:28,23,2,0.9749,0.647168086639497,-0.379434579383567,"S",0.741050682320561,0.560045703650549,-0.370395324018531,1
"8178",1998-03-10 10:37:39,23,160,0.9792,0.387986692718339,-0.284837733925475,"S",0.888374736854334,0.363081748791286,-0.281001727065251,1
"8173a",1998-03-11 14:19:44,23,1,0.4743,1.87256375446472,-0.48014007722364,"S",-0.263602965681376,0.846852235155461,-0.461903418796813,1
"8174m",1998-03-11 14:19:44,23,1,0.3106,1.52192710773906,-0.44017203735297,"S",0.0441933302275534,0.903598310606589,-0.426095109843234,1
"8175m",1998-03-11 14:19:44,23,1,0.3743,1.61076436666557,0.24312436480281,"N",-0.0387822750716644,0.969815436464964,0.240736275485307,1
"8179m",1998-03-11 14:19:44,23,1,0.8195,0.562519617917772,-0.436332312998582,"S",0.766658478697583,0.483351406209165,-0.422618261740699,1
"8180",1998-03-11 14:19:44,23,2,0.8659,0.473333293140862,-0.499862297771176,"S",0.781154389295676,0.400081035793555,-0.479304688984425,1
"8181",1998-03-11 14:19:44,23,1,0.8997,0.383623369588354,-0.399505865781502,"S",0.854291604954366,0.344809379799668,-0.388963167030841,1
"8182",1998-03-14 13:32:19,23,2,0.3082,0.792728546255825,-0.435110582522186,"S",0.636503419915283,0.645904126593061,-0.421510682766409,1
"8181b",1998-03-17 11:05:06,23,5,0.5266,6.20464549083984,0.370009801422798,"N",0.929449758083703,-0.073149282368916,0.361624570082092,1
"8183",1998-03-18 08:32:48,23,52,0.9449,5.09007823051626,0.376991118430775,"N",0.342876993409577,-0.864245151042871,0.368124552684678,1
"8178m",1998-03-19 07:19:48,23,1,0.4147,5.92574187637115,0.291469985083053,"N",0.897282727927077,-0.335123317295957,0.287360519849712,1
"8184m",1998-03-19 07:19:48,23,1,0.9657,4.68900156840797,-0.45238934211693,"S",-0.0210328436373265,-0.89915928846545,-0.437115766650933,1
"8183m",1998-03-20 13:55:11,23,2,0.9532,4.60487669846184,0.53546701451186,"N",-0.0922858073277836,-0.855064719338877,0.510242741749246,1
"8184",1998-03-20 13:55:11,23,42,0.7926,4.81553793917756,-0.34487706019408,"S",0.0969031905807931,-0.936114855802378,-0.338080979058797,1
"8185",1998-03-20 13:55:11,23,102,0.9971,4.19245539621558,-0.414166631498254,"S",-0.454817155308871,-0.794477019834815,-0.402427161348656,1
"8189a",1998-03-20 13:55:11,23,1,0.9296,4.52197355899211,-0.434586983746588,"S",-0.171673340026752,-0.890649823547973,-0.421035813367491,1
"8180m",1998-03-22 10:29:26,23,1,0.899,0.136659280431156,-0.471064365113269,"S",0.882777837402555,0.121396450243978,-0.453834982850627,1
"8181d",1998-03-22 10:29:26,23,1,0.4184,5.59971437209861,0.188844625065786,"N",0.761600566718292,-0.620261401933462,0.187724186097351,1
"8183n",1998-03-22 10:29:26,23,1,0.5858,4.84800106326465,0.311715804406187,"N",0.128681496377822,-0.943069967736151,0.306692204733181,1
"8184n",1998-03-22 10:29:26,23,1,0.474,4.88063872027694,-0.400727596257898,"S",0.154190679165136,-0.907775453994637,-0.39008839970374,1
"8181a",1998-03-23 15:19:41,23,5,0.9295,6.23134902839535,-0.40945424251787,"S",0.916106062366422,-0.0475301080028149,-0.398108743095063,1
"8183a",1998-03-24 07:05:31,23,4,0.3889,4.89564855184409,0.275762021815104,"N",0.175350301688809,-0.946105564284011,0.272280247040574,1
"8183o",1998-03-25 08:17:09,23,0,0.613,4.554262150154,0.533023553559068,"N",-0.135623781172961,-0.850529343566658,0.508139769859061,1
"8183p",1998-03-25 08:17:09,23,1,0.4948,4.55792734158319,0.390430153671132,"N",-0.142270392750029,-0.913735877934282,0.380586232964907,1
"8188",1998-03-25 08:17:09,23,17,0.9585,3.47582320534671,0.514697596413128,"N",-0.822273999287003,-0.28554175837514,0.492271646878622,1
"8189",1998-03-27 15:37:28,23,60,0.3914,4.3093924560992,-0.46478117980609,"S",-0.350574350652782,-0.822307726953653,-0.448227204503136,1
"8185m",1998-03-28 09:00:15,23,1,0.1632,3.7843974170993,-0.186750229963393,"S",-0.786500589287408,-0.589020144801368,-0.185666615385577,1
"8190",1998-03-29 07:58:28,23,104,0.9643,2.38987934475584,-0.361283155162826,"S",-0.683360515242135,0.638806653865811,-0.353474843779257,1
"8191",1998-03-29 07:58:28,23,85,0.9853,2.28812664936457,-0.355349035706045,"S",-0.616305799794281,0.70648460245432,-0.347917616160627,1
"8190d",1998-03-30 05:51:47,23,3,0.989,2.05372893082173,-0.367740873395205,"S",-0.433330934483713,0.826424895729134,-0.359508265466264,1
"8190m",1998-03-30 05:51:47,23,0,0.4966,3.06619442990364,-0.417133691226645,"S",-0.911656468560315,0.0688678298890746,-0.405141586779863,1
"8192",1998-04-01 15:09:06,23,6,0.682,3.59817078591151,-0.560599755740579,"S",-0.760181617896678,-0.373396751397925,-0.531694248471304,1
"8193",1998-04-03 14:10:45,23,1,0.8484,1.49347824093155,-0.372802328225989,"S",0.0719354086638851,0.928527980720038,-0.364226695891898,1
"8191m",1998-04-04 09:48:10,23,2,0.3984,2.01794968115584,-0.401600260883895,"S",-0.397997284783596,0.829940827346663,-0.390891780942016,1
"8193m",1998-04-04 09:48:10,23,1,0.6992,1.56102248298373,-0.358141562509236,"S",0.00915354657611894,0.93650515372481,-0.350534320191259,1
"8194",1998-04-05 06:49:22,23,313,0.9827,0.703891287329313,-0.32323497746935,"S",0.722850681455284,0.613672939745751,-0.317635664470223,1
"8195",1998-04-05 06:49:22,23,16,0.9931,0.622908010036776,-0.487470460082016,"S",0.717582418041589,0.51544538978291,-0.468392488698454,1
"8197",1998-04-06 13:17:30,23,1,0.961,0.663574181608244,0.558854426488584,"N",0.667942963095712,0.522229815070575,0.53021525657253,1
"8196",1998-04-07 10:16:19,23,35,0.8604,2.57785130519562,0.306479816650204,"N",-0.805873924617569,0.509452347197573,0.301704364496703,1
"8198",1998-04-07 10:16:19,23,211,0.9848,0.193207948195772,-0.492008316137202,"S",0.864986260755142,0.169233266962759,-0.472396941202998,1
"8199",1998-04-07 10:16:19,23,35,0.3425,1.56451314148772,-0.451342144565734,"S",0.00565396566742661,0.899844742373626,-0.436173672170586,1
"8194m",1998-04-08 11:59:08,23,1,0.8435,0.368264472170804,-0.304036355697412,"S",0.890164447038436,0.343485873276346,-0.299373866742474,1
"8202",1998-04-08 11:59:08,23,8,0.9514,0.101927228316469,-0.395317075576716,"S",0.918084708288561,0.0939032470788917,-0.385100829127578,1
"8202a",1998-04-08 11:59:08,23,9,0.9922,6.25368924282088,0.287979326579064,"N",0.958402669983103,-0.0282773078982473,0.284015344703923,1
"8200",1998-04-09 05:01:00,23,34,0.3575,0.950157244785713,-0.368613538021202,"S",0.542490845225184,0.758861921581097,-0.360322448400195,1
"8200m",1998-04-10 08:27:12,23,0,0.3309,0.846833753067649,-0.423765942384223,"S",0.603770881848311,0.682919037992236,-0.411196193780866,1
"8200n",1998-04-10 08:27:12,23,1,0.5845,0.748397183255168,-0.699178898348928,"S",0.560848846498441,0.520808201044271,-0.643589456957149,1
"8200o",1998-04-11 09:26:00,23,1,0.2146,0.843692160414059,-0.27070056698432,"S",0.640502764834267,0.719895785082764,-0.26740655724894,1
"8204",1998-04-13 11:08:34,23,4,0.784,5.61472420366576,-0.286408530252269,"S",0.752808255558791,-0.594532135875449,-0.282508884415881,1
"8203",1998-04-15 08:53:39,23,154,0.6404,0.089884456477708,0.531627290157473,"N",0.858503548455846,0.0773746125476318,0.506936708694315,1
"8195m",1998-04-16 09:09:54,23,6,0.7569,0.378212848907171,-0.429001930140206,"S",0.845111783810654,0.33579835667182,-0.415963383629953,1
"8205",1998-04-17 09:28:00,23,9,0.4499,5.47614506105741,0.351509311351658,"N",0.649348227427912,-0.678081047708739,0.344315222252004,1
"8205m",1998-04-19 14:45:02,23,2,0.5062,4.92252662232481,0.40945424251787,"N",0.191351724094773,-0.89715881891515,0.398108743095063,1
"8206",1998-04-19 14:45:02,23,11,0.8018,4.29926954643763,0.415911960750249,"N",-0.367242406818191,-0.83779315425761,0.404024312775192,1
"8205a",1998-04-21 06:26:57,23,4,0.0787,4.71395977671148,-0.0102974425867665,"S",0.00157071240008137,-0.999945748171693,-0.010297260602189,1
"8208",1998-04-22 09:12:33,23,6,0.9288,3.32083796776961,0.309795942228993,"N",-0.937137012893304,-0.169799818149419,0.304864299028011,1
"8209",1998-04-23 09:59:42,23,4,0.2813,4.17762009757363,-0.366519142918809,"S",-0.475791985187783,-0.803239938978239,-0.3583679495453,1
"8211",1998-04-23 09:59:42,23,7,0.5039,3.87061668214782,-0.475427688243255,"S",-0.663110706287042,-0.592264924956502,-0.45771874538167,1
"8210",1998-04-24 16:08:10,23,425,0.9975,2.40454011047259,-0.282045207122284,"S",-0.711196178321469,0.645552185905203,-0.278320626641203,1
"8206m",1998-04-25 14:24:47,23,1,0.5204,3.56535859597402,0.44331363000656,"N",-0.823432455803706,-0.371448034133313,0.428935133403146,1
"8212",1998-04-28 14:14:40,23,36,0.8917,4.09157536545031,-0.519235452468313,"S",-0.505028777599806,-0.706197646042804,-0.496216503675208,1
"8213",1998-04-28 14:14:40,23,13,0.8638,2.00555784346668,-0.4309217923174,"S",-0.38268901122799,0.824056264665315,-0.417708502847611,1
"8214",1998-04-29 14:41:59,23,11,0.9377,1.6626006454498,0.455705467695719,"N",-0.0823200129503007,0.894169455730436,0.44009589853417,1
"8215a",1998-04-29 14:41:59,23,2,0.5641,3.25015213306384,-0.479791011373241,"S",-0.881869284300393,-0.0961131370337437,-0.461593793607588,1
"8216",1998-04-29 14:41:59,23,3,0.9328,1.58999494856683,-0.369660735572399,"S",-0.0179006546895057,0.932278135973013,-0.361299105656754,1
"8215",1998-04-30 06:36:35,23,6,0.756,3.2611477073514,0.537037810838655,"N",-0.853094546347523,-0.102480495528246,0.511593044351073,1
"8215m",1998-05-01 06:48:52,23,3,0.5041,2.74208678780829,0.335277749308111,"N",-0.86995696223795,0.36730529251169,0.329031466499208,1
"8217",1998-05-02 09:39:34,23,74,0.9879,0.722042711550054,-0.280648943720688,"S",0.721096262726982,0.635061153538971,-0.276979261221722,1
"8216m",1998-05-03 08:58:53,23,2,0.5615,1.49923782746313,-0.506320016003555,"S",0.06252702309757,0.872296953476835,-0.484962262797413,1
"8216n",1998-05-03 08:58:53,23,3,0.7134,1.17844631094657,-0.399680398706701,"S",0.352225293877426,0.851187343526819,-0.389123950140206,1
"8217n",1998-05-05 06:21:01,23,2,0.6153,0.909142007363846,-0.419577152179437,"S",0.561128654546506,0.720542016337558,-0.407374318948844,1
"8218",1998-05-06 05:52:25,23,5,0.9927,6.08247244320024,-0.3694862026472,"S",0.913792545274901,-0.185913194532414,-0.361136356932907,1
"8221a",1998-05-06 05:52:25,23,4,0.6777,0.679631210726592,0.417133691226645,"N",0.711110893542537,0.574614298244161,0.405141586779863,1
"8217m",1998-05-07 16:14:04,23,3,0.5964,0.41556289489985,-0.479616478448042,"S",0.81166406406502,0.358155738993737,-0.461438959919191,1
"8221b",1998-05-07 16:14:04,23,3,0.8937,6.22122611873379,0.494451777089994,"N",0.878539967651303,-0.0545033863646706,0.474549160903305,1
"8221m",1998-05-07 16:14:04,23,1,0.1537,0.78173297196826,-0.0162315620435473,"S",0.709600220419131,0.704417551393792,-0.0162308493152907,1
"8218m",1998-05-10 16:02:59,23,1,0.1435,0.10768681484805,0.00244346095279206,"N",0.99420440806728,0.107478483846975,0.00244345852134494,1
"8218n",1998-05-10 16:02:59,23,1,0.5617,6.14547882919723,-0.530405559681077,"S",0.85443609946173,-0.118410811522681,-0.505883219380882,1
"8220",1998-05-10 16:02:59,23,91,0.9945,5.04539780166521,-0.445408025108953,"S",0.294995183560946,-0.852857951493741,-0.4308261322735,1
"8221",1998-05-11 15:22:18,23,7,0.6748,0.74787358447957,-0.171565865471043,"S",0.722373218967423,0.670096827811342,-0.170725434179618,1
"8222",1998-05-11 15:22:18,23,127,0.9901,4.89076162993851,0.389906554895533,"N",0.164111325085733,-0.910269165574375,0.380101985239666,1
"8218o",1998-05-12 14:51:27,23,0,0.5333,5.63095576570931,0.30176742766982,"N",0.758820704891797,-0.579532919210322,0.297208232354151,1
"8224",1998-05-18 13:37:39,23,0,0.5538,4.40556009788409,-0.554665636283798,"S",-0.256754705176022,-0.810374739948682,-0.526659094883094,1
"8223",1998-05-19 14:03:00,23,23,0.7692,5.31382944062194,-0.296007841138238,"S",0.541221999683846,-0.788661853672963,-0.291704006861999,1
"8224m",1998-05-19 14:03:00,23,4,0.5125,4.08703750939512,-0.4307472593922,"S",-0.531909929656739,-0.736697965066876,-0.417549919170016,1
"8222a",1998-05-20 10:54:24,23,2,0.715,4.87487913374536,0.498116968519182,"N",0.142117642284649,-0.866911947944418,0.477772174014632,1
"8222m",1998-05-22 10:51:10,23,4,0.7968,4.63053303846616,0.407534380340676,"N",-0.0750681135237153,-0.915026750863426,0.396346847516556,1
"8225",1998-05-22 10:51:10,23,4,0.9918,2.35968514869633,-0.306654349575404,"S",-0.676468451084042,0.671762219115088,-0.301870759858471,1
"8226",1998-05-23 14:19:26,23,78,0.3488,3.66606409381409,0.300894763043822,"N",-0.826699299139271,-0.478257456339889,0.296374888035301,1
"8226m",1998-05-23 14:19:26,23,3,0.3205,3.42363786071208,0.275412955964705,"N",-0.924290283959694,-0.26783155124051,0.271944353016954,1
"8225m",1998-05-24 15:54:04,23,4,0.7608,2.46632476599319,-0.320791516516558,"S",-0.740721184019829,0.593217341382383,-0.315317797511462,1
"8226a",1998-05-24 15:54:04,23,2,0.6552,2.61066349513312,-0.258308729295161,"S",-0.83372755876088,0.489536334213542,-0.255445757935791,1
"8227",1998-05-25 08:59:34,23,472,0.9917,1.71653131933642,0.442440965380563,"N",-0.131236361362631,0.894129439046759,0.428146661421323,1
"8224a",1998-05-27 06:48:42,23,47,0.9765,4.02368205754773,-0.417133691226645,"S",-0.58104438248306,-0.705866644803659,-0.405141586779863,1
"8226n",1998-05-27 06:48:42,23,0,0.3305,2.79339946781692,0.296531439913837,"N",-0.898965560015773,0.32630856639128,0.292204793604068,1
"8225b",1998-05-28 06:13:11,23,2,0.6114,1.88216306535069,-0.349763982099664,"S",-0.287810955642757,0.894280689576483,-0.342676089131723,1
"8226o",1998-05-29 14:46:59,23,1,0.5409,2.70072248453603,0.120951317163207,"N",-0.8977735495664,0.423609055153821,0.120656628871498,1
"8230",1998-05-29 14:46:59,23,14,0.9789,0.792728546255825,-0.327598300599336,"S",0.664575690457364,0.674391004775712,-0.321769986684158,1
"8225d",1998-05-30 09:27:05,23,6,0.7101,1.25942958823911,-0.396713338978311,"S",0.282566773886102,0.877986068452238,-0.386389029217164,1
"8227a",1998-06-02 15:00:54,23,1,0.3405,1.26850530034948,0.333881485906515,"N",0.281267928749736,0.901938349100412,0.327712628195584,1
"8232",1998-06-02 15:00:54,23,382,0.978,6.15961599613839,-0.351160245501259,"S",0.931814577589529,-0.115733344479378,-0.343987479375725,1
"8227b",1998-06-03 14:54:33,23,1,0.3609,0.787143492649443,0.301243828894221,"N",0.674084884677635,0.676442001150472,0.296708252882668,1
"8233",1998-06-03 14:54:33,23,27,0.9372,6.11755356116532,0.491659250286803,"N",0.869486200805852,-0.145346090338036,0.472089250705471,1
"8230m",1998-06-04 06:04:26,23,2,0.5927,0.319220720189763,0.361108622237627,"N",0.888244209231202,0.293586711934918,0.353311572613295,1
"8234",1998-06-04 06:04:26,23,33,0.9705,5.81351720546791,0.261101256098352,"N",0.86149489296631,-0.437250380139291,0.258144638644718,1
"8233a",1998-06-05 15:02:10,23,5,0.7988,5.93411945678072,-0.335801348083709,"S",0.887207543988891,-0.322917137628379,-0.32952586562377,1
"8233m",1998-06-05 15:02:10,23,1,0.6664,6.19120645559949,0.402821991360291,"N",0.916069661317993,-0.0844974558181272,0.39201601443436,1
"8236",1998-06-06 09:51:39,23,67,0.3624,0.377863783056772,0.369137136796801,"N",0.866845893783524,0.344083919879945,0.360810826487642,1
"8230n",1998-06-07 10:39:37,23,1,0.6012,0.507018147704353,-0.516268392739923,"S",0.760259929539111,0.422286683574238,-0.49363832551075,1
"8237",1998-06-07 10:39:37,23,36,0.9761,5.06564362098834,-0.428478331364608,"S",0.314678794226987,-0.85343286983952,-0.415487175664099,1
"8234m",1998-06-08 11:28:57,23,1,0.4265,5.75976106450649,0.204203522483337,"N",0.84811727035773,-0.489463388378481,0.202787295356512,1
"8238",1998-06-08 11:28:57,23,3,0.9148,5.03003890424766,0.361108622237627,"N",0.292191099569521,-0.888704278143115,0.353311572613295,1
"8240",1998-06-09 14:41:59,23,73,0.7018,0.281870674197084,-0.407010781565078,"S",0.882068858509688,0.255430182526073,-0.395866076725594,1
"8241",1998-06-09 14:41:59,23,61,0.5487,5.53286826174722,-0.457799862798113,"S",0.65615083577171,-0.611656483314463,-0.441975595633369,1
"8232m",1998-06-10 06:27:56,23,1,0.5962,5.86901867568133,-0.616973890579996,"S",0.746672871203735,-0.328232874290467,-0.578569618666059,1
"8236m",1998-06-11 05:40:24,23,7,0.8095,0.125314640293193,0.360934089312427,"N",0.928231005864301,0.116933675810346,0.353148290684847,1
"8237m",1998-06-11 05:40:24,23,2,0.3952,5.14662689828088,-0.158824961931484,"S",0.41542391686016,-0.895772847915636,-0.158158067254484,1
"8241m",1998-06-11 05:40:24,23,1,0.4575,5.20509542822269,0.372976861151188,"N",0.440491020889733,-0.820480436196227,0.364389234658176,1
"8242",1998-06-11 05:40:24,23,202,0.9867,4.12979807606898,-0.386066830541146,"S",-0.509693843494931,-0.773578726352721,-0.376547659716359,1
"8244",1998-06-11 05:40:24,23,3,0.9174,4.43505616224279,0.56950093492575,"N",-0.230578918585583,-0.80999010947198,0.539211818176747,1
"8232n",1998-06-12 09:12:33,23,1,0.8425,6.14460616457124,-0.505272818452358,"S",0.866653652338342,-0.120874880135012,-0.484046186061783,1
"8239",1998-06-12 09:12:33,23,19,0.5291,4.86824688258778,0.426383936262215,"N",0.141329698073291,-0.899431210524395,0.413581206025048,1
"8239m",1998-06-12 09:12:33,23,2,0.6587,4.60871642281623,0.359014227135234,"N",-0.0968889934106936,-0.931216763195716,0.351351480570605,1
"8243",1998-06-12 09:12:33,23,236,0.9978,3.75001443083502,0.308399678827398,"N",-0.781837952552874,-0.544606648139226,0.303534206886944,1
"8245",1998-06-13 14:52:38,23,19,0.5869,4.61220708132022,-0.511381470834338,"S",-0.0872194896810462,-0.867696707692305,-0.489382451748846,1
"8247",1998-06-13 14:52:38,23,5,0.6712,4.34604437039108,-0.403520123061089,"S",-0.329435585946361,-0.858656948661395,-0.392658170967675,1
"8237n",1998-06-14 04:29:00,23,1,0.5109,4.81798140013035,-0.517839189066718,"S",0.0915778836653488,-0.864051354336682,-0.495003786139381,1
"8245a",1998-06-14 04:29:00,23,7,0.3908,4.61028721914302,0.350462113800461,"N",-0.0957288915971807,-0.934322860569637,0.343331867921615,1
"8249",1998-06-15 14:24:54,23,87,0.988,3.12571015739664,-0.474205957766859,"S",-0.889543380184497,0.0141293574302283,-0.456632167097926,1
"8250",1998-06-17 09:29:01,23,15,0.4777,3.91110832079409,-0.440870169053768,"S",-0.649569386404832,-0.629256727509149,-0.426726590605891,1
"8245m",1998-06-18 04:10:01,23,2,0.6703,4.55146962335081,0.41538836197465,"N",-0.146600102207141,-0.90313875114775,0.40354529635239,1
"8249e",1998-06-19 11:46:17,23,4,0.7321,2.83563643571519,-0.265813645078736,"S",-0.920069488706307,0.290626522329718,-0.26269442413239,1
"8251",1998-06-19 11:46:17,23,4,0.3772,3.89749475262854,0.285884931476671,"N",-0.69811941009572,-0.658104536070592,0.282006575900129,1
"8242m",1998-06-20 06:35:49,23,2,0.5525,3.59328386400593,-0.51417399763753,"S",-0.783377002790249,-0.380049567033287,-0.491815817249889,1
"8252",1998-06-20 06:35:49,23,12,0.5312,3.31490384831283,-0.518362787842316,"S",-0.855618692741346,-0.149791056164161,-0.495458668432408,1
"8249g",1998-06-22 05:36:59,23,2,0.6326,2.40872890067737,-0.365122879517214,"S",-0.694265714834348,0.624900282051745,-0.357064076458557,1
"8249f",1998-06-23 14:54:54,23,1,0.3703,2.62148453649548,0.411374104695063,"N",-0.795369713416328,0.4555125298239,0.399869171296637,1
"8253",1998-06-23 14:54:54,23,223,0.9495,1.41109870023742,0.299673032567426,"N",0.151932667691452,0.943275571291315,0.295207826951119,1
"8254",1998-06-23 14:54:54,23,2,0.662,3.30006854967088,0.390430153671132,"N",-0.913157407428794,-0.14593720750893,0.380586232964907,1
"8255",1998-06-24 06:13:09,23,4,0.9708,1.21841435081724,-0.385543231765547,"S",0.319799557083537,0.869658095770025,-0.376062547657736,1
"8256",1998-06-25 15:22:39,23,76,0.9713,0.899717229403077,-0.43388885204579,"S",0.564211133002606,0.710582547433418,-0.420402474634664,1
"8257",1998-06-25 15:22:39,23,4,0.4606,2.20539804282003,0.515570261039125,"N",-0.515792374334213,0.700627288605978,0.493031062955784,1
"8258",1998-06-25 15:22:39,23,68,0.9929,0.755203967337946,-0.249931148885588,"S",0.705508300050479,0.664140289643248,-0.247337247968167,1
"8259",1998-06-27 16:21:15,23,74,0.9826,0.334405084682113,0.439124839801773,"N",0.854985396274463,0.297068301750551,0.425147499407492,1
"8260",1998-06-27 16:21:15,23,105,0.9898,0.324631240870945,-0.404741853537485,"S",0.871192590408511,0.293188698808272,-0.393781484212273,1
"8255c",1998-06-28 15:10:55,23,3,0.5711,1.1095058054928,0.527263967027487,"N",0.384653184944395,0.773861156841141,0.503170783377398,1
"8257m",1998-06-28 15:10:55,23,2,0.8032,2.35881248407034,0.475951287018854,"N",-0.630160293346825,0.626869389813355,0.458184212739893,1
"8255b",1998-06-29 14:40:55,23,6,0.3127,1.10496794943761,0.318348055563766,"N",0.426594317786565,0.848557310977157,0.312998047948278,1
"8257a",1998-06-29 14:40:55,23,5,0.4635,1.62350527020513,-0.281870674197084,"S",-0.0506054392005383,0.959202797188503,-0.278152985583603,1
"8263",1998-06-29 14:40:55,23,240,0.9985,6.0639719531291,-0.361108622237627,"S",0.913117951072433,-0.20343682087273,-0.353311572613295,1
"8264",1998-06-30 05:21:19,23,244,0.9979,5.89956193759123,0.291644518008252,"N",0.888156223848992,-0.35847782529356,0.287527687033959,1
"8259m",1998-07-03 05:17:18,23,2,0.3349,0.260926723173152,0.341910000465689,"N",0.910226603905228,0.243043329901997,0.335287144598929,1
"8265",1998-07-05 12:56:58,23,3,0.7621,5.45275764908068,-0.441917366604964,"S",0.609757364251304,-0.667301581837176,-0.427673421688682,1
"8265a",1998-07-05 12:56:58,23,3,0.7834,5.31243317722034,0.344527994343681,"N",0.531495579432982,-0.776811260102617,0.337752446654325,1
"8265m",1998-07-05 12:56:58,23,1,0.9548,4.97174490723105,-0.390081087820733,"S",0.237192487944314,-0.893946005416033,-0.380263412733205,1
"8266",1998-07-05 12:56:58,23,3,0.9752,4.83613282435109,0.404741853537485,"N",0.113455778939539,-0.912175382761891,0.393781484212273,1
"8267",1998-07-06 10:38:23,23,7,0.8472,5.0462704662912,0.574562389756533,"N",0.275091880218833,-0.793074734468589,0.543467499474665,1
"8263m",1998-07-07 11:23:41,23,1,0.6326,6.05000931911314,-0.551524043630208,"S",0.828677015810341,-0.196807453650473,-0.523985905970079,1
"8267a",1998-07-07 11:23:41,23,1,0.667,5.03597302370444,0.299149433791828,"N",0.303844941668127,-0.90599433075154,0.294707522925291,1
"8269",1998-07-09 14:24:48,23,6,0.9982,3.72278729450391,0.304385421547811,"N",-0.797386405358528,-0.52378496713245,0.299706904751064,1
"8270",1998-07-10 14:04:01,23,62,0.9665,3.75874107709499,-0.37227872945039,"S",-0.759668804403199,-0.539070717074413,-0.363739013042995,1
"8270m",1998-07-10 14:04:01,23,0,0.8012,4.10222187388747,0.290422787531856,"N",-0.549008653084372,-0.785231798018236,0.286357333098931,1
"8271a",1998-07-10 14:04:01,23,3,0.9728,3.67950312905445,0.429874594766203,"N",-0.780647502604065,-0.46572871709001,0.416756810089205,1
"8264m",1998-07-11 15:38:28,23,1,0.9423,5.98682840019095,0.500734962397173,"N",0.838988664081688,-0.256184373668973,0.480070399243965,1
"8271",1998-07-11 15:38:28,23,27,0.8995,3.68089939245604,-0.186226631187795,"S",-0.843228857667574,-0.50466206046848,-0.185152095101151,1
"8264n",1998-07-12 13:30:00,23,1,0.84,5.55084515304277,0.287804793653865,"N",0.713026505138623,-0.641111159501358,0.283847994765906,1
"8266c",1998-07-12 13:30:00,23,4,0.5319,4.25074939323219,-0.39706240482871,"S",-0.410763681952357,-0.825668111131142,-0.386710961636821,1
"8266m",1998-07-12 13:30:00,23,8,0.3369,4.8026225027128,0.318697121414165,"N",0.0855735291299904,-0.945781032150216,0.313329555479706,1
"8271m",1998-07-12 13:30:00,23,1,0.9645,3.25556265374502,0.387288561017542,"N",-0.919929453602632,-0.105300677745572,0.37767918616292,1
"8266d",1998-07-13 15:41:47,23,2,0.4567,4.16714812206166,0.525518637775493,"N",-0.448642922872814,-0.73963169178405,0.501661726928418,1
"8271n",1998-07-14 14:22:46,23,1,0.7771,3.21838714067754,0.314508331209378,"N",-0.948145909958378,-0.0729558517058982,0.309348956893452,1
"8272",1998-07-14 14:22:46,23,9,0.9801,2.79828638972251,-0.50492375260196,"S",-0.824140080990516,0.29459812155637,-0.483740709141171,1
"8273",1998-07-15 15:48:16,23,17,0.6281,3.44405821296041,-0.476300352869253,"S",-0.84835482363631,-0.264720472147776,-0.458494454534472,1
"8274",1998-07-15 15:48:16,23,5,0.5791,3.40566096941654,-0.360410490536829,"S",-0.903315319783179,-0.244240659589612,-0.352658380374328,1
"8275",1998-07-16 15:24:35,23,17,0.9385,2.39738426053941,0.266337243854335,"N",-0.709687275295823,0.653505886051449,0.263199597604749,1
"8273m",1998-07-17 07:15:01,23,2,0.4133,3.13565853413301,-0.186750229963393,"S",-0.982595495842044,0.0058309074929346,-0.185666615385577,1
"8274m",1998-07-17 07:15:01,23,4,0.2167,3.41962360343249,0.291295452157854,"N",-0.921088153491321,-0.262900355097924,0.287193343911963,1
"8276",1998-07-19 15:45:19,23,11,0.9324,1.7851227589398,-0.343655329717683,"S",-0.200253240392345,0.919987056590017,-0.336930935681487,1
"8278",1998-07-19 15:45:19,23,4,0.9586,1.73677713865956,-0.49549897464119,"S",-0.145349023859297,0.867641227265083,-0.475470674188314,1
"8277",1998-07-20 15:03:28,23,42,0.4905,3.1073842002507,-0.225147473507269,"S",-0.974190908123774,0.033338569706466,-0.223250116010951,1
"8279",1998-07-21 07:05:31,23,19,0.7092,1.81863308057809,0.451691210416132,"N",-0.220705556409714,0.872219866478571,0.436487756861499,1
"8280",1998-07-21 07:05:31,23,331,0.9952,1.11770885297717,-0.368264472170804,"S",0.408394404816893,0.838818400047132,-0.359996808120051,1
"8281",1998-07-21 07:05:31,23,68,0.9878,1.11805791882757,0.270351501133922,"N",0.421540968163437,0.866589134192241,0.267070186767028,1
"8277a",1998-07-22 15:13:38,23,2,0.8008,3.05450072391528,-0.372976861151188,"S",-0.927717213851302,0.081001585103051,-0.364389234658176,1
"8277m",1998-07-22 15:13:38,23,1,0.8189,3.1712632508737,0.413293966872257,"N",-0.915399762439496,-0.0271684306978262,0.40162812563257,1
"8282",1998-07-22 15:13:38,23,49,0.955,0.968483201931653,0.543670061996234,"N",0.48486260982368,0.705215763052188,0.517280366085637,1
"8282a",1998-07-22 15:13:38,23,3,0.9852,0.819257550886138,0.442790031230961,"N",0.616917946746674,0.660176101469274,0.42846208937396,1
"8284a",1998-07-24 09:35:21,23,2,0.4283,1.4472270157537,0.32637657012294,"N",0.116748478584581,0.939987820674233,0.320612990585676,1
"8283",1998-07-26 10:40:36,23,46,0.9962,6.1255820757245,0.447502420211346,"N",0.890357350111837,-0.141496674953305,0.432715241329661,1
"8279m",1998-07-27 15:25:52,23,1,0.5779,1.56503674026332,0.50160762702317,"N",0.00505003912428284,0.876796147621732,0.480835743909012,1
"8279n",1998-07-27 15:25:52,23,1,0.8136,1.98775548509634,0.492880980763199,"N",-0.356778354637501,0.80549563750158,0.473165915539233,1
"8284",1998-07-27 15:25:52,23,10,0.4841,1.42977372323375,0.471064365113269,"N",0.125247127371573,0.882239743735307,0.453834982850627,1
"8285",1998-07-27 15:25:52,23,5,0.5684,0.712443400664085,-0.388161225643539,"S",0.700468440600122,0.605054954789387,-0.378487074294548,1
"8286",1998-07-27 15:25:52,23,9,0.848,0.0685914396033771,0.304210888622612,"N",0.951840120698448,0.0653906660179964,0.29954039030903,1
"8281m",1998-07-30 05:09:07,23,6,0.7053,1.15296450386745,-0.320267917740959,"S",0.385146305802844,0.867496481403988,-0.314820866332146,1
"8288",1998-07-30 05:09:07,23,47,0.9714,5.53269372882202,-0.492008316137202,"S",0.644604850984776,-0.601103748140823,-0.472396941202998,1
"8280m",1998-07-31 10:00:53,23,2,0.4929,0.361632221013225,-0.388859357344337,"S",0.86549153302008,0.327387293798162,-0.379133177300627,1
"8284b",1998-07-31 10:00:53,23,15,0.8273,1.16640353910781,0.408057979116274,"N",0.361154807099635,0.843857294153673,0.396827509646782,1
"8290",1998-07-31 10:00:53,23,19,0.9368,5.26897447884568,0.268082573106329,"N",0.509419926011828,-0.818735819444129,0.264882987262781,1
"8291",1998-08-01 16:01:51,23,12,0.4958,6.21197587369822,-0.413992098573055,"S",0.9132020045364,-0.0651387361094037,-0.402267378703233,1
"8291m",1998-08-02 16:44:03,23,1,0.7251,5.61367700611456,-0.634776248950338,"S",0.631382437821362,-0.499710259702648,-0.592997363871599,1
"8292",1998-08-02 16:44:03,23,2,0.2963,5.86378268792535,0.385717764690747,"N",0.846228586246234,-0.377296280984775,0.376224263139366,1
"8293",1998-08-02 16:44:03,23,239,0.9814,4.61953746417859,-0.373849525777185,"S",-0.0863139633266617,-0.926918320482514,-0.365201761891588,1
"8294",1998-08-02 16:44:03,23,7,0.3724,5.62973403523291,0.293738913110646,"N",0.759982225408333,-0.581891445188645,0.289533008618479,1
"8295",1998-08-03 15:42:35,23,10,0.1543,5.64491839972526,0.222529479629277,"N",0.783326236764494,-0.58111328411189,0.220697435021501,1
"8286m",1998-08-04 15:55:10,23,1,0.744,6.26573201465964,0.557283630161789,"N",0.848565621260329,-0.0148117680149524,0.528882782801013,1
"8288m",1998-08-05 15:39:05,23,1,0.483,4.8925069591905,-0.211533905341713,"S",0.175152489625044,-0.961893165691719,-0.209959860863242,1
"8296",1998-08-05 15:39:05,23,37,0.9635,3.96835512025951,0.293738913110646,"N",-0.648252860624144,-0.704229270630627,0.289533008618479,1
"8297",1998-08-05 15:39:05,23,476,0.998,3.73064127613788,0.520980781720307,"N",-0.721159729010267,-0.48186352545233,0.497731039912612,1
"8298",1998-08-07 16:03:29,23,4,0.3959,4.47240620823547,0.335801348083709,"N",-0.224410314720942,-0.917089262030558,0.32952586562377,1
"8299",1998-08-07 16:03:29,23,336,0.9817,3.41962360343249,0.282917871748281,"N",-0.923369393900297,-0.263551475092585,0.279158704655113,1
"8300a",1998-08-08 05:40:14,23,4,0.7387,4.04253161346927,-0.431096325242599,"S",-0.564069271397089,-0.712188855359646,-0.417867073801077,1
"8300",1998-08-09 15:53:30,23,19,0.5762,4.33766678998151,-0.500211363621575,"S",-0.321170416952508,-0.816592208952144,-0.479611016922267,1
"8301",1998-08-09 15:53:30,23,175,0.9716,3.08993090773076,-0.348716784548467,"S",-0.938558081030659,0.0485307318791127,-0.341692107891483,1
"8302",1998-08-11 15:17:59,23,1,0.7887,3.06462363357684,-0.246964089157198,"S",-0.966788227871258,0.0745600375813539,-0.244461291916367,1
"8296b",1998-08-12 06:33:07,23,1,0.2977,3.83344116908034,0.404741853537485,"N",-0.707849693493878,-0.586417047937901,0.393781484212273,1
"8296a",1998-08-13 15:19:49,23,4,0.512,3.67304541082207,-0.368788070946402,"S",-0.804110274481713,-0.472712438493764,-0.360485252078672,1
"8303",1998-08-14 05:35:58,23,2,0.8773,2.22581839506837,0.331088959103324,"N",-0.576091693259249,0.749963919971618,0.325073037483111,1
"8304",1998-08-15 06:07:07,23,163,0.9817,1.79699099785336,-0.531278224307074,"S",-0.193357319815943,0.840198264869468,-0.506635788889741,1
"8311",1998-08-15 06:07:07,23,4,0.9533,1.7866935552666,0.322536845768552,"N",-0.203177319647145,0.926416055317,0.316973609677352,1
"8304m",1998-08-16 06:19:44,23,1,0.9618,1.61233516299236,-0.352381975977655,"S",-0.03897520001494,0.937743665728698,-0.345134395807632,1
"8305",1998-08-16 06:19:44,23,41,0.5391,2.74540291338708,-0.442790031230961,"S",-0.833568293718782,0.348689170574682,-0.42846208937396,1
"8306",1998-08-16 06:19:44,23,64,0.9703,1.48370439712038,0.467399173684081,"N",0.0776524709810914,0.889359559267861,0.450565941998956,1
"8308",1998-08-18 06:19:07,23,186,0.9935,0.98174770424681,-0.394269878025519,"S",0.512945370945762,0.767676998090014,-0.384134186227703,1
"8320a",1998-08-18 06:19:07,23,2,0.9451,1.29538337083019,-0.572817060504539,"S",0.228535904772701,0.808706137151062,-0.542001590370296,1
"8305m",1998-08-19 14:40:49,23,1,0.6601,2.65185326548018,-0.300371164268224,"S",-0.842945067892643,0.449334765156753,-0.29587477306623,1
"8307",1998-08-19 14:40:49,23,810,0.9735,0.693419311817347,0.545764457098627,"N",0.657343483614559,0.546318743718977,0.51907164708814,1
"8309",1998-08-19 14:40:49,23,5,0.5666,1.4765485471872,0.30176742766982,"N",0.0898558114773835,0.950575194166491,0.297208232354151,1
"8304n",1998-08-20 09:27:20,23,8,0.5788,1.64078402979987,-0.448026018986944,"S",-0.0630287091680883,0.89909744311885,-0.433187222338969,1
"8310",1998-08-20 09:27:20,23,7,0.9554,0.591317550575679,0.36634460999361,"N",0.775116849616945,0.520464258965792,0.358205003565126,1
"8312",1998-08-20 09:27:20,23,1,0.8632,2.92185570076371,0.411723170545462,"N",-0.894396803347032,0.199757476989875,0.400189090992308,1
"8314",1998-08-21 13:38:18,23,24,0.9896,0.160919357033877,0.278554548618295,"N",0.9490322891618,0.154049674440596,0.274966201437666,1
"8319a",1998-08-21 13:38:18,23,4,0.9513,0.334230551756914,0.410850505919465,"N",0.866049536092086,0.300743192159958,0.399389200409978,1
"8315",1998-08-22 06:03:36,23,3,0.9688,0.108210413623648,0.423940475309423,"N",0.906143834944616,0.0984387219823975,0.411355282458287,1
"8309m",1998-08-23 10:35:28,23,1,0.1763,1.14807758196187,0.295658775287839,"N",0.392441189666366,0.872406656783819,0.291370104596417,1
"8316",1998-08-24 05:45:34,23,40,0.9964,5.74387856831334,0.487295927156817,"N",0.758188070987798,-0.453766199588686,0.468238278147615,1
"8318",1998-08-24 05:45:34,23,3,0.7165,0.346796922371273,-0.354476371080048,"S",0.881995901256146,0.318755830033893,-0.347099338787563,1
"8319",1998-08-25 15:14:11,23,4,0.5303,0.158301363155886,0.373674992851986,"N",0.919351442668068,0.146762562968097,0.36503927867447,1
"8317",1998-08-26 15:18:41,23,5,0.8318,1.35629536172479,0.642804763509512,"N",0.170376778208298,0.782074234924418,0.599442778348982,1
"8310b",1998-08-27 10:54:14,23,1,0.5036,0.530580092606276,-0.324980306721344,"S",0.817367128698748,0.479546446127041,-0.31929012344526,1
"8314m",1998-08-27 10:54:14,23,2,0.5168,6.03011256564041,0.350113047950062,"N",0.909413940394815,-0.235190436444478,0.343003999423668,1
"8320",1998-08-27 10:54:14,23,22,0.7954,1.17635191584418,0.295658775287839,"N",0.367620903283694,0.883152497373106,0.291370104596417,1
"8321",1998-08-27 10:54:14,23,37,0.9857,5.09461608657145,0.551174977779809,"N",0.317751942719214,-0.790432786204674,0.523688565266496,1
"8316m",1998-08-28 14:25:00,23,3,0.8355,5.27525766415286,0.218340689424491,"N",0.520945555558974,-0.825648734786166,0.216610006438657,1
"8322",1998-08-28 14:25:00,23,31,0.2721,6.17480036063074,0.381179908635562,"N",0.922779597085357,-0.100408903293765,0.372015950386981,1
"8323",1998-08-28 14:25:00,23,429,0.9963,4.85026999129224,-0.381354441560761,"S",0.127570721421085,-0.919352643978842,-0.372177950777872,1
"8322a",1998-08-30 14:52:53,23,11,0.2879,5.91823696058757,0.394793476801117,"N",0.86228425857094,-0.329446793356038,0.384617560400183,1
"8316a",1998-08-31 15:08:25,23,2,0.3819,5.53112293249523,-0.262322986574748,"S",0.705298717428842,-0.659776010718592,-0.25932476718102,1
"8323c",1998-08-31 15:08:25,23,1,0.9389,4.44622626945555,-0.383623369588354,"S",-0.243912675018663,-0.894661333120148,-0.374282922379476,1
"8325",1998-08-31 15:08:25,23,5,0.9778,4.31619924018198,-0.479791011373241,"S",-0.342333935214559,-0.818375614558174,-0.461593793607588,1
"8323m",1998-09-01 06:19:53,23,1,0.8227,4.56595585614237,-0.327249234748937,"S",-0.138166921528858,-0.936795907303643,-0.321439465303162,1
"8326",1998-09-03 18:24:00,23,67,0.9595,3.54301838154849,0.359886891761231,"N",-0.861534240639998,-0.365699588453944,0.352168373380514,1
"8326a",1998-09-03 18:24:00,23,54,0.9948,3.3541737564827,0.291295452157854,"N",-0.936310538949803,-0.202095417721914,0.287193343911963,1
"8327",1998-09-03 18:24:00,23,103,0.9777,3.45749724820077,0.507018147704353,"N",-0.830937333738599,-0.271592184645586,0.485572685227275,1
"8329",1998-09-03 18:24:00,23,189,0.9785,3.46552576275994,0.280474410795489,"N",-0.910947376404676,-0.305859840141332,0.276811552522934,1
"8328",1998-09-04 06:35:55,23,26,0.9936,3.32886648232878,-0.304909020323409,"S",-0.937196204020158,-0.177593346171624,-0.300206393279311,1
"8329m",1998-09-05 10:27:20,23,28,0.8366,3.46709655908674,0.232477856365645,"N",-0.922000820770793,-0.311183544831046,0.230389426676591,1
"8328m",1998-09-06 07:36:30,23,41,0.9796,2.96409266866197,-0.359537825910832,"S",-0.921352350289791,0.165279463525693,-0.351841648404702,1
"8331",1998-09-06 07:36:30,23,143,0.9904,2.79252680319093,0.423067810683425,"N",-0.856843412103136,0.311865497432631,0.410559713862128,1
"8327m",1998-09-07 08:33:28,23,2,0.8651,2.97281931492194,0.373849525777185,"N",-0.917701348057806,0.156371061530472,0.365201761891588,1
"8327n",1998-09-07 08:33:28,23,1,0.8613,3.00912216336342,0.555538300909795,"N",-0.84217283866522,0.112220247783317,0.527400726015822,1
"8330",1998-09-07 08:33:28,23,80,0.9639,2.80858383230927,-0.39706240482871,"S",-0.871538086220681,0.301456458575228,-0.386710961636821,1
"8332",1998-09-08 15:01:34,23,7,0.6103,3.45627551772437,-0.470715299262871,"S",-0.847479198989887,-0.27585335327184,-0.453523907603713,1
"8325m",1998-09-09 09:01:28,23,2,0.8688,4.6160468056746,0.381878040336359,"N",-0.0892640620940579,-0.923663118701465,0.372663883907673,1
"8333",1998-09-09 09:01:28,23,7,0.3244,3.87358374187622,0.231779724664847,"N",-0.7239540534718,-0.650479696320746,0.229710019668756,1
"8334",1998-09-11 10:01:26,23,2,0.6637,3.59084040305313,-0.402472925509892,"S",-0.828797858738871,-0.39958633919945,-0.391694864499197,1
"8335",1998-09-12 11:09:57,23,98,0.9773,1.56608393781451,-0.39409534510032,"S",0.00435114142504929,0.923334053084259,-0.383973038094205,1
"8336",1998-09-16 10:57:25,23,22,0.9162,0.922581042604203,-0.51085787205874,"S",0.526679243685354,0.695385192123226,-0.48892577028294,1
"8337",1998-09-16 10:57:25,23,23,0.8995,1.11561445787478,-0.703193155628515,"S",0.335338199710551,0.685115652486712,-0.646656658925425,1
"8338",1998-09-16 10:57:25,23,113,0.9961,0.387463093942741,0.550651379004211,"N",0.789011981541704,0.321989825366463,0.523242434578952,1
"8339",1998-09-16 10:57:25,23,3,0.931,0.792903079181024,-0.284139602224677,"S",0.673641006118864,0.683828894677195,-0.280331656577937,1
"8331a",1998-09-17 14:52:00,23,1,0.4817,2.11970237654711,0.349414916249265,"N",-0.490226341867779,0.801545935535114,0.342348137085737,1
"8340",1998-09-17 14:52:00,23,583,0.9829,0.245916891606001,0.328994564000931,"N",0.917895743606484,0.230389171518204,0.323091679738515,1
"8335b",1998-09-18 10:25:25,23,4,0.1522,1.4475760816041,0.274889357189107,"N",0.118294091403456,0.955157887532777,0.271440449865074,1
"8335c",1998-09-19 10:34:24,23,2,0.2118,1.14563412100908,0.316428193386572,"N",0.391990697630813,0.865744758841872,0.311174075894406,1
"8336a",1998-09-19 10:34:24,23,2,0.5773,0.890292451442307,0.649087948816691,"N",0.501230857970177,0.619189496609204,0.604460084957908,1
"8342",1998-09-19 10:34:24,23,4,0.723,0.434586983746588,0.313461133658182,"N",0.862845590861118,0.400519588283206,0.308352956420042,1
"8343",1998-09-19 10:34:24,23,1,0.9427,0.0178023583703422,0.719773783522462,"N",0.751835720468497,0.0133858630615419,0.659214584257443,1
"8344",1998-09-20 04:06:01,23,2,0.9179,6.2784729181992,-0.351160245501259,"S",0.938963809322734,-0.0044247954613165,-0.343987479375725,1
"8335d",1998-09-21 07:41:52,23,5,0.4443,1.14964837828866,0.442790031230961,"N",0.369382786143967,0.824606933799263,0.42846208937396,1
"8342m",1998-09-21 07:41:52,23,1,0.4331,0.481710873550435,0.445233492183753,"N",0.79980770948532,0.418129365923232,0.430668621100356,1
"8344a",1998-09-21 07:41:52,23,2,0.7379,6.26869907438803,0.355872634481644,"N",0.93724446309955,-0.013578091280084,0.348408455446227,1
"8336m",1998-09-22 14:50:16,23,3,0.5064,0.364948346592014,-0.386590429316744,"S",0.865202466497982,0.330561732234202,-0.377032668542305,1
"8346",1998-09-22 14:50:16,23,3,0.967,5.58889333073624,-0.489041256408811,"S",0.678425351100499,-0.564841604258939,-0.469779741030148,1
"8344b",1998-09-24 15:13:01,23,16,0.3939,6.20656535301704,-0.263021118275545,"S",0.962775924530356,-0.073912541261729,-0.259998952668951,1
"8339m",1998-09-25 05:13:36,23,4,0.7694,0.7080800775341,-0.244520628204406,"S",0.737016142024917,0.63103014007618,-0.242091240465542,1
"8347",1998-09-25 05:13:36,23,2,0.6099,5.64177680707167,-0.237713844121628,"S",0.778721643077081,-0.581499031480391,-0.235481377163245,1
"8346a",1998-09-26 13:15:16,23,6,0.8918,4.8624872960562,-0.324282175020546,"S",0.141741514997712,-0.937222092020102,-0.318628456286655,1
"8338m",1998-09-28 14:29:47,23,1,0.4501,5.86832054398054,0.236841179495631,"N",0.889622917646954,-0.391814169059309,0.23463316330324,1
"8348",1998-09-28 14:29:47,23,9,0.976,4.04026268544167,0.271573231610318,"N",-0.599831096680613,-0.753820946644951,0.268247340814857,1
"8349",1998-09-28 14:29:47,23,10,0.9546,4.25249472248418,-0.465828377357287,"S",-0.39656068845325,-0.800619858468265,-0.449163069051474,1
"8347m",1998-10-01 11:45:05,23,1,0.6067,4.35703994467864,-0.408756110817072,"S",-0.319254750050592,-0.860287984393201,-0.397468223231514,1
"8350",1998-10-01 11:45:05,23,239,0.9909,3.28383698762733,0.326725635973338,"N",-0.937532916358501,-0.134265520772244,0.320943609807209,1
"8349a",1998-10-02 09:13:00,23,1,0.7236,3.73221207246467,0.263893782901543,"N",-0.801842030373851,-0.537597495271656,0.260841506289897,1
"8349b",1998-10-03 09:00:47,23,2,0.8457,3.4178782741805,-0.374024058702385,"S",-0.895561873331423,-0.253925003810926,-0.365364233984024,1
"8349m",1998-10-05 10:01:21,23,3,0.7533,4.66962841371083,0.41852995462824,"N",-0.0390578849162938,-0.912852183945005,0.406417730780413,1
"8354a",1998-10-05 10:01:21,23,3,0.7554,3.21611821264995,-0.489215789334011,"S",-0.880251502921387,-0.0657229568380816,-0.469933808689159,1
"8353",1998-10-06 10:42:17,23,34,0.96,2.29877315780173,0.3385938748869,"N",-0.62758324783043,0.704136527605511,0.332161131883703,1
"8354",1998-10-06 10:42:17,23,7,0.5177,3.26830355728458,-0.315555528760575,"S",-0.943002879880652,-0.120132370891056,-0.310344618127801,1
"8355",1998-10-06 10:42:17,23,99,0.998,2.1549580274374,-0.389208423194735,"S",-0.510253426222563,0.771786540452497,-0.379456159529005,1
"8356a",1998-10-06 10:42:17,23,3,0.6476,2.97543730879993,-0.203679923707738,"S",-0.965841469003734,0.161973035096409,-0.202274547717617,1
"8348m",1998-10-07 11:30:58,23,1,0.7795,4.25895244071656,0.299323966717027,"N",-0.418579621267815,-0.85897627901309,0.294874299917979,1
"8356",1998-10-07 11:30:58,23,4,0.3908,3.06514723235244,0.38467056713955,"N",-0.924215001456098,0.0707899553844206,0.375253798515321,1
"8359",1998-10-08 08:18:40,23,1,0.4972,2.71835030998117,0.394968009726317,"N",-0.84156445720724,0.379097145685487,0.384778661698645,1
"8357",1998-10-09 10:47:00,23,17,0.9677,1.74114046178954,-0.60650191506803,"S",-0.139286832277798,0.809754820290531,-0.569996762596303,1
"8361a",1998-10-11 11:15:33,23,4,0.8055,1.53641334053061,0.444709893408155,"N",0.0310326272534791,0.902201956317858,0.430196008886619,1
"8358",1998-10-13 11:45:04,23,62,0.2127,1.83957703160202,0.263544717051144,"N",-0.256387163396062,0.930807726344476,0.260504508642648,1
"8360",1998-10-14 14:20:38,23,197,0.4459,1.86540790453154,-0.335801348083709,"S",-0.274150119433661,0.903467993843398,-0.32952586562377,1
"8363a",1998-10-14 14:20:38,23,1,0.8418,0.738972405294399,0.404916386462684,"N",0.679389054774676,0.619064038787755,0.393941909590951,1
"8361",1998-10-15 08:51:39,23,11,0.1411,1.59174027781883,0.237713844121628,"N",-0.0203534951887534,0.971665712188561,0.235481377163245,1
"8362",1998-10-15 08:51:39,23,55,0.9849,0.133692220702766,0.33545228223331,"N",0.935835397259818,0.125864693013082,0.329196276236961,1
"8363",1998-10-15 08:51:39,23,2,0.826,0.599695130985252,0.43720497762458,"N",0.747859338181416,0.511303457918517,0.423409003465232,1
"8359m",1998-10-16 10:17:14,23,11,0.987,2.74592651216268,0.575260521457331,"N",-0.774225563702195,0.323389354565538,0.544053399827355,1
"8364",1998-10-16 10:17:14,23,5,0.7769,0.429176463065406,0.353254640603652,"N",0.853160508114132,0.390427275041715,0.345953306528405,1
"8353a",1998-10-17 14:12:48,23,12,0.8671,2.08357406103083,0.368962603871601,"N",-0.457583231306552,0.812742624836548,0.360648044776141,1
"8360m",1998-10-17 14:12:48,23,1,0.5778,1.42907559153296,-0.380132711084365,"S",0.131163960294343,0.919305488188463,-0.371043710237051,1
"8365m",1998-10-17 14:12:48,23,2,0.6042,0.848230016469244,-0.520457182944709,"S",0.573748833512106,0.650790306014492,-0.497276838029946,1
"8366m",1998-10-17 14:12:48,23,1,0.9307,6.18247980933951,-0.292866248484649,"S",0.952569546258373,-0.0962546024005771,-0.288697611797925,1
"8365",1998-10-18 10:21:06,23,6,0.6178,0.546113522949026,-0.498989633145179,"S",0.750351288188929,0.456041379151457,-0.478538613713514,1
"8367",1998-10-20 04:38:34,23,8,0.4081,0.0605629250442032,0.296880505764235,"N",0.954500542729649,0.057878125239046,0.292538606935254,1
"8362m",1998-10-21 09:26:52,23,5,0.2544,0.17854718247902,0.350636646725661,"N",0.924224249940143,0.166793826292782,0.343495786485356,1
"8366",1998-10-23 07:25:24,23,17,0.4449,0.0747000919853573,-0.205076187109334,"S",0.976315154807614,0.0730667892106085,-0.203641751140177,1
"8368b",1998-10-24 10:46:06,23,2,0.442,6.02295671570723,0.457799862798113,"N",0.866825237449878,-0.230806370329095,0.441975595633369,1
"8369",1998-10-24 10:46:06,23,11,0.9746,4.38653600903735,0.303512756921814,"N",-0.305485243328645,-0.904075745702788,0.298874241346401,1
"8370",1998-10-25 06:54:41,23,8,0.9124,0.282394272972683,-0.515919326889524,"S",0.835386090854236,0.242385909281124,-0.493334724288937,1
"8372",1998-10-26 11:39:32,23,1,0.8984,4.16156306845528,0.350462113800461,"N",-0.491576386646591,-0.800297372581552,0.343331867921615,1
"8367a",1998-10-27 10:58:19,23,4,0.548,4.79668838325602,-0.43720497762458,"S",0.0762796657596474,-0.902721567470378,-0.423409003465232,1
"8371",1998-10-28 17:27:34,23,24,0.7116,4.0924480300763,-0.364599280741615,"S",-0.542796914036502,-0.760411611632013,-0.356574944447385,1
"8373",1998-10-28 17:27:34,23,9,0.9712,3.48821504303587,-0.399854931631901,"S",-0.866334500658148,-0.312924813105159,-0.389284721396178,1
"8374",1998-10-28 17:27:34,23,84,0.9939,3.33165900913198,-0.303163691071415,"S",-0.937209712721506,-0.180308509769415,-0.298541112219414,1
"8375",1998-10-28 17:27:34,23,411,0.9975,3.23688763074868,0.324631240870945,"N",-0.943468260336832,-0.090180933401077,0.31895930929807,1
"8372m",1998-10-30 10:07:59,23,1,0.7976,3.50060688072503,0.487994058857615,"N",-0.826960715727968,-0.310340024902943,0.468855034723877,1
"8369m",1998-10-31 09:37:34,23,1,0.3512,3.81563881071,0.229685329562454,"N",-0.76078414564811,-0.607760924298545,0.227671128222824,1
"8377",1998-11-02 10:49:37,23,106,0.9882,2.24152635833632,0.379958178159165,"N",-0.577228608498778,0.727498418964757,0.370881630624034,1
"8369c",1998-11-03 12:30:54,23,1,0.7631,4.28041999051609,0.2769837522915,"N",-0.402702363563943,-0.873528953858684,0.273455614589583,1
"8373m",1998-11-03 12:30:54,23,1,0.4775,3.27947366449735,-0.402647458435092,"S",-0.911295250306569,-0.126452665656218,-0.391855445435078,1
"8378",1998-11-03 12:30:54,23,200,0.9889,1.99508586795472,0.24312436480281,"N",-0.399566339633912,0.884529697577769,0.240736275485307,1
"8382a",1998-11-03 12:30:54,23,2,0.7115,2.79217773734053,-0.419053553403839,"S",-0.858276094672451,0.312726277873713,-0.406896080641062,1
"8375m",1998-11-04 04:47:34,23,2,0.512,3.06811429208083,0.57246799465414,"N",-0.838298485446419,0.0617078942316981,0.54170821028274,1
"8379",1998-11-04 04:47:34,23,34,0.4761,3.58612801407275,-0.309621409303794,"S",-0.859881024591967,-0.409589684573386,-0.304698069960647,1
"8380",1998-11-04 04:47:34,23,20,0.9765,1.96140101339123,-0.362853951489621,"S",-0.355956249225436,0.864470964283388,-0.354943799140524,1
"8382",1998-11-04 04:47:34,23,6,0.3721,3.00929669628862,0.347320521146872,"N",-0.932071556543158,0.124033766692688,0.34037955021305,1
"8381",1998-11-05 09:35:34,23,17,0.4605,2.62357893159788,0.384321501289151,"N",-0.80542776500465,0.459035343284638,0.374930218807671,1
"8385c",1998-11-06 13:43:15,23,2,0.8354,1.73730073743516,0.281696141271885,"N",-0.15920368623216,0.947300553799904,0.277985336052978,1
"8382m",1998-11-07 11:59:47,23,1,0.2994,2.48779231579272,-0.23701571242083,"S",-0.771586504062445,0.591203773909913,-0.234802820390582,1
"8381m",1998-11-08 13:08:10,23,1,0.0561,2.3083724686877,0.102450827092067,"N",-0.668969758796055,0.736220049779923,0.102271697543339,1
"8383",1998-11-08 13:08:10,23,101,0.9913,0.855909465178019,-0.255865268342369,"S",0.63419092475859,0.730582690224759,-0.253082602519018,1
"8377m",1998-11-09 12:35:59,23,3,0.4629,2.20278004894204,-0.391651884147528,"S",-0.546015039534681,0.745761806285683,-0.381715738328218,1
"8384",1998-11-09 12:35:59,23,559,0.996,0.610341639422417,-0.473507826066062,"S",0.729291332978537,0.510086420934341,-0.456010959101624,1
"8385",1998-11-10 12:00:57,23,2,0.3657,2.06577170266049,0.343306263867285,"N",-0.44729168638678,0.828630838339651,0.336602259412793,1
"8386",1998-11-12 13:16:33,23,12,0.9764,0.0331612557878923,-0.356745299107641,"S",0.936523243124657,0.0310676757036277,-0.349226308593222,1
"8388",1998-11-12 13:16:33,23,1,0.9265,0.174707458124632,0.381005375710362,"N",0.914160273948095,0.161355637755039,0.371853938663837,1
"8378m",1998-11-13 13:27:55,23,2,0.7721,1.97501458155678,0.298974900866629,"N",-0.375852919143735,0.878624116129851,0.294540736955299,1
"8387",1998-11-13 13:27:55,23,15,0.9619,6.11022317830695,0.405439985238283,"N",0.90521788619786,-0.158148619600513,0.3944231137065,1
"8383a",1998-11-15 07:32:37,23,7,0.5982,1.22277767394723,-0.344353461418481,"S",0.321015028265592,0.884863595402271,-0.337588165016795,1
"8384m",1998-11-15 07:32:37,23,1,0.4124,0.507192680629552,-0.322885911618951,"S",0.82894064708719,0.460624748173953,-0.317304656405092,1
"8394c",1998-11-16 10:21:35,23,2,0.9646,5.45153591860429,-0.179943445880615,"S",0.662780705815699,-0.72711076694206,-0.178973932725895,1
"8383c",1998-11-17 13:20:57,23,1,0.6863,0.910538270765442,0.321315115292156,"N",0.581931496400462,0.749410998879136,0.315814642244616,1
"8391",1998-11-17 13:20:57,23,2,0.9831,5.12027242657576,-0.297578637465033,"S",0.379233475406862,-0.877617307510557,-0.29320612662213,1
"8383b",1998-11-20 08:28:55,23,20,0.889,0.609119908946021,-0.281521608346685,"S",0.787865630197734,0.549622676491399,-0.277817678054436,1
"8394a",1998-11-20 08:28:55,23,4,0.5946,5.25902610210931,0.328121899374934,"N",0.492084702787202,-0.808701098651675,0.322265695230511,1
"8391m",1998-11-22 08:03:44,23,1,0.5793,4.94521590260073,-0.413119433947058,"S",0.211318525296364,-0.891160871897785,-0.401468281767002,1
"8392",1998-11-22 08:03:44,23,53,0.9498,4.17430397199484,-0.398284135305106,"S",-0.472378639851167,-0.791480010880848,-0.387837353781729,1
"8396",1998-11-22 08:03:44,23,2,0.5102,5.08711117078787,0.488866723483612,"N",0.323141194504341,-0.821603011658302,0.469625659060827,1
"8393",1998-11-23 11:42:50,23,398,0.9869,3.72592888715749,-0.292691715559449,"S",-0.798605664182784,-0.528184759553709,-0.288530506030758,1
"8396a",1998-11-23 11:42:50,23,14,0.6774,4.47519873503866,0.445931623884551,"N",-0.211994335967597,-0.876949217653067,0.431298587031457,1
"8394",1998-11-24 08:03:08,23,36,0.7089,5.64858359115445,-0.28012534494509,"S",0.773917621306541,-0.569747730247602,-0.276476109833981,1
"8398",1998-11-24 08:03:08,23,83,0.9962,3.43568063255084,0.294437044811443,"N",-0.915880166641742,-0.277392867284435,0.290201167351228,1
"8395",1998-11-25 17:11:34,23,744,0.9712,3.27790286817055,0.337895743186102,"N",-0.934702968723685,-0.128204581538541,0.331502557353119,1
"8399",1998-11-27 09:51:35,23,10,0.9426,3.02465559370617,0.510683339133541,"N",-0.866452714782328,0.101784800972872,0.488773513334394,1
"8398m",1998-11-28 11:19:32,23,1,0.5861,3.51928190372137,0.473333293140862,"N",-0.827322089230025,-0.328228292856745,0.4558556223635,1
"8393m",1998-11-29 12:46:34,23,4,0.5135,3.39763245485736,-0.40945424251787,"S",-0.887433451168193,-0.232317236594663,-0.398108743095063,1
"8397",1998-11-29 12:46:34,23,350,0.9728,2.39162467400783,0.267384441405531,"N",-0.705709538699936,0.65739430074412,0.264209727938003,1
"8399m",1998-11-29 12:46:34,23,2,0.7961,2.87612807436146,0.430398193541802,"N",-0.876965083028404,0.238430505177975,0.417232713661765,1
"8400",1998-11-30 15:51:00,23,6,0.3701,3.26481289878059,-0.305432619099008,"S",-0.946485855630492,-0.117220080344245,-0.300705799504273,1
"8401",1998-11-30 15:51:00,23,5,0.5437,2.91661971300772,0.195476876223365,"N",-0.956235226535335,0.218831461035823,0.194234351219972,1
"8402",1998-11-30 15:51:00,23,297,0.9763,2.10800867055875,0.288328392429463,"N",-0.490618523567415,0.823673801479266,0.284350018620053,1
"8392b",1998-12-01 12:20:38,23,1,0.647,3.9098865903177,0.323933109170148,"N",-0.681697640294058,-0.658767779784246,0.318297564451329,1
"8403",1998-12-01 12:20:38,23,111,0.9935,1.81968027812929,0.349240383324065,"N",-0.231452683021403,0.910680880521334,0.342184145417466,1
"8397m",1998-12-05 06:23:34,23,3,0.4565,2.38691228502744,0.476649418719651,"N",-0.647290927680281,0.608697590624866,0.458804640462893,1
"8404",1998-12-05 06:23:34,23,6,0.5359,1.9999727898603,-0.395142542651516,"S",-0.384056434522844,0.839238966557863,-0.384939751276079,1
"8404m",1998-12-05 06:23:34,23,2,0.4951,2.13069795083468,-0.435808714222984,"S",-0.481460102607888,0.768108649915737,-0.422143662183178,1
"8407a",1998-12-05 06:23:34,23,2,0.9267,1.24721228347515,-0.304036355697412,"S",0.30338337571661,0.90461804937247,-0.299373866742474,1
"8395a",1998-12-06 10:00:52,23,16,0.7394,2.90981292892495,0.351509311351658,"N",-0.913748314853563,0.215664194589245,0.344315222252004,1
"8401m",1998-12-06 10:00:52,23,6,0.5903,2.68553812004367,-0.325678438422142,"S",-0.850603388209189,0.417258705405891,-0.319951634985738,1
"8405",1998-12-06 10:00:52,23,102,0.9544,0.889245253891111,-0.268082573106329,"S",0.607495152775466,0.748856890475783,-0.264882987262781,1
"8407",1998-12-06 10:00:52,23,4,0.7108,1.40359378445384,-0.304036355697412,"S",0.158791643979779,0.940829687942434,-0.299373866742474,1
"8406",1998-12-07 10:03:39,23,90,0.9749,0.598822466359255,-0.480663675999238,"S",0.732404435424137,0.499799765674562,-0.462367751040992,1
"8409",1998-12-07 10:03:39,23,56,0.9969,0.435808714222984,-0.508588944031148,"S",0.791791828405922,0.368713987458658,-0.486945269945138,1
"8408",1998-12-08 11:24:04,23,1,0.8778,0.628143997792759,-0.313286600732982,"S",0.76973634022492,0.559040952668089,-0.308186923436252,1
"8410",1998-12-11 10:19:40,23,108,0.9895,5.86622614887814,0.409977841293468,"N",0.838554252750444,-0.371421014145462,0.398589005675397,1
"8406a",1998-12-12 10:52:23,23,1,0.4672,0.512254135460336,0.414864763199052,"N",0.797701224176402,0.448564844941104,0.403066169295356,1
"8411",1998-12-12 10:52:23,23,44,0.8884,6.01161207556927,-0.496022573416789,"S",0.847249526321117,-0.235918840606399,-0.475931235364496,1
"8406c",1998-12-13 15:42:00,23,1,0.2461,0.519584518318712,0.231081592964049,"N",0.844952776333587,0.483321668781646,0.229030500703048,1
"8409a",1998-12-13 15:42:00,23,2,0.4654,0.128107167096384,-0.35395277230445,"S",0.930323451548355,0.119837388526317,-0.346608245444836,1
"8409b",1998-12-13 15:42:00,23,2,0.4922,0.0263544717051144,-0.268955237732326,"S",0.963714266568511,0.0254040621755041,-0.265724379832376,1
"8412",1998-12-13 15:42:00,23,7,0.4206,0.829380460547705,-0.267035375555132,"S",0.651397270001071,0.711373748557763,-0.263873049965373,1
"8410c",1998-12-15 07:44:59,23,44,0.9535,5.14523063487928,0.374547657477983,"N",0.390372814899353,-0.844844177505308,0.365851583463751,1
"8411a",1998-12-15 07:44:59,23,4,0.4768,5.99904570495491,0.311715804406187,"N",0.913644266818599,-0.26682212289352,0.306692204733181,1
"8414",1998-12-15 07:44:59,23,29,0.9788,5.05028472357079,0.469668101711674,"N",0.295606980185053,-0.841295719675324,0.452590350451545,1
"8415",1998-12-17 12:27:07,23,112,0.9894,4.46437769367629,0.334754150532512,"N",-0.231850449380785,-0.915592061867464,0.328536977168802,1
"8414a",1998-12-19 09:12:04,23,1,0.4092,5.14784862875727,-0.331787090804122,"S",0.398821476273963,-0.857227700010796,-0.325733173620462,1
"8415m",1998-12-19 09:12:04,23,1,0.7361,4.70645486092791,0.379260046458368,"N",-0.00551240172342802,-0.928922489556874,0.370233199244339,1
"8415a",1998-12-20 04:47:34,23,15,0.8116,4.35459648372585,-0.369660735572399,"S",-0.326550863970463,-0.873399959635775,-0.361299105656754,1
"8416",1998-12-20 04:47:34,23,162,0.9785,3.92175482923126,0.33231068957972,"N",-0.671912385084834,-0.664912721229577,0.326228171555873,1
"8417",1998-12-20 04:47:34,23,7,0.8385,6.18230527641431,0.381005375710362,"N",0.923571748149628,-0.0934872949658497,0.371853938663837,1
"8410a",1998-12-21 07:59:33,23,8,0.6366,5.64910718993005,-0.273667626712711,"S",0.775638035859891,-0.570388287588318,-0.270264386683628,1
"8410b",1998-12-22 12:32:30,23,6,0.7337,5.45659737343507,0.359363292985632,"N",0.634118673120569,-0.688633358851966,0.351678269837743,1
"8416m",1998-12-23 11:55:22,23,2,0.5782,3.93484479862122,-0.305432619099008,"S",-0.669062412240237,-0.679655435255079,-0.300705799504273,1
"8419",1998-12-23 11:55:22,23,14,0.6723,3.94269878025519,0.470715299262871,"N",-0.620228181669849,-0.640025833771084,0.453523907603713,1
"8420",1998-12-23 11:55:22,23,27,0.9586,3.24351988190626,0.299149433791828,"N",-0.950627923404782,-0.0972318218195568,0.294707522925291,1
"8421",1998-12-23 11:55:22,23,145,0.9975,3.02674998880857,0.468446371235278,"N",-0.886393285594345,0.102245663168983,0.451500573218238,1
"8422",1998-12-24 12:07:24,23,281,0.9888,2.84401401612476,-0.401076662108297,"S",-0.880178317021381,0.269937636819376,-0.390409787881631,1
"8414b",1998-12-25 12:18:31,23,4,0.4499,4.38897946999014,-0.34487706019408,"S",-0.299088076055028,-0.892327055714634,-0.338080979058797,1
"8420c",1998-12-26 12:29:13,23,8,0.5732,3.36359853444347,0.386764962241943,"N",-0.903404720325929,-0.203922435948466,0.377194315187377,1
"8423",1998-12-26 12:29:13,23,5,0.4328,3.9404298522276,0.383448836663154,"N",-0.646884908362923,-0.664509849811347,0.374121069756828,1
"8421a",1998-12-27 11:56:53,23,2,0.5722,2.98817821233949,-0.210312174865317,"S",-0.966479648885078,0.149446234169678,-0.208765206352684,1
"8416a",1998-12-28 13:32:34,23,17,0.4912,3.68788070946402,0.326725635973338,"N",-0.809256509706574,-0.492035670273458,0.320943609807209,1
"8420a",1998-12-28 13:32:34,23,4,0.4066,3.04978833493489,-0.359014227135234,"S",-0.932301055379907,0.0858305262616682,-0.351351480570605,1
"8420b",1998-12-28 13:32:34,23,12,0.4753,3.05921311289566,0.369311669722,"N",-0.929413412995606,0.0767383206906395,0.360973597208217,1
"8421m",1998-12-30 09:38:08,23,1,0.5156,2.73039308181993,0.462163185928098,"N",-0.820477144624007,0.357775725500145,0.445885394908244,1
"8425",1998-12-30 09:38:08,23,17,0.8806,1.86540790453154,-0.433539786195391,"S",-0.263504605221724,0.868385458083946,-0.420085728411806,1
"8426",1998-12-30 09:38:08,23,10,0.979,1.56782926706651,0.250105681810787,"N",0.00287473921576715,0.968882005436957,0.24750635429197,1
"8426m",1998-12-31 10:30:58,23,3,0.8094,1.77395265172704,0.25254914276358,"N",-0.195361580894051,0.948365600480902,0.249873048836955,1
"8427",1998-12-31 10:30:58,23,27,0.86,3.66431876456209,0.259181393921158,"N",-0.837521683707873,-0.482569359303121,0.256289373132997,1
"8428",1999-01-01 10:55:10,23,2,0.4219,2.40907796652777,0.379783645233966,"N",-0.690517236737079,0.621090145344245,0.370719539713317,1
"8426b",1999-01-02 10:38:00,23,5,0.9483,0.974417321388434,-0.436855911774181,"S",0.508903635233645,0.749673007921609,-0.423092745435027,1
"8426c",1999-01-02 10:38:00,23,7,0.8372,1.42052347819818,0.598996999284454,"N",0.123643994302213,0.816593846792237,0.563814377303427,1
"8431",1999-01-04 06:05:00,23,67,0.9855,0.389906554895533,-0.498116968519182,"S",0.812548812137083,0.333913428349248,-0.477772174014632,1
"8432",1999-01-05 06:05:00,23,10,0.6386,2.01149196292346,0.476125819944053,"N",-0.379124603278178,0.803859181717133,0.45833934061809,1
"8430",1999-01-07 12:43:18,23,17,0.473,0.778242313464272,-0.487295927156817,"S",0.629256082537217,0.62031419254058,-0.468238278147615,1
"8430m",1999-01-07 12:43:18,23,0,0.4288,0.652927673171079,-0.289550122905859,"S",0.761243458012177,0.582225125430905,-0.285521104212334,1
"8435",1999-01-07 12:43:18,23,8,0.4836,0.625526003914768,0.222704012554476,"N",0.790635129046564,0.57106354203241,0.220867661007492,1
"8435m",1999-01-07 12:43:18,23,4,0.926,6.21407026880061,0.413643032722656,"N",0.913476454722699,-0.0632356822417491,0.40194777665596,1
"8436",1999-01-09 11:11:50,23,10,0.9493,5.64561653142606,-0.545764457098627,"S",0.686814864590534,-0.508773001412901,-0.51907164708814,1
"8431a",1999-01-10 17:11:00,23,3,0.5254,0.485201532054424,0.452040276266531,"N",0.795731697370488,0.419541730318521,0.436801788367702,1
"8437",1999-01-10 17:11:00,23,144,0.9611,5.3234287515079,0.17854718247902,"N",0.564598836919268,-0.806031252043227,0.177600039636926,1
"8438",1999-01-11 16:55:00,23,11,0.4619,5.95052555174947,-0.329169096926131,"S",0.894431759218662,-0.309025628195644,-0.323256847134437,1
"8438a",1999-01-11 16:55:00,23,2,0.5323,5.83673008451944,-0.284139602224677,"S",0.865816658146842,-0.414458293192093,-0.280331656577937,1
"8439",1999-01-12 09:08:40,23,112,0.9918,4.74991355930257,-0.407185314490277,"S",0.0344484516149314,-0.917592740640449,-0.396026345721194,1
"8440",1999-01-13 13:21:30,23,69,0.9793,4.62198092513138,0.36634460999361,"N",-0.0842939036475207,-0.929829937799795,0.358205003565126,1
"8436a",1999-01-14 11:04:08,23,3,0.3003,5.52972666909363,-0.309272343453395,"S",0.694724253732965,-0.651705303461609,-0.30436558398608,1
"8440a",1999-01-14 11:04:08,23,3,0.9852,4.36559205801342,0.266860842629933,"N",-0.327856339484233,-0.907176968638316,0.263704698919445,1
"8434a",1999-01-15 11:50:46,23,9,0.7781,6.27602945724641,-0.592015682276477,"S",0.829796298955258,-0.00593799914487658,-0.55803480393817,1
"8437a",1999-01-16 12:51:22,23,6,0.485,5.65312144720963,0.229336263712055,"N",0.786834686724416,-0.573769722240472,0.227331215646646,1
"8440n",1999-01-16 12:51:22,23,1,0.6471,4.8637090265326,0.51085787205874,"N",0.131497143283069,-0.862357288170991,0.48892577028294,1
"8442",1999-01-16 12:51:22,23,2,0.4929,5.18258068087196,0.426733002112614,"N",0.41242829643924,-0.811535903822668,0.413898993841435,1
"8443b",1999-01-17 14:12:33,23,9,0.9796,3.6306339099986,-0.311192205630589,"S",-0.840382857521281,-0.447215844501285,-0.306193796820526,1
"8443",1999-01-18 07:44:21,23,8,0.9835,3.44056755445642,-0.306305283725005,"S",-0.911157919921833,-0.280831094567944,-0.301537959944496,1
"8445",1999-01-19 08:26:16,23,3,0.5925,4.04043721836687,0.198967534727354,"N",-0.610233154075974,-0.767168217186256,0.197657340379126,1
"8445a",1999-01-19 08:26:16,23,3,0.9113,3.53115014263493,0.349414916249265,"N",-0.869177729258451,-0.356830250952813,0.342348137085737,1
"8437m",1999-01-20 10:22:10,23,1,0.9073,5.45973896608866,0.20001473227855,"N",0.66614669858204,-0.718869484503476,0.198683769387324,1
"8437n",1999-01-20 10:22:10,23,6,0.9081,5.47178173792742,-0.540703002267843,"S",0.590267284138023,-0.621794551514329,-0.514738835705463,1
"8439a",1999-01-20 10:22:10,23,2,0.5138,4.63611809207254,-0.557632696012188,"S",-0.0646539006363408,-0.846043413815428,-0.529179000974191,1
"8440m",1999-01-20 10:22:10,23,4,0.6218,4.8944268213677,0.320442450666159,"N",0.171818782840853,-0.933414055121588,0.314986519655305,1
"8447",1999-01-20 10:22:10,23,15,0.4546,4.13101980654538,0.324631240870945,"N",-0.520484731920332,-0.792060984299769,0.31895930929807,1
"8447m",1999-01-20 10:22:10,23,5,0.7655,3.70097067885398,0.505970950153156,"N",-0.741386541763295,-0.464169822347949,0.484656962927115,1
"8439b",1999-01-21 10:29:51,23,1,0.3773,4.34447357406428,-0.413119433947058,"S",-0.329413045136241,-0.854581923766891,-0.401468281767002,1
"8444",1999-01-21 10:29:51,23,41,0.4273,4.02263485999653,0.337546677335703,"N",-0.600438424887234,-0.727872243764238,0.331173209478893,1
"8446",1999-01-21 10:29:51,23,20,0.9413,2.94087978961045,0.241204502625616,"N",-0.95155682207499,0.193596423483465,0.238872432852676,1
"8446b",1999-01-22 10:18:17,23,4,0.8522,3.02483012663137,0.476300352869253,"N",-0.882646126464291,0.103530916149333,0.458494454534472,1
"8449",1999-01-23 09:45:00,23,2,0.6483,3.22554299061072,0.458148928648512,"N",-0.893714170567945,-0.075204360448114,0.442288690219001,1
"8446c",1999-01-24 08:36:07,23,1,0.6825,2.75954008032823,-0.433190720344993,"S",-0.842192026027883,0.338388291552522,-0.419768931002777,1
"8446m",1999-01-24 08:36:07,23,1,0.9439,2.29702782854974,0.38170350741116,"N",-0.616265500658957,0.693872577728966,0.372501917543152,1
"8446n",1999-01-24 08:36:07,23,4,0.9569,2.28515958963618,0.563566815468969,"N",-0.553822959728765,0.638674678267919,0.534204815231612,1
"8448",1999-01-24 08:36:07,23,2,0.5173,2.93773819695686,-0.282568805897882,"S",-0.940457070632212,0.194416961053341,-0.278823498924791,1
"8439m",1999-01-25 12:39:54,23,0,0.6315,3.84321501289151,-0.330914426178125,"S",-0.722356759816048,-0.610438790492402,-0.324907978680476,1
"8449m",1999-01-26 07:31:00,23,2,0.4056,3.10127554786872,0.308050612976999,"N",-0.952152066074153,0.0384088285528367,0.303201591288568,1
"8450",1999-01-27 20:10:52,23,10,0.5449,2.9539697590004,0.394618943875918,"N",-0.906942336076109,0.172188382582721,0.3844564473856,1
"8446f",1999-01-28 09:01:07,23,2,0.4115,2.4328144443549,0.310494073929791,"N",-0.722856866470242,0.619782143962389,0.30552912237986,1
"8443a",1999-01-29 12:45:10,23,1,0.8773,3.33148447620678,-0.412595835171459,"S",-0.899616106013553,-0.172913107856463,-0.400988676813237,1
"8444m",1999-01-29 12:45:10,23,17,0.9822,3.67164914742047,-0.356570766182442,"S",-0.808509179804511,-0.473780641539493,-0.349062759219978,1
"8451",1999-01-30 11:17:38,23,4,0.6108,2.29371170297095,0.508239878180749,"N",-0.577952344391297,0.655097132234185,0.48664035483214,1
"8452",1999-01-31 10:25:16,23,13,0.5811,2.20888870132402,0.389033890269536,"N",-0.551153800844155,0.743212646518327,0.379294674191804,1
"8448m",1999-02-01 09:03:54,23,2,0.3811,1.62874125796111,-0.494102711239595,"S",-0.0509858612736265,0.878916996528893,-0.474241874113639,1
"8453",1999-02-01 09:03:54,23,30,0.9082,0.475078622392856,-0.445058959258554,"S",0.802630067237784,0.412850058363553,-0.430511096808295,1
"8454",1999-02-02 12:45:32,23,13,0.4345,0.97878064451842,-0.375943920879579,"S",0.519062476411114,0.771864311533014,-0.367150691356598,1
"8452m",1999-02-03 17:37:32,23,13,0.9422,2.24013009493472,0.312937534882583,"N",-0.59032979671032,0.746147529102968,0.307854829309998,1
"8452o",1999-02-04 10:56:19,23,2,0.6766,1.51843644923507,0.31695179216217,"N",0.04972909550656,0.948887668717759,0.311671636847942,1
"8454m",1999-02-04 10:56:19,23,1,0.6057,0.549604181453014,0.438601241026175,"N",0.772017393324331,0.472907545318054,0.424673519289768,1
"8453m",1999-02-05 09:34:34,23,2,0.5024,0.267209908480332,0.205076187109334,"N",0.944300469625284,0.258508530339001,0.203641751140177,1
"8452n",1999-02-06 12:52:23,23,4,0.6958,1.0763445497049,0.309970475154193,"N",0.451933370466086,0.838279554357896,0.305030518808678,1
"8453n",1999-02-06 12:52:23,23,2,0.6708,6.15176201450441,0.373325927001587,"N",0.923089866054866,-0.12201882626662,0.364714278885987,1
"8455",1999-02-06 12:52:23,23,22,0.6449,6.02993803271521,-0.330739893252925,"S",0.915634946399615,-0.236969802610207,-0.324742909980579,1
"8453o",1999-02-07 11:54:38,23,2,0.4554,0.117635191584418,-0.574387856831334,"S",0.833723055341286,0.0985300788461712,-0.543320982987919,1
"8453p",1999-02-07 11:54:38,23,0,0.3423,0.468446371235278,-0.349938515024863,"S",0.838193679502476,0.424136836529576,-0.342840049499448,1
"8456",1999-02-07 11:54:38,23,26,0.9686,5.25082305462494,0.405614518163482,"N",0.471184337407803,-0.788853084400533,0.394583491055234,1
"8459",1999-02-07 11:54:38,23,4,0.923,5.31609836864953,-0.531627290157473,"S",0.48934796959077,-0.709615204202648,-0.506936708694315,1
"8457",1999-02-08 10:57:03,23,159,0.995,4.84782653033945,0.32009338481576,"N",0.128165469803361,-0.940513538079827,0.314655203418995,1
"8458",1999-02-08 10:57:03,23,731,0.9939,4.77574443223208,-0.393222680474322,"S",0.058480961270254,-0.921825869526171,-0.383167122077593,1
"8455m",1999-02-09 08:35:34,23,0,0.4482,5.80828121771193,0.274540291338708,"N",0.856030862474137,-0.44012898923864,0.271104473079216,1
"8456m",1999-02-10 06:40:32,23,4,0.5671,5.36776011450856,0.245916891606001,"N",0.591117826180317,-0.768969368976384,0.243445733476516,1
"8460",1999-02-10 06:40:32,23,131,0.9791,4.46542489122749,-0.295135176512241,"S",-0.233891478061312,-0.927733740851947,-0.290869184643453,1
"8453q",1999-02-11 05:40:00,23,1,0.7734,0.23387411976724,-0.258134196369961,"S",0.940545826541606,0.22406962212346,-0.255277011531821,1
"8463",1999-02-11 05:40:00,23,70,0.9851,4.21165401798752,-0.280823476645888,"S",-0.461264860761915,-0.842866709490237,-0.27714696148324,1
"8461",1999-02-12 09:01:25,23,11,0.651,4.77487176760609,-0.555189235059396,"S",0.0530633737008394,-0.848142395608846,-0.527104121727741,1
"8462",1999-02-12 09:01:25,23,45,0.7555,4.63629262499774,0.339641072438097,"N",-0.0716800721462054,-0.940145689553667,0.333148690033106,1
"8464",1999-02-12 09:01:25,23,174,0.9694,4.11059945429704,0.33562681515851,"N",-0.534531405111415,-0.778329916295634,0.329361075946822,1
"8453a",1999-02-13 16:22:00,23,23,0.8577,6.07409486279067,-0.534768882811063,"S",0.841647322491916,-0.178590619904877,-0.509642202946518,1
"8459n",1999-02-13 16:22:00,23,0,0.6044,5.22464311584503,-0.749269847881166,"S",0.358876237633371,-0.638204302714692,-0.681104334194527,1
"8457m",1999-02-14 10:16:01,23,2,0.5306,4.75514954705855,0.420624349730633,"N",0.0390214126057692,-0.911999761229671,0.408330460381385,1
"8464m",1999-02-14 10:16:01,23,4,0.9552,3.68177205708204,0.274540291338708,"N",-0.825498633074859,-0.495029667260437,0.271104473079216,1
"8466",1999-02-15 09:54:43,23,10,0.9737,3.30443187280086,-0.413817565647856,"S",-0.903480022542954,-0.148436316018202,-0.402107583804045,1
"8456a",1999-02-16 08:15:12,23,3,0.8079,5.048713927244,0.634776248950338,"N",0.265733696656899,-0.760091921350565,0.592997363871599,1
"8467",1999-02-16 08:15:12,23,183,0.9858,3.10092648201833,0.271398698685118,"N",-0.962600383836139,0.0391668653160034,0.268079200423748,1
"8469m",1999-02-17 11:03:14,23,3,0.944,3.08766197970317,0.478918346747244,"N",-0.886203555749276,0.0478399450653012,0.460819484650431,1
"8466m",1999-02-19 11:53:29,23,2,0.5331,3.16847072407051,-0.137706477982353,"S",-0.99017566242169,-0.0266204220214154,-0.137271667430567,1
"8468",1999-02-19 11:53:29,23,23,0.872,4.54571003681923,0.602138591938044,"N",-0.136729325048445,-0.812704784312512,0.566406236924833,1
"8466a",1999-02-20 08:53:44,23,3,0.2185,3.58909507380114,-0.334405084682113,"S",-0.851591023528265,-0.408745297418538,-0.328207267567788,1
"8467m",1999-02-21 09:35:32,23,6,0.745,2.770710187541,0.540703002267843,"N",-0.79905417930042,0.310735175928179,0.514738835705463,1
"8469",1999-02-21 09:35:32,23,34,0.4071,3.46988908588993,0.256563400043166,"N",-0.915608883635645,-0.311877023468519,0.253757944584806,1
"8470",1999-02-23 11:51:54,23,133,0.9106,1.65788825646941,-0.417482757077044,"S",-0.0795112151845554,0.910647895681355,-0.405460696925109,1
"8471",1999-02-23 11:51:54,23,142,0.9338,1.74899444342352,0.504400153826361,"N",-0.155181788575813,0.861601271197865,0.483282383255002,1
"8466n",1999-02-24 11:37:20,23,2,0.5102,2.44712614422125,-0.642281164733913,"S",-0.615278167637613,0.512448538733344,-0.599023598515586,1
"8467n",1999-02-24 11:37:20,23,2,0.553,2.30383461263251,0.387986692718339,"N",-0.619395882132249,0.687908818329743,0.378325519707288,1
"8472",1999-02-24 11:37:20,23,9,0.9767,1.34180912893324,0.50492375260196,"N",0.198665343038977,0.852365536489365,0.483740709141171,1
"8471b",1999-02-26 11:41:17,23,2,0.6473,1.54130026243619,0.270526034059121,"N",0.0284191845813995,0.963211295769928,0.267238376078257,1
"8473",1999-02-26 11:41:17,23,8,0.5001,1.8470819473856,0.317998989713367,"N",-0.25910744447757,0.913839696319287,0.312666502278988,1
"8474m",1999-02-26 11:41:17,23,1,0.3394,2.01358635802586,-0.452912940892528,"S",-0.385262936936219,0.812459480216493,-0.437586634199018,1
"8475",1999-02-26 11:41:17,23,2,0.9519,1.02590453432227,0.573689725130536,"N",0.4353437882962,0.71827207617916,0.542734751580542,1
"8474",1999-02-27 10:14:48,23,8,0.5718,2.46388130504039,-0.416784625376246,"S",-0.7123228876114,0.573336642963551,-0.404822427269342,1
"8470m",1999-02-28 09:24:26,23,3,0.6337,1.62874125796111,-0.807214779047377,"S",-0.0400472570905274,0.690352463251097,-0.722363962059756,1
"8472m",1999-02-28 09:24:26,23,1,0.486,1.39591433574506,0.28920105705546,"N",0.16676639805008,0.943852530424218,0.28518655173974,1
"8476",1999-02-28 09:24:26,23,21,0.6082,1.21248023136046,0.326027504272541,"N",0.332223763696032,0.88715646785284,0.320282332298423,1
"8477",1999-02-28 09:24:26,23,173,0.9957,0.151145513222709,-0.483979801578028,"S",0.875058734869856,0.13327765852161,-0.465305573002263,1
"8470n",1999-03-01 13:07:10,23,1,0.773,2.1849776905717,-0.678234947324996,"S",-0.448746038410754,0.636373831203145,-0.627419588449775,1
"8471n",1999-03-01 13:07:10,23,2,0.5291,1.51512032365628,0.415039296124252,"N",0.0509228188829851,0.91368252017191,0.403225890598952,1
"8478",1999-03-01 13:07:10,23,1,0.1902,1.56451314148772,-0.255865268342369,"S",0.00607859416237444,0.967425576980064,-0.253082602519018,1
"8479m",1999-03-01 13:07:10,23,1,0.0704,1.3842206297567,-0.0670206432765822,"S",0.185078669807111,0.980439106040338,-0.0669704810289849,1
"8481",1999-03-01 13:07:10,23,1,0.4149,1.07180669364972,-0.385194165915149,"S",0.443473933392635,0.813726620191903,-0.375739082332843,1
"8470o",1999-03-02 11:03:46,23,1,0.634,1.81426975744811,-0.50789081233035,"S",-0.210644691822494,0.848001598792918,-0.486335380423491,1
"8479",1999-03-02 11:03:46,23,16,0.2267,1.40341925152864,-0.253596340314776,"S",0.161268296117429,0.954488504267065,-0.25088689062883,1
"8480",1999-03-02 11:03:46,23,2,0.977,6.22681117234017,0.422020613132229,"N",0.910813928804554,-0.0514008101057201,0.409604618890082,1
"8471m",1999-03-03 14:16:15,23,2,0.6659,1.67953033919414,-0.259879525621956,"S",-0.104875881938343,0.960713530640574,-0.256964124795229,1
"8480m",1999-03-03 14:16:15,23,2,0.9724,5.95680873705665,0.29845130209103,"N",0.90533696701484,-0.306439656855392,0.294040325232304,1
"8475m",1999-03-04 12:17:35,23,1,0.521,0.488168591782814,0.359537825910832,"N",0.826721497776335,0.439020522939777,0.351841648404702,1
"8481m",1999-03-04 12:17:35,23,0,0.4284,0.491833783212002,-0.499513231920777,"S",0.773766868335614,0.414542470115589,-0.478998302644761,1
"8475a",1999-03-05 04:55:00,23,8,0.583,0.383099770812755,0.462686784703697,"N",0.829988690691072,0.334494960170858,0.446354001825026,1
"8482",1999-03-06 14:56:01,23,6,0.9509,5.26077143136131,-0.473682358991261,"S",0.463908747474056,-0.759408320490371,-0.45616628194886,1
"8483",1999-03-06 14:56:01,23,22,0.1991,0.286932129027868,-0.32323497746935,"S",0.909446700245153,0.26835477277247,-0.317635664470223,1
"8480n",1999-03-07 13:13:31,23,1,0.86,5.54578369821198,0.596204472481263,"N",0.612510352433553,-0.556365231941388,0.561505829754714,1
"8484",1999-03-08 09:35:32,23,195,0.9967,4.59737178267826,-0.387463093942741,"S",-0.106256401148984,-0.919753182669823,-0.377840786818467,1
"8485",1999-03-08 09:35:32,23,41,0.9813,4.81972672938234,0.374198591627584,"N",0.0997183287208966,-0.925443942223601,0.365526694946829,1
"8486",1999-03-09 08:34:28,23,24,0.4333,6.24094833928132,-0.438775773951374,"S",0.904465065762696,-0.0382245950529538,-0.424831525605055,1
"8486m",1999-03-09 08:34:28,23,0,0.4016,5.50651379004211,-0.241728101401215,"S",0.692513227600265,-0.680530853434193,-0.239380841177384,1
"8485c",1999-03-10 12:42:44,23,2,0.6453,5.05936043568116,0.270351501133922,"N",0.327699650732775,-0.906248560964288,0.267070186767028,1
"8487",1999-03-11 11:00:52,23,45,0.9696,4.1556289489985,0.281172542496286,"N",-0.507686951826699,-0.815633196834727,0.277482336674028,1
"8480o",1999-03-12 07:18:55,23,1,0.6927,5.7866391349872,0.40927970959267,"N",0.806615286616247,-0.437045382354497,0.39794863130761,1
"8482n",1999-03-12 07:18:55,23,1,0.5518,5.01345827635371,0.41556289489985,"N",0.271302690812204,-0.873737453953637,0.403704980792502,1
"8482o",1999-03-12 07:18:55,23,1,0.1544,5.08362051228388,-0.175056523975031,"S",0.357219125800565,-0.917639072641115,-0.17416379797373,1
"8489m",1999-03-13 10:06:03,23,1,0.567,4.57572969995353,0.327598300599336,"N",-0.128989077239884,-0.937990348362967,0.321769986684158,1
"8487a",1999-03-14 10:17:43,23,2,0.7427,4.431740036664,0.655894732899469,"N",-0.219506777995278,-0.761496623273966,0.609868565476595,1
"8488",1999-03-14 10:17:43,23,43,0.7161,3.98511028107865,-0.463210383479295,"S",-0.594780310925579,-0.668270938623113,-0.446822486371328,1
"8482m",1999-03-15 07:01:23,23,1,0.3691,4.84817559618985,-0.359886891761231,"S",0.126697491409439,-0.927321509758659,-0.352168373380514,1
"8489",1999-03-15 07:01:23,23,6,0.3628,4.64344847493091,0.230208928338052,"N",-0.0670686115659279,-0.971305954709575,0.228180945059705,1
"8493",1999-03-15 07:01:23,23,6,0.7153,3.87183841262422,0.309795942228993,"N",-0.709544861942948,-0.63529823553078,0.304864299028011,1
"8487n",1999-03-16 07:43:42,23,2,0.6738,4.41620660632125,0.603709388264839,"N",-0.240278512395065,-0.787389906415269,0.567700072006838,1
"8488m",1999-03-16 07:43:42,23,1,0.59,4.05858864258761,-0.712443400664085,"S",-0.46027125426737,-0.600705042276527,-0.653684805298929,1
"8490",1999-03-17 07:19:13,23,22,0.9659,2.74994076944227,-0.34156093461529,"S",-0.870886869759671,0.359665152169922,-0.334958263660996,1
"8494",1999-03-17 07:19:13,23,2,0.7866,3.18365508856286,-0.388161225643539,"S",-0.924787883294003,-0.0389217870164211,-0.378487074294548,1
"8495",1999-03-18 11:11:32,23,18,0.9893,2.35340196338915,-0.370009801422798,"S",-0.65740893377585,0.661090889443079,-0.361624570082092,1
"8496a",1999-03-18 11:11:32,23,6,0.2161,3.63377550265219,-0.254992603716372,"S",-0.852806647132581,-0.457270912128681,-0.252238251515287,1
"8488a",1999-03-19 10:11:50,23,9,0.6721,4.27099521255532,-0.479965544298441,"S",-0.378931085329499,-0.801997163802049,-0.461748613235034,1
"8496m",1999-03-19 10:11:50,23,1,0.3285,3.43271357282245,-0.419053553403839,"S",-0.875037956522403,-0.262191064310053,-0.406896080641062,1
"8487m",1999-03-20 14:57:02,23,5,0.7502,4.10466533484026,0.195825942073764,"N",-0.560086810293527,-0.805259368429872,0.19457675732509,1
"8495b",1999-03-20 14:57:02,23,1,0.5224,2.85151893190834,-0.440870169053768,"S",-0.866598181578591,0.258673555963017,-0.426726590605891,1
"8495m",1999-03-20 14:57:02,23,4,0.7547,2.47121168789877,-0.359014227135234,"S",-0.733626498253482,0.581673704202948,-0.351351480570605,1
"8496",1999-03-20 14:57:02,23,89,0.2476,3.56308966794642,-0.182037840983009,"S",-0.897400460971074,-0.402366823958472,-0.181034117299686,1
"8490m",1999-03-21 07:22:26,23,3,0.3711,2.81294715543926,-0.288153859504264,"S",-0.907457148050533,0.309453914881215,-0.284182685990337,1
"8499n",1999-03-21 07:22:26,23,1,0.8599,2.49913695593068,0.710174472636493,"N",-0.60707378690305,0.454314489051281,0.651966074495647,1
"8495c",1999-03-22 12:24:53,23,3,0.7438,2.06001211612891,-0.39077921952153,"S",-0.434506687247873,0.816157011400222,-0.380909006823332,1
"8497",1999-03-22 12:24:53,23,120,0.9673,1.68546445865092,0.508414411105948,"N",-0.0999452523067305,0.867780903874744,0.486792819802918,1
"8494m",1999-03-23 07:02:16,23,0,0.3369,3.017499743773,-0.271049632834719,"S",-0.956081491752174,0.119255705216193,-0.267742895148173,1
"8498",1999-03-23 07:02:16,23,138,0.9876,1.34337992526004,0.307527014201401,"N",0.214883704285355,0.928545168752306,0.302702598633306,1
"8499",1999-03-23 07:02:16,23,2,0.5505,2.98992354159149,0.386764962241943,"N",-0.91550237351648,0.13992802677097,0.377194315187377,1
"8499m",1999-03-23 07:02:16,23,2,0.4949,2.41047422992937,0.305432619099008,"N",-0.709973691540068,0.636799324328681,0.300705799504273,1
"8493m",1999-03-24 10:47:47,23,1,0.9355,3.54598544127688,0.410850505919465,"N",-0.842835235592106,-0.360717385553118,0.399389200409978,1
"8503a",1999-03-25 09:28:28,23,2,0.5073,1.6915731110329,-0.217118958948095,"S",-0.117654675929371,0.969408500766408,-0.215417120660776,1
"8498a",1999-03-26 11:27:30,23,8,0.6264,1.4453071535765,0.311366738555788,"N",0.119141846032906,0.944430413733495,0.306359942125356,1
"8503m",1999-03-26 11:27:30,23,3,0.3847,1.75789562260869,-0.455880000620919,"S",-0.167013175479419,0.882204191359897,-0.440252613806337,1
"8496n",1999-03-27 06:55:52,23,1,0.8734,2.8330184418372,0.0294960643587042,"N",-0.952353118448958,0.303568397974751,0.0294917875278552,1
"8497m",1999-03-27 06:55:52,23,2,0.5321,1.57707951210208,0.400553063332699,"N",-0.00578580472176032,0.920827303439618,0.389927687788188,1
"8498b",1999-03-27 06:55:52,23,4,0.4283,1.58493349373605,0.275762021815104,"N",-0.0136025832968494,0.962121840932413,0.272280247040574,1
"8495n",1999-03-28 13:09:41,23,1,0.503,2.02178940551023,-0.157428698529888,"S",-0.430469553456454,0.888884828613957,-0.156779223773236,1
"8499o",1999-03-28 13:09:41,23,2,0.7533,2.05163453571933,0.543670061996234,"N",-0.395834155301747,0.758772920153891,0.517280366085637,1
"8501",1999-03-28 13:09:41,23,77,0.9298,0.431270858167799,0.488692190558412,"N",0.802100701474763,0.369094725550321,0.469471562785891,1
"8502",1999-03-28 13:09:41,23,7,0.9758,0.116064395257623,-0.468097305384879,"S",0.886424196547665,0.103346765093812,-0.451189084441845,1
"8503",1999-03-28 13:09:41,23,2,0.2792,1.4770721459628,-0.398633201155505,"S",0.08624909043054,0.917547616085553,-0.388159073854551,1
"8504",1999-03-29 13:40:13,23,190,0.9763,6.16153585831558,-0.497418836818384,"S",0.872322501479714,-0.106644132139037,-0.477158760259608,1
"8500",1999-03-30 07:07:02,23,5,0.6222,1.68860605130451,0.19093902016818,"N",-0.115401326850309,0.97502088751707,0.189780933359001,1
"8501m",1999-03-31 14:16:46,23,0,0.3682,0.429874594766203,-0.0130899693899575,"S",0.908940142528706,0.416721105522235,-0.0130895955713444,1
"8502m",1999-03-31 14:16:46,23,5,0.4052,0.415039296124252,-0.306828882500603,"S",0.872361766772528,0.38439369179885,-0.302037146024729,1
"8506",1999-04-03 14:31:43,23,54,0.3408,0.0471238898038469,-0.454134671368924,"S",0.897643367305196,0.0423317866130235,-0.438684858383714,1
"8506n",1999-04-03 14:31:43,23,1,0.5333,5.96885150889541,0.269653369433124,"N",0.916636469607193,-0.298010126418356,0.266397348219117,1
"8507",1999-04-03 14:31:43,23,32,0.9088,5.28363524456243,0.201410995680146,"N",0.529751148623302,-0.824222613689427,0.200052002277562,1
"8508",1999-04-03 14:31:43,23,198,0.9937,4.97575916451063,0.348018652847669,"N",0.24472892464307,-0.907635532611963,0.341035912160647,1
"8509",1999-04-04 10:44:08,23,19,0.959,4.94329604042354,0.209963109014918,"N",0.223834505244625,-0.952080682431989,0.208423819180372,1
"8504o",1999-04-05 06:07:42,23,2,0.2866,5.93185052875313,-0.391477351222328,"S",0.867881925692675,-0.31811505976495,-0.381554415263036,1
"8506m",1999-04-05 06:07:42,23,2,0.4391,6.04110813992797,0.340688269989293,"N",0.915042895727365,-0.225941830511436,0.334135882844121,1
"8510",1999-04-05 06:07:42,23,5,0.9663,4.67695879656921,-0.590444885949682,"S",-0.0294254513207529,-0.830171750563944,-0.556730641675278,1
"8511",1999-04-05 06:07:42,23,4,0.9841,4.59108859737108,-0.28326693759868,"S",-0.116180856601653,-0.953092430790705,-0.279493876370793,1
"8504m",1999-04-06 14:49:08,23,5,0.2448,5.46829107942343,-0.219562419900887,"S",0.669477768775364,-0.710184171955811,-0.21780256889899,1
"8508m",1999-04-06 14:49:08,23,1,0.844,4.82269378911073,0.431968989868597,"N",0.0999695468554847,-0.902624015782098,0.418659737537428,1
"8507a",1999-04-07 11:07:41,23,4,0.5104,5.16861804685601,0.317998989713367,"N",0.418477332353905,-0.852711194167511,0.312666502278988,1
"8507n",1999-04-07 11:07:41,23,3,0.5313,5.04487420288961,-0.496022573416789,"S",0.287057062827697,-0.831316848070073,-0.475931235364496,1
"8508a",1999-04-07 11:07:41,23,3,0.8974,4.48776510565302,0.409977841293468,"N",-0.204281185799363,-0.894089481921751,0.398589005675397,1
"8504n",1999-04-08 10:01:46,23,2,0.7782,5.88280677677209,-0.825715269118517,"S",0.624408277469363,-0.264274237443629,-0.735032945146904,1
"8507m",1999-04-08 10:01:46,23,0,0.2151,5.14435797025329,-0.281172542496286,"S",0.402219279028309,-0.872481062494693,-0.277482336674028,1
"8511m",1999-04-08 10:01:46,23,2,0.7294,4.48601977640102,-0.40613811693908,"S",-0.206183336552997,-0.895216416460137,-0.395064550963693,1
"8512",1999-04-08 10:01:46,23,23,0.8726,4.22718744833027,-0.471238898038469,"S",-0.415553539337138,-0.788167420089548,-0.453990499739547,1
"8513",1999-04-08 10:01:46,23,2,0.9372,4.04759306830005,-0.322536845768552,"S",-0.585087751239541,-0.746458340510418,-0.316973609677352,1
"8514",1999-04-08 10:01:46,23,1,0.9234,4.11077398722224,-0.582765437240907,"S",-0.472557095367238,-0.688346681396486,-0.550335023261762,1
"8515",1999-04-08 10:01:46,23,18,0.9779,3.89627302215214,-0.293040781409848,"S",-0.69743494173766,-0.65585187509842,-0.288864708770859,1
"8509m",1999-04-10 05:52:33,23,2,0.6213,4.32771841324514,0.315380995835375,"N",-0.356745632405212,-0.881204703202884,0.310178698193353,1
"8517a",1999-04-11 12:16:04,23,1,0.7969,3.75664668199259,0.36617007706841,"N",-0.762596723202378,-0.538750527215442,0.358042046673403,1
"8509n",1999-04-12 10:53:56,23,5,0.7001,4.21305028138911,0.660432588954654,"N",-0.378156860969914,-0.693300809523157,0.613458536509124,1
"8513m",1999-04-13 07:55:05,23,1,0.4816,3.8486255335727,-0.51714105736592,"S",-0.660873841000484,-0.564639095413156,-0.494397065335424,1
"8516",1999-04-14 10:18:30,23,106,0.96,2.5858798197548,-0.334230551756914,"S",-0.802514459255286,0.498356025299923,-0.328042397768122,1
"8517n",1999-04-14 10:18:30,23,1,0.3641,3.61108622237627,0.147131255943122,"N",-0.882162289104526,-0.4475464728115,0.146600990296271,1
"8519",1999-04-14 10:18:30,23,5,0.4554,3.62504885639222,0.29234264970905,"N",-0.847827579061565,-0.445119430283817,0.288196268134089,1
"8517m",1999-04-15 11:55:44,23,1,0.416,3.55069783025726,0.319569786040162,"N",-0.871025879497223,-0.377648738270151,0.314158157190057,1
"8517o",1999-04-15 11:55:44,23,2,0.5401,3.28610591565492,0.348891317473666,"N",-0.929956433728675,-0.13533446416419,0.341856130815343,1
"8515b",1999-04-16 14:45:06,23,5,0.3716,3.70166881055477,-0.315730061685774,"S",-0.805336784149652,-0.50499096597731,-0.310510528608612,1
"8516m",1999-04-16 14:45:06,23,1,0.7952,2.49075937552111,-0.413643032722656,"S",-0.728482144306388,0.55475377445142,-0.40194777665596,1
"8517",1999-04-16 14:45:06,23,33,0.549,3.73325927001587,0.371056998973995,"N",-0.773525465133206,-0.519787541216592,0.362600698822364,1
"8517b",1999-04-16 14:45:06,23,1,0.2556,3.62452525761662,-0.197396738400559,"S",-0.868438220315037,-0.455360369097386,-0.196117290802068,1
"8518",1999-04-16 14:45:06,23,178,0.9951,1.89699836399264,-0.246440490381599,"S",-0.310765954869175,0.918646389325839,-0.243953546137066,1
"8512b",1999-04-18 15:40:37,23,2,0.9848,4.26680642235054,0.310494073929791,"N",-0.410375170626738,-0.859211367889688,0.30552912237986,1
"8520",1999-04-18 15:40:37,23,3,0.6175,2.39738426053941,0.329867228626928,"N",-0.695963435839598,0.640868474932405,0.323917418198149,1
"8521",1999-04-18 15:40:37,23,4,0.6423,2.72829868671754,0.578053048260522,"N",-0.767010560827667,0.336374816886846,0.546394346734269,1
"8516n",1999-04-19 16:01:31,23,2,0.3358,2.97281931492194,-0.277681883992298,"S",-0.948029310887314,0.161538772956137,-0.274127070042983,1
"8516a",1999-04-21 10:50:51,23,1,0.3353,2.61153615975912,-0.117460658659218,"S",-0.856833469373565,0.50209833227926,-0.117190744018658,1
"8520q",1999-04-21 10:50:51,23,1,0.5348,1.79419847105017,0.212930168743308,"N",-0.216545022928473,0.953126478201081,0.211324796455389,1
"8518m",1999-04-22 14:16:06,23,2,0.7052,1.3533283019964,0.354650904005248,"N",0.202330878823495,0.915680410181377,0.347263015428619,1
"8520m",1999-04-22 14:16:06,23,1,0.5546,2.13418860933867,0.484852466204025,"N",-0.472503811670332,0.748005080030556,0.466077834921903,1
"8522",1999-04-23 09:24:20,23,11,0.961,0.578227581185721,0.294960643587042,"N",0.801266948153787,0.52293738863604,0.290702193598252,1
"8524",1999-04-23 09:24:20,23,1,0.9808,0.508588944031148,0.394793476801117,"N",0.806244577994742,0.449487500032973,0.384617560400183,1
"8521m",1999-04-24 15:02:31,23,1,0.6105,1.85144527051558,0.49567350756639,"N",-0.243644411847338,0.845233111231357,0.475624209070275,1
"8523",1999-04-24 15:02:31,23,10,0.8367,0.736528944341607,0.541052068118242,"N",0.634993476146832,0.57577692437602,0.515038074910054,1
"8523m",1999-04-27 15:01:05,23,11,0.5921,0.638266907454326,0.519060919543114,"N",0.697345666543411,0.517328300045272,0.496064966839421,1
"8518n",1999-04-29 11:33:22,23,1,0.9063,1.55508836352695,-0.21851522234969,"S",0.0153338035256811,0.976099962076612,-0.216780392340893,1
"8525",1999-04-29 11:33:22,23,242,0.9786,5.36967997668576,0.268606171881927,"N",0.589066028712643,-0.763263063729572,0.26538784705194,1
"8526b",1999-04-29 11:33:22,23,2,0.5695,6.26224135615565,-0.512603201310735,"S",0.871279600356768,-0.0182507059078761,-0.490447519859173,1
"8526m",1999-04-29 11:33:22,23,6,0.7557,5.96920057474581,0.38781215979314,"N",0.880479678234881,-0.285915302871963,0.378163953595573,1
"8527",1999-04-30 11:49:43,23,34,0.9768,5.18153348332077,0.45256387504213,"N",0.406607648265802,-0.802161314748173,0.437272735821978,1
"8528",1999-04-30 11:49:43,23,19,0.9919,5.01537813853091,-0.260752190247953,"S",0.288288380110538,-0.922184992545144,-0.25780738821406,1
"8523n",1999-05-01 12:42:59,23,9,0.757,0.575958653158129,0.535990613287459,"N",0.721058050946236,0.468260573420683,0.510692982667032,1
"8529",1999-05-01 12:42:59,23,6,0.5218,5.70059440286388,-0.235270383168836,"S",0.812035741786089,-0.535032316927355,-0.233105928507328,1
"8530",1999-05-01 12:42:59,23,3,0.9708,4.93840911851796,0.279601746169492,"N",0.215397815492575,-0.936719141004158,0.275972882648746,1
"8524a",1999-05-02 08:31:43,23,1,0.7606,0.561646953291775,0.248534885483993,"N",0.820373157330443,0.516216710505272,0.245984126574858,1
"8526",1999-05-03 05:30:34,23,1,0.4432,5.99520598060052,0.360585023462028,"N",0.897158588888357,-0.265750481149869,0.35282169456039,1
"8528m",1999-05-03 05:30:34,23,1,0.8744,4.77871149196047,-0.28309240467348,"S",0.063635950034312,-0.958085219025313,-0.279326294767335,1
"8528n",1999-05-03 05:30:34,23,1,0.7034,5.12079602535136,-0.428303798439408,"S",0.361274132745033,-0.834855262448387,-0.415328414356108,1
"8527a",1999-05-04 07:23:19,23,1,0.6868,4.96650891947506,0.376292986729977,"N",0.233804509861255,-0.90016515899522,0.367475356588233,1
"8531",1999-05-04 07:23:19,23,68,0.9693,4.30520366589441,0.314508331209378,"N",-0.376600695492443,-0.873198224358903,0.309348956893452,1
"8532",1999-05-05 14:24:00,23,4,0.6079,5.43984221261593,-0.701447826376521,"S",0.507976110545021,-0.570540733131849,-0.645324370338611,1
"8533",1999-05-05 14:24:00,23,101,0.9809,3.92105669753046,0.0691150383789754,"N",-0.709592161539392,-0.701220134572716,0.0690600257144058,1
"8534",1999-05-05 14:24:00,23,70,0.9823,3.90203260868372,-0.303512756921814,"S",-0.691416265709164,-0.657736828353413,-0.298874241346401,1
"8535",1999-05-05 14:24:00,23,330,0.998,3.81878040336359,0.379260046458368,"N",-0.723957309187365,-0.582076620945638,0.370233199244339,1
"8537",1999-05-05 14:24:00,23,8,0.5887,5.77337463267204,0.34470252726888,"N",0.821493170947405,-0.459305194593571,0.337916718003327,1
"8537m",1999-05-05 14:24:00,23,1,0.4698,5.63636628639049,0.281521608346685,"N",0.766590451035439,-0.578926954063916,0.277817678054436,1
"8529m",1999-05-06 13:16:21,23,2,0.7484,5.88525023772488,-0.348193185772869,"S",0.86654281849964,-0.3642610597008,-0.341199976688672,1
"8529n",1999-05-06 13:16:21,23,1,0.6587,5.69239135537951,-0.463559449329694,"S",0.742853354004336,-0.498236306904421,-0.447134741355167,1
"8531m",1999-05-06 13:16:21,23,2,0.745,4.4006731759785,0.466701041983284,"N",-0.273893769582446,-0.850019927840946,0.4499425799557,1
"8536",1999-05-06 13:16:21,23,29,0.853,4.08005619238714,-0.421322481431431,"S",-0.539342043657743,-0.736108436271157,-0.408967639298663,1
"8539",1999-05-06 13:16:21,23,4,0.9225,3.92908521208963,0.227416401534861,"N",-0.687455960534758,-0.690341617253069,0.225461202457651,1
"8540",1999-05-06 13:16:21,23,23,0.9967,3.56431139842282,-0.475776754093654,"S",-0.810690267247779,-0.364678846104333,-0.458029070904606,1
"8528o",1999-05-07 15:37:10,23,1,0.4287,4.48218005204664,-0.358316095434436,"S",-0.213688874938869,-0.911782943627118,-0.350697773642816,1
"8538",1999-05-07 15:37:10,23,59,0.536,5.3262212783111,0.185703032412197,"N",0.566100957695965,-0.803391990504074,0.184637524056227,1
"8541",1999-05-07 15:37:10,23,51,0.9967,3.35906067838829,0.36320301734002,"N",-0.912747076105543,-0.20168272248549,0.355270114858573,1
"8528b",1999-05-08 14:59:19,23,4,0.2747,4.77940962366127,-0.265639112153537,"S",0.064621485673777,-0.962758616687702,-0.262526016963838,1
"8549",1999-05-10 05:42:26,23,3,0.9738,2.93704006525606,0.441568300754565,"N",-0.885234204883183,0.183645471237306,0.427357863387192,1
"8530m",1999-05-11 12:13:50,23,7,0.8512,4.91013478463565,0.224274808881271,"N",0.191539362974917,-0.955955638663327,0.222399391498615,1
"8542",1999-05-11 12:13:50,23,68,0.9703,2.60054058547155,-0.327947366449734,"S",-0.81148499085601,0.487589373937316,-0.322100468858457,1
"8543",1999-05-12 16:15:06,23,3,0.8945,2.56161974315208,0.0822050077689329,"N",-0.833652769949666,0.546150715598411,0.0821124534196474,1
"8536m",1999-05-13 15:00:37,23,2,0.5529,3.80953015832802,-0.515395728113926,"S",-0.683114416386035,-0.538910733529119,-0.492879209759017,1
"8540m",1999-05-13 15:00:37,23,1,0.6493,3.47390334316951,-0.753109572235553,"S",-0.68965195898063,-0.238004894068712,-0.683910700218618,1
"8544",1999-05-14 06:58:36,23,24,0.9446,2.05599785884932,-0.35395277230445,"S",-0.437475323577754,0.829745783629053,-0.346608245444836,1
"8545",1999-05-14 06:58:36,23,150,0.9968,1.85825205459836,0.645422757387503,"N",-0.226483308865283,0.766067554940457,0.601536210109569,1
"8549m",1999-05-14 06:58:36,23,2,0.57,2.9232519641653,0.442964564156161,"N",-0.882034619931855,0.195703883963069,0.428619783775128,1
"8549n",1999-05-14 06:58:36,23,2,0.5697,2.85884931476671,0.388161225643539,"N",-0.888854150902425,0.258236002554798,0.378487074294548,1
"8544m",1999-05-15 15:51:10,23,2,0.9095,1.83416651092084,-0.260054058547155,"S",-0.251582480969686,0.933053579358443,-0.257132793154696,1
"8544n",1999-05-15 15:51:10,23,4,0.7892,2.0631537087825,-0.115715329407224,"S",-0.469543337948263,0.875327752386887,-0.115457263477546,1
"8546",1999-05-15 15:51:10,23,4,0.7631,3.70969732511395,-0.559727091114582,"S",-0.714292346026804,-0.455931223423903,-0.530954954694565,1
"8546m",1999-05-15 15:51:10,23,0,0.8213,3.63901149040818,-0.80965824000017,"S",-0.606160522335844,-0.329118310498059,-0.724051489092068,1
"8547",1999-05-15 15:51:10,23,25,0.4619,3.17684830448008,0.386066830541146,"N",-0.925821569229985,-0.0326539723565234,0.376547659716359,1
"8542m",1999-05-16 16:01:40,23,1,0.5062,2.52880755321458,-0.534419816960664,"S",-0.703984052411159,0.494951859871004,-0.509341840379324,1
"8543m",1999-05-17 05:14:29,23,1,0.3199,2.54364285185654,0.274714824263907,"N",-0.795500223450042,0.5418400537946,0.271272465603861,1
"8547n",1999-05-17 05:14:29,23,1,0.6301,3.08626571630157,0.455181868920121,"N",-0.896806741833562,0.0496682600503884,0.43962567230024,1
"8548",1999-05-17 05:14:29,23,5,0.8661,1.58772602053924,-0.358839694210034,"S",-0.0158505986816518,0.936170763319987,-0.35118806988038,1
"8545a",1999-05-18 11:16:06,23,1,0.9652,1.0763445497049,0.476823951644851,"N",0.421616561634062,0.782045687469391,0.458959712465483,1
"8547m",1999-05-18 11:16:06,23,20,0.7967,3.13653119875901,0.424115008234622,"N",-0.911391602347693,0.00461300682100847,0.411514358605109,1
"8550",1999-05-19 08:01:21,23,170,0.9992,0.586256095744895,-0.248011286708394,"S",0.807529567955899,0.536318230560757,-0.245476582274437,1
"8545m",1999-05-20 11:20:09,23,0,0.4129,1.65719012476862,0.3385938748869,"N",-0.0813872552925562,0.939704792550129,0.332161131883703,1
"8548m",1999-05-20 11:20:09,23,5,0.8639,0.855211333477221,-0.413293966872257,"S",0.600820724446126,0.691165179806463,-0.40162812563257,1
"8551",1999-05-20 11:20:09,23,28,0.9929,0.443837228782158,0.557981761862587,"N",0.76613168390514,0.364277783436527,0.529475154668512,1
"8545n",1999-05-21 07:24:30,23,3,0.784,0.905476815934658,0.490786585660806,"N",0.544444675143924,0.693857094362935,0.471319772882119,1
"8552",1999-05-23 12:39:33,23,2,0.9879,6.04477333135716,0.323933109170148,"N",0.921176200929374,-0.223877348799912,0.318297564451329,1
"8553a",1999-05-23 12:39:33,23,12,0.6334,0.592888346902474,0.376816585505576,"N",0.77114503959449,0.519556633506178,0.367962270468781,1
"8550m",1999-05-24 10:04:42,23,1,0.5906,0.491484717361603,-0.482583538176432,"S",0.78094970063298,0.418039862688572,-0.464069217126689,1
"8559",1999-05-24 10:04:42,23,481,0.9783,5.89746754248884,0.355349035706045,"N",0.868643856815724,-0.352719693781636,0.347917616160627,1
"8554",1999-05-25 10:38:25,23,13,0.791,6.18963565927269,0.446629755585349,"N",0.897964263088,-0.0842501569350936,0.431928342752866,1
"8559m",1999-05-25 10:38:25,23,5,0.9132,5.90357619487082,0.424464074085021,"N",0.846386598873166,-0.337674013204679,0.411832473287575,1
"8555",1999-05-26 05:03:52,23,101,0.9989,5.30614999191316,0.27087509990952,"N",0.539081918466269,-0.798620340901451,0.267574730273953,1
"8556",1999-05-26 05:03:52,23,1,0.5639,6.25613270377367,-0.246789556231998,"S",0.969346890351763,-0.0262297559904921,-0.244292050763109,1
"8557",1999-05-27 04:36:36,23,73,0.9897,5.17682109434038,-0.524645973149495,"S",0.387671149833084,-0.773824031842408,-0.50090662536071,1
"8558",1999-05-28 05:24:34,23,45,0.9819,4.98274048151861,0.22148228207808,"N",0.260546436471261,-0.940137243522798,0.219675938107665,1
"8552m",1999-05-29 11:04:31,23,9,0.4138,6.14687509259883,0.398633201155505,"N",0.913043826715253,-0.125233796882249,0.388159073854551,1
"8550a",1999-05-30 05:33:02,23,5,0.6923,0.303512756921814,-0.352556508902855,"S",0.895596858971606,0.280491390186153,-0.345298198998535,1
"8556m",1999-05-30 05:33:02,23,1,0.3816,6.18160714471352,-0.2771582852167,"S",0.956878970325926,-0.0975336933706467,-0.273623490960619,1
"8562",1999-05-30 05:33:02,23,2,0.7387,5.08815836833907,-0.267384441405531,"S",0.353947503207016,-0.897170209400895,-0.264209727938003,1
"8554m",1999-05-31 05:11:05,23,2,0.5787,6.08212337734984,0.445931623884551,"N",0.884034290855476,-0.180180191520389,0.431298587031457,1
"8557m",1999-05-31 05:11:05,23,1,0.6435,5.03283143105085,-0.342084533390889,"S",0.296735398368813,-0.8941030967998,-0.335451569750255,1
"8563",1999-05-31 05:11:05,23,12,0.959,4.40468743325809,-0.430572726467001,"S",-0.275225135963383,-0.866045961948694,-0.417391322773124,1
"8558n",1999-06-01 15:17:56,23,1,0.8137,4.48287818374744,0.468097305384879,"N",-0.203028504983262,-0.869026947939356,0.451189084441845,1
"8564",1999-06-01 15:17:56,23,65,0.948,4.09838214953308,-0.259006860995958,"S",-0.556929554309482,-0.790083334936682,-0.25612066568704,1
"8567",1999-06-01 15:17:56,23,3,0.5184,4.84136881210707,-0.254643537865973,"S",0.124474844407585,-0.959714630880218,-0.251900457292469,1
"8564a",1999-06-02 05:09:07,23,3,0.7952,4.28827397215007,-0.136135681655558,"S",-0.407706962111003,-0.902970828125165,-0.135715572434304,1
"8558m",1999-06-03 11:42:07,23,4,0.5365,4.4636795619755,0.355523568631245,"N",-0.230759942486732,-0.908619446963685,0.348081239860649,1
"8566",1999-06-03 11:42:07,23,34,0.9487,3.69084776919241,0.39077921952153,"N",-0.788614625624583,-0.482695867779974,0.380909006823332,1
"8558o",1999-06-04 04:55:46,23,0,0.4258,4.78447107849206,0.429874594766203,"N",0.0654671990092696,-0.906657491613096,0.416756810089205,1
"8569",1999-06-04 04:55:46,23,58,0.9935,3.2948325619149,0.307527014201401,"N",-0.941916548303652,-0.145479733338968,0.302702598633306,1
"8570",1999-06-04 04:55:46,23,105,0.9939,3.28558231687933,-0.238761041672824,"S",-0.961576691957006,-0.13942198496576,-0.236498997023725,1
"8564m",1999-06-05 15:19:50,23,0,0.7009,3.67845593150325,-0.287979326579064,"S",-0.823930252414858,-0.490381711657664,-0.284015344703923,1
"8568",1999-06-05 15:19:50,23,39,0.9123,5.54491103358598,0.175929188601028,"N",0.728214396824722,-0.662624117493578,0.175023058975276,1
"8571",1999-06-05 15:19:50,23,133,0.9114,3.2916909692613,-0.337023078560105,"S",-0.933132162054776,-0.14112297124543,-0.33067911201925,1
"8572",1999-06-05 15:19:50,23,13,0.8394,5.3251740807599,0.44942228238854,"N",0.518034824589326,-0.736815607076503,0.434445257404417,1
"8573",1999-06-05 15:19:50,23,9,0.6876,5.10020114017783,0.32620203719774,"N",0.358221939181153,-0.876920940243532,0.320447666322747,1
"8574",1999-06-05 15:19:50,23,25,0.78,3.64093135258537,0.506494548928754,"N",-0.767679514748171,-0.418726289570818,0.485114890575694,1
"8575",1999-06-05 15:19:50,23,6,0.7959,3.51107885623699,0.224449341806471,"N",-0.909122622646945,-0.352077906743913,0.222569549971161,1
"8576",1999-06-06 16:00:41,23,31,0.8641,3.21751447605155,-0.508763476956347,"S",-0.870831650300039,-0.0662424514329406,-0.487097705254157,1
"8578",1999-06-06 16:00:41,23,2,0.6393,3.55383942291085,0.333008821280518,"N",-0.865888455581447,-0.378657363006565,0.326888029654942,1
"8569m",1999-06-07 11:07:32,23,1,0.946,2.79863545557291,0.501956692873569,"N",-0.825590937537147,0.29479177751377,0.481141779278007,1
"8577",1999-06-08 10:00:56,23,2,0.5936,4.31916629991037,0.327947366449734,"N",-0.362746418698859,-0.874452013367409,0.322100468858457,1
"8580",1999-06-08 10:00:56,23,357,0.9988,2.25356913017508,-0.335277749308111,"S",-0.595814892681262,0.732627400328842,-0.329031466499208,1
"8575m",1999-06-09 10:52:55,23,1,0.415,3.46395496643315,-0.416261026600648,"S",-0.867495439092424,-0.289754930775524,-0.404343595528745,1
"8576a",1999-06-09 10:52:55,23,5,0.659,3.21803807482714,-0.651880475619882,"S",-0.792622695727848,-0.0607106843957874,-0.606682351002,1
"8579",1999-06-09 10:52:55,23,13,0.3409,3.24160001972907,0.204901654184134,"N",-0.974188952879242,-0.0977521773945123,0.203470872369188,1
"8579m",1999-06-09 10:52:55,23,1,0.4445,3.08556758460078,0.135786615805159,"N",-0.989240602412598,0.0554803325242679,0.135369727935597,1
"8564c",1999-06-10 05:58:42,23,4,0.48,3.74338217967744,-0.297404104539834,"S",-0.788136371534682,-0.541266156260437,-0.293039260085057,1
"8569a",1999-06-11 05:19:03,23,26,0.3983,3.11663444528627,0.416086493675448,"N",-0.914392849989202,0.0228263470211703,0.404183960308042,1
"8570a",1999-06-11 05:19:03,23,4,0.2611,3.11052579290429,-0.253247274464377,"S",-0.967636780980757,0.030071112067695,-0.250548973879778,1
"8582",1999-06-11 05:19:03,23,21,0.7249,2.41326675673256,0.446106156809751,"N",-0.673253341576995,0.600479490657891,0.431456045680959,1
"8583",1999-06-11 05:19:03,23,31,0.9789,1.76470240669147,-0.211010306566114,"S",-0.18841925844791,0.959494532768196,-0.209447904343492,1
"8585",1999-06-12 10:05:54,23,166,0.9946,1.39573980281987,0.656767397525466,"N",0.137932514141297,0.779866144302141,0.610559922132114,1
"8581",1999-06-15 09:29:27,23,5,0.9256,3.22676472108712,-0.606676447993229,"S",-0.818569375156469,-0.0698883243749072,-0.570140158357588,1
"8582m",1999-06-15 09:29:27,23,2,0.265,2.20592164159563,0.279776279094691,"N",-0.570210096041476,0.773696837867519,0.276140633457252,1
"8586",1999-06-15 09:29:27,23,3,0.5683,2.34642064638118,0.591841149351277,"N",-0.581074867296027,0.592546019814671,0.55788996495608,1
"8587",1999-06-15 09:29:27,23,5,0.38,1.92073484181976,0.331263492028524,"N",-0.324200577474311,0.888320985191137,0.325238086383454,1
"8588",1999-06-15 09:29:27,23,15,0.6063,1.63746790422108,-0.392000949997926,"S",-0.0615686661754916,0.92209327012121,-0.382038349570491,1
"8589",1999-06-15 09:29:27,23,1,0.5735,1.72543249852159,0.465479311506888,"N",-0.137633833872112,0.882943687880639,0.448851168880511,1
"8590",1999-06-16 15:19:37,23,4,0.3934,1.82631252928687,-0.379958178159165,"S",-0.234719157236118,0.898528649121453,-0.370881630624034,1
"8580m",1999-06-17 13:06:52,23,1,0.3872,2.00241625081309,-0.173485727648236,"S",-0.41206299166674,0.894654979977433,-0.172616794374807,1
"8591",1999-06-17 13:06:52,23,8,0.3784,1.33290794974807,0.237888377046827,"N",0.229014535452303,0.944468606935929,0.235650998436397,1
"8591m",1999-06-17 13:06:52,23,1,0.8065,0.732863752912419,0.20926497731412,"N",0.72704651023319,0.654405884666019,0.207740968689917,1
"8595",1999-06-17 13:06:52,23,3,0.9648,0.376816585505576,0.45256387504213,"N",0.836232676808175,0.330919121153489,0.437272735821978,1
"8588m",1999-06-18 04:33:20,23,1,0.8857,0.444709893408155,-0.226543736908864,"S",0.879669285211119,0.419203867676733,-0.224610921330703,1
"8585m",1999-06-19 09:26:59,23,1,0.8927,0.448898683612941,0.913679863419032,"N",0.550318085692452,0.265086839106342,0.791756889639997,1
"8592",1999-06-19 09:26:59,23,143,0.979,6.15909239736279,0.391826417072727,"N",0.9171062596684,-0.11439417528573,0.381877049765675,1
"8595m",1999-06-19 09:26:59,23,2,0.8154,0.312064870256586,0.336848545634906,"N",0.898216907416864,0.289769949166393,0.330514392713223,1
"8583m",1999-06-20 16:37:16,23,1,0.4985,0.797440935236209,-0.474729556542458,"S",0.621293079487855,0.636440409197234,-0.457097927058694,1
"8593",1999-06-20 16:37:16,23,9,0.8595,1.9376645355641,0.330041761552128,"N",-0.339334677105902,0.883075583725993,0.324082536308931,1
"8594",1999-06-20 16:37:16,23,345,0.9948,5.74492576586454,0.238237442897226,"N",0.834351364198836,-0.498163042975907,0.235990219442513,1
"8596",1999-06-20 16:37:16,23,39,0.9465,5.98647933434055,0.357967029584037,"N",0.895685603767317,-0.273838570012494,0.350370856061817,1
"8598",1999-06-20 16:37:16,23,306,0.9897,5.79012979349119,0.371929663599992,"N",0.820662312891312,-0.440957766907857,0.363413835734853,1
"8601",1999-06-20 16:37:16,23,2,0.3298,0.75712382951514,-0.254469004940773,"S",0.703408932175299,0.664715805093399,-0.251731548668497,1
"8601m",1999-06-20 16:37:16,23,2,0.469,0.448549617762543,-0.0314159265358979,"S",0.900632394206243,0.433445100007448,-0.0314107590781283,1
"8592m",1999-06-21 09:07:22,23,2,0.7848,6.18946112634749,0.333532420056116,"N",0.940744754858864,-0.0884296117296142,0.327382818692256,1
"8599",1999-06-21 09:07:22,23,85,0.9969,5.57894495399987,-0.282743338823081,"S",0.73184328336584,-0.621747031632089,-0.278991106039229,1
"8600",1999-06-21 09:07:22,23,2,0.2917,0.775275253735881,0.324631240870945,"N",0.676923122189002,0.663355142934757,0.31895930929807,1
"8595b",1999-06-22 06:02:45,23,4,0.6621,6.16293212171718,0.269304303582725,"N",0.956994819376006,-0.115639628570864,0.266060880235102,1
"8599n",1999-06-23 12:47:32,23,11,0.8327,5.63863521441808,-0.341910000465689,"S",0.753099415326035,-0.566059891974587,-0.335287144598929,1
"8599o",1999-06-23 12:47:32,23,2,0.6645,5.8773962560909,-0.215897228471699,"S",0.89746108594849,-0.385579711809288,-0.214223913345879,1
"8602",1999-06-23 12:47:32,23,406,0.9771,5.20422276359669,0.327772833524535,"N",0.447101680498981,-0.834540468316366,0.321935232674661,1
"8603",1999-06-23 12:47:32,23,141,0.9842,5.18973653080514,-0.275587488889905,"S",0.442088678113373,-0.854700236692072,-0.272112304173271,1
"8605",1999-06-23 12:47:32,23,3,0.4872,0.507018147704353,-0.420449816805434,"S",0.798058547674433,0.443281941216885,-0.408171134543791,1
"8609",1999-06-23 12:47:32,23,30,0.9038,5.44612539792311,0.293913446035845,"N",0.640933009928295,-0.710829621727818,0.289700061543907,1
"8592n",1999-06-24 06:35:48,23,4,0.5365,6.0320324278176,0.48642326253082,"N",0.856276057513934,-0.219695030560514,0.467467011537081,1
"8603a",1999-06-24 06:35:48,23,26,0.9765,5.03457676030284,0.25237460983838,"N",0.306611986609394,-0.918497129997117,0.249704048534459,1
"8604",1999-06-24 06:35:48,23,38,0.7129,0.881740338107535,0.205076187109334,"N",0.6224857600386,0.755672889378551,0.203641751140177,1
"8610",1999-06-24 06:35:48,23,6,0.9155,5.2337188279554,0.201410995680146,"N",0.487966152625369,-0.849628289475306,0.200052002277562,1
"8599a",1999-06-27 04:15:22,23,2,0.292,5.87460372928771,-0.20629791758573,"S",0.898226648239328,-0.38888352157644,-0.204837728553725,1
"8611",1999-06-27 04:15:22,23,7,0.962,4.47572233381426,-0.434412450821389,"S",-0.21268593962004,-0.881831516130251,-0.420877497910454,1
"8599m",1999-06-28 06:03:21,23,4,0.2543,5.57388349916909,-0.188495559215388,"S",0.745376064576349,-0.639767743248126,-0.187381314585725,1
"8611m",1999-06-28 06:03:21,23,1,0.7178,4.92811167593119,-0.56950093492575,"S",0.180269415230838,-0.822650322476602,-0.539211818176747,1
"8602m",1999-06-29 14:17:41,23,0,0.4291,5.11206937909139,0.478394747971646,"N",0.345438969956509,-0.817768573543046,0.460354730790026,1
"8610m",1999-06-29 14:17:41,23,0,0.0845,5.14662689828088,-0.0370009801422798,"S",0.420431204959406,-0.906569994008949,-0.036992537882612,1
"8629b",1999-06-29 14:17:41,23,6,0.9694,3.83483743248194,0.299149433791828,"N",-0.73501548555815,-0.610655149753899,0.294707522925291,1
"8613",1999-06-30 05:58:10,23,62,0.9827,3.62016193448664,0.319744318965361,"N",-0.842664637118756,-0.43716910617986,0.314323848842904,1
"8614",1999-07-01 10:01:23,23,41,0.9812,3.35731534913629,0.334405084682113,"N",-0.92271161705635,-0.202196096067513,0.328207267567788,1
"8615",1999-07-01 10:01:23,23,151,0.9954,3.30984239348205,-0.52028265001951,"S",-0.855426532142771,-0.145298925396754,-0.497125407100404,1
"8616",1999-07-01 10:01:23,23,7,0.8296,5.64805999237885,0.496022573416789,"N",0.707981083414157,-0.521777964973743,0.475931235364496,1
"8617m",1999-07-01 10:01:23,23,1,0.4236,4.42894750986081,0.367042741694408,"N",-0.261033943515761,-0.896149057596884,0.358856721966898,1
"8617",1999-07-02 06:18:14,23,16,0.373,4.87069034354058,0.247836753783195,"N",0.152824370212112,-0.957323873254281,0.245307385878803,1
"8618",1999-07-02 06:18:14,23,6,0.9864,3.16375833509012,-0.299149433791828,"S",-0.955352764231762,-0.0211795138275164,-0.294707522925291,1
"8620",1999-07-02 06:18:14,23,160,0.9802,3.16812165822011,0.367566340470006,"N",-0.932876262741706,-0.0247540861765884,0.359345396005891,1
"8603m",1999-07-03 09:18:29,23,3,0.7467,4.98308954736901,-0.436681378848981,"S",0.24231318213125,-0.873161295725893,-0.422934597085303,1
"8614m",1999-07-03 09:18:29,23,15,0.8859,3.20337730911039,0.304909020323409,"N",-0.952054215341531,-0.0588973045618278,0.300206393279311,1
"8619",1999-07-03 09:18:29,23,44,0.9812,2.93599286770486,-0.3077015471266,"S",-0.932960130372448,0.194565672918678,-0.302868938745998,1
"8621",1999-07-04 09:08:36,23,48,0.9683,2.72986948304433,0.337721210260903,"N",-0.86466529588686,0.377583275262629,0.331337888462571,1
"8623m",1999-07-04 09:08:36,23,1,0.3699,3.76467519655177,0.308050612976999,"N",-0.77385586212847,-0.556071847596588,0.303201591288568,1
"8611a",1999-07-05 11:47:54,23,1,0.7234,3.97847802992107,-0.729896693184029,"S",-0.499148207297438,-0.55338831687807,-0.666792649850469,1
"8621a",1999-07-05 11:47:54,23,4,0.818,2.84593387830195,0.250978346436785,"N",-0.926639713692216,0.282241453364498,0.248351772715845,1
"8622m",1999-07-05 11:47:54,23,0,0.4303,3.62592152101822,-0.352207443052456,"S",-0.830661341546381,-0.437032073358068,-0.344970582103335,1
"8623",1999-07-05 11:47:54,23,5,0.4133,3.62452525761662,0.447676953136545,"N",-0.798361910992595,-0.418616276850416,0.432872581520414,1
"8611n",1999-07-06 05:37:51,23,1,0.6414,4.22003159839709,-0.305781684949406,"S",-0.450776719621295,-0.840342820193349,-0.30103869119592,1
"8622",1999-07-06 05:37:51,23,32,0.5783,3.80953015832802,-0.527787565803085,"S",-0.678266947389515,-0.535086552674476,-0.503623201635761,1
"8625",1999-07-06 05:37:51,23,36,0.9971,2.16054308104378,-0.357792496658838,"S",-0.520930774649346,0.778450973494553,-0.350207381259467,1
"8620m",1999-07-07 05:59:51,23,1,0.4629,3.16602726311771,0.491135651511204,"N",-0.881534597088667,-0.0215442415000422,0.471627607115942,1
"8622a",1999-07-07 05:59:51,23,6,0.5196,3.83885168976153,-0.248534885483993,"S",-0.743050271613825,-0.622389028926302,-0.245984126574858,1
"8626",1999-07-07 05:59:51,23,30,0.4257,3.50008328194943,-0.362330352714023,"S",-0.875628380885505,-0.328080976520847,-0.35445424448433,1
"8620n",1999-07-08 08:18:24,23,0,0.17,3.03250957534015,0.199665666428151,"N",-0.974307366169989,0.1067040106498,0.198341650538023,1
"8627",1999-07-08 08:18:24,23,80,0.9848,1.75999001771108,-0.199142067652553,"S",-0.184350202357029,0.962745509662925,-0.19782842696336,1
"8630",1999-07-08 08:18:24,23,0,0.5793,3.69887628375158,-0.189193690916185,"S",-0.83355093522749,-0.519445501306179,-0.188067034735354,1
"8635a",1999-07-08 08:18:24,23,10,0.7488,2.35724168774354,0.458847060349309,"N",-0.634629845669639,0.633302069987123,0.442914717677517,1
"8625m",1999-07-09 15:41:56,23,1,0.5894,2.22773825724556,0.262497519499947,"N",-0.589778612599855,0.764738126540597,0.259493325415065,1
"8628",1999-07-09 15:41:56,23,1,0.7665,1.97518911448198,0.284314135149876,"N",-0.377664831783538,0.882433839397679,0.280499187021609,1
"8628a",1999-07-09 15:41:56,23,48,0.8473,1.83538824139724,0.324282175020546,"N",-0.24788514217235,0.914892815107091,0.318628456286655,1
"8629",1999-07-09 15:41:56,23,201,0.9232,3.99942198094501,0.402123859659494,"N",-0.601906128223689,-0.696085961439513,0.391373666837202,1
"8628m",1999-07-10 10:23:23,23,3,0.4741,2.33577413794401,0.453436539668127,"N",-0.622539676233924,0.64849832828034,0.438057381780247,1
"8629a",1999-07-10 10:23:23,23,2,0.9254,3.82977597765116,0.345924257745276,"N",-0.72664598858628,-0.597511198092297,0.339066328947267,1
"8631",1999-07-11 09:14:31,23,235,0.9944,0.961501884923676,0.186750229963393,"N",0.562338502814453,0.805793594032407,0.185666615385577,1
"8632",1999-07-11 09:14:31,23,27,0.8164,3.31036599225764,-0.331961623729321,"S",-0.931972139938523,-0.158802722854704,-0.325898182861368,1
"8633",1999-07-11 09:14:31,23,1,0.8177,1.67656327946575,0.747349985703972,"N",-0.0774347212593434,0.729393811065284,0.6796973829015,1
"8627m",1999-07-12 06:36:15,23,3,0.5718,1.78721715404219,-0.355349035706045,"S",-0.201319761278684,0.915654785431606,-0.347917616160627,1
"8634",1999-07-12 06:36:15,23,16,0.9849,0.868650368717578,-0.316602726311771,"S",0.613757503340819,0.725513038791776,-0.311339939031225,1
"8635",1999-07-15 10:39:14,23,26,0.9002,2.51379772164743,0.737052543117205,"N",-0.599266687034869,0.434913510004108,0.672108381606836,1
"8631b",1999-07-16 16:40:40,23,3,0.5978,0.976686249416027,-0.520980781720307,"S",0.485507455006509,0.718711571522688,-0.497731039912612,1
"8639",1999-07-16 16:40:40,23,2,0.6813,0.730245759034427,0.687310659435367,"N",0.575859650192373,0.515601816464147,0.634460739635787,1
"8634a",1999-07-17 16:29:26,23,49,0.9959,5.79990363730236,-0.158999494856683,"S",0.874305530508624,-0.458826027401121,-0.158330401064798,1
"8636",1999-07-17 16:29:26,23,359,0.9796,5.87216026833492,0.342608132166487,"N",0.863434005630665,-0.376328075100343,0.335944783873564,1
"8634m",1999-07-18 08:25:40,23,1,0.7061,0.842470429937663,-0.700226095900125,"S",0.50899821220655,0.570685181685935,-0.644390598453009,1
"8636a",1999-07-18 08:25:40,23,7,0.9763,5.74527483171493,0.447502420211346,"N",0.774217493784785,-0.461892619813977,0.432715241329661,1
"8637",1999-07-18 08:25:40,23,31,0.3433,1.15505889896985,0.200363798128949,"N",0.39578503258875,0.896517101580771,0.199025864027609,1
"8643",1999-07-18 08:25:40,23,1,0.2731,0.788714288976237,0.353603706454051,"N",0.661155305896822,0.665554859538916,0.346280797083253,1
"8631m",1999-07-19 05:22:45,23,1,0.201,0.788539756051038,0.198967534727354,"N",0.690975362933616,0.695330585846048,0.197657340379126,1
"8639m",1999-07-20 05:00:22,23,1,0.3302,0.251152879361984,0.38781215979314,"N",0.896695023125047,0.230065337901512,0.378163953595573,1
"8640",1999-07-20 05:00:22,23,134,0.9964,5.17577389678918,0.291993583858651,"N",0.428058865784454,-0.856680266603562,0.28786199512158,1
"8641",1999-07-20 05:00:22,23,8,0.7655,1.18455496332855,0.534943415736262,"N",0.324082095407994,0.796920663653264,0.509792360945518,1
"8646a",1999-07-20 05:00:22,23,4,0.6888,5.92696360684754,0.241029969700417,"N",0.910128542689014,-0.338654599839532,0.238702948851282,1
"8642",1999-07-21 04:36:38,23,45,0.9748,5.14872129338327,-0.298102236240631,"S",0.403978935188033,-0.86633562225082,-0.293706672623603,1
"8639n",1999-07-22 09:36:10,23,1,0.4458,6.26835000853763,0.537910475464652,"N",0.858686606772317,-0.012739806883102,0.512342667235928,1
"8643m",1999-07-23 06:33:15,23,2,0.3366,6.12802553667729,0.377165651355975,"N",0.918543452076849,-0.143675823106701,0.36828682368686,1
"8644",1999-07-23 06:33:15,23,71,0.9842,4.64344847493091,-0.429874594766203,"S",-0.0626185321122266,-0.906858688374534,-0.416756810089205,1
"8652a",1999-07-23 06:33:15,23,3,0.4803,5.48679156949457,0.232303323440445,"N",0.680505336707576,-0.6956374265326,0.230219585438792,1
"8640a",1999-07-24 11:53:24,23,1,0.5298,5.19270359053353,0.368613538021202,"N",0.431020750889533,-0.827277973526137,0.360322448400195,1
"8645",1999-07-24 11:53:24,23,384,0.9844,4.36541752508822,-0.465653844432087,"S",-0.303845424034545,-0.840280048120752,-0.449007125804762,1
"8646",1999-07-24 11:53:24,23,19,0.2442,5.9105575118788,0.198967534727354,"N",0.912998963796207,-0.356881588067111,0.197657340379126,1
"8647",1999-07-24 11:53:24,23,11,0.9895,4.30084034276443,-0.283441470523879,"S",-0.384067446278876,-0.879932764701112,-0.27966144946038,1
"8642m",1999-07-25 06:37:30,23,1,0.4224,5.46462588799425,-0.340862802914493,"S",0.64396269738303,-0.688153544438094,-0.334300379384261,1
"8653",1999-07-25 06:37:30,23,3,0.4979,5.16652365175361,0.496371639267187,"N",0.385742751010434,-0.790189662935448,0.476238203667939,1
"8648",1999-07-26 10:05:52,23,50,0.9596,3.94915649848757,0.408407044966673,"N",-0.634407852798799,-0.66317435812278,0.397147890634781,1
"8640m",1999-07-27 11:24:29,23,1,0.477,4.88779457021012,0.578053048260522,"N",0.146154939797024,-0.824676876982591,0.546394346734269,1
"8649",1999-07-27 11:24:29,23,59,0.4297,4.73438012895982,-0.260228591472354,"S",0.0212490198890785,-0.966097531870963,-0.25730145368145,1
"8650",1999-07-27 11:24:29,23,71,0.991,3.54703263882808,0.283790536374278,"N",-0.8821727072242,-0.378646583734155,0.279996570077525,1
"8651",1999-07-27 11:24:29,23,14,0.9803,3.61073715652587,0.414864763199052,"N",-0.816291575464876,-0.413770137872029,0.403066169295356,1
"8652",1999-07-27 11:24:29,23,1,0.3466,5.30178666878317,0.286757596102668,"N",0.533162436964763,-0.797331329754298,0.282843713739653,1
"8648m",1999-07-28 15:32:55,23,1,0.7721,3.91826417072727,0.536165146212658,"N",-0.613162870989475,-0.602553475165516,0.51084303186586,1
"8652m",1999-07-28 15:32:55,23,2,0.4199,5.14488156902888,0.232826922216044,"N",0.407826090111934,-0.883426266380996,0.230729088092824,1
"8648a",1999-07-30 06:35:45,23,1,0.8206,3.56082073991883,-0.478394747971646,"S",-0.810860235840035,-0.361357440455688,-0.460354730790026,1
"8651m",1999-07-30 06:35:45,23,1,0.8202,3.44493087758641,0.537037810838655,"N",-0.819999538968536,-0.256657969022956,0.511593044351073,1
"8658",1999-07-30 06:35:45,23,1,0.887,3.37215064777824,-0.417831822927443,"S",-0.889786336981362,-0.20886134824244,-0.4057797576662,1
"8654",1999-07-31 08:37:52,23,19,0.2898,4.28041999051609,0.335975881008908,"N",-0.395252061489611,-0.857367999352915,0.329690645262787,1
"8655",1999-07-31 08:37:52,23,2,0.8546,3.09673769181354,0.445233492183753,"N",-0.901602373885161,0.0404684840852862,0.430668621100356,1
"8656",1999-07-31 08:37:52,23,2,0.8154,3.15398449127895,0.30455995447301,"N",-0.953905758435011,-0.0118212504165863,0.299873410063503,1
"8660m",1999-07-31 08:37:52,23,1,0.9211,3.08329865657318,-0.545764457098627,"S",-0.853278875022688,0.0497974560517009,-0.51907164708814,1
"8655m",1999-08-02 07:22:10,23,2,0.8157,2.7701865887654,0.590095820099283,"N",-0.774235777008116,0.301550616725049,0.556440641176919,1
"8657",1999-08-02 07:22:10,23,131,0.9901,2.31692458202247,-0.540353936417444,"S",-0.582089733538622,0.629701126084115,-0.514439533781506,1
"8659",1999-08-03 07:05:43,23,10,0.6548,2.90579867164536,-0.393048147549123,"S",-0.898185071219717,0.215800962608244,-0.383005903838815,1
"8660",1999-08-03 07:05:43,23,2,0.6352,3.46988908588993,-0.580496509213314,"S",-0.791532024407771,-0.269613648539633,-0.548439180637273,1
"8661",1999-08-04 14:48:31,23,4,0.4854,2.76268167298182,-0.253247274464377,"S",-0.899434402015008,0.358110273742176,-0.250548973879778,1
"8663",1999-08-05 09:48:35,23,5,0.7796,2.05320533204613,0.34470252726888,"N",-0.436625303098258,0.833768934650491,0.337916718003327,1
"8661m",1999-08-06 10:25:16,23,1,0.4612,2.85675491966432,-0.345226126044478,"S",-0.903083529498892,0.264422331091744,-0.338409470269128,1
"8662",1999-08-06 10:25:16,23,18,0.9389,1.53152641862502,-0.267035375555132,"S",0.0378683465376961,0.963813779644425,-0.263873049965373,1
"8664a",1999-08-06 10:25:16,23,2,0.7644,1.90572501025261,-0.249931148885588,"S",-0.318488871855962,0.915089680999327,-0.247337247968167,1
"8663b",1999-08-07 06:10:43,23,2,0.5626,2.16996785900455,-0.377863783056772,"S",-0.524173996037771,0.767546741707891,-0.368935795459582,1
"8663a",1999-08-08 14:21:53,23,1,0.3519,2.38324709359826,0.422020613132229,"N",-0.66228005604869,0.627382804628924,0.409604618890082,1
"8663m",1999-08-08 14:21:53,23,3,0.1999,2.4017475836694,0.138055543832751,"N",-0.731545834499862,0.667759041580631,0.137617420456926,1
"8664b",1999-08-09 15:11:40,23,4,0.2868,1.68371912939893,0.196349540849362,"N",-0.110517793685988,0.974538651636981,0.195090322016128,1
"8662m",1999-08-11 14:01:44,23,1,0.5061,1.11980324807956,-0.24329889772801,"S",0.423022832173904,0.873507951160428,-0.240905671828376,1
"8665",1999-08-11 14:01:44,23,30,0.9532,0.349589449174464,-0.454483737219323,"S",0.844141324725427,0.307742955043382,-0.438998516525931,1
"8667",1999-08-11 14:01:44,23,29,0.9967,6.26992080486443,0.417482757077044,"N",0.91403206194015,-0.0121248915229249,0.405460696925109,1
"8657a",1999-08-12 15:05:07,23,8,0.8183,2.23471957425354,0.260403124397554,"N",-0.595436670140397,0.761028459505789,0.257470106370354,1
"8662n",1999-08-12 15:05:07,23,1,0.2522,1.03340945010584,0.206821516361328,"N",0.500983764395093,0.840741675238181,0.205350196810764,1
"8665m",1999-08-13 09:35:32,23,4,0.8573,0.198443935951755,-0.425162205785819,"S",0.893093592716705,0.179592673012796,-0.412468552072139,1
"8668",1999-08-13 09:35:32,23,556,0.9952,5.87390559758692,0.360585023462028,"N",0.858409737575982,-0.372356783585674,0.35282169456039,1
"8669",1999-08-13 09:35:32,23,7,0.8936,0.0802851455917391,-0.354127305229649,"S",0.934928222769572,0.0752225387308933,-0.346771953790685,1
"8662o",1999-08-14 13:53:12,23,0,0.2639,0.841772298236865,0.380307244009564,"N",0.618546617981359,0.69253617332008,0.37120577854743,1
"8662a",1999-08-15 11:51:29,23,3,0.4458,0.916995988997821,-0.228987197861656,"S",0.592331250733684,0.773057986382512,-0.22699127537085,1
"8671",1999-08-15 11:51:29,23,7,0.3128,0.746128255227576,-0.170693200845045,"S",0.723650786021767,0.668935905879509,-0.169865516557188,1
"8672",1999-08-15 11:51:29,23,3,0.7181,6.09172268823581,0.234921317318437,"N",0.954761527196291,-0.185068093065859,0.2327664647555,1
"8667m",1999-08-16 15:33:47,23,2,0.4899,0.433016187419793,0.620464549083984,"N",0.738515852742827,0.34139865897014,0.58141318431983,1
"8673",1999-08-19 10:35:36,23,76,0.9993,4.49771348238939,-0.320791516516558,"S",-0.202162883149997,-0.927202704509106,-0.315317797511462,1
"8667n",1999-08-20 06:09:44,23,1,0.729,0.124791041517595,0.725882435904442,"N",0.742097950859032,0.0930909074427682,0.663795687152537,1
"8668m",1999-08-20 06:09:44,23,1,0.6172,5.21207674523067,0.484677933278825,"N",0.423965254338411,-0.776639451918201,0.465923410914243,1
"8669m",1999-08-20 06:09:44,23,3,0.7564,6.0337777570696,-0.706160215356906,"S",0.737317304315352,-0.187802783126446,-0.648917026596701,1
"8678e",1999-08-21 06:25:22,23,5,0.6064,5.15291008358806,-0.389208423194735,"S",0.394519486688411,-0.836879559804522,-0.379456159529005,1
"8668n",1999-08-22 15:26:16,23,2,0.2067,5.11451284004418,0.268257106031528,"N",0.377375920307009,-0.887319126761707,0.2650512819348,1
"8673m",1999-08-23 10:06:06,23,1,0.5284,4.70593126215231,-0.303338223996614,"S",-0.00616284604637819,-0.954324756276174,-0.298707681332486,1
"8675",1999-08-24 10:25:46,23,198,0.9941,3.34178191879354,0.304036355697412,"N",-0.935080798658353,-0.189734519505853,0.299373866742474,1
"8676",1999-08-24 10:25:46,23,25,0.9783,3.43637876425163,0.466351976132885,"N",-0.854685065508345,-0.259510245442613,0.449630816678874,1
"8678",1999-08-24 10:25:46,23,4,0.3228,5.13493319229252,0.259704992696756,"N",0.396330433774483,-0.881463717255707,0.256795448608188,1
"8680",1999-08-24 10:25:46,23,1,0.7104,5.61297887441376,0.331438024953723,"N",0.741041241504584,-0.587342050584296,0.325403125376478,1
"8674a",1999-08-25 05:42:09,23,10,0.7067,3.85787577860827,0.157428698529888,"N",-0.744924062648014,-0.648466202574227,0.156779223773236,1
"8674m",1999-08-25 05:42:09,23,2,0.7245,4.58428181328831,-0.682249204604583,"S",-0.0991594612249576,-0.769796249358516,-0.630540352176716,1
"8677",1999-08-25 05:42:09,23,100,0.9837,3.24823227088665,0.132121424375971,"N",-0.985653544617886,-0.105509973753412,0.131737372908187,1
"8679",1999-08-25 05:42:09,23,59,0.997,3.25940237809941,-0.598822466359255,"S",-0.820274474007714,-0.0970858818450413,-0.563670221705688,1
"8681",1999-08-25 05:42:09,23,4,0.8474,3.6308084429238,0.335975881008908,"N",-0.833348942752666,-0.443659349094798,0.329690645262787,1
"8673n",1999-08-26 06:04:59,23,3,0.749,3.96626072515711,-0.608247244320024,"S",-0.557058412185657,-0.602622395202686,-0.571429938149352,1
"8678b",1999-08-27 09:34:27,23,3,0.769,4.86161463143021,-0.402996524285491,"S",0.136762279130246,-0.909666760841442,-0.392176571492152,1
"8674n",1999-08-28 05:15:58,23,3,0.8104,4.51569037368493,-0.661305253580651,"S",-0.154233759156828,-0.773973405959512,-0.614147469589989,1
"8676m",1999-08-28 05:15:58,23,5,0.8255,3.00650416948543,0.477522083345649,"N",-0.880045009066907,0.119612431325349,0.459579860621488,1
"8674b",1999-08-29 09:25:19,23,3,0.5712,3.89435315997495,-0.446804288510548,"S",-0.658161359574554,-0.616543210525593,-0.432085748801982,1
"8678a",1999-08-29 09:25:19,23,7,0.9644,4.92880980763199,-0.311541271480988,"S",0.204398453980786,-0.929657482869991,-0.306526078097928,1
"8682",1999-08-29 09:25:19,23,37,0.9453,2.4324653785045,0.308399678827398,"N",-0.723124530984197,0.620449754563895,0.303534206886944,1
"8679c",1999-08-30 09:25:49,23,2,0.7494,2.67157548602772,-0.190066355542183,"S",-0.875505024921717,0.444745604146159,-0.188924055984121,1
"8681m",1999-08-30 09:25:49,23,2,0.7792,4.34936049596987,0.33545228223331,"N",-0.335313838874964,-0.882719910940414,0.329196276236961,1
"8684",1999-08-30 09:25:49,23,5,0.8643,2.46702289769398,-0.207170582211727,"S",-0.764275991880701,0.611206255778496,-0.205691811047505,1
"8686",1999-08-31 04:47:32,23,13,0.5769,2.99428686472147,-0.42463860701022,"S",-0.901319617909972,0.133738328702828,-0.411991511813529,1
"8677m",1999-09-01 05:46:42,23,1,0.1568,2.90510053994456,0.220260551601684,"N",-0.948678844841235,0.22863341911204,0.218483887314003,1
"8688a",1999-09-01 05:46:42,23,1,0.7065,2.25810698623026,0.344004395568082,"N",-0.597288761105442,0.727668961613768,0.337259570896169,1
"8679a",1999-09-02 14:02:18,23,3,0.4342,2.98329129043391,-0.238586508747625,"S",-0.959523664937887,0.153175538492813,-0.236329411693938,1
"8687",1999-09-02 14:02:18,23,28,0.0555,2.74400664998548,0.172962128872638,"N",-0.908241506453225,0.38141657128778,0.172101031672242,1
"8688",1999-09-02 14:02:18,23,3,0.682,2.19143540880408,-0.412595835171459,"S",-0.532752816914344,0.745239905760152,-0.400988676813237,1
"8685",1999-09-03 12:05:25,23,1,0.6122,1.91288086018578,-0.148702052269917,"S",-0.331749595963813,0.931661102583489,-0.148154633780938,1
"8686a",1999-09-03 12:05:25,23,5,0.4191,2.91627064715732,0.295135176512241,"N",-0.932577987063325,0.213760182142911,0.290869184643453,1
"8689",1999-09-04 11:25:40,23,1,0.3344,2.01899687870704,0.34487706019408,"N",-0.407827907521165,0.848161334561741,0.338080979058797,1
"8694",1999-09-04 11:25:40,23,0,0.6872,1.63921323347307,-0.272620429161514,"S",-0.0658387851922578,0.960815515433247,-0.269256011385357,1
"8686m",1999-09-05 14:53:17,23,4,0.5053,2.40366744584659,-0.240331837999619,"S",-0.718601519118773,0.65341869009883,-0.238024940184263,1
"8688m",1999-09-05 14:53:17,23,2,0.4776,2.19963845628845,-0.337372144410504,"S",-0.555050129051751,0.763120379532309,-0.331008520407103,1
"8689m",1999-09-05 14:53:17,23,1,0.2526,1.89612569936664,0.349414916249265,"N",-0.300307222891963,0.890288338075279,0.342348137085737,1
"8691m",1999-09-05 14:53:17,23,2,0.6214,2.08305046225523,-0.53878314009065,"S",-0.420706492098098,0.748159575032405,-0.513091899949555,1
"8694e",1999-09-05 14:53:17,23,1,0.8763,0.943524993628135,0.262672052425147,"N",0.566805528469783,0.781861370820264,0.259661875744492,1
"8682m",1999-09-06 05:43:03,23,1,0.1997,2.07502194769606,0.180990643431812,"N",-0.475238070204412,0.861247520794917,0.180004123711086,1
"8690",1999-09-06 05:43:03,23,20,0.9928,0.410326907143867,0.213977366294505,"N",0.896077635661045,0.389811622407731,0.212348227927536,1
"8689o",1999-09-07 15:04:52,23,1,0.5954,1.77796690900662,0.731292956585624,"N",-0.153098789927855,0.728395797884391,0.667832555471047,1
"8689p",1999-09-07 15:04:52,23,1,0.6258,1.51110606637669,0.798488132787406,"N",0.0416265652496206,0.696547740583216,0.716301943424654,1
"8689q",1999-09-07 15:04:52,23,1,0.4663,1.91113553093379,0.475951287018854,"N",-0.296706649993815,0.837873732160982,0.458184212739893,1
"8691",1999-09-07 15:04:52,23,45,0.715,2.04796934429015,-0.511730536684737,"S",-0.400436613055025,0.774504568063456,-0.489686831529969,1
"8692",1999-09-07 15:04:52,23,403,0.9887,0.218166156499291,-0.460592389601304,"S",0.874555565698801,0.193884301100101,-0.44447884121989,1
"8693",1999-09-07 15:04:52,23,91,0.9881,0.12618730491919,0.201760061530544,"N",0.971925614868483,0.123299813709475,0.200393999664986,1
"8689n",1999-09-08 06:33:52,23,3,0.4157,1.72194184001761,0.432318055718995,"N",-0.13671772662565,0.897645128391317,0.418976713794036,1
"8694m",1999-09-09 14:06:43,23,2,0.8142,2.02283660306143,-0.131074226824774,"S",-0.433054931086998,0.891841430938182,-0.130699230002975,1
"8694a",1999-09-10 14:25:38,23,1,0.4788,1.36205494825637,0.263544717051144,"N",0.200073700318842,0.944514645422494,0.260504508642648,1
"8694c",1999-09-10 14:25:38,23,2,0.5005,0.668286570588629,-0.35395277230445,"S",0.736229523361845,0.581230430311458,-0.346608245444836,1
"8695",1999-09-10 14:25:38,23,46,0.9725,5.79746017634956,0.3385938748869,"N",0.834126369774168,-0.440343254419896,0.332161131883703,1
"8693m",1999-09-11 15:22:33,23,1,0.5705,0.0413643032722656,0.300545697193424,"N",0.954358043899641,0.0394988857329663,0.296041487075552,1
"8694d",1999-09-11 15:22:33,23,3,0.5363,0.546637121724624,-0.430572726467001,"S",0.776304837542524,0.472371975123183,-0.417391322773124,1
"8695a",1999-09-11 15:22:33,23,4,0.9455,5.74422763416374,-0.297927703315432,"S",0.820435750434109,-0.490631782411946,-0.293539832896486,1
"8699",1999-09-11 15:22:33,23,2,0.5594,0.0713839664065681,0.353429173528852,"N",0.935801993757507,0.0669149555741503,0.346117057077493,1
"8699a",1999-09-13 15:26:57,23,13,0.3336,6.16066319368958,0.300545697193424,"N",0.948014660810909,-0.116737486771272,0.296041487075552,1
"8699m",1999-09-13 15:26:57,23,1,0.4751,5.99642771107692,0.334056018831715,"N",0.90614354328542,-0.267208181327275,0.327877517975713,1
"8700",1999-09-13 15:26:57,23,312,0.9639,5.13301333011532,0.236492113645232,"N",0.39696492120102,-0.887426196165873,0.234293827691719,1
"8690m",1999-09-14 14:14:34,23,1,0.5305,0.444884426333355,0.425511271636218,"N",0.822168199832391,0.391977988301751,0.412786516096733,1
"8694b",1999-09-15 07:17:27,23,2,0.8172,0.749618913731565,0.33545228223331,"N",0.691150875185708,0.643381907922307,0.329196276236961,1
"8699c",1999-09-15 07:17:27,23,3,0.3763,5.68750443347392,0.164235482612666,"N",0.816627945593023,-0.553522496132221,0.163498149078437,1
"8702",1999-09-16 07:59:32,23,8,0.6038,5.22027979271504,0.389033890269536,"N",0.449994422331063,-0.808480407926294,0.379294674191804,1
"8704",1999-09-16 07:59:32,23,243,0.9975,4.38758320658854,-0.34470252726888,"S",-0.300352533499134,-0.891964487698087,-0.337916718003327,1
"8700a",1999-09-17 07:25:37,23,2,0.7968,4.74502663739698,-0.188495559215388,"S",0.0320538629514241,-0.981764122798352,-0.187381314585725,1
"8706",1999-09-19 08:28:22,23,107,0.9917,3.66850755476688,0.340862802914493,"N",-0.8146328477342,-0.473937316251852,0.334300379384261,1
"8700m",1999-09-20 11:10:44,23,3,0.4727,4.8942522884425,-0.365821011218011,"S",0.168894866111182,-0.918430027752117,-0.357716100175169,1
"8707",1999-09-22 06:19:02,23,7,0.2367,4.45914170592031,-0.11397000015523,"S",-0.248923523986941,-0.961823299985181,-0.113723431233586,1
"8708",1999-09-22 06:19:02,23,20,0.9139,3.35103216382911,-0.152890842474703,"S",-0.966737455050572,-0.205486389483177,-0.152295885497646,1
"8708n",1999-09-22 06:19:02,23,5,0.9869,3.02727358758416,0.42778019966381,"N",-0.90394975163307,0.103791229711508,0.414852054541718,1
"8695c",1999-09-23 10:02:36,23,1,0.9636,5.52675960936524,0.364599280741615,"N",0.679486384451515,-0.64121179210722,0.356574944447385,1
"8702m",1999-09-23 10:02:36,23,1,0.5603,4.66526509058084,0.527613032877886,"N",-0.0407005058509683,-0.863052142284212,0.503472410884755,1
"8708a",1999-09-23 10:02:36,23,1,0.7819,3.31123865688364,0.350636646725661,"N",-0.925672278710011,-0.158560641694659,0.343495786485356,1
"8707m",1999-09-24 10:11:20,23,2,0.2445,4.06068303769001,0.352556508902855,"N",-0.569236934533874,-0.746149091087597,0.345298198998535,1
"8708b",1999-09-24 10:11:20,23,2,0.8608,3.00702776826103,-0.268082573106329,"S",-0.955563272912531,0.129367053454263,-0.264882987262781,1
"8706m",1999-09-25 09:44:31,23,2,0.4085,3.40112311336135,0.374896723328382,"N",-0.89938201831679,-0.23880286669754,0.366176427402768,1
"8704m",1999-09-26 10:25:31,23,1,0.2522,3.72592888715749,-0.0123918376891597,"S",-0.834014394874179,-0.551603516451051,-0.0123915205480335,1
"8708m",1999-09-26 10:25:31,23,1,0.8401,2.56842652723486,-0.213279234593707,"S",-0.821151287963402,0.530007623603387,-0.21166596608415,1
"8710",1999-09-26 10:25:31,23,46,0.9911,2.04290788945936,0.340513737064094,"N",-0.428656567909148,0.839474041717258,0.333971376125621,1
"8710a",1999-09-27 06:56:26,23,5,0.9688,2.05826678687691,-0.334928683457712,"S",-0.44236567640537,0.834426583867954,-0.328701816960108,1
"8711",1999-09-27 06:56:26,23,1,0.2875,3.43218997404685,0.386764962241943,"N",-0.887304022516426,-0.265360170742513,0.377194315187377,1
"8708c",1999-09-28 06:41:10,23,4,0.1998,3.16026767658613,0.305258086173808,"N",-0.953603107483876,-0.0178106305340776,0.300539339915881,1
"8712",1999-09-28 06:41:10,23,11,0.4227,2.80701303598248,-0.2155481626213,"S",-0.922690921418367,0.320773365938455,-0.213882938161601,1
"8712n",1999-09-29 09:30:11,23,1,0.3946,2.56022347975048,-0.184481301935801,"S",-0.821530781047657,0.539850133782199,-0.183436661675276,1
"8713",1999-09-29 09:30:11,23,4,0.9478,1.62315620435473,-0.223053078404875,"S",-0.0510394182298827,0.973890115706519,-0.221208092790247,1
"8714",1999-09-29 09:30:11,23,32,0.9713,1.48108640324239,0.22479840765687,"N",0.0873354836981497,0.970919004649039,0.2229098465715,1
"8710b",1999-09-30 06:58:07,23,10,0.7699,1.73799886913595,0.190415421392581,"N",-0.163416550672052,0.96823194546052,0.189266824235485,1
"8712m",1999-09-30 06:58:07,23,3,0.3585,2.88729818157422,-0.13229595730117,"S",-0.959383683624282,0.249364389054457,-0.131910382711142,1
"8712a",1999-10-01 13:37:31,23,3,0.6943,2.82202286754963,-0.478918346747244,"S",-0.842560659936731,0.278813444606768,-0.460819484650431,1
"8716",1999-10-01 13:37:31,23,250,0.996,0.811054503401765,0.381005375710362,"N",0.639346012975839,0.673024014424515,0.371853938663837,1
"8718",1999-10-01 13:37:31,23,4,0.7426,1.7238617021948,-0.478045682121247,"S",-0.13537601785911,0.877514725233085,-0.46004482475919,1
"8719",1999-10-02 07:11:39,23,23,0.973,0.891165116068305,-0.364948346592014,"S",0.587114182270213,0.726580059078628,-0.356901043325005,1
"8720",1999-10-03 07:25:13,23,16,0.9539,0.642630230584312,0.24015730507442,"N",0.777547692775919,0.582103414088531,0.237855419877963,1
"8721",1999-10-03 07:25:13,23,41,0.9371,0.779638576865867,-0.318697121414165,"S",0.675356436797027,0.667621354466522,-0.313329555479706,1
"8726",1999-10-03 07:25:13,23,37,0.9752,0.644724625686705,-0.354301838154849,"S",0.749622072482493,0.56365095769855,-0.346935651573256,1
"8710m",1999-10-04 12:13:02,23,1,0.2629,1.91148459678419,0.173311194723037,"N",-0.329130249737682,0.92840510689519,0.172444878725177,1
"8722",1999-10-04 12:13:02,23,11,0.4749,1.16605447325741,0.242949831877611,"N",0.382217132871625,0.892209416856509,0.240566871808992,1
"8723",1999-10-04 12:13:02,23,32,0.9943,0.156206968053492,0.354825436930447,"N",0.926290078163619,0.145881431592523,0.347426681491439,1
"8724",1999-10-05 14:51:00,23,13,0.2458,1.50011049208913,0.337023078560105,"N",0.0666537413509027,0.941386532534903,0.33067911201925,1
"8725",1999-10-05 14:51:00,23,64,0.9693,0.153588974175501,-0.409803308368269,"S",0.906402288978252,0.140318487904715,-0.398428930283833,1
"8720m",1999-10-06 10:44:23,23,7,0.7947,0.289550122905859,0.33562681515851,"N",0.904899118921272,0.269590181992329,0.329361075946822,1
"8727",1999-10-07 15:10:20,23,26,0.8401,6.21529199927701,0.319395253114962,"N",0.94723812908432,-0.0644101265671379,0.313992455967405,1
"8724a",1999-10-08 10:43:38,23,4,0.589,1.36781453478796,0.235619449019234,"N",0.196020828165754,0.952407001769409,0.233445363855905,1
"8728",1999-10-08 10:43:38,23,90,0.9862,5.59465291726782,0.374024058702385,"N",0.71879447295394,-0.591475681812985,0.365364233984024,1
"8729",1999-10-08 10:43:38,23,14,0.9963,5.52693414229044,0.18779742751459,"N",0.714624053988608,-0.674134445477955,0.186695503108719,1
"8713m",1999-10-09 11:22:02,23,1,0.8011,1.30323735246417,-0.390430153671132,"S",0.244482399301412,0.891842180943134,-0.380586232964907,1
"8725b",1999-10-10 13:53:35,23,7,0.3436,0.0528834763354282,-0.17837264955382,"S",0.982757909719961,0.0520201579735594,-0.177428278600842,1
"8731",1999-10-10 13:53:35,23,13,0.9756,5.17263230413559,0.208915911463721,"N",0.434508322570705,-0.876463326531021,0.207399505454978,1
"8731a",1999-10-10 13:53:35,23,29,0.941,5.29986680660598,0.196698606699761,"N",0.543575683298729,-0.816291338005707,0.195432668771556,1
"8727m",1999-10-11 13:32:02,23,1,0.3701,5.97408749665139,0.293738913110646,"N",0.91180630806186,-0.291169870520513,0.289533008618479,1
"8732",1999-10-11 13:32:02,23,2,0.8746,5.24279454006577,0.353778239379251,"N",0.4745541048786,-0.809181433037649,0.346444526540696,1
"8734",1999-10-11 13:32:02,23,6,0.986,4.88709643850932,0.270176968208722,"N",0.167514504113553,-0.949053327800086,0.266901989320376,1
"8731m",1999-10-12 11:57:18,23,32,0.6943,5.33023553559068,0.256214334192768,"N",0.560371275362085,-0.788518985742707,0.253420288991158,1
"8733",1999-10-12 11:57:18,23,7,0.3364,5.99119172332093,0.432841654494594,"N",0.869352984404551,-0.261314636096921,0.419452082446177,1
"8733m",1999-10-12 11:57:18,23,1,0.2148,5.93551572018232,0.256214334192768,"N",0.909478625493606,-0.329585780788399,0.253420288991158,1
"8734m",1999-10-12 11:57:18,23,2,0.9021,4.96005120124268,0.234746784393237,"N",0.23841484318976,-0.942898259277961,0.232596722241292,1
"8725a",1999-10-13 09:47:50,23,14,0.4749,6.28056731330159,0.416784625376246,"N",0.914392187042806,-0.00239387861689235,0.404822427269342,1
"8732m",1999-10-13 09:47:50,23,2,0.7547,5.07402120139792,0.470017167562073,"N",0.315435316536542,-0.833894903221864,0.452901591366259,1
"8733b",1999-10-13 09:47:50,23,2,0.4696,5.51855656188087,-0.219038821125288,"S",0.704397108849224,-0.675728579054064,-0.217291510405792,1
"8736",1999-10-14 11:34:42,23,5,0.9914,4.25232018955898,-0.36006142468643,"S",-0.41553770264762,-0.83856471241975,-0.352331719779415,1
"8720b",1999-10-15 12:51:28,23,1,0.8833,0.199491133502952,0.24015730507442,"N",0.952037298190076,0.192483199499638,0.237855419877963,1
"8725m",1999-10-16 08:53:45,23,2,0.8612,6.07741098836945,-0.499687764845977,"S",0.859214753308433,-0.179342813522518,-0.479151503112488,1
"8729n",1999-10-16 08:53:45,23,1,0.5385,5.70303786381667,-0.166504410640259,"S",0.824814791446455,-0.540566459744816,-0.16573612282812,1
"8734a",1999-10-16 08:53:45,23,3,0.5471,4.801051706386,-0.317649923862968,"S",0.0841168024167329,-0.946240594261915,-0.312334918512233,1
"8735",1999-10-16 08:53:45,23,16,0.6972,4.44552813775476,0.316253660461372,"N",-0.250626851696779,-0.916766098141684,0.311008203278682,1
"8735a",1999-10-17 10:51:33,23,3,0.6684,4.4924774946334,-0.471587963888868,"S",-0.194332469728858,-0.869393492932448,-0.454301492024625,1
"8732a",1999-10-18 12:11:12,23,1,0.6025,5.1707124419584,-0.359886891761231,"S",0.41410070016024,-0.839343819252469,-0.352168373380514,1
"8737",1999-10-18 12:11:12,23,7,0.6572,4.08075432408794,-0.248709418409192,"S",-0.572296752197333,-0.782230773976176,-0.246153293028993,1
"8738",1999-10-20 12:08:19,23,15,0.5719,3.67199821327087,0.317300858012569,"N",-0.819541764078312,-0.480630044615367,0.312003296688415,1
"8739",1999-10-20 12:08:19,23,73,0.9845,2.88415658892063,-0.207694180987325,"S",-0.946263140233479,0.249130293943526,-0.20620418539663,1
"8732b",1999-10-21 07:48:55,23,4,0.8673,5.08868196711467,0.47088983218807,"N",0.327481155017429,-0.82881303550139,0.453679452137104,1
"8737m",1999-10-21 07:48:55,23,16,0.3988,4.24324447744861,-0.271922297460716,"S",-0.435510735290826,-0.85918173329455,-0.26858359707811,1
"8738m",1999-10-21 07:48:55,23,1,0.3758,3.77828876471732,0.361981286863624,"N",-0.751958680639895,-0.556014054861275,0.35412782071878,1
"8738a",1999-10-22 08:50:01,23,5,0.4911,3.42765211799166,0.436681378848981,"N",-0.86933679325157,-0.255694869888642,0.422934597085303,1
"8741",1999-10-22 08:50:01,23,193,0.9698,2.56703026383326,-0.438077642250577,"S",-0.760161806882859,0.492147210800859,-0.42419942274539,1
"8742",1999-10-23 10:26:09,23,162,0.9984,2.05634692469972,0.122871179340401,"N",-0.463176892550121,0.877750342150752,0.122562241583007,1
"8743",1999-10-25 11:19:36,23,15,0.5494,2.63579623636184,-0.254294472015574,"S",-0.846656567000562,0.468923127545132,-0.251562632376344,1
"8744",1999-10-25 11:19:36,23,15,0.7486,2.25950324963186,0.129503430497979,"N",-0.630217454453718,0.765603271424653,0.12914174726147,1
"8745",1999-10-26 10:48:33,23,251,0.9642,1.61181156421676,-0.235968514869633,"S",-0.0398674584448118,0.971470672083262,-0.233784770759874,1
"8746",1999-10-26 10:48:33,23,6,0.7878,2.0313887163962,-0.244695161129605,"S",-0.431238359022685,0.869104878639749,-0.242260577956896,1
"8737c",1999-10-27 08:38:51,23,16,0.9492,3.92960881086523,0.245044226980004,"N",-0.684184846670317,-0.687776641653518,0.242599230795407,1
"8744m",1999-10-27 08:38:51,23,9,0.4366,2.22930905357236,0.183259571459405,"N",-0.601694227383735,0.777659482023907,0.182235525492147,1
"8747",1999-10-27 08:38:51,23,5,0.9773,1.30777520851935,0.187099295813792,"N",0.255461431916543,0.948757021198484,0.186009600638593,1
"8748",1999-10-27 08:38:51,23,7,0.7166,1.90450327977621,0.365646478292812,"N",-0.305894467207979,0.882374267557211,0.357553110578587,1
"8743m",1999-10-29 06:23:33,23,6,0.3036,2.42024807374054,0.319744318965361,"N",-0.712858765175326,0.626923359718947,0.314323848842904,1
"8744n",1999-10-29 06:23:33,23,3,0.2285,2.12074957409831,0.283441470523879,"N",-0.501793050110418,0.818531128636292,0.27966144946038,1
"8749",1999-10-29 06:23:33,23,13,0.8977,1.2004374595217,-0.386241363466345,"S",0.33528568239134,0.863523933505026,-0.376709340801872,1
"8750",1999-10-29 06:23:33,23,14,0.4884,1.89734742984304,-0.305258086173808,"S",-0.3059485377574,0.903366812212534,-0.300539339915881,1
"8750m",1999-10-29 06:23:33,23,8,0.5215,1.7842500943138,-0.238237442897226,"S",-0.205853309276875,0.949701548586309,-0.235990219442513,1
"8750n",1999-10-29 06:23:33,23,2,0.6923,1.71042266695444,-0.491484717361603,"S",-0.122699617994482,0.873053146826046,-0.471935383883373,1
"8745b",1999-10-30 06:27:13,23,14,0.5675,1.40516458078063,0.182561439758607,"N",0.162135545824387,0.969923713988869,0.181549039717282,1
"8751",1999-10-30 06:27:13,23,31,0.967,0.682598270454982,0.367566340470006,"N",0.724107369902837,0.588675974727835,0.359345396005891,1
"8752a",1999-10-30 06:27:13,23,4,0.9322,0.874933554024757,-0.38484510006475,"S",0.594159434311727,0.711363279555505,-0.375415571225283,1
"8748m",1999-10-31 10:36:39,23,1,0.3842,1.476374014262,0.381878040336359,"N",0.0874905927895077,0.923832791041858,0.372663883907673,1
"8744o",1999-11-01 13:25:19,23,1,0.8428,2.40349291292139,0.581194640914112,"N",-0.618287280772537,0.562400910163108,0.549022817998132,1
"8752",1999-11-03 12:47:33,23,4,0.3245,0.899891762328276,-0.234746784393237,"S",0.604643695827696,0.761777372923633,-0.232596722241292,1
"8753",1999-11-03 12:47:33,23,10,0.951,6.04198080455397,0.360410490536829,"N",0.908663010537076,-0.223525390131534,0.352658380374328,1
"8754",1999-11-04 07:18:57,23,59,0.975,5.79850737390076,-0.140149938935145,"S",0.876149398751867,-0.46135506082077,-0.139691585007133,1
"8755",1999-11-05 12:42:36,23,141,0.9592,5.56009539807834,0.377340184281174,"N",0.697017205400141,-0.615152248037842,0.368449083470384,1
"8756",1999-11-05 12:42:36,23,7,0.3743,0.258832328070759,0.309795942228993,"N",0.920671024115931,0.2437675625088,0.304864299028011,1
"8756m",1999-11-05 12:42:36,23,5,0.4669,0.161268422884276,-0.20629791758573,"S",0.966095488116776,0.157165558572347,-0.204837728553725,1
"8757",1999-11-05 12:42:36,23,15,0.604,0.299673032567426,0.668635636439028,"N",0.749697929513639,0.231640190283244,0.619915991670247,1
"8758",1999-11-05 12:42:36,23,96,0.9887,5.41453493846201,0.30455995447301,"N",0.616134514738487,-0.728322866375109,0.299873410063503,1
"8752m",1999-11-06 12:47:33,23,4,0.6282,6.25281657819489,-0.515221195188726,"S",0.86978251780367,-0.0264223128030345,-0.492727341548292,1
"8756n",1999-11-06 12:47:33,23,6,0.3666,0.131248759749974,0.380481776934764,"N",0.920500141947065,0.121513042074365,0.371367835550235,1
"8759",1999-11-06 12:47:33,23,308,0.9914,5.169490711482,0.155159770502296,"N",0.436047251484337,-0.886555590888251,0.154537952418617,1
"8758m",1999-11-07 12:47:33,23,4,0.8216,5.42971930295436,0.277507351067098,"N",0.632224929755249,-0.724733043740523,0.273959218692432,1
"8760",1999-11-07 12:47:33,23,72,0.6617,5.67703245796196,0.248360352558793,"N",0.796628972500677,-0.552229380997786,0.245814952627618,1
"8761",1999-11-07 12:47:33,23,11,0.9419,5.15797153841884,0.34784411992247,"N",0.405171924080743,-0.848317218091533,0.340871837244074,1
"8762",1999-11-09 12:47:33,23,15,0.4433,0.0961676417848876,0.110304808726042,"N",0.989330126311474,0.0954359307573455,0.110081262224782,1
"8762m",1999-11-09 12:47:33,23,2,0.5965,0.13857914260835,-0.345749724820077,"S",0.931802228343495,0.129961354638803,-0.338902129758054,1
"8764",1999-11-09 12:47:33,23,7,0.2704,5.83777728207063,0.319918851890561,"N",0.856646252732316,-0.408966419918352,0.314489530920899,1
"8763",1999-11-10 07:59:33,23,492,0.9914,4.31829363528437,-0.261973920724349,"S",-0.370872123444028,-0.89184038768317,-0.258987627019613,1
"8759m",1999-11-11 07:59:33,23,2,0.4435,5.20369916482109,-0.286408530252269,"S",0.452563333169897,-0.845798533751535,-0.282508884415881,1
"8765",1999-11-11 07:59:33,23,626,0.9884,4.10379267021427,-0.205599785884932,"S",-0.55967528134678,-0.803171576152108,-0.204154350212632,1
"8759b",1999-11-12 10:24:00,23,3,0.5131,4.923573819876,0.487644993007216,"N",0.185185158696148,-0.863811588826968,0.468546684981242,1
"8770b",1999-11-12 10:24:00,23,2,0.8154,4.3413319814107,0.4002039974823,"N",-0.333948548003882,-0.858303765652846,0.389606228328352,1
"8766",1999-11-13 08:34:06,23,50,0.972,3.70987185803915,0.298974900866629,"N",-0.805439553809767,-0.514308156101527,0.294540736955299,1
"8767",1999-11-14 11:36:00,23,8,0.6929,5.17315590291119,0.72954762733363,"N",0.331464854697052,-0.667731619892173,0.666532470249453,1
"8768",1999-11-14 11:36:00,23,11,0.6636,4.09768401783229,0.314857397059777,"N",-0.548366402405453,-0.776783135894964,0.309680881718724,1
"8763m",1999-11-15 07:59:33,23,3,0.567,4.31323218045359,-0.489215789334011,"S",-0.343054553683951,-0.81331161841425,-0.469933808689159,1
"8770m",1999-11-15 07:59:33,23,4,0.0762,4.51411957735813,0.0579449311662117,"N",-0.196642346755251,-0.978763469175475,0.0579125104806944,1
"8771",1999-11-15 07:59:33,23,140,0.9972,3.1096531282783,-0.193033415270573,"S",-0.980926280004277,0.0313409777985686,-0.19183684814863,1
"8770",1999-11-16 08:13:30,23,84,0.3714,4.60540029723744,-0.239284640448423,"S",-0.103742156811948,-0.965952851028879,-0.237007709767395,1
"8772",1999-11-18 10:32:30,23,26,0.9682,2.55917628219929,0.0734783615089613,"N",-0.832882515366122,0.548559345600964,0.0734122602243202,1
"8775",1999-11-18 10:32:30,23,4,0.3201,3.83972435438753,-0.279078147393893,"S",-0.736406022049211,-0.617918021498221,-0.27546957980398,1
"8776",1999-11-18 10:32:30,23,5,0.9134,2.83336750768759,-0.53860860716545,"S",-0.817968737929748,0.26041805153764,-0.51294208464792,1
"8772b",1999-11-19 21:33:33,23,6,0.9078,2.41780461278774,0.32620203719774,"N",-0.709789009160515,0.627306030278078,0.320447666322747,1
"8774",1999-11-19 21:33:33,23,33,0.9599,2.26142311180905,0.365995544143211,"N",-0.594829284803588,0.719792113629737,0.357879078875096,1
"8774a",1999-11-20 13:01:00,23,6,0.9371,2.19649686363486,-0.188146493364989,"S",-0.575329769720487,0.796248884097587,-0.187038420242254,1
"8775b",1999-11-20 13:01:00,23,12,0.4171,3.35085763090391,0.460941455451702,"N",-0.876094875149912,-0.186059904483277,0.444791503605603,1
"8778",1999-11-20 13:01:00,23,3,0.9893,1.98374122781675,-0.216769893097696,"S",-0.39191670975443,0.894507409072625,-0.215076237017113,1
"8771m",1999-11-21 11:11:33,23,3,0.5575,2.64347568507061,-0.2153736296961,"S",-0.858187828224823,0.466734018619422,-0.213712440793994,1
"8772a",1999-11-21 11:11:33,23,17,0.8001,2.36369940597592,-0.444186294632557,"S",-0.643263370943791,0.633679839759538,-0.429723278732206,1
"8765m",1999-11-22 09:10:33,23,3,0.682,3.12134683426666,-0.700051562974926,"S",-0.764652228843511,0.0154831264040842,-0.644257123919795,1
"8768m",1999-11-22 09:10:33,23,8,0.5842,3.2632421024538,0.590619418874881,"N",-0.824457651160895,-0.100792505689465,0.556875616488188,1
"8772m",1999-11-22 09:10:33,23,3,0.6992,2.20749243792243,0.187273828738992,"N",-0.58414684780484,0.790005736608357,0.186181084768448,1
"8775a",1999-11-22 09:10:33,23,6,0.4885,3.47337974439391,0.104370689269261,"N",-0.940316840581668,-0.323960638606553,0.104181303275318,1
"8774m",1999-11-23 09:01:33,23,4,0.5616,2.21203029397761,-0.248360352558793,"S",-0.579830508744669,0.776769972510254,-0.245814952627618,1
"8780",1999-11-23 09:01:33,23,13,0.9573,1.47916654106519,-0.182910505609006,"S",0.0899752307386135,0.979193367701751,-0.181892293686227,1
"8779",1999-11-24 11:11:33,23,19,0.3943,2.84610841122715,-0.162141087510273,"S",-0.944113583362278,0.287383692552476,-0.161431579827934,1
"8781",1999-11-24 11:11:33,23,137,0.9812,1.12992615774113,-0.220086018676485,"S",0.416433379356999,0.882565820051952,-0.218313567680379,1
"8782",1999-11-24 11:11:33,23,3,0.7507,1.65474666381582,0.20018926520375,"N",-0.0821771558844879,0.976577531852142,0.198854819736199,1
"8779a",1999-11-25 11:11:33,23,9,0.4628,2.6768114737837,-0.212930168743308,"S",-0.873731291885481,0.438104393932789,-0.211324796455389,1
"8773",1999-11-26 08:24:33,23,113,0.764,2.89166150470421,-0.228289066160858,"S",-0.943790602202371,0.240920089047975,-0.226311311886086,1
"8774n",1999-11-26 08:24:33,23,6,0.2584,1.80065618928255,0.0740019602845596,"N",-0.227217496850496,0.971033422847628,0.073934436075585,1
"8780a",1999-11-26 08:24:33,23,10,0.6712,1.39312180894187,-0.306654349575404,"S",0.168496002488573,0.938340631907113,-0.301870759858471,1
"8789b",1999-11-26 08:24:33,23,14,0.9668,0.7695156672043,-0.296880505764235,"S",0.686827074399237,0.665349331798392,-0.292538606935254,1
"8778m",1999-11-27 07:59:33,23,2,0.3709,1.88530465800427,-0.351160245501259,"S",-0.290470700153484,0.892916225849368,-0.343987479375725,1
"8783m",1999-11-27 07:59:33,23,10,0.3985,1.61216063006716,-0.321664181142555,"S",-0.0392315635080763,0.947899099276202,-0.316145823973806,1
"8780c",1999-11-30 05:28:00,23,6,0.3647,1.11491632617398,0.386590429316744,"N",0.4077619535226,0.831610820102349,0.377032668542305,1
"8784",1999-11-30 05:28:00,23,8,0.7441,0.469842634636873,0.53564154743706,"N",0.766757728121536,0.389334994173759,0.510392837604153,1
"8778a",1999-12-01 07:56:07,23,11,0.9121,1.98059963516317,-0.495848040491589,"S",-0.350444360159007,0.806736823616553,-0.475777729463895,1
"8780m",1999-12-01 07:56:07,23,0,0.4142,1.20602251312808,-0.29234264970905,"S",0.341602091459281,0.894567449745534,-0.288196268134089,1
"8783",1999-12-01 07:56:07,23,45,0.7783,1.75981548478588,-0.273667626712711,"S",-0.180903293198459,0.945637964445419,-0.270264386683628,1
"8785",1999-12-01 07:56:07,23,300,0.9823,5.8166587981215,0.238062909972027,"N",0.86794653423894,-0.437101192412029,0.235820612531208,1
"8786m",1999-12-01 07:56:07,23,1,0.4445,0.545415391248228,0.302640092295817,"N",0.816058656710208,0.495196549158233,0.298041350336003,1
"8787",1999-12-01 07:56:07,23,1,0.9252,6.02068778767964,0.20943951023932,"N",0.944641057964476,-0.253822773661184,0.207911690817759,1
"8789",1999-12-01 07:56:07,23,1,0.4978,0.714363262841279,0.499862297771176,"N",0.663072749795135,0.574979602765752,0.479304688984425,1
"8786",1999-12-02 07:47:31,23,5,0.3444,0.679805743651791,0.362853951489621,"N",0.72705730401093,0.587709601874982,0.354943799140524,1
"8788",1999-12-02 07:47:31,23,367,0.9975,5.46741841479744,0.16632987771506,"N",0.67585217248586,-0.718200809294063,0.165564001146068,1
"8789c",1999-12-02 07:47:31,23,4,0.6044,0.610865238198015,0.656243798749868,"N",0.649005681023401,0.454438670193512,0.610145163901268,1
"8784a",1999-12-03 11:34:16,23,1,0.5889,6.16066319368958,0.354476371080048,"N",0.930797985859567,-0.11461744427883,0.347099338787563,1
"8789m",1999-12-03 11:34:16,23,4,0.5318,0.817686754559343,0.408581577891873,"N",0.627614793588622,0.669511742956179,0.397308062984495,1
"8785m",1999-12-05 04:52:33,23,6,0.3905,5.94441689936749,-0.169646003293849,"S",0.929625159841219,-0.327555079546358,-0.168833444712734,1
"8789n",1999-12-05 04:52:33,23,2,0.6078,0.0179768912955416,0.656243798749868,"N",0.792161625227267,0.0142421376622594,0.610145163901268,1
"8785n",1999-12-06 09:31:38,23,0,0.5144,5.66167356054441,0.408407044966673,"N",0.746133729707227,-0.534376281619541,0.397147890634781,1
"8788m",1999-12-06 09:31:38,23,4,0.6438,5.44176207479312,0.407185314490277,"N",0.61191672628989,-0.684632057079846,0.396026345721194,1
"8790",1999-12-06 09:31:38,23,37,0.833,5.05656790887797,0.178896248329419,"N",0.332038823483646,-0.926329484753559,0.177943545473842,1
"8791",1999-12-07 13:00:13,23,35,0.9583,4.49806254823979,-0.250803813511585,"S",-0.206034960788434,-0.946548963497508,-0.248182704140924,1
"8793",1999-12-07 13:00:13,23,11,0.7196,5.00926948614893,-0.296007841138238,"S",0.279815704147474,-0.914664935423409,-0.291704006861999,1
"8795",1999-12-07 13:00:13,23,3,0.8218,4.82077392693354,-0.221831347928479,"S",0.105522215389844,-0.969772044179285,-0.220016463901112,1
"8785a",1999-12-08 10:08:34,23,2,0.2951,5.64509293265046,-0.286757596102668,"S",0.770434292877763,-0.571340908701541,-0.282843713739653,1
"8792",1999-12-08 10:08:34,23,204,0.9729,4.23975381894462,0.299149433791828,"N",-0.435016051880742,-0.850828132196703,0.294707522925291,1
"8794",1999-12-08 10:08:34,23,46,0.9783,4.21025775458592,-0.24015730507442,"S",-0.467481889760011,-0.851402068344379,-0.237855419877963,1
"8787m",1999-12-09 07:59:33,23,6,0.6013,5.93167599582793,0.296705972839036,"N",0.897830644366465,-0.329270284590061,0.292371704722737,1
"8787n",1999-12-10 11:37:37,23,5,0.7673,5.8773962560909,0.408057979116274,"N",0.843352204506571,-0.3623327017279,0.396827509646782,1
"8795n",1999-12-10 11:37:37,23,0,0.4607,4.75096075685376,-0.349589449174464,"S",0.0362297160530229,-0.938814601758464,-0.342512118325488,1
"8785b",1999-12-11 04:47:33,23,16,0.6781,5.6339228254377,0.235619449019234,"N",0.774521732983556,-0.587893993191233,0.233445363855905,1
"8788n",1999-12-11 04:47:33,23,6,0.4591,5.01153841417652,0.460592389601304,"N",0.263995860423465,-0.856005108271614,0.44447884121989,1
"8795m",1999-12-13 11:08:03,23,3,0.2359,4.63891061887573,-0.00733038285837618,"S",-0.0734102878471312,-0.997274884917799,-0.00733031720946058,1
"8796",1999-12-13 11:08:03,23,10,0.4321,4.34918596304467,-0.453262006742927,"S",-0.319396165649321,-0.840374475834792,-0.437900479257455,1
"8797",1999-12-13 11:08:03,23,38,0.5916,4.10030201171028,-0.573864258055736,"S",-0.482534999932001,-0.687342586176419,-0.542881334242517,1
"8798",1999-12-13 11:08:03,23,87,0.9877,2.99236700254428,-0.234223185617639,"S",-0.961884877411744,0.144612921740775,-0.232087452207547,1
"8800",1999-12-14 11:14:26,23,14,0.9305,2.98852727818989,0.176452787376627,"N",-0.972962448320743,0.150100936192412,0.175538551639996,1
"8800m",1999-12-14 11:14:26,23,4,0.6091,3.52661228657974,0.0921533845053006,"N",-0.922858574336784,-0.373983713160863,0.0920230083375472,1
"8792m",1999-12-15 07:59:32,23,3,0.4381,3.7231363603543,0.360934089312427,"N",-0.781774741853235,-0.513920750492406,0.353148290684847,1
"8793m",1999-12-15 07:59:32,23,5,0.8992,5.08030438670509,-0.233525053916841,"S",0.349908467871183,-0.907752306809856,-0.231408326542989,1
"8802",1999-12-16 16:03:00,23,17,0.4001,3.52155083174896,-0.403869188911488,"S",-0.853965387254362,-0.34104322809974,-0.392979177487582,1
"8804",1999-12-16 16:03:00,23,455,0.9949,2.19911485751286,-0.29234264970905,"S",-0.562846323898705,0.774691504217839,-0.288196268134089,1
"8805",1999-12-16 16:03:00,23,9,0.3458,3.83117224105275,0.291644518008252,"N",-0.738934332451397,-0.609347094449059,0.287527687033959,1
"8806",1999-12-17 09:35:32,23,880,0.9871,2.10277268280277,0.323584043319749,"N",-0.480912902636949,0.817080167331572,0.317966633832411,1
"8807",1999-12-18 09:10:46,23,37,0.9776,1.92457456617415,0.193731546971371,"N",-0.339963472374652,0.920521661807025,0.192521966525907,1
"8806m",1999-12-19 09:35:32,23,3,0.3902,2.6785568030357,0.143466064513934,"N",-0.885508799550969,0.44207745989318,0.14297442209079,1
"8798m",1999-12-20 09:35:32,23,10,0.4702,2.74261038658389,-0.508763476956347,"S",-0.80475201234694,0.339278682147411,-0.487097705254157,1
"8808a",1999-12-20 09:35:32,23,5,0.5275,2.34903864025917,0.285186799775873,"N",-0.673673207521794,0.683384272958923,0.281336710970506,1
"8808m",1999-12-20 09:35:32,23,2,0.5144,2.29964582242773,0.143291531588734,"N",-0.659186126518981,0.738296235107012,0.142801680073145,1
"8808n",1999-12-20 09:35:32,23,1,0.5888,2.41082329577977,-0.52621676947629,"S",-0.643918479524747,0.577146710934699,-0.502265533143372,1
"8811",1999-12-20 09:35:32,23,4,0.811,1.95546689393445,-0.501258561172771,"S",-0.32908950607886,0.812890738356715,-0.480529649951641,1
"8809",1999-12-24 08:00:56,23,67,0.9715,0.606676447993229,0.380132711084365,"N",0.762901608440566,0.529440932429975,0.371043710237051,1
"8810",1999-12-24 08:00:56,23,175,0.9931,0.507367213554752,0.618021088131192,"N",0.712355118255709,0.396003376348354,0.5794234301576,1
"8811m",1999-12-24 08:00:56,23,2,0.4499,1.52087991018786,-0.310668606854991,"S",0.0475071531731649,0.950943453061692,-0.305695304963106,1
"8812",1999-12-24 08:00:56,23,4,0.842,0.968134136081255,-0.48310713695203,"S",0.501966405275868,0.729547023901869,-0.464532956732188,1
"8812m",1999-12-26 08:51:16,23,2,0.3304,1.170941395163,-0.250454747661186,"S",0.377138966132977,0.892378441064632,-0.247844544316,1
"8813",1999-12-28 17:49:32,23,48,0.9786,5.81264454084192,-0.290771853382255,"S",0.85390806631217,-0.434337250249754,-0.286691763628628,1
"8810m",1999-12-29 13:01:51,23,3,0.5988,0.149923782746313,0.281521608346685,"N",0.94985787717714,0.143482929036799,0.277817678054436,1
"8814",1999-12-29 13:01:51,23,199,0.985,5.60721928788218,0.181165176357011,"N",0.767336090359936,-0.615412060677407,0.18017580304779,1
"8812n",1999-12-30 07:59:32,23,4,0.3871,0.905127750084259,-0.175231056900231,"S",0.608127585883228,0.774459757934069,-0.174335660805645,1
"8809m",1999-12-31 10:15:24,23,2,0.4873,6.20342376036345,0.319918851890561,"N",0.94624298828537,-0.0756342651311222,0.314489530920899,1
"8816n",2000-01-01 10:35:48,23,3,0.3697,6.17637115695753,0.299149433791828,"N",0.950141409547966,-0.101876286708157,0.294707522925291,1
"8816",2000-01-02 09:35:32,23,6,0.4825,5.83620648574384,0.372802328225989,"N",0.839815693780162,-0.402552499036108,0.364226695891898,1
"8817",2000-01-03 10:32:16,23,4,0.6135,5.3871332692057,0.409977841293468,"N",0.572928750294462,-0.716156024648767,0.398589005675397,1
"8818",2000-01-04 09:10:04,23,2,0.2319,5.84632939540541,-0.179594380030216,"S",0.891513095303397,-0.416287818953299,-0.178630492060177,1
"8813n",2000-01-05 10:44:38,23,3,0.8023,0.00488692190558412,-0.419751685104636,"S",0.913179260770171,0.00446267125908626,-0.407533706905916,1
"8813o",2000-01-05 10:44:38,23,2,0.3543,5.048713927244,-0.14782938764392,"S",0.326420684169386,-0.933678069888217,-0.147291543396775,1
"8820",2000-01-06 10:19:16,23,91,0.9844,3.77584530376453,-0.259704992696756,"S",-0.778502470137254,-0.572704113451539,-0.256795448608188,1
"8821",2000-01-07 09:24:18,23,204,0.9675,3.70882466048795,0.460592389601304,"N",-0.755501075103555,-0.481307266956563,0.44447884121989,1
"8822",2000-01-07 09:24:18,23,20,0.3817,4.76108366651533,0.274889357189107,"N",0.0468479364415152,-0.961314388235305,0.271440449865074,1
"8826",2000-01-07 09:24:18,23,7,0.7527,4.20833789240873,0.369660735572399,"N",-0.450351666997109,-0.816484128617669,0.361299105656754,1
"8813m",2000-01-08 09:34:45,23,2,0.0487,4.68428917942758,-0.0916297857297023,"S",-0.0279782379871611,-0.995411810247955,-0.0915016186634024,1
"8814n",2000-01-08 09:34:45,23,6,0.4058,4.86527982285939,0.315730061685774,"N",0.144767890803157,-0.939481489660975,0.310510528608612,1
"8827m",2000-01-08 09:34:45,23,3,0.6062,4.11129758599784,-0.317300858012569,"S",-0.537311578187068,-0.783549750048893,-0.312003296688415,1
"8814c",2000-01-09 12:47:32,23,8,0.9318,5.66656048244999,-0.188670092140587,"S",0.801357539978911,-0.568022937817435,-0.187552753198129,1
"8823",2000-01-09 12:47:32,23,44,0.8683,3.47093628344112,-0.549778714378214,"S",-0.806814875388681,-0.275762591228977,-0.522498564715949,1
"8824",2000-01-09 12:47:32,23,349,0.9909,3.01104202554062,-0.233525053916841,"S",-0.964578056932111,0.126646588945962,-0.231408326542989,1
"8827",2000-01-09 12:47:32,23,8,0.245,4.25930150656696,-0.205948851735331,"S",-0.428492898848142,-0.880099540062279,-0.20449605184179,1
"8825",2000-01-10 11:11:32,23,14,0.9232,3.10441714052231,0.20001473227855,"N",-0.979386495693564,0.0364259774765848,0.198683769387324,1
"8828",2000-01-10 11:11:32,23,7,0.9751,2.89777015708619,-0.333706952981316,"S",-0.916888563940735,0.228096135243976,-0.327547728432757,1
"8829",2000-01-11 16:03:00,23,78,0.993,2.55184589934091,0.297229571614634,"N",-0.794639901995336,0.531764226403921,0.292872384621498,1
"8830",2000-01-12 15:59:32,23,19,0.2855,3.47547413949631,-0.18168877513261,"S",-0.929226366985157,-0.322318461719936,-0.180690808106168,1
"8831",2000-01-12 15:59:32,23,60,0.9886,2.31500471984528,-0.290597320457056,"S",-0.648988711455585,0.704781762737483,-0.286524552727798,1
"8832",2000-01-12 15:59:32,23,12,0.3326,3.49065850398866,-0.301243828894221,"S",-0.897376545857855,-0.326618351620879,-0.296708252882668,1
"8833",2000-01-13 11:39:43,23,279,0.9984,2.07222942089287,0.315730061685774,"N",-0.456922529539573,0.833549646765181,0.310510528608612,1
"8830m",2000-01-14 11:39:54,23,1,0.1176,3.20634436883878,-0.0692895713041749,"S",-0.995509806645186,-0.0645512091939484,-0.0692341408906283,1
"8834",2000-01-14 11:39:54,23,28,0.6764,4.04986199632764,-0.275063890114306,"S",-0.591987835773266,-0.758801202753109,-0.271608425857739,1
"8835",2000-01-14 11:39:54,23,14,0.9733,2.00625597516748,0.165108147238664,"N",-0.416090595529385,0.894345980397404,0.164359008451038,1
"8836",2000-01-15 12:09:24,23,17,0.9422,1.85545952779517,-0.20629791758573,"S",-0.274879398407637,0.939405568054611,-0.204837728553725,1
"8837",2000-01-18 16:43:32,23,87,0.3996,2.76721952903701,-0.137182879206754,"S",-0.921992935807349,0.362253559710434,-0.136753006542691,1
"8837m",2000-01-18 16:43:32,23,12,0.3335,2.69042504194926,-0.164584548463065,"S",-0.887777305526879,0.430124503402721,-0.163842507805506,1
"8838",2000-01-18 16:43:32,23,142,0.9459,1.14929931243827,0.207868713912525,"N",0.400319620192886,0.892834573592823,0.206374964290597,1
"8840",2000-01-18 16:43:32,23,19,0.9041,1.24058003231757,-0.432492588644195,"S",0.29439216642631,0.858870741673208,-0.419135182780613,1
"8836m",2000-01-19 08:21:26,23,2,0.6095,1.67219995633577,-0.49846603436958,"S",-0.0889119679729877,0.873805086430852,-0.478078793588192,1
"8842",2000-01-19 08:21:26,23,2,0.8041,1.27723194660945,-0.271573231610318,"S",0.27876070619386,0.922136558665829,-0.268247340814857,1
"8843a",2000-01-19 08:21:26,23,14,0.9675,0.893608577021097,-0.616799357654796,"S",0.511142014974155,0.635732452494183,-0.578427255040677,1
"8833m",2000-01-20 11:16:53,23,2,0.4629,1.58859868516524,0.231256125889249,"N",-0.0173275311038892,0.973225018927718,0.229200390922414,1
"8839",2000-01-20 11:16:53,23,11,0.3399,1.74114046178954,0.186750229963393,"N",-0.166574008209622,0.968390937442232,0.185666615385577,1
"8841",2000-01-21 12:29:30,23,20,0.9612,0.409105176667471,-0.519235452468313,"S",0.796552565722886,0.345359510540305,-0.496216503675208,1
"8843m",2000-01-22 12:24:54,23,1,0.5816,1.02189027704268,-0.535990613287459,"S",0.448585118888198,0.733460338782345,-0.510692982667032,1
"8842m",2000-01-23 09:15:26,23,1,0.3099,1.48841678610076,-0.325503905496942,"S",0.0779655127664747,0.944276505715624,-0.319786271707452,1
"8843",2000-01-23 09:15:26,23,12,0.4992,0.871791961371168,0.236143047794833,"N",0.625598391499208,0.744239183023148,0.233954463532205,1
"8844",2000-01-24 13:34:11,23,35,0.3019,1.24546695422315,0.096342174710087,"N",0.31813871470018,0.943151432923491,0.0961932054943776,1
"8833a",2000-01-25 11:48:08,23,9,0.9407,1.87012029351192,0.579798377512516,"N",-0.246683915113624,0.799375783103206,0.547855275973821,1
"8845",2000-01-25 11:48:08,23,21,0.5254,0.258134196369961,-0.254294472015574,"S",0.935774471261387,0.247067563486906,-0.251562632376344,1
"8846",2000-01-25 11:48:08,23,17,0.9743,5.87669812439011,0.645771823237902,"N",0.733559017415195,-0.315768658795253,0.601815023152048,1
"8847",2000-01-26 13:13:50,23,6,0.493,0.95102990941171,-0.438426708100976,"S",0.525909102592347,0.737025241113112,-0.424515500038186,1
"8848",2000-01-27 08:42:37,23,71,0.9574,5.36182599505178,-0.162839219211071,"S",0.596738024856153,-0.785888457852775,-0.162120515372252,1
"8849",2000-01-28 10:18:04,23,10,0.4707,5.9404026420879,-0.280998009571087,"S",0.904883937835956,-0.322926682251987,-0.277314653302378,1
"8852",2000-01-29 13:28:21,23,5,0.768,5.31086238089355,0.170693200845045,"N",0.555194372853379,-0.814189728894133,0.169865516557188,1
"8852m",2000-01-29 13:28:21,23,4,0.5694,5.61228074271297,0.190240888467382,"N",0.76912861152398,-0.610478576508342,0.189095442989891,1
"8850",2000-01-30 11:13:38,23,1,0.5365,5.39516178376487,-0.303338223996614,"S",0.602140573042849,-0.740405599255299,-0.298707681332486,1
"8851",2000-01-30 11:13:38,23,18,0.8383,5.08746023663827,0.452738407967329,"N",0.329431153079419,-0.836737939992975,0.437429691672933,1
"8841a",2000-01-31 11:58:32,23,16,0.8518,0.3694862026472,-0.621162680784782,"S",0.758321777337286,0.293676933509683,-0.581981048437463,1
"8853",2000-01-31 11:58:32,23,35,0.9928,4.23573956166504,-0.179245314179818,"S",-0.451453912780827,-0.874301492450398,-0.178287029628876,1
"8845m",2000-02-01 12:07:55,23,3,0.595,6.00567795611249,0.234746784393237,"N",0.935363889968402,-0.266445413069517,0.232596722241292,1
"8854",2000-02-01 12:07:55,23,204,0.9966,3.92908521208963,-0.603011256564041,"S",-0.581174441346318,-0.583613972061677,-0.567125206934225,1
"8855",2000-02-01 12:07:55,23,9,0.9227,4.36279953121023,0.333008821280518,"N",-0.323695555831036,-0.887899433046078,0.326888029654942,1
"8855n",2000-02-01 12:07:55,23,12,0.9858,4.10326907143867,0.25534166956677,"N",-0.553595219046653,-0.793560136406542,0.252576015003639,1
"8849n",2000-02-02 08:15:45,23,6,0.6228,5.88106144752009,-0.438601241026175,"S",0.833128741638556,-0.354328804741865,-0.424673519289768,1
"8851n",2000-02-02 08:15:45,23,2,0.5314,5.0172980007081,0.392350015848325,"N",0.277394627467265,-0.88139228037044,0.382360914262549,1
"8852b",2000-02-03 12:21:06,23,0,0.1581,5.05970950153156,-0.256039801267568,"S",0.329283342820638,-0.909635192486593,-0.253251449612328,1
"8852c",2000-02-03 12:21:06,23,5,0.3726,5.0490629930944,0.269653369433124,"N",0.318411915250454,-0.909750682928218,0.266397348219117,1
"8855m",2000-02-03 12:21:06,23,4,0.8069,4.15196375756931,0.299673032567426,"N",-0.507857026472137,-0.809279667092704,0.295207826951119,1
"8856",2000-02-03 12:21:06,23,353,0.965,3.68002672783004,-0.232303323440445,"S",-0.835451966031092,-0.499017990592698,-0.230219585438792,1
"8857",2000-02-03 12:21:06,23,25,0.285,4.83002417196911,-0.339990138288495,"S",0.110645912915233,-0.936242512509657,-0.333477794950067,1
"8858",2000-02-03 12:21:06,23,38,0.9898,3.64180401721137,0.404392787687086,"N",-0.806704874172554,-0.440926302483366,0.393460597473994,1
"8859",2000-02-03 12:21:06,23,68,0.7952,5.7875117996132,0.394444410950718,"N",0.812100549939313,-0.439101129319958,0.384295322659804,1
"8860",2000-02-04 12:58:22,23,5,0.5585,4.57503156825274,0.450469479939736,"N",-0.123266552906579,-0.891763672641834,0.435388228011366,1
"8861",2000-02-05 16:25:32,23,36,0.2889,4.69092143058516,0.115191730631626,"N",-0.0213236413733663,-0.99314387364327,0.114937150492867,1
"8848a",2000-02-06 11:11:32,23,10,0.9538,5.55520847617275,0.19687313962496,"N",0.732101497252731,-0.652507883591571,0.195603833222048,1
"8862",2000-02-06 11:11:32,23,252,0.9874,2.90911479722415,-0.102799892942466,"S",-0.967961273514803,0.229173141602222,-0.102618926830133,1
"8863",2000-02-08 11:58:56,23,102,0.9688,2.52200076913181,-0.260403124397554,"S",-0.786668642836203,0.561125289667009,-0.257470106370354,1
"8864",2000-02-08 11:58:56,23,13,0.7806,3.99837478339381,0.770039265979898,"N",-0.470122215622178,-0.542532565392273,0.696163427556614,1
"8868",2000-02-08 11:58:56,23,5,0.8002,2.94733750784282,-0.412944901021858,"S",-0.898715675357259,0.176809734889789,-0.401308425672011,1
"8871",2000-02-08 11:58:56,23,10,0.4778,3.36883452219945,-0.233350520991642,"S",-0.947885346158038,-0.219185113414606,-0.231238527491168,1
"8856m",2000-02-09 08:51:32,23,6,0.3408,3.31054052518284,-0.0973893722612836,"S",-0.98109109222908,-0.167348520968718,-0.0972354939223993,1
"8866",2000-02-09 08:51:32,23,5,0.8814,2.64434834969661,0.270176968208722,"N",-0.847017106284054,0.45970137019484,0.266901989320376,1
"8867",2000-02-09 08:51:32,23,44,0.636,2.97369197954794,-0.252898208613978,"S",-0.954576390014411,0.161797273752622,-0.250211026602094,1
"8871a",2000-02-09 08:51:32,23,6,0.473,3.27214328163897,0.191637151868977,"N",-0.973339871474402,-0.127796992396241,0.19046633123119,1
"8869",2000-02-10 11:01:36,23,69,0.9689,2.06559716973529,-0.42481313993542,"S",-0.432649142132049,0.801839543806755,-0.412150537789503,1
"8870",2000-02-11 13:37:32,23,128,0.9578,1.94115519406809,0.337197611485304,"N",-0.341566965959552,0.879701298000871,0.330843821252216,1
"8872",2000-02-11 13:37:32,23,160,0.9872,1.70797920600165,-0.471064365113269,"S",-0.121858654976884,0.882714153363475,-0.453834982850627,1
"8868n",2000-02-13 12:34:08,23,2,0.578,3.14770130597177,-0.572293461728941,"S",-0.840645451758348,-0.00513527471678671,-0.541561495484664,1
"8873",2000-02-13 12:34:08,23,27,0.955,1.4166837538438,-0.320442450666159,"S",0.145689343255032,0.937847593000779,-0.314986519655305,1
"8878",2000-02-13 12:34:08,23,5,0.3555,2.60717283662913,-0.466875574908483,"S",-0.768465786486619,0.454831538457013,-0.450098441037435,1
"8870b",2000-02-14 13:10:20,23,7,0.8196,1.73398461185637,0.529881960905478,"N",-0.140185604365976,0.851402961292433,0.505431492717877,1
"8874",2000-02-14 13:10:20,23,10,0.8549,1.43692957316693,-0.160570291183478,"S",0.131750401652088,0.978304572966293,-0.159881187691835,1
"8869b",2000-02-15 10:54:12,23,2,0.4082,1.94970730740287,0.162141087510273,"N",-0.365057155963584,0.916882281382968,0.161431579827934,1
"8870c",2000-02-15 10:54:12,23,9,0.5881,1.6324064493903,-0.213628300444106,"S",-0.0601715254523109,0.975413949493875,-0.212007109922055,1
"8875",2000-02-15 10:54:12,23,16,0.8773,1.18630029258055,-0.389557489045134,"S",0.346989072963449,0.857535084908255,-0.379779095521801,1
"8876",2000-02-15 10:54:12,23,23,0.9246,1.06849056807093,-0.233175988066442,"S",0.468418543238577,0.85275513152542,-0.231068721395418,1
"8866m",2000-02-16 07:38:31,23,2,0.4319,2.38987934475584,0.182561439758607,"N",-0.7183800788504,0.671543005688114,0.181549039717282,1
"8877",2000-02-16 07:38:31,23,8,0.6388,1.42855199275736,-0.455705467695719,"S",0.12729811491457,0.888881763809225,-0.44009589853417,1
"8869m",2000-02-18 12:32:40,23,110,0.4872,2.032959512723,-0.322187779918153,"S",-0.422942337178612,0.849033150830699,-0.316642524327338,1
"8874m",2000-02-18 12:32:40,23,1,0.3009,1.31458199260213,0.0635299847725936,"N",0.252909051359959,0.965404775095797,0.0634872582684061,1
"8879",2000-02-18 12:32:40,23,349,0.9584,0.356221700332043,0.380830842785163,"N",0.870074996506087,0.323750861500927,0.371691915613374,1
"8880",2000-02-19 08:38:06,23,6,0.7194,2.16979332607935,-0.146607657167524,"S",-0.557765964393035,0.817041539782856,-0.146083028562412,1
"8875m",2000-02-20 14:41:32,23,7,0.2103,0.920835713352208,-0.27087509990952,"S",0.58308934866641,0.767079249615451,-0.267574730273953,1
"8881",2000-02-20 14:41:32,23,33,0.9669,6.10516172347617,0.325503905496942,"N",0.932515205917644,-0.167785968304331,0.319786271707452,1
"8882",2000-02-20 14:41:32,23,87,0.9964,5.84283873690142,-0.278030949842697,"S",0.869865146949662,-0.409883918023019,-0.274462747687809,1
"8886",2000-02-20 14:41:32,23,8,0.9676,6.02313124863243,-0.243822496503608,"S",0.937792862067406,-0.249527387094759,-0.241413816806505,1
"8869c",2000-02-21 07:08:01,23,28,0.8958,1.90136168712262,0.431270858167799,"N",-0.294857937600638,0.859251632296098,0.418025632025584,1
"8870a",2000-02-22 08:08:00,23,47,0.9114,1.83591184017284,-0.194080612821769,"S",-0.257101413128641,0.946943584197539,-0.192864490548089,1
"8883",2000-02-22 08:08:00,23,35,0.9392,5.78210127893201,0.197745804250958,"N",0.859970080687408,-0.471014967121054,0.196459565993732,1
"8885",2000-02-22 08:08:00,23,2,0.4668,1.05871672425976,0.177325452002624,"N",0.482307598723283,0.858057846101941,0.176397599067212,1
"8887",2000-02-23 13:38:17,23,5,0.8997,5.55032155426717,-0.17854718247902,"S",0.731445785287925,-0.658365619625974,-0.177600039636926,1
"8888",2000-02-23 13:38:17,23,121,0.9841,5.42867210540316,0.622035345410779,"N",0.533603412150321,-0.612975695639835,0.582690479668576,1
"8890",2000-02-23 13:38:17,23,14,0.9922,5.21469473910866,-0.20943951023932,"S",0.470926967430944,-0.857321713341961,-0.207911690817759,1
"8889",2000-02-24 12:57:44,23,637,0.9862,5.08588944031148,0.363901149040818,"N",0.340982985448534,-0.870086027227941,0.355922616389159,1
"8891",2000-02-24 12:57:44,23,191,0.9989,4.90664412613166,-0.254818070791172,"S",0.186802459457011,-0.949508230493931,-0.252069358243114,1
"8895m",2000-02-24 12:57:44,23,5,0.6113,5.93010519950113,0.274365758413509,"N",0.903216625255088,-0.33285605874382,0.270936472296256,1
"8893m",2000-02-25 11:42:35,23,3,0.1421,0.0399680398706701,-0.238761041672824,"S",0.970855772475516,0.038823877417648,-0.236498997023725,1
"8892",2000-02-26 12:20:32,23,92,0.955,4.75165888855456,0.0879645943005142,"N",0.0391080219663771,-0.995365626231125,0.0878511965507432,1
"8893",2000-02-26 12:20:32,23,2,0.3897,0.0539306738866248,-0.356221700332043,"S",0.935858506154684,0.0505204692904678,-0.348735628579292,1
"8889m",2000-02-28 12:08:41,23,4,0.5412,5.04243074193682,0.146258591317125,"N",0.320622393044174,-0.935928311528177,0.145737698481356,1
"8894",2000-02-28 12:08:41,23,23,0.883,0.319395253114962,-0.59411007737887,"S",0.786738555032301,0.260188900462615,-0.559771544562371,1
"8895",2000-02-28 12:08:41,23,6,0.5786,6.04180627162877,0.238935574598024,"N",0.943423306610063,-0.232250834404777,0.23666857514934,1
"8896",2000-02-28 12:08:41,23,145,0.9988,4.07394754000516,0.330739893252925,"N",-0.563645791998587,-0.7595034322369,0.324742909980579,1
"8882m",2000-03-01 12:36:32,23,8,0.096,5.1715851065844,-0.129852496348378,"S",0.439496118851498,-0.888862222099285,-0.129487882209847,1
"8892c",2000-03-01 12:36:32,23,2,0.7318,4.44483000605396,0.411723170545462,"N",-0.242284665468164,-0.883825114108968,0.400189090992308,1
"8897",2000-03-01 12:36:32,23,9,0.4835,5.19462345271072,-0.6155776271784,"S",0.378632223824661,-0.72333393678034,-0.577430216548673,1
"8900",2000-03-01 12:36:32,23,8,0.8597,4.0311869733313,-0.261450321948751,"S",-0.608326638418891,-0.750417104196492,-0.258481857621234,1
"8892m",2000-03-02 06:23:32,23,6,0.4966,4.53349273205527,0.233001455141243,"N",-0.17313510978606,-0.957449699944226,0.230898908260912,1
"8900m",2000-03-02 06:23:32,23,5,0.3878,4.51691210416132,-0.233175988066442,"S",-0.188977870822847,-0.954407989453122,-0.231068721395418,1
"8900n",2000-03-02 06:23:32,23,2,0.4712,4.48846323735382,-0.40613811693908,"S",-0.203995296863103,-0.89571754444668,-0.395064550963693,1
"8883m",2000-03-03 12:31:21,23,1,0.5841,5.13022080331213,0.233350520991642,"N",0.394781944512041,-0.889199617459999,0.231238527491168,1
"8888m",2000-03-03 12:31:21,23,5,0.7087,5.0172980007081,0.56025068989018,"N",0.254311416685972,-0.808047803678308,0.531398579518083,1
"8891m",2000-03-03 12:31:21,23,1,0.3643,4.26575922479934,-0.255865268342369,"S",-0.417866774534113,-0.87254601886815,-0.253082602519018,1
"8898",2000-03-03 12:31:21,23,45,0.9175,3.44266194955882,-0.270351501133922,"S",-0.920330831824017,-0.28577031919767,-0.267070186767028,1
"8899",2000-03-03 12:31:21,23,8,0.6169,3.95282168991676,-0.194080612821769,"S",-0.675679403291548,-0.711519945084608,-0.192864490548089,1
"8899n",2000-03-05 10:31:22,23,1,0.4756,3.68892790701522,-0.229336263712055,"S",-0.831556708675751,-0.506787883289419,-0.227331215646646,1
"8901",2000-03-05 10:31:22,23,34,0.9789,2.79793732387211,-0.214675497995303,"S",-0.919917098974968,0.329196879597929,-0.213030386274977,1
"8904",2000-03-05 10:31:22,23,3,0.7996,3.45330845799598,0.471064365113269,"N",-0.848143208556278,-0.27328905232525,0.453834982850627,1
"8905",2000-03-05 10:31:22,23,4,0.9366,2.96339453696117,-0.0933751149816966,"S",-0.979877379580939,0.176484331478465,-0.0932394858855002,1
"8889n",2000-03-06 07:15:19,23,13,0.9521,5.19828864413991,0.207345115136926,"N",0.457001275570913,-0.865315214495283,0.205862608769881,1
"8896m",2000-03-06 07:15:19,23,4,0.5049,3.50078141365023,0.0930260491312978,"N",-0.932134426394738,-0.349994999311278,0.0928919349935815,1
"8899m",2000-03-06 07:15:19,23,8,0.3207,3.70603213368476,-0.3077015471266,"S",-0.80520603520808,-0.509817268055289,-0.302868938745998,1
"8902",2000-03-06 07:15:19,23,113,0.9897,2.52671315811219,-0.305432619099008,"S",-0.779036983805106,0.550161249097334,-0.300705799504273,1
"8903",2000-03-06 07:15:19,23,1,0.6813,3.22746285278791,-0.16301375213627,"S",-0.983106922290602,-0.0846276957361299,-0.162292736925264,1
"8898m",2000-03-07 11:14:23,23,6,0.3732,3.71790037259832,-0.489739388109609,"S",-0.739921625041143,-0.480878011378462,-0.470395925757409,1
"8906",2000-03-07 11:14:23,23,446,0.9956,2.20766697084763,-0.289026524130261,"S",-0.570016112904483,0.770613814468917,-0.285019262469976,1
"8907",2000-03-07 11:14:23,23,52,0.6935,2.94681390906723,-0.278729081543494,"S",-0.943226199685638,0.186079598115506,-0.275134002609202,1
"8904a",2000-03-09 09:51:17,23,3,0.357,3.23688763074868,0.237539311196428,"N",-0.967510217373831,-0.0924789716261372,0.23531174871692,1
"8904m",2000-03-11 07:31:08,23,2,0.6288,3.08486945289998,0.503352956275165,"N",-0.874561290443252,0.0496611890026828,0.482365334124535,1
"8907a",2000-03-11 07:31:08,23,1,0.4239,2.72969495011913,0.29845130209103,"N",-0.87585309593712,0.382650808799149,0.294040325232304,1
"8909",2000-03-11 07:31:08,23,121,0.99,1.354724565398,-0.518188254917116,"S",0.186248261345599,0.848517828531259,-0.495307056087775,1
"8905m",2000-03-12 07:25:22,23,2,0.4348,2.87001942197948,0.232128790515246,"N",-0.937511938635276,0.261052644759654,0.230049737188104,1
"8910",2000-03-12 07:25:22,23,338,0.979,1.26484010892029,0.167551608191456,"N",0.296987057908321,0.940205760753304,0.166768746716102,1
"8906a",2000-03-14 11:22:45,23,3,0.3705,2.0327849797978,0.2462659574564,"N",-0.432281285476591,0.868160188990224,0.243784282674591,1
"8908",2000-03-14 11:22:45,23,5,0.3016,1.8151424220741,-0.243997029428807,"S",-0.234756196590629,0.941555677315087,-0.24158318376499,1
"8911",2000-03-14 11:22:45,23,23,0.648,2.73336014154832,0.186750229963393,"N",-0.90186553573109,0.390085200170088,0.185666615385577,1
"8913",2000-03-14 11:22:45,23,9,0.952,0.824493538642121,-0.268955237732326,"S",0.654520753829395,0.707808686559652,-0.265724379832376,1
"8908a",2000-03-16 06:55:55,23,5,0.4571,1.42872652568256,0.274714824263907,"N",0.13628301850611,0.95280543043796,0.271272465603861,1
"8915",2000-03-16 06:55:55,23,280,0.9996,0.201410995680146,0.389906554895533,"N",0.906247087511817,0.185037015737968,0.380101985239666,1
"8906c",2000-03-17 10:12:06,23,6,0.3094,1.73607900695876,-0.168773338667852,"S",-0.162193433280244,0.972357074183611,-0.167973243362908,1
"8906n",2000-03-17 10:12:06,23,3,0.3357,1.68790791960372,-0.346098790670476,"S",-0.109915605500239,0.934259715205189,-0.339230517807929,1
"8916",2000-03-17 10:12:06,23,311,0.994,6.2786474511244,0.207170582211727,"N",0.97860674333515,-0.00444080701783337,0.205691811047505,1
"8915a",2000-03-18 14:26:27,23,2,0.9017,0.10454522219446,0.304385421547811,"N",0.948822433277712,0.0995578291923817,0.299706904751064,1
"8917",2000-03-18 14:26:27,23,7,0.583,0.744208393050382,0.348542251623268,"N",0.691392423838968,0.636659320630775,0.341528074559087,1
"8918",2000-03-18 14:26:27,23,3,0.6465,1.07093402902372,0.572118928803741,"N",0.402978122516208,0.737887990070813,0.541414764189681,1
"8919",2000-03-19 07:58:11,23,4,0.8539,6.23518875274974,-0.243647963578408,"S",0.969346783252026,-0.0465610649002312,-0.241244442494135,1
"8919s",2000-03-19 07:58:11,23,2,0.8836,6.17602209110713,-0.353429173528852,"S",0.932809415873678,-0.100347279272649,-0.346117057077493,1
"8920",2000-03-20 12:47:32,23,19,0.9133,5.94668582739508,0.415737427825049,"N",0.863512296316844,-0.30205935876787,0.403864652935058,1
"8921",2000-03-20 12:47:32,23,41,0.976,5.61402607196496,-0.262672052425147,"S",0.757440193516919,-0.599049299749115,-0.259661875744492,1
"8922",2000-03-20 12:47:32,23,15,0.9816,5.65102705210724,0.245044226980004,"N",0.782653611871853,-0.573235498762437,0.242599230795407,1
"8927",2000-03-20 12:47:32,23,6,0.7647,6.23169809424575,0.322885911618951,"N",0.947066961579053,-0.048804972175653,0.317304656405092,1
"8913m",2000-03-21 15:33:45,23,1,0.1414,0.53564154743706,-0.235968514869633,"S",0.836110991003948,0.496249021846038,-0.233784770759874,1
"8919m",2000-03-21 15:33:45,23,2,0.8273,5.7567940047781,-0.316253660461372,"S",0.821746576323799,-0.477500221773227,-0.311008203278682,1
"8917m",2000-03-22 09:14:15,23,1,0.6084,0.29234264970905,0.529707427980279,"N",0.826340934768732,0.248700392842394,0.505280886364779,1
"8919n",2000-03-22 09:14:15,23,2,0.624,6.1543800083824,0.411374104695063,"N",0.908979396976708,-0.117733180193186,0.399869171296637,1
"8923",2000-03-22 09:14:15,23,40,0.8012,5.65748477033962,-0.464606646880891,"S",0.72463270193635,-0.523583484841506,-0.448071179262458,1
"8919b",2000-03-23 15:32:13,23,5,0.4904,6.07601472496786,0.35098571257606,"N",0.918954718569295,-0.193151657134878,0.343823592217403,1
"8924",2000-03-23 15:32:13,23,270,0.9576,5.03038797009806,0.194255145746969,"N",0.306785784788819,-0.931997684485675,0.193035743749306,1
"8925",2000-03-23 15:32:13,23,136,0.9811,4.87453006789496,-0.307177948351002,"S",0.15387507537906,-0.940688529931482,-0.302369890750444,1
"8926",2000-03-23 15:32:13,23,70,0.2613,0.250105681810787,-0.180816110506613,"S",0.953090766585096,0.24347132186912,-0.179832438891144,1
"8928",2000-03-23 15:32:13,23,4,0.9916,4.8925069591905,0.35395277230445,"N",0.168040402928083,-0.922835384656126,0.346608245444836,1
"8929",2000-03-23 15:32:13,23,21,0.9858,4.83822721945348,-0.442091899530164,"S",0.113440036194083,-0.89671168080686,-0.427831181300314,1
"8931m",2000-03-23 15:32:13,23,24,0.9933,4.80471689781519,-0.174532925199433,"S",0.0907961227498991,-0.980613264486331,-0.17364817766693,1
"8925c",2000-03-24 07:45:16,23,7,0.9597,4.81902859768154,-0.642281164733913,"S",0.0852279369205519,-0.796182722237619,-0.599023598515586,1
"8931",2000-03-24 07:45:16,23,16,0.9895,4.67102467711242,-0.26476644752754,"S",-0.0399115242937248,-0.964328070202284,-0.261683861268689,1
"8919a",2000-03-25 11:26:10,23,8,0.3235,6.05681610319592,0.137531945057153,"N",0.965285998208691,-0.222321534970891,0.137098784642454,1
"8916m",2000-03-26 09:10:55,23,4,0.4219,6.01405553652206,0.10786134777325,"N",0.958400446142853,-0.264347426239057,0.107652324981709,1
"8921a",2000-03-26 09:10:55,23,4,0.5872,5.31697103327553,0.418180888777841,"N",0.519437202392487,-0.751843589196836,0.406098768964258,1
"8926m",2000-03-26 09:10:55,23,2,0.7524,0.113097335529233,-0.612959633300408,"S",0.812723331016799,0.0923107618339083,-0.575290805133023,1
"8928m",2000-03-26 09:10:55,23,3,0.6986,4.8944268213677,0.0623082542961976,"N",0.180682814921198,-0.98156834880266,0.0622679453729828,1
"8932",2000-03-26 09:10:55,23,107,0.9776,4.26715548820094,-0.257086998818765,"S",-0.416514590424652,-0.872848913683197,-0.254264369988103,1
"8934",2000-03-26 09:10:55,23,1,0.9749,4.3710025786946,0.375245789178781,"N",-0.31149804050725,-0.876724484413278,0.366501226724297,1
"8933",2000-03-27 11:39:09,23,18,0.6965,4.72670068025104,0.278030949842697,"N",0.0137616283487697,-0.96149925518268,0.274462747687809,1
"8927m",2000-03-28 09:11:31,23,8,0.3128,5.25413918020373,0.191637151868977,"N",0.506196985745983,-0.84112257625688,0.19046633123119,1
"8928a",2000-03-28 09:11:31,23,3,0.3584,4.8942522884425,0.105243353895258,"N",0.179861758512778,-0.978066673463549,0.105049179362045,1
"8935",2000-03-28 09:11:31,23,7,0.8145,4.22840917880666,-0.121125850088406,"S",-0.461896385471091,-0.878664821197616,-0.12082988487333,1
"8922m",2000-03-29 09:57:33,23,4,0.693,5.59727091114581,0.292691715559449,"N",0.740929329610977,-0.60644362937693,0.288530506030758,1
"8936",2000-03-29 09:57:33,23,188,0.9742,3.58298642141916,-0.279427213244292,"S",-0.869088100080863,-0.410630500797978,-0.275805123433625,1
"8938",2000-03-29 09:57:33,23,2,0.9751,3.59258573230513,-0.116413461108022,"S",-0.893923045722767,-0.432909463554175,-0.116150698194064,1
"8942a",2000-03-29 09:57:33,23,28,0.9733,3.69695642157439,0.441917366604964,"N",-0.768080004031254,-0.476601040481914,0.427673421688682,1
"8939",2000-03-30 13:41:38,23,61,0.98,3.38140089281381,0.38781215979314,"N",-0.899247273515672,-0.219878069110122,0.378163953595573,1
"8940",2000-03-30 13:41:38,23,18,0.9477,3.48018652847669,0.234746784393237,"N",-0.917353144431049,-0.323051038080787,0.232596722241292,1
"8943",2000-04-01 10:46:39,23,52,0.5328,4.00954489060657,0.394618943875918,"N",-0.596710819458684,-0.704364563279975,0.3844564473856,1
"8944",2000-04-01 10:46:39,23,134,0.9795,2.90440240824376,0.140673537710743,"N",-0.962400379912683,0.232651361524182,0.140210030756961,1
"8945",2000-04-01 10:46:39,23,112,0.9792,2.85972197939271,-0.309446876378595,"S",-0.914913362462969,0.264941319393482,-0.304531831611648,1
"8939a",2000-04-03 08:25:14,23,3,0.5397,3.24107642095347,-0.186750229963393,"S",-0.977754336315902,-0.0975928570476086,-0.185666615385577,1
"8943a",2000-04-03 08:25:14,23,5,0.3133,3.83920075561193,-0.427431133813411,"S",-0.697432396766929,-0.584593250147936,-0.414534418138482,1
"8948",2000-04-04 09:26:37,23,194,0.9705,2.22599292799357,-0.27087509990952,"S",-0.587097755028709,0.76401569994279,-0.267574730273953,1
"8949",2000-04-05 12:10:15,23,211,0.9925,1.84114782792882,-0.313635666583381,"S",-0.254042018815255,0.916667165141921,-0.308518980010863,1
"8950",2000-04-05 12:10:15,23,5,0.8761,4.31305764752839,0.282394272972683,"N",-0.373402304142351,-0.884828581112782,0.278655883316903,1
"8939n",2000-04-06 15:00:00,23,4,0.3283,2.98241862580791,-0.433365253270192,"S",-0.896084873880836,0.143850377807211,-0.419927336103151,1
"8951",2000-04-07 15:49:46,23,221,0.9885,1.42802839398176,0.198793001802154,"N",0.139481249365858,0.97033198597981,0.197486247773906,1
"8952",2000-04-07 15:49:46,23,3,0.8751,1.76138628111268,-0.444186294632557,"S",-0.171055236621384,0.886610404710009,-0.429723278732206,1
"8948b",2000-04-09 05:37:44,23,13,0.6306,1.92858882345373,-0.575435054382531,"S",-0.293808452529606,0.785826402233062,-0.544199833494645,1
"8953",2000-04-09 05:37:44,23,144,0.9897,1.01054563690472,-0.244520628204406,"S",0.515591325381568,0.82192299911922,-0.242091240465542,1
"8956",2000-04-09 05:37:44,23,17,0.9759,1.13533667842231,0.194778744522567,"N",0.413850664128178,0.889531467244355,0.19354946805086,1
"8959",2000-04-09 05:37:44,23,5,0.9777,1.0765190826301,-0.337197611485304,"S",0.447680188771745,0.830737512407214,-0.330843821252216,1
"8954",2000-04-10 06:48:49,23,81,0.9838,0.916821456072621,0.536514212063057,"N",0.522870686336129,0.682157601645966,0.51114308357544,1
"8955",2000-04-10 06:48:49,23,208,0.9972,0.687659725285766,-0.369660735572399,"S",0.720535401444288,0.591854451294529,-0.361299105656754,1
"8944m",2000-04-11 09:59:22,23,1,0.5231,1.93382481120972,0.445582558034152,"N",-0.320434228242546,0.843549059488701,0.43098363032293,1
"8945a",2000-04-11 09:59:22,23,3,0.5758,2.50332574613547,-0.404741853537485,"S",-0.738239957928816,0.547665871867912,-0.393781484212273,1
"8948a",2000-04-11 09:59:22,23,3,0.1177,1.92195657229616,-0.209614043164519,"S",-0.336458040085661,0.918421308180603,-0.208082406612249,1
"8958",2000-04-11 09:59:22,23,30,0.9685,0.680678408277789,0.299323966717027,"N",0.742590984072626,0.601338322096581,0.294874299917979,1
"8960",2000-04-13 12:08:09,23,14,0.4625,1.64410015537866,0.34766958699727,"N",-0.0688563012200464,0.937644408903286,0.340707751943952,1
"8961",2000-04-13 12:08:09,23,11,0.3882,1.24860854687674,-0.433365253270192,"S",0.287371370444828,0.860859296193038,-0.419927336103151,1
"8962",2000-04-13 12:08:09,23,57,0.9942,0.0631809189221947,0.386939495167143,"N",0.924220556721629,0.0584709267440463,0.377355950342452,1
"8963",2000-04-13 12:08:09,23,28,0.9942,0.0457276264022514,0.278030949842697,"N",0.960592550149267,0.0439562592742535,0.274462747687809,1
"8964",2000-04-13 12:08:09,23,5,0.9435,0.389732021970334,0.583812634792103,"N",0.771798725276037,0.317009914614771,0.55120907258337,1
"8954m",2000-04-14 10:08:09,23,1,0.631,0.779464043940667,0.392873614623924,"N",0.657099090119694,0.64934639554324,0.38284467393301,1
"8963m",2000-04-15 06:22:59,23,6,0.909,6.22489131016298,0.0869173967493176,"N",0.994532858713233,-0.0580410552440173,0.0868079998954363,1
"8955m",2000-04-17 15:59:33,23,6,0.1379,0.401774793809095,-0.182386906833407,"S",0.905102774483744,0.384566255386954,-0.181377404434746,1
"8955n",2000-04-17 15:59:33,23,2,0.5271,6.26014696105326,-0.275936554740303,"S",0.961915124909866,-0.0221648551766026,-0.272448181613747,1
"8965",2000-04-17 15:59:33,23,12,0.9286,5.59482745019302,-0.279078147393893,"S",0.742410186698388,-0.610691104642178,-0.27546957980398,1
"8966",2000-04-17 15:59:33,23,99,0.9869,5.37125077301255,-0.220260551601684,"S",0.597426451019975,-0.771586953366787,-0.218483887314003,1
"8967",2000-04-18 05:44:23,23,76,0.999,5.18013721991917,0.370882466048795,"N",0.420221416005425,-0.831897006807608,0.362438038283702,1
"8962m",2000-04-19 11:07:56,23,2,0.7499,5.67738152381235,0.399854931631901,"N",0.757199712528451,-0.524505482368232,0.389284721396178,1
"8968",2000-04-19 11:07:56,23,11,0.5793,5.77162930342005,-0.221307749152881,"S",0.850717228253967,-0.47759549883748,-0.21950566517078,1
"8955b",2000-04-20 15:09:00,23,1,0.6251,0.378038315981972,0.3077015471266,"N",0.88573906643474,0.351762294929671,0.302868938745998,1
"8965c",2000-04-20 15:09:00,23,2,0.3992,5.73567552082897,-0.263544717051144,"S",0.824343201798169,-0.502588983788936,-0.260504508642648,1
"8969",2000-04-20 15:09:00,23,54,0.9176,4.9864056729478,0.210137641940117,"N",0.264647834904315,-0.941514658090203,0.208594515943604,1
"8970",2000-04-20 15:09:00,23,939,0.9919,4.65566577969487,-0.233001455141243,"S",-0.0551608206564934,-0.971412877219785,-0.230898908260912,1
"8971",2000-04-20 15:09:00,23,267,0.9873,4.74380490692059,0.313286600732982,"N",0.0298818662098618,-0.950856400459456,0.308186923436252,1
"8965m",2000-04-21 16:04:56,23,4,0.3674,5.62240365237453,-0.372976861151188,"S",0.735231167322133,-0.571537939478529,-0.364389234658176,1
"8965n",2000-04-21 16:04:56,23,1,0.4908,5.49202755725056,-0.445582558034152,"S",0.634379143464969,-0.641729080477361,-0.43098363032293,1
"8967a",2000-04-21 16:04:56,23,1,0.7045,5.10281913405582,-0.279601746169492,"S",0.365806327134745,-0.888833335935781,-0.275972882648746,1
"8972",2000-04-21 16:04:56,23,80,0.6319,5.73375565865177,0.579623844587317,"N",0.713529919471442,-0.436909169779841,0.547709258075274,1
"8955t",2000-04-22 15:59:33,23,6,0.6928,0.0244346095279206,-0.516617458590322,"S",0.869235376383552,0.0212436550205001,-0.493941866584231,1
"8966a",2000-04-22 15:59:33,23,9,0.412,5.26688008374329,0.112224670903235,"N",0.523198661618507,-0.844820435234488,0.111989252568331,1
"8967m",2000-04-22 15:59:33,23,4,0.652,5.06372375881115,0.334754150532512,"N",0.325047895881529,-0.88679609833139,0.328536977168802,1
"8973",2000-04-22 15:59:33,23,51,0.4397,5.7869882008376,0.34173546754049,"N",0.82854769638714,-0.448554884676459,0.335122709234173,1
"8977",2000-04-22 15:59:33,23,5,0.9708,4.30293473786682,-0.236143047794833,"S",-0.387060252260015,-0.891879851837551,-0.233954463532205,1
"8973n",2000-04-23 06:32:30,23,1,0.5497,5.53653345317641,0.493404579538797,"N",0.646423418029329,-0.598175650614009,0.473627127216956,1
"8974",2000-04-23 06:32:30,23,10,0.491,5.93115239705233,-0.383099770812755,"S",0.870629618317078,-0.319811856486317,-0.373797330327324,1
"8971a",2000-04-24 09:18:29,23,2,0.7466,4.44936786210914,-0.432318055718995,"S",-0.23607826348428,-0.876769962309725,-0.418976713794036,1
"8969m",2000-04-25 10:14:19,23,1,0.3557,4.90140813837568,0.265464579228338,"N",0.181313765066441,-0.947783628987167,0.262357601798286,1
"8972m",2000-04-27 06:14:36,23,3,0.8175,5.35833533654779,0.519409985393512,"N",0.522563957452943,-0.693214031693108,0.496368025395377,1
"8976a",2000-04-27 06:14:36,23,7,0.9541,3.38035369526262,0.380481776934764,"N",-0.902146292959016,-0.21958596680808,0.371367835550235,1
"8978",2000-04-27 06:14:36,23,3,0.5716,4.11531184327743,0.314333798284179,"N",-0.534680007596739,-0.786462442931873,0.309182980343326,1
"8970m",2000-04-28 06:56:25,23,1,0.5507,4.71500697426268,-0.542099265669439,"S",0.00224264294753493,-0.856624548580918,-0.515935415843057,1
"8976",2000-04-28 06:56:25,23,115,0.238,4.13922285402975,-0.199665666428151,"S",-0.531521101665546,-0.82349614944218,-0.198341650538023,1
"8976m",2000-04-28 06:56:25,23,3,0.6213,3.71144265436594,-0.324456707945746,"S",-0.798050716225846,-0.511356540517252,-0.318793887647871,1
"8980",2000-04-28 06:56:25,23,42,0.9806,2.96322000403597,-0.272620429161514,"S",-0.947788334000047,0.17087561050736,-0.269256011385357,1
"8981",2000-04-30 11:36:13,23,3,0.7947,2.9543188248508,-0.400553063332699,"S",-0.90474490857657,0.171444010396779,-0.389927687788188,1
"8982",2000-04-30 11:36:13,23,1,0.9277,2.64993340330299,-0.272794962086714,"S",-0.848952446978682,0.454632159100029,-0.269424094469953,1
"8978c",2000-05-01 06:21:35,23,5,0.729,2.90108628266497,0.24015730507442,"N",-0.943344097388536,0.231358408442151,0.237855419877963,1
"8978n",2000-05-01 06:21:35,23,1,0.831,2.79078147393893,0.419228086329038,"N",-0.857771905431815,0.313899941765473,0.407055505811561,1
"8984",2000-05-02 15:14:35,23,6,0.814,2.39738426053941,-0.26476644752754,"S",-0.709990530986458,0.653785134934313,-0.261683861268689,1
"8983",2000-05-03 15:43:32,23,35,0.9775,1.81060456601892,0.448026018986944,"N",-0.21407443388568,0.875511831535573,0.433187222338969,1
"8976b",2000-05-04 15:56:46,23,11,0.8843,3.95718501304674,-0.250105681810787,"S",-0.664110690236806,-0.705476856954423,-0.24750635429197,1
"8985",2000-05-05 10:51:47,23,8,0.8673,1.68546445865092,0.2460914245312,"N",-0.110969852189657,0.963502681852781,0.243615011786023,1
"8986a",2000-05-05 10:51:47,23,3,0.7961,1.78791528574299,-0.296705972839036,"S",-0.206004417003764,0.93385275416013,-0.292371704722737,1
"8984a",2000-05-07 10:31:19,23,5,0.1859,2.19789312703646,0.121300383013606,"N",-0.582484706313352,0.803784677447974,0.121003137194474,1
"8987",2000-05-07 10:31:19,23,17,0.3909,1.9388862660405,0.209963109014918,"N",-0.351931515311145,0.912526010658912,0.208423819180372,1
"8989",2000-05-07 10:31:19,23,13,0.7447,1.46537843997444,0.288328392429463,"N",0.100879206528215,0.953398370357855,0.284350018620053,1
"8990",2000-05-07 10:31:19,23,2,0.9391,1.05208447310218,0.270002435283523,"N",0.477800518444449,0.836994476196906,0.266733783743424,1
"8993",2000-05-07 10:31:19,23,2,0.7296,1.47899200813999,-0.426034870411816,"S",0.0834806941856299,0.906776908903425,-0.413263367815046,1
"8994",2000-05-07 10:31:19,23,7,0.7631,1.40376831737904,0.199840199353351,"N",0.162943753157513,0.96645850200089,0.198512712986195,1
"8991",2000-05-08 11:01:44,23,6,0.9827,0.644026493985907,0.277332818141899,"N",0.769127995810722,0.57747763402488,0.273791358996606,1
"8978m",2000-05-09 10:40:12,23,2,0.8509,2.66721216289773,0.480663675999238,"N",-0.788776482139202,0.405028053375813,0.462367751040992,1
"8981m",2000-05-09 10:40:12,23,29,0.8198,2.68536358711848,-0.44331363000656,"S",-0.810942359162599,0.397978820351314,-0.428935133403146,1
"8992",2000-05-09 10:40:12,23,146,0.9876,0.377165651355975,0.18151424220741,"N",0.914438417500074,0.362236412854875,0.18051914525056,1
"8994b",2000-05-09 10:40:12,23,3,0.5769,1.21370196183686,-0.335801348083709,"S",0.330029612705236,0.884586433664081,-0.32952586562377,1
"8989m",2000-05-10 15:12:18,23,4,0.4846,1.25332093585713,0.381005375710362,"N",0.289783856103412,0.881901335208213,0.371853938663837,1
"8993n",2000-05-10 15:12:18,23,4,0.9629,0.229336263712055,-0.624304273438372,"S",0.790126294084644,0.184449726374793,-0.584532922799333,1
"8997",2000-05-10 15:12:18,23,52,0.9884,0.0750491578357562,-0.289550122905859,"S",0.955674731494405,0.0718575440191701,-0.285521104212334,1
"9001",2000-05-10 15:12:18,23,4,0.7436,0.738099740668402,0.320791516516558,"N",0.702011114905628,0.63855703043775,0.315317797511462,1
"8994m",2000-05-11 15:22:28,23,11,0.4993,0.794822941358218,-0.295658775287839,"S",0.670020592858095,0.682770728204981,-0.291370104596417,1
"8996",2000-05-11 15:22:28,23,891,0.9911,6.10516172347617,-0.360410490536829,"S",0.920963145934662,-0.165707424643215,-0.352658380374328,1
"9005",2000-05-11 15:22:28,23,5,0.7519,0.452040276266531,-0.354127305229649,"S",0.84373974382326,0.409698006777249,-0.346771953790685,1
"8996a",2000-05-12 08:14:06,23,89,0.9931,5.92644000807195,-0.239808239224021,"S",0.910223688766359,-0.339232687564621,-0.237516357534057,1
"8997a",2000-05-12 08:14:06,23,1,0.9111,6.24374086608452,-0.215199096770901,"S",0.97617400848244,-0.0385246199377127,-0.213541936916335,1
"8983n",2000-05-13 13:16:43,23,1,0.9206,1.93714093678851,0.365646478292812,"N",-0.33452507590594,0.87192244305655,0.357553110578587,1
"8998",2000-05-13 13:16:43,23,526,0.9708,5.77459636314844,-0.228289066160858,"S",0.850771299298381,-0.474311486686273,-0.226311311886086,1
"8999",2000-05-13 13:16:43,23,80,0.9654,5.83830088084623,0.353254640603652,"N",0.846922690723231,-0.403779971816564,0.345953306528405,1
"9000",2000-05-13 13:16:43,23,7,0.3933,0.490088453960008,0.17837264955382,"N",0.868292558947825,0.463235618264161,0.177428278600842,1
"8992a",2000-05-14 16:30:58,23,4,0.5475,0.110479341651241,0.321838714067754,"N",0.942871807604417,0.104593749357616,0.316311400395394,1
"9002",2000-05-14 16:30:58,23,737,0.9895,5.4478707271751,0.339990138288495,"N",0.632538219344616,-0.699062201340898,0.333477794950067,1
"9003",2000-05-14 16:30:58,23,40,0.4502,0.948760981384117,-0.315380995835375,"S",0.553951177811662,0.772610683195715,-0.310178698193353,1
"9004",2000-05-15 16:07:29,23,36,0.9125,5.49045676092376,0.192335283569775,"N",0.688961711994153,-0.699137190654644,0.191151636272402,1
"9005m",2000-05-15 16:07:29,23,3,0.2928,0.479267412597643,-0.303861822772213,"S",0.846682587761269,0.440004053195766,-0.299207334056469,1
"8990a",2000-05-16 04:35:18,23,3,0.9141,1.29957216103498,0.416086493675448,"N",0.245052269317407,0.881240439115282,0.404183960308042,1
"8993o",2000-05-16 04:35:18,23,1,0.5355,0.492182849062401,-0.541226601043442,"S",0.755345268262303,0.405012579289488,-0.515187670981193,1
"8993q",2000-05-16 04:35:18,23,6,0.5648,0.150447381521911,-0.637743308678728,"S",0.7943658249824,0.120420179015673,-0.595383839708355,1
"9008",2000-05-17 10:34:41,23,12,0.8688,5.22185058904183,-0.521678913421105,"S",0.422834296450934,-0.756883055790916,-0.498336430136758,1
"8999m",2000-05-18 05:37:29,23,3,0.4326,5.72904326967139,0.295309709437441,"N",0.813542221723121,-0.503435202455802,0.291036166828272,1
"9002a",2000-05-18 05:37:29,23,2,0.7945,5.16565098712762,0.301941960595019,"N",0.418090211678506,-0.858352351406952,0.297374874077786,1
"9007",2000-05-18 05:37:29,23,11,0.6381,5.84563126370461,-0.708952742160097,"S",0.687535149526971,-0.321626119762914,-0.651039213297615,1
"9008m",2000-05-18 05:37:29,23,4,0.4963,5.57632696012188,-0.296880505764235,"S",0.727141027923235,-0.621037107557287,-0.292538606935254,1
"9009",2000-05-18 05:37:29,23,75,0.9783,4.66526509058084,-0.242251700176813,"S",-0.0457309554371184,-0.969722568147635,-0.239889183874477,1
"9010",2000-05-18 05:37:29,23,9,0.9808,4.68830343670717,0.388859357344337,"N",-0.0222852131761932,-0.925073728490666,0.379133177300627,1
"9002b",2000-05-19 06:04:46,23,4,0.7115,5.02986437132246,-0.294262511886244,"S",0.298750928658031,-0.909190892898432,-0.29003414091537,1
"9011",2000-05-19 06:04:46,23,344,0.9718,4.48898683612942,0.318697121414165,"N",-0.210392302132173,-0.926045176471653,0.313329555479706,1
"9002n",2000-05-20 11:06:14,23,2,0.5631,5.17542483093878,0.459370659124908,"N",0.400361205072322,-0.801948532223371,0.443384096622577,1
"9009a",2000-05-20 11:06:14,23,2,0.8073,4.60662202771383,0.229336263712055,"N",-0.102805783356533,-0.968375696360182,0.227331215646646,1
"9012",2000-05-20 11:06:14,23,20,0.6403,6.02784363761282,-0.5232497097479,"S",0.838115132427457,-0.218781314883395,-0.499697669650358,1
"9013",2000-05-20 11:06:14,23,6,0.8113,0.171216799620644,-0.107337748997651,"S",0.979707159988866,0.169400908746624,-0.107131754313874,1
"9014",2000-05-20 11:06:14,23,4,0.7362,5.03021343717286,-0.737052543117205,"S",0.231392024125213,-0.703369074202923,-0.672108381606836,1
"9002m",2000-05-21 08:27:54,23,4,0.6401,5.45467751125788,0.641408500107916,"N",0.541628469479185,-0.590462762078691,0.598324600570659,1
"9004b",2000-05-22 05:08:06,23,13,0.4995,5.60966274883497,0.111002940426839,"N",0.776818807858487,-0.61990435682725,0.110775124210779,1
"9004a",2000-05-23 16:07:47,23,12,0.6889,5.52100002283366,-0.1539380400259,"S",0.714775370499825,-0.682338508722355,-0.153330783736961,1
"9008a",2000-05-23 16:07:47,23,6,0.6653,4.94783389647873,-0.73548174679041,"S",0.172975670467673,-0.721049900650753,-0.670944452393638,1
"9016",2000-05-23 16:07:47,23,10,0.9186,3.67548887177486,0.452214809191731,"N",-0.774301456673044,-0.457738216817663,0.43695878416458,1
"9017",2000-05-24 10:49:29,23,366,0.9964,3.10563887099871,-0.212930168743308,"S",-0.976784222043324,0.035134227902522,-0.211324796455389,1
"9018",2000-05-24 10:49:29,23,4,0.5187,4.17220957689244,-0.385717764690747,"S",-0.476504279218841,-0.794606176487053,-0.376224263139366,1
"9019",2000-05-24 10:49:29,23,2,0.5738,4.6483353968365,-0.632856386773144,"S",-0.0516137446179897,-0.804687800922058,-0.591450390492501,1
"9011m",2000-05-27 10:18:42,23,2,0.4568,3.74617470648063,0.426733002112614,"N",-0.748958752455201,-0.517444112941482,0.413898993841435,1
"9020",2000-05-27 10:18:42,23,12,0.2407,3.66972928524328,0.0429350995990605,"N",-0.862951563224782,-0.503460335287489,0.0429219095581005,1
"9020m",2000-05-28 15:01:36,23,2,0.3747,3.58508081652155,0.361981286863624,"N",-0.844726458981691,-0.401286301895818,0.35412782071878,1
"9021",2000-05-28 15:01:36,23,28,0.3882,3.23636403197309,0.0546288055874225,"N",-0.994027465281348,-0.0944884087087557,0.0546016381258519,1
"9021b",2000-05-28 15:01:36,23,2,0.719,3.27982273034774,0.716283125018473,"N",-0.747056897897549,-0.103928517000917,0.656585755752957,1
"9022",2000-05-28 15:01:36,23,34,0.9513,2.38830854842904,-0.359712358836031,"S",-0.682760411052718,0.640258299150569,-0.352005016253951,1
"9022a",2000-05-28 15:01:36,23,9,0.958,2.35375102923955,-0.211184839491314,"S",-0.689705692974214,0.693084493525209,-0.209618562903822,1
"9027",2000-05-28 15:01:36,23,2,0.8945,2.56703026383326,0.362853951489621,"N",-0.784772927735394,0.508081048008396,0.354943799140524,1
"9023",2000-05-29 07:43:50,23,28,0.0587,3.51544217936698,-0.0464257581030492,"S",-0.929925334569587,-0.364808263582286,-0.0464090825994171,1
"9017d",2000-05-30 09:12:47,23,5,0.5814,2.73109121352073,-0.419402619254237,"S",-0.837453469683197,0.364482779016337,-0.40721491858244,1
"9025",2000-05-31 08:46:34,23,3,0.8484,3.97882709577147,0.251327412287183,"N",-0.648485434179744,-0.719458116695226,0.248689887164855,1
"9017e",2000-06-01 16:19:39,23,2,0.2619,2.88625098402302,0.168075206967054,"N",-0.953942521909743,0.249016860800637,0.167284990149969,1
"9026",2000-06-01 16:19:39,23,733,0.9764,1.36257854703197,0.380656309859963,"N",0.191919941973834,0.908367922825415,0.371529881240528,1
"9026m",2000-06-01 16:19:39,23,308,0.9955,1.22818819462841,0.340513737064094,"N",0.316655914932348,0.887801864982901,0.333971376125621,1
"9028",2000-06-01 16:19:39,23,15,0.5111,2.17851997233932,0.148178453494319,"N",-0.564742946027088,0.811953682331258,0.14763679304752,1
"9028a",2000-06-01 16:19:39,23,3,0.5903,2.10591427545636,-0.258134196369961,"S",-0.493047066757394,0.831708024095783,-0.255277011531821,1
"9028c",2000-06-01 16:19:39,23,40,0.9546,1.44321275847411,0.289550122905859,"N",0.121941126572421,0.950583010946239,0.285521104212334,1
"9028f",2000-06-01 16:19:39,23,3,0.8829,1.63537350911869,-0.305083553248609,"S",-0.0615523262084233,0.951833729913948,-0.300372871172536,1
"9024",2000-06-02 04:49:24,23,41,0.2338,2.43962122843767,-0.202981792006941,"S",-0.747894440002863,0.632467435359682,-0.201590797960499,1
"9024m",2000-06-03 16:35:37,23,3,0.1878,2.25967778255706,-0.190240888467382,"S",-0.62420573214141,0.758030419839641,-0.189095442989891,1
"9028m",2000-06-03 16:35:37,23,2,0.3186,2.07781447449925,-0.293389847260247,"S",-0.4648236969687,0.836841048631853,-0.289198876313672,1
"9029",2000-06-03 16:35:37,23,27,0.9114,3.34981043335272,0.272620429161514,"N",-0.942267204942676,-0.199082181076975,0.269256011385357,1
"9030",2000-06-03 16:35:37,23,36,0.8808,1.16238928182822,0.189542756766584,"N",0.390035165289416,0.90131808720333,0.188409860457959,1
"9031",2000-06-04 08:05:22,23,66,0.6851,2.61031442928272,-0.561821486216975,"S",-0.729634226755,0.4287588551298,-0.532728579386742,1
"9024n",2000-06-05 10:24:40,23,21,0.6076,2.43543243823289,-0.237888377046827,"S",-0.73943167196104,0.630642061265208,-0.235650998436397,1
"9032",2000-06-05 10:24:40,23,7,0.7627,0.998502865065956,-0.296705972839036,"S",0.517897833778438,0.80392824309457,-0.292371704722737,1
"9033",2000-06-05 10:24:40,23,313,0.9879,0.426907535037813,0.391302818297129,"N",0.841447412897417,0.38276045957978,0.381393080575041,1
"9022m",2000-06-06 10:15:40,23,10,0.4828,1.91357899188658,-0.369311669722,"S",-0.31344735552493,0.878321591123085,-0.360973597208217,1
"9022n",2000-06-06 10:15:40,23,4,0.4026,1.45385926691128,-0.385019632989949,"S",0.108129396007613,0.920461678198304,-0.375577332499433,1
"9028b",2000-06-06 10:15:40,23,3,0.4415,1.84132236085402,0.386415896391545,"N",-0.247533755119242,0.892577885446129,0.376871010412163,1
"9032m",2000-06-06 10:15:40,23,4,0.6642,0.992394212683976,-0.428478331364608,"S",0.497265664446584,0.761641166049451,-0.415487175664099,1
"9034",2000-06-06 10:15:40,23,153,0.9672,0.287804793653865,-0.158126830230686,"S",0.946906419073323,0.280306701868346,-0.157468683888021,1
"9035",2000-06-06 10:15:40,23,1,0.8215,0.675093354671407,-0.333532420056116,"S",0.737628461098823,0.59052920622277,-0.327382818692256,1
"9035m",2000-06-07 15:06:51,23,5,0.7357,0.768293936727904,-0.645422757387503,"S",0.574447646979505,0.555125291089072,-0.601536210109569,1
"9036",2000-06-08 11:01:24,23,336,0.9875,6.01370647067166,-0.371056998973995,"S",0.898310508579673,-0.248110788537828,-0.362600698822364,1
"9039",2000-06-09 16:03:19,23,5,0.3452,0.504051087975962,0.0874409955249159,"N",0.872287789438924,0.481131532513835,0.0873296101940437,1
"9039m",2000-06-09 16:03:19,23,2,0.2699,0.749618913731565,0.262497519499947,"N",0.706875607972785,0.65801982410725,0.259493325415065,1
"9041",2000-06-09 16:03:19,23,4,0.4451,0.475427688243255,0.286583063177469,"N",0.852835539534057,0.439050851284083,0.282676303383173,1
"9037",2000-06-10 15:22:19,23,19,0.8411,5.94668582739508,0.35098571257606,"N",0.8863697097326,-0.310054954972932,0.343823592217403,1
"9038",2000-06-10 15:22:19,23,4,0.3148,0.81245076680336,0.265639112153537,"N",0.663599421463577,0.700511169254501,0.262526016963838,1
"9044m",2000-06-10 15:22:19,23,3,0.3725,0.536165146212658,-0.352381975977655,"S",0.806849853332279,0.479453400246761,-0.345134395807632,1
"9026n",2000-06-11 10:34:31,23,2,0.5454,0.928515162060983,0.319046187264563,"N",0.568793886897837,0.760322481404068,0.313661024832878,1
"9040",2000-06-11 10:34:31,23,193,0.9829,5.34332550498064,0.339292006587698,"N",0.556271283700904,-0.761441665338363,0.332819544522987,1
"9033a",2000-06-12 16:50:20,23,3,0.1872,0.253247274464377,0.167028009415857,"N",0.954631038483567,0.247062139387042,0.166252457561638,1
"9041m",2000-06-12 16:50:20,23,4,0.3091,0.340688269989293,0.257436064669164,"N",0.911464889529244,0.323124748549833,0.254601948205528,1
"9042",2000-06-12 16:50:20,23,525,0.9927,4.98413674492021,0.361108622237627,"N",0.25110420756367,-0.901175681874151,0.353311572613295,1
"9043",2000-06-12 16:50:20,23,11,0.548,6.05262731299114,0.464432113955691,"N",0.870417957282175,-0.204314969264575,0.447915140372751,1
"9048",2000-06-12 16:50:20,23,7,0.7686,5.56410965535792,0.189368223841385,"N",0.738964255186371,-0.64691430292109,0.188238450463692,1
"9033m",2000-06-13 05:19:05,23,1,0.1548,0.155683369277894,0.097563905186483,"N",0.983207732694457,0.154317861738758,0.0974091983244013,1
"9044",2000-06-13 05:19:05,23,2,0.4953,0.276111087665503,-0.439997504427771,"S",0.870483308709317,0.246650166811911,-0.425937207191548,1
"9045",2000-06-14 08:54:57,23,24,0.5203,5.55852460175154,-0.242251700176813,"S",0.726861833349595,-0.643525488756819,-0.239889183874477,1
"9045m",2000-06-14 08:54:57,23,4,0.3608,5.76482251933727,-0.221307749152881,"S",0.847446656147065,-0.483375038601593,-0.21950566517078,1
"9052",2000-06-14 08:54:57,23,5,0.8069,5.21277487693146,-0.475078622392856,"S",0.426633522456369,-0.780231648922062,-0.457408364087093,1
"9046",2000-06-15 06:47:54,23,634,0.9816,4.45896717299511,0.345749724820077,"N",-0.235880858215053,-0.910771962223907,0.338902129758054,1
"9047",2000-06-15 06:47:54,23,3,0.8057,4.99076899607778,-0.439997504427771,"S",0.248624594212478,-0.869921437074949,-0.425937207191548,1
"9040m",2000-06-16 10:16:40,23,1,0.5318,5.14453250317849,0.400378530407499,"N",0.385695372871736,-0.836254024279489,0.38976696399476,1
"9044a",2000-06-16 10:16:40,23,161,0.931,0.457101731097315,-0.26162485487395,"S",0.866799972198527,0.426330564432152,-0.258650455301349,1
"9049",2000-06-16 10:16:40,23,21,0.9761,4.29350995990605,-0.650484212218287,"S",-0.323677224317031,-0.726990948691296,-0.605571808276568,1
"9046a",2000-06-17 05:12:38,23,6,0.7279,4.61866479955259,0.387114028092342,"N",-0.0866618119896395,-0.921938290593171,0.377517574002608,1
"9050",2000-06-17 05:12:38,23,9,0.3842,5.08414411105948,-0.232303323440445,"S",0.353493832630151,-0.906664796257601,-0.230219585438792,1
"9051",2000-06-17 05:12:38,23,15,0.9566,4.12142049565941,0.306654349575404,"N",-0.531173107444662,-0.791662285491769,0.301870759858471,1
"9037m",2000-06-18 15:05:23,23,2,0.519,5.18450054304916,0.555014702134197,"N",0.386503895369384,-0.756922934291699,0.526955795496678,1
"9053",2000-06-18 15:05:23,23,5,0.9102,3.91774057195167,0.0767944870877505,"N",-0.711514139463582,-0.698471058861192,0.0767190281268186,1
"9036m",2000-06-19 05:21:53,23,2,0.6965,5.67458899700916,-0.126885436619988,"S",0.813855596677046,-0.56712024375675,-0.126545236491677,1
"9042b",2000-06-19 05:21:53,23,7,0.3754,4.79703744910642,-0.333532420056116,"S",0.0798881584896948,-0.941508561914462,-0.327382818692256,1
"9050m",2000-06-20 10:13:13,23,28,0.4932,5.12568294725695,-0.149225651045515,"S",0.39716463095411,-0.905625067739542,-0.148672433896923,1
"9053a",2000-06-20 10:13:13,23,11,0.8371,3.67147461449527,0.279776279094691,"N",-0.829316097633205,-0.485778921692019,0.276140633457252,1
"9054",2000-06-20 10:13:13,23,38,0.9232,3.47145988221672,0.185877565337396,"N",-0.92978851539267,-0.318337761562572,0.184809053369215,1
"9049m",2000-06-21 10:01:17,23,3,0.4284,4.26139590166935,-0.383099770812755,"S",-0.404264254259733,-0.834773004216109,-0.373797330327324,1
"9055",2000-06-21 10:01:17,23,132,0.9743,3.0784117346676,0.349240383324065,"N",-0.937758109752263,0.0593273816949682,0.342184145417466,1
"9056",2000-06-21 10:01:17,23,341,0.9715,3.10249727834512,-0.237364778271229,"S",-0.971218299082841,0.0379895008164417,-0.23514211310259,1
"9048b",2000-06-22 15:28:08,23,29,0.9911,5.56794937971231,0.344353461418481,"N",0.710619054388801,-0.61729635539193,0.337588165016795,1
"9053b",2000-06-22 15:28:08,23,3,0.4592,3.6622243694597,-0.050789081233035,"S",-0.866386481890778,-0.496786825967353,-0.0507672487161165,1
"9057",2000-06-22 15:28:08,23,305,0.9719,2.8010789165257,0.253421807389577,"N",-0.912477280335824,0.323304391251116,0.250717936072957,1
"9058",2000-06-23 15:03:24,23,63,0.3258,4.07359847415476,-0.246964089157198,"S",-0.57813484692393,-0.778459231769284,-0.244461291916367,1
"9059",2000-06-23 15:03:24,23,25,0.588,3.31420571661203,0.270176968208722,"N",-0.949402087594481,-0.165526445524779,0.266901989320376,1
"9060",2000-06-23 15:03:24,23,12,0.9856,2.55987441390008,-0.549778714378214,"S",-0.712397721803155,0.468491980549772,-0.522498564715949,1
"9042c",2000-06-24 13:56:56,23,5,0.7795,4.57415890362674,0.0422369678982628,"N",-0.137667402671343,-0.989578084524754,0.0422244108312478,1
"9053c",2000-06-24 13:56:56,23,2,0.3931,3.61405328210466,0.434761516671787,"N",-0.807612989048126,-0.412742990938109,0.421194115999044,1
"9055a",2000-06-24 13:56:56,23,3,0.6269,3.01802334254859,0.18168877513261,"N",-0.976040479297834,0.121226295159072,0.180690808106168,1
"9061",2000-06-24 13:56:56,23,77,0.982,2.32216056977846,-0.235793981944434,"S",-0.663747207373862,0.710537573508713,-0.233615070866051,1
"9062",2000-06-25 11:47:40,23,133,0.9836,2.10905586810995,-0.295833308213039,"S",-0.490372982238523,0.821304134190362,-0.291537060169571,1
"9057a",2000-06-26 14:18:20,23,4,0.6802,2.53893046287615,-0.283616003449079,"S",-0.790917397325962,0.544192423241604,-0.279829014030992,1
"9059m",2000-06-26 14:18:20,23,3,0.3475,3.37529224043183,0.354301838154849,"N",-0.912393653527323,-0.217194554882263,0.346935651573256,1
"9063",2000-06-26 14:18:20,23,48,0.7697,2.41169596040576,0.451691210416132,"N",-0.670502987553971,0.59992014617882,0.436487756861499,1
"9064",2000-06-26 14:18:20,23,7,0.7879,4.04602227197325,-0.35691983203284,"S",-0.579177655938461,-0.736532400811702,-0.349389847328425,1
"9063n",2000-06-29 16:23:51,23,2,0.2916,2.2481586094939,0.195651409148564,"N",-0.614782403383894,0.764361874903672,0.194405557233497,1
"9065",2000-06-29 16:23:51,23,92,0.9849,1.1068878116148,0.382401639111958,"N",0.415128359836754,0.82971545432878,0.373149714869557,1
"9066",2000-06-29 16:23:51,23,172,0.9865,1.09484503977604,0.212057504117311,"N",0.447920857859329,0.868946801255569,0.210471759821306,1
"9067",2000-06-29 16:23:51,23,303,0.9866,1.13149695406792,-0.351334778426458,"S",0.399325335211868,0.849764155976838,-0.34415135605559,1
"9054m",2000-07-01 15:38:31,23,7,0.9555,3.31036599225764,-0.0886627260013119,"S",-0.981919399770585,-0.167313450290168,-0.0885466075362222,1
"9063m",2000-07-01 15:38:31,23,6,0.262,2.1558306920634,0.285012266850674,"N",-0.529950161918467,0.800060431312085,0.281169223300331,1
"9068",2000-07-01 15:38:31,23,102,0.946,0.850498944496837,-0.328470965225333,"S",0.624343391487366,0.711426084581075,-0.322596118519264,1
"9069",2000-07-01 15:38:31,23,95,0.9788,0.708603676309698,-0.232652389290844,"S",0.738815236636206,0.63324124417881,-0.230559260896326,1
"9072",2000-07-01 15:38:31,23,4,0.9689,0.729198561483231,0.287281194878267,"N",0.71514782432282,0.638966896038865,0.283345893093221,1
"9065m",2000-07-02 09:42:05,23,2,0.7434,1.12189764318195,0.491484717361603,"N",0.382605501780369,0.794285857513682,0.471935383883373,1
"9070",2000-07-02 09:42:05,23,45,0.9794,0.506843614779153,0.331612557878923,"N",0.826648957054881,0.458973723216743,0.325568154457157,1
"9057m",2000-07-03 06:00:40,23,5,0.2383,1.72072010954121,0.29234264970905,"N",-0.143025511519559,0.946829770385444,0.288196268134089,1
"9057n",2000-07-04 10:25:44,23,4,0.4571,1.79995805758175,0.332834288355319,"N",-0.214694665410153,0.920411989059498,0.326723080053981,1
"9071",2000-07-05 16:00:54,23,28,0.4407,1.45211393765928,0.38152897448596,"N",0.109890299379051,0.921567735605258,0.372339939831573,1
"9071b",2000-07-05 16:00:54,23,2,0.2211,1.22330127272283,0.257785130519562,"N",0.329291074667682,0.909160734869887,0.254939495400477,1
"9073",2000-07-05 16:00:54,23,28,0.8001,0.281696141271885,-0.359886891761231,"S",0.899047016766454,0.260176667735333,-0.352168373380514,1
"9074",2000-07-05 16:00:54,23,9,0.9189,6.24077380635612,0.201585528605345,"N",0.978869326423902,-0.0415402268564491,0.200223004020845,1
"9075",2000-07-06 09:36:22,23,26,0.9658,5.91858602643797,0.124791041517595,"N",0.927001581884356,-0.353802109783613,0.124467402546069,1
"9076",2000-07-06 09:36:22,23,67,0.9886,5.85715043676777,-0.373500459926786,"S",0.847830176464197,-0.384771262087135,-0.36487678433762,1
"9077",2000-07-07 06:56:56,23,256,0.9929,5.55276501521996,0.320616983591358,"N",0.706935115832518,-0.633183903710139,0.315152163383425,1
"9078",2000-07-07 06:56:56,23,64,0.9844,5.66010276421761,-0.218689755274889,"S",0.792741764667017,-0.569642745268995,-0.216950771639621,1
"9070m",2000-07-08 06:10:23,23,6,0.4374,0.263893782901543,0.434586983746588,"N",0.875643637010606,0.23659472695902,0.421035813367491,1
"9073m",2000-07-08 06:10:23,23,13,0.4715,0.192509816494975,-0.297927703315432,"S",0.938287772199541,0.182894568109407,-0.293539832896486,1
"9079",2000-07-09 09:06:05,23,125,0.9743,5.27316326905047,-0.468271838310079,"S",0.474589057442102,-0.755680531599942,-0.451344835704416,1
"9082",2000-07-09 09:06:05,23,3,0.9578,5.29253642374761,-0.189368223841385,"S",0.538348228066757,-0.821430137689391,-0.188238450463692,1
"9084",2000-07-09 09:06:05,23,59,0.9828,5.15552807746605,0.334928683457712,"N",0.404951910975686,-0.853211032115891,0.328701816960108,1
"9080",2000-07-10 17:23:02,23,55,0.9436,5.01485453975531,0.464083048105292,"N",0.266369239647543,-0.853638660772644,0.447603021665266,1
"9083",2000-07-10 17:23:02,23,9,0.387,0.0167551608191456,-0.322013246992954,"S",0.94846704490632,0.0158932051587448,-0.316476967181586,1
"9081",2000-07-11 11:26:17,23,218,0.972,4.72827147657784,0.050789081233035,"N",0.0158613490354236,-0.998584550283336,0.0507672487161165,1
"9074a",2000-07-12 10:50:43,23,5,0.4096,6.12680380620089,-0.233001455141243,"S",0.961104801869064,-0.151536312440765,-0.230898908260912,1
"9085",2000-07-12 10:50:43,23,29,0.9728,4.494746422661,0.257261531743964,"N",-0.20882227122192,-0.944275926105159,0.254433162972054,1
"9088",2000-07-12 10:50:43,23,7,0.8643,4.8020989039372,0.31381019950858,"N",0.0852144723581389,-0.94733946822362,0.30868499420366,1
"9089",2000-07-13 05:19:56,23,23,0.9781,4.29385902575645,0.196698606699761,"N",-0.398580826969173,-0.896068856924175,0.195432668771556,1
"9077m",2000-07-14 08:41:42,23,9,0.3545,5.21033141597867,0.386764962241943,"N",0.44233911670441,-0.813671035753079,0.377194315187377,1
"9087",2000-07-14 08:41:42,23,447,0.9821,4.03956455374087,-0.194255145746969,"S",-0.611476086892222,-0.767355326295536,-0.193035743749306,1
"9084m",2000-07-16 11:21:39,23,50,0.2894,5.01153841417652,0.351858377202057,"N",0.276651929875276,-0.897042343037389,0.344642923174517,1
"9090",2000-07-16 11:21:39,23,612,0.9881,3.46465309813394,0.221307749152881,"N",-0.925141159701512,-0.309727456942512,0.21950566517078,1
"9091",2000-07-16 11:21:39,23,100,0.9768,3.5690237874032,-0.10768681484805,"S",-0.904762151990459,-0.41213317612913,-0.107478804697994,1
"9094",2000-07-16 11:21:39,23,64,0.9978,3.45138859581879,-0.416086493675448,"S",-0.871135215830015,-0.278852581071972,-0.404183960308042,1
"9092",2000-07-17 12:15:31,23,40,0.5334,4.78551827604325,-0.468271838310079,"S",0.0651987500413691,-0.889964584843687,-0.451344835704416,1
"9093",2000-07-17 12:15:31,23,9,0.3676,4.43941948537278,-0.2155481626213,"S",-0.263353617388066,-0.940690682940987,-0.213882938161601,1
"9095",2000-07-17 12:15:31,23,5,0.404,4.38182362005696,0.386066830541146,"N",-0.300688009560385,-0.876241165929076,0.376547659716359,1
"9087a",2000-07-18 10:11:51,23,1,0.6872,4.11042492137185,-0.594982742004867,"S",-0.468954826707449,-0.682588696298491,-0.560494462232512,1
"9096",2000-07-18 10:11:51,23,143,0.9891,3.06340190310045,-0.219562419900887,"S",-0.973010859224809,0.0762358761450259,-0.21780256889899,1
"9097",2000-07-18 10:11:51,23,437,0.9946,2.98748008063869,0.124616508592395,"N",-0.980485455088808,0.152312895068529,0.12429422494684,1
"9098",2000-07-19 15:01:27,23,9,0.3145,4.47031181313308,-0.0511381470834339,"S",-0.239406365151737,-0.969572978709316,-0.0511158613502366,1
"9099",2000-07-19 15:01:27,23,134,0.9836,2.78205482767896,0.237190245346029,"N",-0.90985176502207,0.341990795015587,0.234972470325421,1
"9090m",2000-07-21 05:30:54,23,3,0.2924,3.7540286881146,0.376292986729977,"N",-0.760999771888902,-0.534641196958661,0.367475356588233,1
"9091m",2000-07-22 05:21:21,23,3,0.3238,3.25346825864263,0.062482787221397,"N",-0.991809234042872,-0.111424515195583,0.0624421386622914,1
"9100",2000-07-22 05:21:21,23,71,0.9753,2.33420334161722,-0.545764457098627,"S",-0.590949690460212,0.617529828052205,-0.51907164708814,1
"9101",2000-07-22 05:21:21,23,20,0.976,2.25897965085626,-0.241029969700417,"S",-0.616774947277104,0.750073040857374,-0.238702948851282,1
"9090n",2000-07-23 15:17:54,23,6,0.8136,2.33123628188883,0.456229066471318,"N",-0.61874493116494,0.650427787058119,0.440566004113313,1
"9102",2000-07-24 14:57:55,23,10,0.9903,1.64008589809907,-0.323584043319749,"S",-0.065641020778333,0.945826874306532,-0.317966633832411,1
"9106",2000-07-24 14:57:55,23,1,0.5921,2.45829625143401,-0.187273828738992,"S",-0.761936546781366,0.620313874061617,-0.186181084768448,1
"9108",2000-07-25 16:03:44,23,4,0.7087,2.05529972714852,-0.203505390782539,"S",-0.456157431365569,0.866645558917729,-0.202103619507773,1
"9103",2000-07-26 10:12:48,23,7,0.5834,1.99037347897433,0.171216799620644,"N",-0.401417763482657,0.899907733889968,0.170381482695757,1
"9099a",2000-07-27 15:15:05,23,5,0.5081,2.60438030982594,-0.363028484414821,"S",-0.803144805357634,0.478390496222818,-0.355106962408137,1
"9102m",2000-07-27 15:15:05,23,6,0.7951,1.54269652583779,-0.397411470679109,"S",0.0259064594442582,0.921701920769923,-0.387032846936919,1
"9104",2000-07-27 15:15:05,23,197,0.9535,1.13062428944193,-0.345924257745276,"S",0.400854287903565,0.851087459926152,-0.339066328947267,1
"9105",2000-07-27 15:15:05,23,152,0.9912,0.877551547902749,0.269304303582725,"N",0.616003068721344,0.741452511853868,0.266060880235102,1
"9108m",2000-07-27 15:15:05,23,2,0.5609,1.86436070698034,-0.274714824263907,"S",-0.278515475375058,0.921325338510674,-0.271272465603861,1
"9100a",2000-07-28 08:25:59,23,5,0.1515,2.16595360172496,0.248534885483993,"N",-0.543412720531994,0.802617234201472,0.245984126574858,1
"9109",2000-07-28 08:25:59,23,4,0.8783,1.11491632617398,-0.100181899064475,"S",0.438045182451288,0.893372003624189,-0.100014405321035,1
"9097m",2000-07-29 11:32:22,23,2,0.7281,2.72166643555996,0.0970403064108847,"N",-0.908823056752276,0.405775001938743,0.0968880762377992,1
"9107",2000-07-29 11:32:22,23,133,0.9744,0.592015682276477,-0.308748744677797,"S",0.790579232576964,0.531647866249411,-0.303866785500598,1
"9110",2000-07-30 09:10:54,23,65,0.9815,0.373500459926786,-0.340513737064094,"S",0.877597585607974,0.343926732988022,-0.333971376125621,1
"9112",2000-07-31 11:23:18,23,7,0.3549,1.09659036902804,0.207868713912525,"N",0.446802237659769,0.870503954348444,0.206374964290597,1
"9113",2000-07-31 11:23:18,23,3,0.6107,1.06744337051973,-0.440346570278169,"S",0.436349606334727,0.79240608368167,-0.426252999515321,1
"9111",2000-08-01 09:55:03,23,14,0.5688,0.625526003914768,0.180641577581413,"N",0.797464771607551,0.575996487367631,0.179660748593193,1
"9114",2000-08-02 13:48:38,23,159,0.9883,5.81369173839311,0.201236462754946,"N",0.873801217313046,-0.443304658991733,0.199880994440346,1
"9107m",2000-08-03 14:28:01,23,4,0.4778,0.764279679448317,-0.388510291493938,"S",0.668082405177818,0.640444198193994,-0.378810148876021,1
"9115",2000-08-03 14:28:01,23,300,0.9915,5.54508556651118,0.304036355697412,"N",0.70582063448123,-0.642022211338652,0.299373866742474,1
"9116",2000-08-03 14:28:01,23,96,0.9938,5.57667602597228,-0.198618468876955,"S",0.745678666024495,-0.636419719171785,-0.197315149152911,1
"9112m",2000-08-04 06:30:02,23,5,0.6065,1.17355938904099,0.391302818297129,"N",0.357629407100996,0.852432123553582,0.381393080575041,1
"9119b",2000-08-04 06:30:02,23,7,0.6169,6.19207912022548,0.227940000310459,"N",0.970093937768766,-0.0886269065264454,0.22597128875997,1
"9117",2000-08-05 12:59:33,23,41,0.2691,0.313461133658182,-0.161617488734675,"S",0.938875324320127,0.304334592167156,-0.160914826517719,1
"9117a",2000-08-05 12:59:33,23,8,0.2273,0.228463599086058,0.329867228626928,"N",0.921501813811786,0.214270654382333,0.323917418198149,1
"9119",2000-08-05 12:59:33,23,47,0.3896,0.0476474885794452,-0.219736952826086,"S",0.974847182929973,0.0464842027750724,-0.217972908467683,1
"9120",2000-08-05 12:59:33,23,3,0.7783,5.80182349947955,-0.38152897448596,"S",0.822632413778401,-0.429696265991853,-0.372339939831573,1
"9121",2000-08-06 14:36:52,23,140,0.7632,5.787337266688,-0.60004419683565,"S",0.725914821275751,-0.392664431295307,-0.564678950066077,1
"9122",2000-08-06 14:36:52,23,38,0.8964,5.19759051243911,0.373674992851986,"N",0.434202286409211,-0.82353791625027,0.36503927867447,1
"9122c",2000-08-06 14:36:52,23,8,0.9598,5.01136388125132,0.33248522250492,"N",0.278409949527611,-0.903302502478932,0.326393150999422,1
"9116m",2000-08-08 15:28:51,23,4,0.5777,5.31679650035033,-0.20926497731412,"S",0.555877108381491,-0.804887774975621,-0.207740968689917,1
"9119c",2000-08-08 15:28:51,23,29,0.087,5.92068042154036,0.148352986419518,"N",0.924741187939936,-0.350722273756535,0.147809411129611,1
"9123",2000-08-08 15:28:51,23,119,0.972,4.49090669830661,0.325503905496942,"N",-0.208140689717468,-0.924345278405956,0.319786271707452,1
"9115m",2000-08-09 16:19:18,23,2,0.1631,5.49918340718373,0.237539311196428,"N",0.688210097848057,-0.686290931118686,0.23531174871692,1
"9119a",2000-08-09 16:19:18,23,12,0.6647,6.14373349994524,-0.383623369588354,"S",0.918312509640415,-0.128896969138156,-0.374282922379476,1
"9124",2000-08-09 16:19:18,23,59,0.9913,4.19908764737316,-0.235968514869633,"S",-0.477447846595567,-0.846987741789696,-0.233784770759874,1
"9126",2000-08-09 16:19:18,23,6,0.1658,5.76936037539246,0.089884456477708,"N",0.867355274492559,-0.489527677232562,0.0897634727115055,1
"9133b",2000-08-09 16:19:18,23,19,0.9825,4.31550110848118,-0.493753645389196,"S",-0.340380501666429,-0.812112785144969,-0.47393452953904,1
"9111a",2000-08-10 10:06:45,23,28,0.9739,0.508588944031148,0.259879525621956,"N",0.844103444592125,0.470594106843605,0.256964124795229,1
"9125",2000-08-10 10:06:45,23,129,0.9712,4.08075432408794,0.474904089467657,"N",-0.525121962042765,-0.717750987094478,0.457253152537257,1
"9127",2000-08-10 10:06:45,23,32,0.8566,4.73315839848342,-0.683121869230581,"S",0.0161077255792105,-0.77543864315351,-0.631217436293476,1
"9114m",2000-08-11 11:11:42,23,5,0.697,5.96256832358823,0.229510796637254,"N",0.924155213605674,-0.306888182172548,0.227501175399776,1
"9121b",2000-08-11 11:11:42,23,2,0.5141,5.60669568910658,0.46774823953448,"N",0.696016309165288,-0.558811900980805,0.450877540689431,1
"9122b",2000-08-11 11:11:42,23,4,0.243,4.96144746464428,0.0294960643587042,"N",0.246384385168327,-0.968723370841045,0.0294917875278552,1
"9127b",2000-08-11 11:11:42,23,3,0.4841,4.68795437085677,0.190066355542183,"N",-0.0239921961862147,-0.981698566563419,0.188924055984121,1
"9127m",2000-08-11 11:11:42,23,1,0.7094,4.68830343670717,-0.505621884302757,"S",-0.0210697650017703,-0.874619682320636,-0.484351604002836,1
"9128",2000-08-11 11:11:42,23,71,0.9861,3.77479810621334,0.176452787376627,"N",-0.793617671829159,-0.582543739000428,0.175538551639996,1
"9122a",2000-08-12 14:47:34,23,5,0.4262,5.109102319363,-0.285361332701073,"S",0.370763456346641,-0.885036637891644,-0.281504190070675,1
"9129",2000-08-12 14:47:34,23,177,0.9815,3.56745299107641,-0.104370689269261,"S",-0.905728013650465,-0.410856448576191,-0.104181303275318,1
"9130",2000-08-12 14:47:34,23,1,0.5035,4.83805268652828,-0.403520123061089,"S",0.115267030965138,-0.912432502898051,-0.392658170967675,1
"9115d",2000-08-13 07:59:54,23,6,0.6719,5.29463081885,-0.401425727958696,"S",0.506183568235649,-0.768835080155507,-0.390731128489274,1
"9132",2000-08-14 11:13:47,23,30,0.8587,3.46727109201193,0.39095375244673,"N",-0.875946233081846,-0.295810015073839,0.381070376350274,1
"9134",2000-08-14 11:13:47,23,15,0.9577,3.21419835047276,0.120602251312808,"N",-0.990120860112532,-0.0720150040000878,0.120310105846879,1
"9135",2000-08-14 11:13:47,23,43,0.6411,3.88929170514416,-0.220609617452083,"S",-0.715484339337061,-0.663474185986432,-0.218824506609865,1
"9136",2000-08-15 13:28:14,23,12,0.3741,3.86485709561624,0.110304808726042,"N",-0.745093278823399,-0.6578131357454,0.110081262224782,1
"9133c",2000-08-16 06:41:22,23,7,0.2377,4.29892048058723,0.224100275956072,"N",-0.391741027063379,-0.892834328817522,0.222229226251396,1
"9134a",2000-08-16 06:41:22,23,1,0.9152,2.91714331178332,0.400553063332699,"N",-0.897747742254815,0.204952164107966,0.389927687788188,1
"9134b",2000-08-16 06:41:22,23,12,0.9774,2.707703801544,0.233699586842041,"N",-0.882672944988601,0.408974384523016,0.23157811854571,1
"9133m",2000-08-18 15:02:15,23,1,0.8372,4.26052323704336,-0.597251670032459,"S",-0.36105472128706,-0.743893249418517,-0.562372049186198,1
"9137",2000-08-18 15:02:15,23,1,0.8887,2.44031936013847,0.389382956119935,"N",-0.706829311887574,0.596894275679282,0.37961763330731,1
"9134m",2000-08-19 13:28:00,23,2,0.26,3.16323473631452,-0.0865683308989187,"S",-0.996021997711699,-0.0215593565638766,-0.0864602464659229,1
"9138",2000-08-19 13:28:00,23,80,0.9729,2.10923040103515,-0.536688744988256,"S",-0.440696950616257,0.737811342991782,-0.511293086077052,1
"9139",2000-08-19 13:28:00,23,4,0.7012,2.60577657322753,-0.173660260573436,"S",-0.846919160172495,0.502863798297238,-0.172788704766228,1
"9139m",2000-08-20 14:24:27,23,1,0.9062,1.9397589306665,0.245218759905203,"N",-0.349858984482229,0.904799493802852,0.242768546132249,1
"9137m",2000-08-22 14:18:07,23,6,0.4628,2.14535871655143,0.19704767255016,"N",-0.532950774385632,0.823186263673718,0.195774991714107,1
"9138a",2000-08-22 14:18:07,23,3,0.7918,1.82840692438926,-0.350287580875262,"S",-0.239299534685015,0.908279416485412,-0.343167938899388,1
"9140",2000-08-22 14:18:07,23,12,0.9487,1.36641827138636,0.158475896081085,"N",0.200414920397409,0.966917160432216,0.157813385185794,1
"9140m",2000-08-22 14:18:07,23,1,0.5889,2.09038084511361,-0.211184839491314,"S",-0.485488475108243,0.848740831245445,-0.209618562903822,1
"9141",2000-08-23 06:50:03,23,12,0.1525,2.44991867102444,0.273318560862312,"N",-0.741590652589125,0.614151463274397,0.269928294460496,1
"9140a",2000-08-24 09:34:21,23,7,0.8174,1.24459428959716,0.224449341806471,"N",0.312409818103263,0.923505766618878,0.222569549971161,1
"9142",2000-08-24 09:34:21,23,71,0.9817,0.807912910748175,0.280998009571087,"N",0.663906641049,0.694495899940969,0.277314653302378,1
"9143",2000-08-24 09:34:21,23,268,0.9916,0.811054503401765,-0.305781684949406,"S",0.656785229763356,0.691381854236675,-0.30103869119592,1
"9143m",2000-08-24 09:34:21,23,7,0.6856,1.5695745963185,-0.285012266850674,"S",0.00117244338267549,0.959657487463732,-0.281169223300331,1
"9137a",2000-08-25 08:04:34,23,6,0.5878,2.37312418393669,0.643677428135509,"N",-0.575104713018568,0.555954399023895,0.600141046146496,1
"9143s",2000-08-25 08:04:34,23,8,0.8566,1.1093312725676,-0.435983247148183,"S",0.40360862469016,0.811641056459399,-0.422301874901342,1
"9144",2000-08-25 08:04:34,23,32,0.4765,1.6004669240788,0.446629755585349,"N",-0.0267562206708206,0.901510960211897,0.431928342752866,1
"9145",2000-08-26 09:46:47,23,10,0.9899,0.347320521146872,-0.172089464246641,"S",0.926399239440506,0.335351843100511,-0.171241322387858,1
"9146",2000-08-26 09:46:47,23,8,0.9725,0.507716279405151,-0.454309204294124,"S",0.785216866350856,0.436866616123917,-0.438841694138763,1
"9148",2000-08-26 09:46:47,23,7,0.992,0.352731041828054,-0.302465559370617,"S",0.895832553972286,0.329779731954414,-0.297874744877048,1
"9138m",2000-08-27 09:24:26,23,2,0.4938,1.24389615789636,-0.312239403181786,"S",0.305582657665091,0.901250918720556,-0.307190528564429,1
"9143n",2000-08-27 09:24:26,23,5,0.6038,1.05854219133456,-0.335103216382911,"S",0.462879740459287,0.823157988806075,-0.328866646738583,1
"9149",2000-08-27 09:24:26,23,137,0.9972,0.000349065850398866,0.238586508747625,"N",0.971672935779721,0.000339177853413442,0.236329411693938,1
"9147",2000-08-28 06:37:11,23,128,0.9681,6.27515679262041,0.100880030765272,"N",0.994883859020283,-0.00798761116684223,0.100709012152624,1
"9138n",2000-08-29 14:33:37,23,1,0.735,1.55543742937735,-0.506145483078356,"S",0.0134326662286862,0.874516549640195,-0.484809620246337,1
"9150",2000-08-29 14:33:37,23,23,0.988,5.85837216724417,0.206472450510929,"N",0.891763829164532,-0.403396534843773,0.205008557552724,1
"9154",2000-08-30 11:48:24,23,13,0.9858,5.75155801702211,-0.359363292985632,"S",0.806920588349545,-0.474554062907015,-0.351678269837743,1
"9152",2000-08-31 10:53:50,23,57,0.9795,5.47143267207702,0.331961623729321,"N",0.650654070614762,-0.685886036306396,0.325898182861368,1
"9153",2000-08-31 10:53:50,23,15,0.7852,6.25281657819489,-0.558679893563385,"S",0.847564607295469,-0.0257473755983181,-0.530067268476253,1
"9146m",2000-09-01 07:17:47,23,4,0.6039,0.201585528605345,-0.494626310015193,"S",0.862323511363351,0.176225508725542,-0.474702782617087,1
"9145b",2000-09-02 09:42:16,23,4,0.3686,0.174532925199433,0.499687764845977,"N",0.864397488053506,0.152416599200456,0.479151503112488,1
"9155",2000-09-02 09:42:16,23,3,0.7661,5.59360571971663,-0.165282680163863,"S",0.760999279637222,-0.627542502168511,-0.16453116532655,1
"9140n",2000-09-03 09:36:50,23,7,0.8652,0.958534825195286,0.269653369433124,"N",0.55395115562538,0.788777896522924,0.266397348219117,1
"9150a",2000-09-03 09:36:50,23,1,0.6041,5.64038054367007,0.517490123216319,"N",0.695613774701279,-0.520953870704155,0.494700455876278,1
"9151",2000-09-03 09:36:50,23,14,0.2428,5.94302063596589,0.167726141116655,"N",0.929470751875163,-0.328960301105347,0.16694083294778,1
"9145a",2000-09-04 14:36:27,23,14,0.6448,0.328645498150532,0.193207948195772,"N",0.928869547651764,0.316755803348165,0.19200813652152,1
"9153a",2000-09-04 14:36:27,23,2,0.3389,6.08596310170423,-0.168598805742652,"S",0.96671038272851,-0.193167795773732,-0.167801187721706,1
"9154m",2000-09-05 07:25:27,23,4,0.7133,5.61280434148856,-0.654673002423073,"S",0.621576540116444,-0.49283215559406,-0.608899886015249,1
"9156",2000-09-05 07:25:27,23,14,0.981,4.47188260945987,-0.481885406475634,"S",-0.211069513297578,-0.860617864933691,-0.46345069976568,1
"9157",2000-09-06 08:38:34,23,48,0.9495,4.23189983731065,0.387288561017542,"N",-0.42797988365406,-0.821091743672272,0.37767918616292,1
"9158",2000-09-06 08:38:34,23,145,0.997,3.95456701916875,0.530929158456675,"N",-0.592719639261307,-0.626345345713219,0.506334807353133,1
"9159",2000-09-06 08:38:34,23,1,0.8512,4.53960138443725,-0.204901654184134,"S",-0.168332515389953,-0.964501823927676,-0.203470872369188,1
"9162b",2000-09-07 06:04:36,23,17,0.7452,4.58114022063472,-0.321664181142555,"S",-0.124159904981767,-0.940550974683904,-0.316145823973806,1
"9155m",2000-09-08 06:51:40,23,6,0.4887,4.93945631606915,-0.365821011218011,"S",0.210224933808496,-0.909859697360358,-0.357716100175169,1
"9164a",2000-09-09 06:41:11,23,3,0.8081,3.88213585521099,0.201410995680146,"N",-0.723181647259764,-0.661050301755769,0.200052002277562,1
"9155n",2000-09-10 06:11:08,23,2,0.361,4.97418836818384,0.0952949771588904,"N",0.257644749124362,-0.961543294035457,0.0951508115787117,1
"9161",2000-09-11 06:35:25,23,29,0.8785,3.29500709484009,0.103672557568463,"N",-0.982948940202745,-0.15199287192838,0.103486945250423,1
"9161b",2000-09-12 14:20:37,23,4,0.6463,3.4180528071057,0.471587963888868,"N",-0.857020424607065,-0.243158685122547,0.454301492024625,1
"9162",2000-09-12 14:20:37,23,107,0.7728,4.59335752539868,-0.598822466359255,"S",-0.0980879634632238,-0.82015524907538,-0.563670221705688,1
"9163",2000-09-12 14:20:37,23,2,0.543,3.85909750908466,-0.407534380340676,"S",-0.69174184576184,-0.603657514892087,-0.396346847516556,1
"9164m",2000-09-12 14:20:37,23,2,0.3026,3.88091412473459,-0.117286125734019,"S",-0.733849390444988,-0.66915767756635,-0.117017411941677,1
"9165",2000-09-12 14:20:37,23,14,0.6755,3.3227578299468,0.244346095279206,"N",-0.954416277784842,-0.174823811675615,0.241921895599668,1
"9166",2000-09-14 13:39:54,23,195,0.9911,2.21080856350122,-0.213802833369305,"S",-0.583607553426652,0.783825783590734,-0.212177672156446,1
"9168a",2000-09-16 06:57:10,23,3,0.5328,2.75395502672185,-0.195302343298165,"S",-0.908204191002021,0.370816188178699,-0.19406313928973,1
"9168m",2000-09-16 06:57:10,23,6,0.6996,2.45306026367803,0.352381975977655,"N",-0.724731478429464,0.596361076030239,0.345134395807632,1
"9168n",2000-09-16 06:57:10,23,2,0.279,2.93634193355526,0.174532925199433,"N",-0.964136554944541,0.200716251989284,0.17364817766693,1
"9167",2000-09-17 13:21:52,23,424,0.9593,1.61530222272075,0.228987197861656,"N",-0.0433298415052939,0.972932415813473,0.22699127537085,1
"9168",2000-09-17 13:21:52,23,19,0.197,2.72672789039074,0.155857902203094,"N",-0.904077800086908,0.398180493082347,0.155227659644524,1
"9169",2000-09-17 13:21:52,23,610,0.9958,1.43047185493455,0.162141087510273,"N",0.138029929921244,0.977183495296658,0.161431579827934,1
"9166m",2000-09-20 09:25:50,23,3,0.4925,1.76609867009306,0.257959663444762,"N",-0.187642074603976,0.94853056296005,0.25510825735167,1
"9167n",2000-09-20 09:25:50,23,2,0.6729,1.59418373877162,0.486074196680421,"N",-0.0206766481201676,0.883931841654831,0.467158405180956,1
"9170",2000-09-21 08:42:56,23,91,0.6331,1.39975406009945,-0.0989601685880785,"S",0.169376738512103,0.98058672851384,-0.098798726274825,1
"9171",2000-09-22 08:46:46,23,63,0.9892,0.432318055718995,-0.23387411976724,"S",0.883277558350313,0.40757044071028,-0.231747903494157,1
"9169m",2000-09-24 14:43:00,23,4,0.4749,0.903906019607863,0.439473905652172,"N",0.559768638487642,0.711083643751102,0.425463421406996,1
"9172",2000-09-24 14:43:00,23,135,0.9628,6.26747734391164,0.24329889772801,"N",0.970428800058135,-0.0152447137935512,0.240905671828376,1
"9173",2000-09-24 14:43:00,23,65,0.9853,6.217909993155,-0.206996049286527,"S",0.976568490195588,-0.0638365069094502,-0.205521007059399,1
"9169a",2000-09-25 08:24:20,23,7,0.5099,0.679456677801392,0.435459648372585,"N",0.70531636381952,0.569728568538653,0.421827198173976,1
"9174",2000-09-25 08:24:20,23,10,0.7909,1.75684842505749,-0.559378025264183,"S",-0.156786823723266,0.83295785373008,-0.530659123935647,1
"9170a",2000-09-26 13:27:35,23,90,0.4861,1.29643056838139,-0.11693705988362,"S",0.269086152174139,0.956023316563364,-0.116670737099333,1
"9170m",2000-09-26 13:27:35,23,4,0.5229,0.87109382967037,-0.414341164423454,"S",0.589496804332074,0.700297993769875,-0.402586931735446,1
"9175",2000-09-26 13:27:35,23,37,0.9562,5.83777728207063,0.39095375244673,"N",0.834342656058424,-0.398318591769999,0.381070376350274,1
"9177m",2000-09-26 13:27:35,23,3,0.4989,0.492182849062401,0.51714105736592,"N",0.766060848713015,0.410758223115272,0.494397065335424,1
"9171b",2000-09-27 06:34:18,23,1,0.5301,0.143815130364333,0.291469985083053,"N",0.947934333798852,0.13727501752697,0.287360519849712,1
"9173a",2000-09-27 06:34:18,23,7,0.8623,6.02854176931361,-0.34766958699727,"S",0.909851758050747,-0.236829065229047,-0.340707751943952,1
"9176",2000-09-27 06:34:18,23,232,0.9812,5.61856392802015,-0.154810704651897,"S",0.77773662160088,-0.609385136361557,-0.154193070539683,1
"9178",2000-09-28 11:30:43,23,75,0.9596,5.48434810854178,-0.376118453804778,"S",0.648780481375318,-0.66645706935765,-0.367313029566913,1
"9179",2000-09-29 07:20:43,23,2,0.6024,6.03622121802239,0.598822466359255,"N",0.800938307040917,-0.201925009537429,0.563670221705688,1
"9186a",2000-09-29 07:20:43,23,6,0.7596,5.74649656219133,-0.311890337331387,"S",0.81794452533826,-0.486625855943271,-0.306858322026056,1
"9180",2000-09-30 12:34:06,23,2,0.6647,6.25019858431689,-0.605978316292431,"S",0.821498126311244,-0.0271083641576934,-0.569566471151357,1
"9177",2000-10-01 13:45:57,23,181,0.6771,0.368264472170804,0.496022573416789,"N",0.820516302629757,0.316610891036959,0.475931235364496,1
"9181",2000-10-02 10:17:28,23,368,0.9839,4.48148192034584,-0.488692190558412,"S",-0.202071918966759,-0.859513461965818,-0.469471562785891,1
"9182",2000-10-02 10:17:28,23,197,0.9885,4.36594112386382,0.0144862327915529,"N",-0.339523236773107,-0.940486116553216,0.0144857261386065,1
"9187",2000-10-02 10:17:28,23,13,0.9409,4.54117218076405,0.359712358836031,"N",-0.159476746383704,-0.922312114142996,0.352005016253951,1
"9183",2000-10-03 06:07:57,23,26,0.6921,5.97443656250179,-0.551698576555408,"S",0.81136548543246,-0.25878373219433,-0.52413455238185,1
"9184",2000-10-03 06:07:57,23,37,0.9667,4.32195882671356,-0.235968514869633,"S",-0.370039569370647,-0.899119234618379,-0.233784770759874,1
"9186",2000-10-04 12:13:12,23,84,0.5827,5.91684069718598,0.254992603716372,"N",0.903453764830322,-0.346622502567892,0.252238251515287,1
"9184m",2000-10-07 10:36:06,23,12,0.6608,4.00361077114979,-0.255690735417169,"S",-0.629744986012522,-0.734476608754934,-0.25291374771637,1
"9188",2000-10-08 09:25:20,23,7,0.7008,3.68281925463323,-0.16615534478986,"S",-0.845273665759832,-0.508092469781398,-0.165391874420648,1
"9189",2000-10-08 09:25:20,23,35,0.8976,3.28558231687933,0.236841179495631,"N",-0.962024266296094,-0.139486880156437,0.23463316330324,1
"9190",2000-10-08 09:25:20,23,140,0.999,2.91941223981092,-0.284314135149876,"S",-0.936260372319716,0.211510570194405,-0.280499187021609,1
"9182b",2000-10-10 15:59:32,23,9,0.4659,3.62138366496303,0.5232497097479,"N",-0.768398476393937,-0.399832490452537,0.499697669650358,1
"9189m",2000-10-10 15:59:32,23,6,0.3885,3.48193185772869,0.116587994033221,"N",-0.936242194752983,-0.331540749548934,0.116324048041013,1
"9191",2000-10-10 15:59:32,23,9,0.9315,2.67192455187812,0.314682864134578,"N",-0.847930341758578,0.430365713473911,0.30951492402027,1
"9193n",2000-10-10 15:59:32,23,13,0.1667,3.78055769274492,0.241728101401215,"N",-0.779375112318956,-0.579026119596536,0.239380841177384,1
"9192",2000-10-11 08:41:45,23,41,0.3794,3.54162211814689,-0.235095850243636,"S",-0.895713306703399,-0.378732621833032,-0.232936200179235,1
"9193",2000-10-11 08:41:45,23,1,0.0254,3.70079614592878,0.0965167076352864,"N",-0.843732738879125,-0.528042120110345,0.0963669275887815,1
"9193m",2000-10-12 07:29:14,23,28,0.1746,3.67461620714886,0.152192710773906,"N",-0.851319171431959,-0.502266195775987,0.151605860484089,1
"9194",2000-10-12 07:29:14,23,131,0.9645,2.23454504132834,-0.201760061530544,"S",-0.60357717155381,0.771710336121897,-0.200393999664986,1
"9195",2000-10-12 07:29:14,23,15,0.8566,4.53960138443725,0.196698606699761,"N",-0.16861381229073,-0.96611358249515,0.195432668771556,1
"9196a",2000-10-12 07:29:14,23,0,0.6051,3.96521352760592,-0.358141562509236,"S",-0.636450601462502,-0.687063550383857,-0.350534320191259,1
"9197",2000-10-12 07:29:14,23,17,0.9764,2.13052341790948,0.359363292985632,"N",-0.497038045676137,0.793268917627798,0.351678269837743,1
"9192m",2000-10-13 12:19:29,23,2,0.2735,3.32607395552559,-0.154112572951099,"S",-0.971380781768281,-0.181262596553919,-0.153503250459965,1
"9196",2000-10-13 12:19:29,23,117,0.9301,4.25825430901576,-0.584161700642502,"S",-0.365939810696722,-0.749623563661686,-0.551500288078258,1
"9189a",2000-10-14 10:12:00,23,5,0.1266,3.12309216351865,0.0315904594610974,"N",-0.999330019128086,0.0184902046807524,0.0315852054025661,1
"9198",2000-10-14 10:12:00,23,18,0.9827,1.73293741430517,-0.539655804716647,"S",-0.138489826708608,0.846633486131931,-0.513840741921379,1
"9200",2000-10-15 13:28:03,23,106,0.9849,1.40202298812704,-0.274889357189107,"S",0.161666727658733,0.948780243968625,-0.271440449865074,1
"9202",2000-10-15 13:28:03,23,37,0.9523,1.48754412147477,0.201061929829747,"N",0.0814808947818859,0.976461359946454,0.199709980514407,1
"9199",2000-10-16 09:17:25,23,18,0.8275,1.58894775101564,0.148003920569119,"N",-0.0179519961054003,0.988904466702406,0.147464170468155,1
"9201",2000-10-17 06:48:15,23,185,0.9748,0.997979266290358,0.306305283725005,"N",0.516773677742093,0.801261395990985,0.301537959944496,1
"9203",2000-10-17 06:48:15,23,4,0.5644,1.78337742968781,0.294786110661842,"N",-0.201882677146406,0.9353249092648,0.290535193697757,1
"9204a",2000-10-17 06:48:15,23,3,0.9495,1.19153628033653,-0.407883446191075,"S",0.339860173176117,0.852730974570287,-0.396667301018256,1
"9199m",2000-10-18 09:19:06,23,13,0.5474,1.52698856256984,0.133517687777566,"N",0.0434039780385988,0.990148879673822,0.133121338526552,1
"9199n",2000-10-18 09:19:06,23,3,0.3698,1.73607900695876,0.0232128790515246,"N",-0.16448683951519,0.986106149786894,0.0232107944450871,1
"9191m",2000-10-19 08:46:48,23,4,0.3678,2.14675497995303,0.369660735572399,"N",-0.507848654693049,0.782018350282197,0.361299105656754,1
"9204m",2000-10-19 08:46:48,23,4,0.6848,1.16134208427703,0.374896723328382,"N",0.370458277246011,0.853624911090617,0.366176427402768,1
"9191n",2000-10-20 07:48:46,23,4,0.8892,2.75011530236746,0.400553063332699,"N",-0.851180185098645,0.351352658722819,0.389927687788188,1
"9198a",2000-10-21 06:38:23,23,3,0.5404,1.61477862394515,0.639139572080323,"N",-0.0352892208651172,0.801833128916458,0.596505074800521,1
"9200m",2000-10-22 07:09:14,23,2,0.5829,0.907222145186652,-0.455880000620919,"S",0.553033345142849,0.707341328636182,-0.440252613806337,1
"9199a",2000-10-23 08:35:35,23,4,0.7831,1.48457706174638,-0.662177918206649,"S",0.0679130433836391,0.78572551925396,-0.61483593497084,1
"9206",2000-10-23 08:35:35,23,36,0.8863,6.16136132539038,0.374722190403183,"N",0.92371225136906,-0.113090319729669,0.366014011007972,1
"9207",2000-10-23 08:35:35,23,26,0.9735,5.95384167732826,-0.315206462910176,"S",0.899635120753671,-0.307487776474264,-0.310012768810321,1
"9215a",2000-10-23 08:35:35,23,3,0.6598,0.263893782901543,0.312239403181786,"N",0.918703537917,0.248229306446871,0.307190528564429,1
"9198p",2000-10-24 12:11:22,23,5,0.4899,0.303338223996614,-0.237888377046827,"S",0.927468159891982,0.290295400105668,-0.235650998436397,1
"9201m",2000-10-24 12:11:22,23,5,0.2762,0.690103186238558,0.366868208769208,"N",0.719862346564366,0.594253273918149,0.358693808751149,1
"9206m",2000-10-24 12:11:22,23,6,0.6851,0.0460766922526503,0.520980781720307,"N",0.866410895272991,0.0399496240253235,0.497731039912612,1
"9208",2000-10-24 12:11:22,23,116,0.9467,5.76360078886087,-0.159523093632282,"S",0.857004360010977,-0.490215298458434,-0.158847373536625,1
"9211",2000-10-24 12:11:22,23,8,0.4014,0.616450291804397,0.492008316137202,"N",0.719154347541238,0.509566633870966,0.472396941202998,1
"9198n",2000-10-25 10:41:54,23,6,0.4197,0.430223660616602,-0.31398473243378,"S",0.864438109123064,0.396683521105349,-0.308850998993373,1
"9206n",2000-10-25 10:41:54,23,8,0.6761,6.06606634823149,0.386590429316744,"N",0.904454755279168,-0.199519328649555,0.377032668542305,1
"9208m",2000-10-25 10:41:54,23,15,0.8404,5.7850683386604,-0.085870199198121,"S",0.875246934545405,-0.476011783911818,-0.0857647080445139,1
"9209",2000-10-25 10:41:54,23,277,0.994,5.34943415736262,-0.411199571769864,"S",0.545239550427083,-0.736848962502646,-0.399709193175298,1
"9211n",2000-10-25 10:41:54,23,1,0.425,0.369835268497598,0.51085787205874,"N",0.813344771008301,0.315312344551697,0.48892577028294,1
"9215",2000-10-25 10:41:54,23,4,0.2363,0.431619924018198,0.318871654339364,"N",0.862502172957038,0.397253951145173,0.313495294931098,1
"9215c",2000-10-25 10:41:54,23,3,0.6773,6.10533625640136,-0.270526034059121,"S",0.948430628348086,-0.170478718795957,-0.267238376078257,1
"9206o",2000-10-27 14:23:32,23,6,0.4937,6.14530429627203,0.583638101866904,"N",0.826543846675474,-0.114692436571679,0.551063439647526,1
"9213",2000-10-27 14:23:32,23,223,0.9984,4.75532407998375,0.0499164166070378,"N",0.0428684475012682,-0.997834012404978,0.049895690160708,1
"9212",2000-10-28 11:10:04,23,476,0.9839,4.67294453928962,0.159523093632282,"N",-0.0389335232711978,-0.986535195867946,0.158847373536625,1
"9214",2000-10-28 11:10:04,23,164,0.9715,4.76003646896414,-0.183608637309803,"S",0.0468288693365158,-0.982075385338836,-0.182578735093222,1
"9215b",2000-10-28 11:10:04,23,3,0.3716,0.102276294166868,0.30159289474462,"N",0.949874744842278,0.0974898349830936,0.297041581577035,1
"9207a",2000-10-29 14:07:53,23,19,0.2241,5.84563126370461,0.302291026445418,"N",0.864719457366512,-0.40451221140858,0.297708130344311,1
"9215m",2000-10-30 12:55:02,23,7,0.6695,6.28056731330159,0.378736447682769,"N",0.929129387448751,-0.00243246060547948,0.369746757273829,1
"9218",2000-10-30 12:55:02,23,4,0.9504,4.33312893392632,0.34470252726888,"N",-0.348454607180404,-0.874294960770454,0.337916718003327,1
"9217",2000-10-31 10:47:21,23,8,0.6016,5.80775761893633,-0.415213829049451,"S",0.813550542691582,-0.418826422883967,-0.403385599619585,1
"9219",2000-10-31 10:47:21,23,214,0.9975,3.879517861333,0.113097335529233,"N",-0.735139201623385,-0.668456274284131,0.112856384873482,1
"9210a",2000-11-01 09:39:46,23,3,0.3591,4.9544661476363,0.379085513533168,"N",0.222700468597944,-0.901915688672756,0.370071063192198,1
"9230",2000-11-01 09:39:46,23,4,0.9915,3.71755130674792,0.168424272817453,"N",-0.826803487147602,-0.536932462635833,0.167629126968989,1
"9220",2000-11-03 13:38:01,23,32,0.8389,3.67025288401888,0.0980875039620813,"N",-0.859333067247297,-0.501952524757137,0.0979302937057193,1
"9220m",2000-11-03 13:38:01,23,4,0.6547,4.0023890406734,0.372802328225989,"N",-0.607059475948079,-0.706270278761123,0.364226695891898,1
"9222",2000-11-03 13:38:01,23,8,0.2205,4.72408268637305,0.284663201000275,"N",0.0112228521184557,-0.959690672660792,0.280834222270369,1
"9209m",2000-11-04 12:47:32,23,25,0.6359,4.50452026647216,-0.614181363776804,"S",-0.168659009291532,-0.799652632885736,-0.576289688701533,1
"9214n",2000-11-04 12:47:32,23,3,0.4927,4.04619680489845,-0.260054058547155,"S",-0.59721736027564,-0.759746109743156,-0.257132793154696,1
"9217m",2000-11-04 12:47:32,23,19,0.977,5.73218486232498,-0.464432113955691,"S",0.76175386670471,-0.46808447270261,-0.447915140372751,1
"9218m",2000-11-04 12:47:32,23,4,0.3968,4.59405565709947,0.446106156809751,"N",-0.106503545265027,-0.895825136670841,0.431456045680959,1
"9221",2000-11-04 12:47:32,23,240,0.9821,3.08713838092757,-0.213453767518907,"S",-0.975856483228054,0.0531921417285832,-0.211836541229557,1
"9214m",2000-11-05 07:55:16,23,3,0.3824,3.93414666692042,-0.148702052269917,"S",-0.694281326748973,-0.704289460248357,-0.148154633780938,1
"9223",2000-11-05 07:55:16,23,144,0.9895,2.86600516469989,-0.288677458279862,"S",-0.922448129353053,0.260852629305665,-0.284684657888995,1
"9226",2000-11-06 07:39:13,23,4,0.8497,5.0464449992164,0.173485727648236,"N",0.322955767224092,-0.930539098972452,0.172616794374807,1
"9224",2000-11-07 14:23:32,23,34,0.855,4.71483244133748,0.492880980763199,"N",0.00215262180163842,-0.880970704729333,0.473165915539233,1
"9225",2000-11-07 14:23:32,23,57,0.4429,3.93414666692042,-0.351160245501259,"S",-0.659186927566962,-0.668689171856075,-0.343987479375725,1
"9227",2000-11-07 14:23:32,23,46,0.9443,2.52933115199018,-0.203330857857339,"S",-0.801491875874933,0.562880061450061,-0.201932685141501,1
"9228",2000-11-08 12:47:27,23,12,0.7611,2.69217037120125,0.362155819788823,"N",-0.84227463689275,0.406265056879973,0.354291037997716,1
"9227a",2000-11-09 10:54:52,23,9,0.9748,1.96192461216683,0.266686309704734,"N",-0.36775498993807,0.891798668399467,0.263536339840613,1
"9230m",2000-11-09 10:54:52,23,5,0.3022,3.61667127598265,0.0647517152489896,"N",-0.887393182059944,-0.456449791702521,0.0647064764011497,1
"9225m",2000-11-10 11:49:11,23,41,0.7477,3.81284628390681,-0.367391807544806,"S",-0.730788047045906,-0.58046253176466,-0.359182515599231,1
"9229",2000-11-10 11:49:11,23,120,0.9764,1.71897478028922,0.106116018521255,"N",-0.146806332648513,0.983478263616424,0.105916975449252,1
"9227m",2000-11-11 14:04:54,23,12,0.542,2.39232280570863,-0.327772833524535,"S",-0.693206011843675,0.644843493497839,-0.321935232674661,1
"9231",2000-11-13 10:45:03,23,313,0.9871,1.0149089600347,-0.405090919387884,"S",0.484988915994606,0.780685026366231,-0.394102322969473,1
"9232",2000-11-13 10:45:03,23,233,0.9856,0.979827842069617,0.454483737219323,"N",0.500606410483093,0.746105571800175,0.438998516525931,1
"9227n",2000-11-14 07:42:10,23,2,0.1771,2.17171318825654,0.226020138133266,"N",-0.551018597697865,0.803839159576509,0.224100670508613,1
"9228m",2000-11-15 11:08:43,23,1,0.536,2.44101749183927,0.300196631343025,"N",-0.730283112427011,0.615827349866069,0.295708050044047,1
"9234",2000-11-15 11:08:43,23,11,0.5662,1.38858395288669,0.320791516516558,"N",0.171961757469535,0.933275865186982,0.315317797511462,1
"9235",2000-11-15 11:08:43,23,43,0.9414,0.703542221478914,0.207694180987325,"N",0.746167341818809,0.633019851132621,0.20620418539663,1
"9238",2000-11-15 11:08:43,23,13,0.9184,0.8311257897997,-0.406487182789479,"S",0.61912032629806,0.67849875993773,-0.395385197405702,1
"9229n",2000-11-16 11:19:12,23,6,0.3339,1.52105444311306,-0.244520628204406,"S",0.048242336432255,0.96905340836582,-0.242091240465542,1
"9235m",2000-11-16 11:19:12,23,40,0.9538,0.43388885204579,0.276634686441101,"N",0.872840767298191,0.404418780046538,0.273119836862822,1
"9236",2000-11-18 12:23:37,23,599,0.9687,6.18335247396551,0.356745299107641,"N",0.932372747920215,-0.093391885739921,0.349226308593222,1
"9237",2000-11-18 12:23:37,23,23,0.2575,1.45822259004126,0.159174027781883,"N",0.110916023136941,0.981108821883444,0.158502730052093,1
"9239",2000-11-21 11:08:46,23,222,0.9936,5.39865244226886,-0.350287580875262,"S",0.595171907334996,-0.726640328106532,-0.343167938899388,1
"9233m",2000-11-22 12:08:40,23,2,0.5692,0.887325391713917,0.219213354050488,"N",0.616375877125471,0.75682964612491,0.217461869862855,1
"9240",2000-11-22 12:08:40,23,451,0.9805,5.21870899638825,0.165108147238664,"N",0.478367060280048,-0.862641914110378,0.164359008451038,1
"9241",2000-11-22 12:08:40,23,3,0.3564,0.273318560862312,0.394269878025519,"N",0.889005616613159,0.249218660219168,0.384134186227703,1
"9232m",2000-11-23 13:19:47,23,5,0.6787,0.729198561483231,0.404218254761887,"N",0.685612063802015,0.612577424407603,0.393300136124167,1
"9239a",2000-11-23 13:19:47,23,5,0.8938,5.25448824605413,-0.0979129710368819,"S",0.513464267530058,-0.852524541273745,-0.0977565982213525,1
"9238m",2000-11-24 11:17:24,23,5,0.405,5.88943902792967,-0.305432619099008,"S",0.880736890101804,-0.365894182187008,-0.300705799504273,1
"9238n",2000-11-24 11:17:24,23,1,0.388,6.18457420444191,-0.361981286863624,"S",0.930653716431472,-0.0920714216532815,-0.35412782071878,1
"9238s",2000-11-24 11:17:24,23,2,0.2866,5.91753882888677,-0.158126830230686,"S",0.922241541874839,-0.353092271276071,-0.157468683888021,1
"9242",2000-11-24 11:17:24,23,35,0.9717,4.81745780135475,0.387114028092342,"N",0.0971150691139252,-0.920895838121871,0.377517574002608,1
"9244a",2000-11-24 11:17:24,23,5,0.5697,5.56690218216111,0.237888377046827,"N",0.733009962697692,-0.638094821732521,0.235650998436397,1
"9241a",2000-11-25 09:44:35,23,1,0.6238,0.089884456477708,0.546637121724624,"N",0.85082880874417,0.0766829089283947,0.519817342620709,1
"9243",2000-11-25 09:44:35,23,8,0.8943,4.83770362067788,-0.195825942073764,"S",0.122598074585858,-0.97319555980116,-0.19457675732509,1
"9238o",2000-11-26 10:43:59,23,2,0.4886,6.02417844618363,-0.359537825910832,"S",0.904837099775463,-0.239744191416167,-0.351841648404702,1
"9247",2000-11-26 10:43:59,23,2,0.8113,4.75462594828295,0.228638132011257,"N",0.0411255613821525,-0.973107328632442,0.226651307436855,1
"9240c",2000-11-27 12:47:32,23,2,0.5344,4.89547401891889,0.176278254451427,"N",0.179242500679152,-0.968048881684216,0.175366726091987,1
"9244",2000-11-27 12:47:32,23,151,0.4744,5.86465535255135,0.276111087665503,"N",0.879079543535419,-0.391023802162651,0.272616107887673,1
"9248",2000-11-27 12:47:32,23,11,0.7112,4.63943421765133,0.00785398163397448,"N",-0.0728878161454152,-0.997309221103657,0.00785390088871133,1
"9245",2000-11-28 11:19:51,23,51,0.9597,3.93676466079841,0.0651007810993885,"N",-0.698678807613169,-0.712471610597353,0.0650548067790118,1
"9246",2000-11-28 11:19:51,23,20,0.8224,4.2778019966381,-0.213279234593707,"S",-0.411496012736629,-0.886492273121159,-0.21166596608415,1
"9243c",2000-11-29 11:42:42,23,1,0.4074,4.57328623900074,-0.0464257581030492,"S",-0.13850518095096,-0.989273729511717,-0.0464090825994171,1
"9239n",2000-11-30 06:57:02,23,0,0.7639,5.60861555128378,-0.330565360327726,"S",0.738692923045601,-0.59074698206044,-0.324577831388448,1
"9242m",2000-11-30 06:57:02,23,4,0.5547,4.32998734127273,0.380830842785163,"N",-0.346415828374062,-0.861302033969253,0.371691915613374,1
"9243a",2000-11-30 06:57:02,23,6,0.4437,4.53419086375607,-0.359537825910832,"S",-0.165922648479184,-0.921236738938214,-0.351841648404702,1
"9249",2000-11-30 06:57:02,23,15,0.8179,3.85473418595468,0.17854718247902,"N",-0.744287126351452,-0.643812782933408,0.177600039636926,1
"9246b",2000-12-01 09:39:00,23,1,0.5257,4.02821991360291,0.217642557723693,"N",-0.617119226299102,-0.756662928882385,0.215928396898437,1
"9240m",2000-12-02 12:17:47,23,5,0.8832,5.35920800117379,-0.159348560707082,"S",0.5950159520158,-0.787894817864561,-0.158675054211118,1
"9240n",2000-12-02 12:17:47,23,4,0.8177,5.23720948645938,-0.117984257434817,"S",0.497574287010103,-0.859397472409446,-0.117710718809476,1
"9246a",2000-12-03 12:57:21,23,5,0.2435,4.28059452344129,0.100530964914873,"N",-0.416388224672079,-0.903630661579474,0.100361714851215,1
"9254",2000-12-03 12:57:21,23,12,0.919,2.89672295953499,0.168075206967054,"N",-0.956497867443612,0.239013726899415,0.167284990149969,1
"9255",2000-12-03 12:57:21,23,16,0.9565,2.8023006470021,0.373151394076388,"N",-0.878096874210712,0.309915943583839,0.364551762324522,1
"9260a",2000-12-03 12:57:21,23,8,0.3655,3.76397706485097,-0.228638132011257,"S",-0.791346432557563,-0.567802790161851,-0.226651307436855,1
"9256",2000-12-04 12:43:41,23,7,0.9475,2.60176231594795,-0.288851991205062,"S",-0.822258718028018,0.492696619571456,-0.284851964518029,1
"9257",2000-12-04 12:43:41,23,2,0.9497,2.59670086111716,0.35098571257606,"N",-0.803046492933118,0.486725454052426,0.343823592217403,1
"9254a",2000-12-06 10:25:49,23,3,0.6068,2.75762021815104,-0.165108147238664,"S",-0.914574697605942,0.369512163318059,-0.164359008451038,1
"9258",2000-12-07 10:22:48,23,9,0.8253,2.21063403057602,0.237364778271229,"N",-0.580324144010731,0.779699990075581,0.23514211310259,1
"9259",2000-12-07 10:22:48,23,20,0.3323,3.45034139826759,-0.169820536219048,"S",-0.939009839793336,-0.299495696171251,-0.169005469574778,1
"9259n",2000-12-07 10:22:48,23,3,0.3101,2.87420821218426,-0.135961148730358,"S",-0.955564694842583,0.261771471691636,-0.135542652249383,1
"9260",2000-12-07 10:22:48,23,23,0.6406,3.8465311384703,-0.0797615468161409,"S",-0.759229921660495,-0.645926854637367,-0.0796770011589095,1
"9257a",2000-12-08 14:23:31,23,4,0.434,2.48622151946592,0.185703032412197,"N",-0.779190560736648,0.598975003459488,0.184637524056227,1
"9259m",2000-12-08 14:23:31,23,6,0.4399,3.31717277634042,-0.166504410640259,"S",-0.971008134397416,-0.172263578634465,-0.16573612282812,1
"9262",2000-12-08 14:23:31,23,89,0.9783,1.52594136501864,0.252898208613978,"N",0.0434136236648053,0.967217503691397,0.250211026602094,1
"9255b",2000-12-09 11:03:43,23,2,0.611,2.66215070806695,-0.658163660927062,"S",-0.701920335334313,0.364929605785026,-0.611665125428736,1
"9258a",2000-12-09 11:03:43,23,8,0.6907,2.03714830292778,0.412072236395861,"N",-0.411993498648672,0.818446044946191,0.400508961926153,1
"9276a",2000-12-09 11:03:43,23,6,0.7055,1.94883464277687,0.259181393921158,"N",-0.356770174428631,0.898348929902663,0.256289373132997,1
"9258n",2000-12-10 14:23:31,23,2,0.4044,2.09893295844838,0.240855436775218,"N",-0.489378586701447,0.838814871407095,0.238533457578581,1
"9264",2000-12-10 14:23:31,23,119,0.9621,1.16343647937942,-0.38467056713955,"S",0.367234119268547,0.851072081756227,-0.375253798515321,1
"9265",2000-12-10 14:23:31,23,35,0.9657,1.14668131856027,0.310145008079392,"N",0.391880730333824,0.867919610113221,0.305196729297583,1
"9258s",2000-12-11 09:06:53,23,2,0.3615,2.16996785900455,0.351160245501259,"N",-0.529542515887612,0.77540785261703,0.343987479375725,1
"9262m",2000-12-11 09:06:53,23,4,0.4636,1.79070781254618,0.133517687777566,"N",-0.216201711437708,0.967230856207713,0.133121338526552,1
"9266",2000-12-11 09:06:53,23,15,0.423,2.28271612868338,0.424987672860619,"N",-0.595174423577587,0.689759551945136,0.412309551210655,1
"9267",2000-12-11 09:06:53,23,61,0.7424,1.42471226840297,0.119205987911213,"N",0.144532006490692,0.982327650440746,0.118923867576441,1
"9275a",2000-12-11 09:06:53,23,8,0.7127,1.47201069113202,-0.165806278939461,"S",0.0972724625830561,0.981477129546423,-0.165047605860678,1
"9258m",2000-12-12 07:25:01,23,2,0.5446,2.56703026383326,0.216246294322097,"N",-0.819879663445081,0.53081000111207,0.214564862427624,1
"9277",2000-12-12 07:25:01,23,3,0.4289,1.71391332545843,0.295135176512241,"N",-0.136462062591503,0.946981110106282,0.290869184643453,1
"9264n",2000-12-13 11:11:31,23,7,0.8342,0.829031394697307,-0.349763982099664,"S",0.634685663954037,0.692637860579835,-0.342676089131723,1
"9268",2000-12-13 11:11:31,23,184,0.9898,0.354301838154849,-0.299498499642227,"S",0.896138407715704,0.331491662719446,-0.295041067928281,1
"9269",2000-12-13 11:11:31,23,59,0.9348,0.582067305540109,0.24312436480281,"N",0.810761408256357,0.533584093229579,0.240736275485307,1
"9271",2000-12-13 11:11:31,23,6,0.3479,1.88931891528386,-0.349414916249265,"S",-0.294240312262053,0.892311824237388,-0.342348137085737,1
"9275",2000-12-13 11:11:31,23,2,0.5659,1.44181649507252,0.492880980763199,"N",0.113313006257721,0.873655640962019,0.473165915539233,1
"9266m",2000-12-14 10:32:15,23,2,0.585,2.03697377000258,0.382750704962356,"N",-0.416951283093422,0.828655017754158,0.37347354535175,1
"9256n",2000-12-15 14:37:31,23,5,0.855,2.29458436759694,-0.204552588333735,"S",-0.648421656543862,0.733681078934419,-0.203129096238182,1
"9268a",2000-12-15 14:37:31,23,17,0.813,0.372976861151188,0.280648943720688,"N",0.894812543714805,0.350132832598871,0.276979261221722,1
"9273",2000-12-15 14:37:31,23,138,0.9704,6.26538294880924,0.346796922371273,"N",0.940317196220106,-0.0167416323544351,0.339887169865042,1
"9276",2000-12-16 13:11:51,23,7,0.8175,2.0010199874115,-0.234572251468038,"S",-0.405652038452812,0.883981971585198,-0.232426972641784,1
"9278",2000-12-17 11:44:29,23,54,0.9597,5.85086725146059,0.148352986419518,"N",0.898023415802666,-0.414374616321547,0.147809411129611,1
"9279",2000-12-17 11:44:29,23,109,0.9943,5.66656048244999,-0.204378055408536,"S",0.798855269131541,-0.566249263562151,-0.202958198888578,1
"9281",2000-12-18 12:16:35,23,3,0.9245,5.72258555143901,0.0944223125328932,"N",0.843163719289008,-0.529325829436457,0.0942820702261801,1
"9280",2000-12-19 07:27:54,23,961,0.9918,5.26810181421968,0.161268422884276,"N",0.520703742581643,-0.838501515374729,0.160570299793434,1
"9273m",2000-12-20 11:40:45,23,1,0.1462,0.112748269678834,0.11082840750164,"N",0.9875544145056,0.11181927545567,0.110601663762674,1
"9282",2000-12-21 09:01:57,23,64,0.978,4.90507332980486,0.355349035706045,"N",0.179530671479905,-0.920175021592676,0.347917616160627,1
"9282m",2000-12-23 10:32:53,23,2,0.6341,5.08833290126427,0.0938987137572949,"N",0.365533302222911,-0.926063884974601,0.0937607909083664,1
"9283",2000-12-23 10:32:53,23,273,0.9568,4.48916136905461,-0.231779724664847,"S",-0.215458447172772,-0.949110617581364,-0.229710019668756,1
"9285",2000-12-23 10:32:53,23,3,0.9846,4.37519136889939,0.10768681484805,"N",-0.328927367400946,-0.938219107413281,0.107478804697994,1
"9280a",2000-12-24 12:01:17,23,5,0.3699,5.14872129338327,-0.126361837844389,"S",0.419248709623489,-0.899081759202277,-0.126025829688909,1
"9286",2000-12-24 12:01:17,23,10,0.7883,6.25281657819489,0.533896218185065,"N",0.860433934083331,-0.0261383208875061,0.508891180174175,1
"9287",2000-12-24 12:01:17,23,17,0.9854,4.11810437008062,-0.272096830385916,"S",-0.539316559646956,-0.798066516828254,-0.26875171294001,1
"9288",2000-12-24 12:01:17,23,15,0.881,4.46542489122749,-0.3694862026472,"S",-0.227963337497328,-0.904219690373035,-0.361136356932907,1
"9278a",2000-12-25 11:11:31,23,9,0.6256,5.85365977826378,-0.449771348238939,"S",0.81874398558493,-0.375023128321688,-0.434759633926976,1
"9280m",2000-12-25 11:11:31,23,4,0.4011,5.10020114017783,0.321664181142555,"N",0.358768154389604,-0.878258065365642,0.316145823973806,1
"9280n",2000-12-25 11:11:31,23,7,0.37,5.33547152334666,-0.41538836197465,"S",0.533916672919077,-0.743023674031242,-0.40354529635239,1
"9278m",2000-12-26 09:40:51,23,1,0.8388,6.02749457176242,-0.42481313993542,"S",0.881494323884202,-0.230433702308835,-0.412150537789503,1
"9279m",2000-12-26 09:40:51,23,6,0.4994,4.86894501428858,-0.504225620901162,"S",0.136513206943975,-0.864840999663213,-0.483129578510161,1
"9283m",2000-12-26 09:40:51,23,6,0.2594,4.89547401891889,-0.200363798128949,"S",0.178421584963732,-0.963615298481242,-0.199025864027609,1
"9288m",2000-12-26 09:40:51,23,1,0.7567,4.26436296139775,-0.358665161284835,"S",-0.405621881516027,-0.843950582312861,-0.351024648492355,1
"9289",2000-12-27 09:25:21,23,705,0.9666,3.5397022559697,-0.11693705988362,"S",-0.915500238773187,-0.38502889750113,-0.116670737099333,1
"9290",2000-12-27 09:25:21,23,20,0.758,4.17552570247123,0.52028265001951,"N",-0.4437682616456,-0.745611198662748,0.497125407100404,1
"9291",2000-12-29 09:12:19,23,34,0.6784,3.6627479682353,-0.21223203704251,"S",-0.847786345408308,-0.486711516496894,-0.210642379991584,1
"9292",2000-12-29 09:12:19,23,7,0.9934,2.97543730879993,0.413119433947058,"N",-0.903259460166836,0.151477940156865,0.401468281767002,1
"9283a",2000-12-30 11:11:31,23,5,0.6556,4.54640816852003,0.552745774106604,"N",-0.140616231228477,-0.839389465419263,0.525026095406947,1
"9285m",2000-12-30 11:11:31,23,2,0.1805,4.04061175129207,0.0945968454580927,"N",-0.619595417644508,-0.77921730967487,0.0944558242618497,1
"9287m",2000-12-30 11:11:31,23,8,0.3461,4.08721204232032,-0.396713338978311,"S",-0.539788559380236,-0.747884903753798,-0.386389029217164,1
"9292a",2000-12-31 11:43:40,23,9,0.9325,2.7696629899898,0.391651884147528,"N",-0.861084742685975,0.335896056877676,0.381715738328218,1
"9293",2001-01-01 09:39:09,23,47,0.7771,2.85012266850674,0.216071761396898,"N",-0.935550416566265,0.280678576142142,0.214394391152165,1
"9294",2001-01-01 09:39:09,23,84,0.9769,2.38778494965344,0.372627795300789,"N",-0.679053602761914,0.637450784101051,0.364064146030641,1
"9293a",2001-01-02 12:33:18,23,1,0.4944,2.9550169565516,-0.238237442897226,"S",-0.954890796059031,0.180255884589723,-0.235990219442513,1
"9293m",2001-01-02 12:33:18,23,0,0.5272,3.20494810543719,-0.561996019142174,"S",-0.844495461118638,-0.0535750926364978,-0.53287627607073,1
"9295",2001-01-02 12:33:18,23,136,0.9752,2.0926497731412,-0.231081592964049,"S",-0.485237560095193,0.843853980271809,-0.229030500703048,1
"9296",2001-01-02 12:33:18,23,174,0.9853,2.05844131980211,0.143466064513934,"N",-0.463733016129611,0.874362627505967,0.14297442209079,1
"9299",2001-01-02 12:33:18,23,2,0.9436,2.23245064622595,0.191811684794177,"N",-0.603154685053128,0.774507395782275,0.190637666207445,1
"9299m",2001-01-03 08:23:56,23,4,0.8014,2.36160501087353,0.213279234593707,"N",-0.694814201403136,0.68733597631012,0.21166596608415,1
"9297",2001-01-04 16:16:00,23,72,0.4965,3.17615017277928,0.404916386462684,"N",-0.918586567988929,-0.031756715481211,0.393941909590951,1
"9298",2001-01-04 16:16:00,23,7,0.3196,2.93721459818126,-0.383972435438752,"S",-0.907886750330114,0.188179565161444,-0.374606593415912,1
"9301",2001-01-04 16:16:00,23,76,0.9816,1.58458442788565,0.140848070635942,"N",-0.0136511290810249,0.990003184650518,0.140382837471839,1
"9302",2001-01-04 16:16:00,23,91,0.9905,1.54897971114497,0.333183354205717,"N",0.0206151974228406,0.94478112222269,0.327052969298325,1
"9300",2001-01-05 12:00:10,23,2,0.7764,1.8783233409963,-0.235095850243636,"S",-0.294375861243456,0.926867616741049,-0.232936200179235,1
"9303",2001-01-05 12:00:10,23,3,0.4748,3.25119933061504,-0.0717330322569669,"S",-0.991442920804896,-0.1091060339529,-0.0716715295003919,1
"9309a",2001-01-05 12:00:10,23,40,0.972,1.47934107399039,0.406661715714679,"N",0.0838797026021556,0.914608085954627,0.395545502562965,1
"9295m",2001-01-06 15:42:00,23,3,0.5082,2.02650179449062,-0.337023078560105,"S",-0.415337534282984,0.847434987175944,-0.33067911201925,1
"9303m",2001-01-06 15:42:00,23,3,0.2178,2.36195407672393,-0.240680903850018,"S",-0.690668902811772,0.682758441705181,-0.238363959039735,1
"9304",2001-01-06 15:42:00,23,72,0.949,1.26728356987308,0.190066355542183,"N",0.293492024681,0.937107321772248,0.188924055984121,1
"9305",2001-01-06 15:42:00,23,19,0.9862,1.08716559106727,-0.118158790360016,"S",0.46175431910234,0.879139524029613,-0.117884036575442,1
"9306",2001-01-07 10:32:45,23,3,0.9807,0.96028015444728,0.188321026290188,"N",0.563154653603625,0.804866014066819,0.187209870265359,1
"9298b",2001-01-08 12:47:31,23,10,0.5514,2.54765710913612,0.261275789023551,"N",-0.800618076019759,0.540633850361619,0.258313252067312,1
"9295a",2001-01-09 14:37:31,23,23,0.547,2.05774318810131,0.456578132321717,"N",-0.419998069585125,0.793238317565796,0.440879340738659,1
"9298a",2001-01-09 14:37:31,23,22,0.8083,2.75203516454466,-0.233699586842041,"S",-0.899930195772921,0.369455298712768,-0.23157811854571,1
"9300m",2001-01-09 14:37:31,23,3,0.0802,1.74759818002192,-0.111177473352039,"S",-0.174796316086922,0.978333613954566,-0.11094858128448,1
"9308",2001-01-09 14:37:31,23,10,0.9413,0.625002405139169,0.245393292830403,"N",0.786666803114443,0.567570735623016,0.242937854073939,1
"9295n",2001-01-10 10:55:35,23,1,0.5425,2.12877808865748,-0.354999969855647,"S",-0.496460525239793,0.795429383743768,-0.347590336971037,1
"9300n",2001-01-10 10:55:35,23,1,0.1677,1.67185089048537,-0.231081592964049,"S",-0.0982011192024074,0.968453184173146,-0.229030500703048,1
"9308m",2001-01-10 10:55:35,23,2,0.9595,0.330216294477327,-0.265464579228338,"S",0.912835505648333,0.312889482735365,-0.262357601798286,1
"9305m",2001-01-12 09:20:46,23,1,0.534,0.757821961215938,-0.470715299262871,"S",0.647341602286486,0.612588699847642,-0.453523907603713,1
"9314a",2001-01-12 09:20:46,23,7,0.8897,0.0836012711705284,-0.328470965225333,"S",0.943230882392629,0.0790395269287912,-0.322596118519264,1
"9305n",2001-01-13 12:56:32,23,1,0.2411,0.832172987350896,-0.307003415425803,"S",0.641790823898314,0.704824495212893,-0.30220352299041,1
"9308n",2001-01-13 12:56:32,23,1,0.5863,0.412595835171459,-0.482234472326033,"S",0.811613706441626,0.355260279586738,-0.463759986700058,1
"9310",2001-01-13 12:56:32,23,10,0.9608,5.97338936495059,0.416610092451047,"N",0.870933540686875,-0.278788024349685,0.404662829014257,1
"9311",2001-01-13 12:56:32,23,2,0.9527,5.94459143229269,0.0773180858633488,"N",0.940404728913346,-0.331168782421252,0.0772410731867591,1
"9312",2001-01-15 07:54:57,23,18,0.9915,5.36112786335098,0.157952297305487,"N",0.596660780274506,-0.786926793987922,0.157296326041355,1
"9310m",2001-01-16 07:35:05,23,7,0.5853,5.95296901270226,0.0773180858633488,"N",0.943146089143538,-0.323278937059325,0.0772410731867591,1
"9318",2001-01-16 07:35:05,23,9,0.9143,5.40057230444605,-0.0736528944341607,"S",0.633413083156679,-0.77030702932997,-0.0735863210847433,1
"9308a",2001-01-17 08:15:51,23,3,0.6862,0.728151363932034,-0.439648438577372,"S",0.675423732423734,0.602203650822152,-0.425621362968619,1
"9314",2001-01-17 08:15:51,23,2,0.4499,0.368613538021202,0.243473430653209,"N",0.905315433474593,0.349695268708424,0.241075060833039,1
"9310n",2001-01-18 08:25:03,23,1,0.064,6.14076644021685,-0.0513126800086333,"S",0.988572682598715,-0.141751085214739,-0.0512901653343342,1
"9311b",2001-01-18 08:25:03,23,4,0.3075,5.79466764954637,-0.208741378538522,"S",0.863861165081963,-0.459129749292913,-0.207228764358283,1
"9313",2001-01-18 08:25:03,23,255,0.9838,4.69423755616395,-0.0799360797413403,"S",-0.0180924697800895,-0.996642605878559,-0.0798509779830591,1
"9315a",2001-01-18 08:25:03,23,1,0.9119,4.9558624110379,-0.484154334503227,"S",0.213368036268615,-0.858965086286447,-0.465460053753049,1
"9306a",2001-01-19 08:37:50,23,13,0.9021,0.677711348549398,0.108908545324446,"N",0.774394388595316,0.623296944137029,0.108693377634185,1
"9316",2001-01-19 08:37:50,23,220,0.9882,4.42598045013242,-0.260926723173152,"S",-0.27294633178459,-0.926794839451072,-0.257976017358588,1
"9313m",2001-01-20 10:07:40,23,4,0.755,4.78482014434245,-0.386066830541146,"S",0.0670413754511166,-0.923968242928162,-0.376547659716359,1
"9314m",2001-01-20 10:07:40,23,4,0.8957,0.299847565492626,0.507541746479951,"N",0.834947977028492,0.25814022872836,0.48603034675635,1
"9322m",2001-01-20 10:07:40,23,3,0.5622,5.03178423349965,-0.257436064669164,"S",0.303645129392894,-0.918138052455034,-0.254601948205528,1
"9314b",2001-01-21 10:41:59,23,2,0.7759,6.16938983994956,-0.581369173839311,"S",0.830306377736123,-0.0948950679124553,-0.549168685538978,1
"9319",2001-01-21 10:41:59,23,28,0.5975,5.97688002345458,-0.346971455296473,"S",0.896634867798937,-0.283568373499902,-0.340051307007933,1
"9320",2001-01-21 10:41:59,23,20,0.3507,5.2323225645538,-0.41870448755344,"S",0.453905199949242,-0.792884011374417,-0.406577193120631,1
"9320m",2001-01-21 10:41:59,23,1,0.9742,4.02141312952013,-0.503876555050763,"S",-0.558085537889768,-0.674849309081172,-0.482823924874227,1
"9321",2001-01-21 10:41:59,23,122,0.9746,4.02542738679972,-0.0647517152489896,"S",-0.632861840322668,-0.771556195604153,-0.0647064764011497,1
"9312m",2001-01-22 09:50:32,23,4,0.4704,5.2639130240149,0.384496034214351,"N",0.485728428986349,-0.78954029284575,0.375092014374474,1
"9328m",2001-01-22 09:50:32,23,16,0.4313,4.79791011373241,0.171391332545843,"N",0.0841654306071506,-0.981747267487703,0.170553461035366,1
"9322",2001-01-23 11:01:25,23,26,0.3247,4.79092879672443,-0.4000294645571,"S",0.0722647124255639,-0.918210231280011,-0.389445480793859,1
"9323",2001-01-23 11:01:25,23,5,0.4329,4.72006842909347,-0.499513231920777,"S",0.00674107536048936,-0.877789942962678,-0.478998302644761,1
"9323n",2001-01-23 11:01:25,23,6,0.6208,4.48287818374744,-0.63093652459595,"S",-0.183701603854189,-0.786301628641416,-0.58990123710436,1
"9324",2001-01-23 11:01:25,23,14,0.774,4.07063141442637,0.175231056900231,"N",-0.589437398747371,-0.788777934737903,0.174335660805645,1
"9328",2001-01-23 11:01:25,23,2,0.3488,4.59946617778066,0.0684169066781777,"N",-0.112419340792157,-0.991306369224019,0.0683635440256687,1
"9323m",2001-01-24 09:35:32,23,5,0.199,4.56752665246916,-0.246789556231998,"S",-0.139982454033577,-0.959544843400605,-0.244292050763109,1
"9312n",2001-01-25 12:47:32,23,3,0.6476,5.00909495322373,0.321489648217356,"N",0.277392266007262,-0.907309219617104,0.315980237921865,1
"9321a",2001-01-25 12:47:32,23,22,0.6311,3.754377753965,-0.152541776624304,"S",-0.808550196183556,-0.568469444768593,-0.151950882248244,1
"9325",2001-01-25 12:47:32,23,67,0.9463,3.22676472108712,0.183259571459405,"N",-0.979690659280035,-0.0836446374135876,0.182235525492147,1
"9321m",2001-01-26 13:37:32,23,5,0.5075,3.693989361846,-0.285884931476671,"S",-0.816718427385434,-0.503431526146455,-0.282006575900129,1
"9326",2001-01-26 13:37:32,23,19,0.6098,4.56665398784316,0.44924774946334,"N",-0.130810110443056,-0.891225339209973,0.434288049289805,1
"9327",2001-01-26 13:37:32,23,7,0.9293,3.06863789085643,0.311890337331387,"N",-0.949223518447225,0.0693734980379715,0.306858322026056,1
"9316m",2001-01-27 13:07:53,23,6,0.4444,4.3388885204579,-0.393571746324721,"S",-0.336980212425486,-0.859872154318893,-0.383489523534424,1
"9325m",2001-01-27 13:07:53,23,4,0.7625,3.22501939183512,-0.622209878335978,"S",-0.809766263018029,-0.0677133263889404,-0.582832312682783,1
"9326m",2001-01-28 08:51:04,23,7,0.4636,3.3560936186599,0.113620934304831,"N",-0.970782591817242,-0.211487353691567,0.11337662304521,1
"9329",2001-01-28 08:51:04,23,5,0.9388,2.56057254560088,-0.171391332545843,"S",-0.823655872460576,0.540835021693368,-0.170553461035366,1
"9327a",2001-01-29 07:53:07,23,1,0.4723,3.08556758460078,-0.230557994188451,"S",-0.972011556674391,0.0545140628581217,-0.228520788205641,1
"9332",2001-01-29 07:53:07,23,4,0.7458,2.76599779856061,0.159348560707082,"N",-0.918503609360293,0.362178611686571,0.158675054211118,1
"9324m",2001-01-30 10:38:32,23,6,0.5487,3.84443674336791,0.116587994033221,"N",-0.75782706993482,-0.642002218003456,0.116324048041013,1
"9327b",2001-01-30 10:38:32,23,3,0.3779,2.97857890145352,0.0986111027376796,"N",-0.981948925053757,0.161504296720175,0.0984513622388918,1
"9327m",2001-01-30 10:38:32,23,15,0.4829,3.18976374094484,0.38467056713955,"N",-0.925846871950858,-0.0446335792720613,0.375253798515321,1
"9330",2001-01-30 10:38:32,23,389,0.9842,1.97536364740718,0.467224640758882,"N",-0.351433441721792,0.820746768487113,0.45041012206381,1
"9331",2001-01-30 10:38:32,23,13,0.633,2.70595847229201,0.225496539357667,"N",-0.883650337688493,0.411302118158319,0.223590358248053,1
"9333",2001-01-30 10:38:32,23,4,0.6063,2.91277998865334,0.418879020478639,"N",-0.889735169072128,0.207211563614631,0.4067366430758,1
"9333m",2001-01-30 10:38:32,23,13,0.4952,2.94297418471284,-0.48328166987723,"S",-0.868066406764158,0.174717580889631,-0.464687508305999,1
"9332m",2001-01-31 12:04:32,23,2,0.4852,2.62392799744827,0.143640597439133,"N",-0.860027962507603,0.489755851787007,0.143147159753186,1
"9331m",2001-02-01 09:42:17,23,1,0.5107,2.68518905419328,0.398109602379907,"N",-0.827443570904183,0.406256183840731,0.387676476021566,1
"9334",2001-02-02 12:25:19,23,225,0.9448,1.40132485642625,0.198618468876955,"N",0.16534554990238,0.966295804110855,0.197315149152911,1
"9335",2001-02-02 12:25:19,23,165,0.9955,1.15244090509186,0.179070781254618,"N",0.399762034463288,0.899146961945526,0.17811529026421,1
"9329m",2001-02-03 10:18:15,23,1,0.1006,2.4935519023243,-0.0954695100840898,"S",-0.793637418796985,0.600876757271025,-0.0953245511750099,1
"9330b",2001-02-03 10:18:15,23,3,0.5927,1.82701066098766,0.176103721526228,"N",-0.249500833084422,0.952394919655359,0.175194895202002,1
"9330m",2001-02-03 10:18:15,23,4,0.4778,1.94307505624529,0.103847090493663,"N",-0.361779454575492,0.926482659739484,0.103660539498455,1
"9330n",2001-02-03 10:18:15,23,1,0.3969,2.12162223872431,0.195825942073764,"N",-0.513387739902354,0.835806744425292,0.19457675732509,1
"9336",2001-02-03 10:18:15,23,6,0.1359,2.27486214704941,-0.177150919077424,"S",-0.637191324801768,0.750287733408535,-0.176225800307592,1
"9336m",2001-02-03 10:18:15,23,1,0.4602,2.34589704760558,0.367915406320405,"N",-0.65295761255695,0.666545601427396,0.359671123975389,1
"9337",2001-02-03 10:18:15,23,8,0.9861,0.96028015444728,-0.472286095589665,"S",0.51053271066429,0.729658230210264,-0.454923310491118,1
"9340b",2001-02-03 10:18:15,23,9,0.7457,1.66958196245778,0.34173546754049,"N",-0.0929220021970032,0.937581074501426,0.335122709234173,1
"9325a",2001-02-04 12:23:53,23,2,0.8757,3.20826423101598,-0.392350015848325,"S",-0.921960153687156,-0.0615597779192208,-0.382360914262549,1
"9338",2001-02-04 12:23:53,23,38,0.9282,0.943001394852536,-0.299847565492626,"S",0.561154394136546,0.773213815974791,-0.295374576981412,1
"9339",2001-02-04 12:23:53,23,308,0.9917,0.681900138754185,-0.168075206967054,"S",0.765436275663506,0.621387994709349,-0.167284990149969,1
"9325b",2001-02-05 12:56:57,23,1,0.9406,3.14194171944019,-0.185004900711399,"S",-0.982935289265709,-0.000343109156570052,-0.18395135061272,1
"9340",2001-02-05 12:56:57,23,10,0.2225,1.71251706205684,-0.222878545479676,"S",-0.137753098549623,0.965487617387052,-0.221037880265469,1
"9341",2001-02-06 09:36:54,23,9,0.5026,1.18263510115136,-0.146607657167524,"S",0.374426790983703,0.915676977410527,-0.146083028562412,1
"9342",2001-02-06 09:36:54,23,19,0.8982,0.597251670032459,-0.464606646880891,"S",0.739232832988437,0.502759422533521,-0.448071179262458,1
"9334a",2001-02-07 09:54:00,23,2,0.2921,1.21544729108885,0.023387411976724,"N",0.347822470067598,0.937268722403349,0.0233852799955268,1
"9340a",2001-02-07 09:54:00,23,2,0.2844,1.58091923645646,0.155334303427495,"N",-0.0100008576649141,0.987909246447788,0.154710386299468,1
"9348",2001-02-07 09:54:00,23,2,0.8703,0.491135651511204,0.277507351067098,"N",0.848061392808928,0.453583752487247,0.273959218692432,1
"9348m",2001-02-07 09:54:00,23,12,0.8364,0.528485697503883,0.170344134994647,"N",0.851072696408022,0.49692828655044,0.169521513250746,1
"9330a",2001-02-08 13:52:01,23,3,0.6961,1.86401164112994,0.298974900866629,"N",-0.276210035616775,0.914851775151805,0.294540736955299,1
"9344",2001-02-08 13:52:01,23,20,0.6607,0.899542696477877,0.540353936417444,"N",0.533354243416365,0.671479870965931,0.514439533781506,1
"9347",2001-02-08 13:52:01,23,108,0.9924,6.05803783367232,0.0558505360638185,"N",0.973241311623224,-0.22290201643369,0.0558215049931638,1
"9340m",2001-02-09 12:24:44,23,2,0.881,2.0308651176206,-0.626573201465964,"S",-0.359666383109813,0.725815094991019,-0.586372356735789,1
"9349",2001-02-09 12:24:44,23,94,0.9898,5.9395299774619,0.496022573416789,"N",0.828058594880017,-0.296324859992808,0.475931235364496,1
"9347m",2001-02-11 12:53:41,23,1,0.6043,6.23606141737574,0.17854718247902,"N",0.9830102746042,-0.0463575877665974,0.177600039636926,1
"9348n",2001-02-11 12:53:41,23,2,0.5157,0.339117473662498,0.389557489045134,"N",0.872392773584151,0.307731518052337,0.379779095521801,1
"9350",2001-02-11 12:53:41,23,138,0.9788,5.50686285589251,0.323933109170148,"N",0.676386800410783,-0.664219509420204,0.318297564451329,1
"9342m",2001-02-12 12:26:46,23,2,0.5555,6.14984215232722,-0.536688744988256,"S",0.851777431847903,-0.114256670371558,-0.511293086077052,1
"9356",2001-02-12 12:26:46,23,3,0.9622,5.27717752633006,-0.252898208613978,"S",0.518212025922579,-0.817832952598477,-0.250211026602094,1
"9356m",2001-02-12 12:26:46,23,3,0.8374,5.59028959413784,-0.287804793653865,"S",0.737753605299716,-0.612494843843314,-0.283847994765906,1
"9351",2001-02-15 14:07:39,23,8,0.622,0.234397718542838,-0.387986692718339,"S",0.900359549511907,0.214994145829433,-0.378325519707288,1
"9352",2001-02-15 14:07:39,23,14,0.9311,4.66893028201003,-0.382227106186758,"S",-0.0403098645083934,-0.926960208893832,-0.372987782575809,1
"9353",2001-02-16 14:21:40,23,26,0.4483,5.26583288619209,-0.398458668230305,"S",0.48444312045039,-0.784074132041373,-0.387998219727691,1
"9354",2001-02-16 14:21:40,23,10,0.6185,4.98029702056582,-0.15079644737231,"S",0.261710634710388,-0.953383352095477,-0.150225589120757,1
"9356a",2001-02-16 14:21:40,23,1,0.6403,5.0474921967676,0.227067335684462,"N",0.320424899254263,-0.920134973529225,0.225121110574435,1
"9358",2001-02-16 14:21:40,23,6,0.9725,4.3093924560992,-0.0980875039620813,"S",-0.39029148714664,-0.915468302365284,-0.0979302937057193,1
"9351m",2001-02-17 07:39:48,23,1,0.3497,5.80374336165674,-0.291295452157854,"S",0.849874872632051,-0.441851427610368,-0.287193343911963,1
"9355",2001-02-17 07:39:48,23,13,0.887,4.48357631544823,0.337546677335703,"N",-0.214021764432841,-0.918977143171963,0.331173209478893,1
"9357",2001-02-17 07:39:48,23,3,0.8657,4.44535360482956,-0.463908515180093,"S",-0.235984433912371,-0.862613807664751,-0.447446941856995,1
"9357m",2001-02-17 07:39:48,23,2,0.8413,4.48375084837343,-0.360934089312427,"S",-0.212047565301576,-0.911220124248825,-0.353148290684847,1
"9352m",2001-02-19 08:21:10,23,1,0.4206,4.71902123154227,-0.446629755585349,"S",0.00598163603295398,-0.90188808992975,-0.431928342752866,1
"9358m",2001-02-20 10:55:26,23,3,0.9613,3.60602476754548,0.535990613287459,"N",-0.768693663912261,-0.385100932893955,0.510692982667032,1
"9359",2001-02-20 10:55:26,23,164,0.9952,3.322932362872,0.193731546971371,"N",-0.965202371251827,-0.176973656047579,0.192521966525907,1
"9360",2001-02-20 10:55:26,23,5,0.9797,3.38314622206581,-0.159872159482681,"S",-0.958585390743235,-0.236160870028716,-0.159191997666087,1
"9350m",2001-02-21 12:05:32,23,5,0.9146,5.62659244257932,0.206646983436129,"N",0.775224697196476,-0.597434591192666,0.205179380306805,1
"9353m",2001-02-21 12:05:32,23,26,0.7179,5.27473406537726,-0.472635161440064,"S",0.474720957293445,-0.753260840335798,-0.455234136596766,1
"9361m",2001-02-21 12:05:32,23,3,0.5802,3.89871648310493,-0.203330857857339,"S",-0.711841653617387,-0.67268465929201,-0.201932685141501,1
"9354m",2001-02-22 08:21:50,23,2,0.4854,4.77574443223208,0.111701072127637,"N",0.062918504260506,-0.991774137076785,0.111468932206325,1
"9358n",2001-02-22 08:21:50,23,2,0.5524,4.02525285387452,0.377863783056772,"N",-0.589577234159766,-0.718529793250861,0.368935795459582,1
"9360a",2001-02-22 08:21:50,23,0,0.686,3.6025341090415,0.0839503370209272,"N",-0.892479934201052,-0.443225054472304,0.0838517628706112,1
"9361",2001-02-22 08:21:50,23,1,0.2851,4.08686297646992,-0.289550122905859,"S",-0.561149825629394,-0.776909629394224,-0.285521104212334,1
"9354n",2001-02-23 08:03:28,23,2,0.3318,4.17046424764045,0.205076187109334,"N",-0.50497784848737,-0.838765408043053,0.203641751140177,1
"9359m",2001-02-23 08:03:28,23,4,0.9156,2.93285127505127,-0.399505865781502,"S",-0.901255211469086,0.190910184362046,-0.388963167030841,1
"9361a",2001-02-23 08:03:28,23,2,0.0679,4.03380496720929,-0.132819556076768,"S",-0.622162933257642,-0.7716059497418,-0.132429387989607,1
"9359c",2001-02-24 08:48:19,23,4,0.7056,3.1398473243378,0.171565865471043,"N",-0.985317141198891,0.00171970457519945,0.170725434179618,1
"9359d",2001-02-24 08:48:19,23,9,0.6674,3.16148940706253,-0.395317075576716,"S",-0.922691836567474,-0.0183609949892241,-0.385100829127578,1
"9361c",2001-02-24 08:48:19,23,7,0.1885,3.69835268497598,-0.19704767255016,"S",-0.832543102928496,-0.518212441365057,-0.195774991714107,1
"9364m",2001-02-25 07:46:58,23,2,0.6296,2.96932865641795,-0.281521608346685,"S",-0.946415684263557,0.164665389017805,-0.277817678054436,1
"9360m",2001-02-26 12:15:32,23,6,0.5631,3.92088216460526,0.096342174710087,"N",-0.708113981828145,-0.699515157774444,0.0961932054943776,1
"9360n",2001-02-26 12:15:32,23,6,0.2626,3.62487432346702,-0.197571271325758,"S",-0.868248894582952,-0.455647570781299,-0.196288431387544,1
"9359e",2001-02-27 12:05:29,23,8,0.2736,3.30286107647407,-0.353080107678453,"S",-0.926136939971682,-0.15066505461988,-0.345789545440976,1
"9361b",2001-02-28 12:16:26,23,7,0.8605,3.92070763168006,0.102974425867665,"N",-0.707766542599453,-0.698927904406213,0.102792536787247,1
"9364",2001-02-28 12:16:26,23,26,0.179,3.08137879439599,-0.183608637309803,"S",-0.981409391355099,0.0591659703864791,-0.182578735093222,1
"9365",2001-02-28 12:16:26,23,49,0.6809,2.15809962009099,-0.148527519344717,"S",-0.548017386051532,0.823272898222831,-0.147982024709169,1
"9371m",2001-02-28 12:16:26,23,5,0.6883,2.24030462785992,0.284837733925475,"N",-0.595594814257284,0.752532289417655,0.281001727065251,1
"9366",2001-03-01 08:54:17,23,8,0.8705,1.65736465769382,-0.438601241026175,"S",-0.0782764871114863,0.90195631467357,-0.424673519289768,1
"9367",2001-03-01 08:54:17,23,19,0.9584,1.47061442773042,0.189019157990986,"N",0.0982330490935591,0.977264297197337,0.187895613278166,1
"9368",2001-03-02 14:19:48,23,31,0.8829,1.49661983358514,0.457276264022514,"N",0.06649446309175,0.894791075239787,0.441505852791745,1
"9370",2001-03-02 14:19:48,23,7,0.9447,1.22906085925441,0.160395758258279,"N",0.330821125938117,0.930080883955533,0.159708897477666,1
"9364n",2001-03-03 15:24:00,23,5,0.4203,1.97204752182839,-0.505272818452358,"S",-0.341765735935609,0.805540484084713,-0.484046186061783,1
"9369",2001-03-03 15:24:00,23,72,0.7804,2.98939994281589,0.28937558998066,"N",-0.947343862952422,0.145302428422251,0.285353832322224,1
"9371",2001-03-03 15:24:00,23,12,0.5622,2.52688769103739,0.368613538021202,"N",-0.76206774701072,0.537978142813343,0.360322448400195,1
"9365n",2001-03-05 14:46:44,23,2,0.1115,1.83765716942483,-0.177849050778222,"S",-0.25954515287653,0.949388285745526,-0.176912963084873,1
"9370a",2001-03-05 14:46:44,23,3,0.7185,0.955218699616496,-0.393397213399522,"S",0.533321560290143,0.754073939205138,-0.383328328644433,1
"9378",2001-03-05 14:46:44,23,4,0.8073,0.96045468737248,0.422369678982628,"N",0.522779319351542,0.747438886855948,0.409923033841573,1
"9367m",2001-03-06 07:38:57,23,3,0.3921,1.64619455048105,0.265115513377939,"N",-0.0726950557063432,0.962320402338597,0.262020747496704,1
"9378b",2001-03-06 07:38:57,23,2,0.8968,0.454832803069722,-0.177150919077424,"S",0.88427534985814,0.432436784905277,-0.176225800307592,1
"9370b",2001-03-07 06:31:47,23,6,0.5181,0.879645943005142,0.133866753627965,"N",0.631721096826946,0.76361962943678,0.133467289485455,1
"9366m",2001-03-08 06:52:54,23,1,0.597,0.654498469497874,-0.593761011528471,"S",0.657564828624653,0.504567239349456,-0.559482258102167,1
"9375",2001-03-08 06:52:54,23,4,0.2376,1.32784649491729,-0.256737932968366,"S",0.232681919448771,0.938818579128401,-0.253926760789337,1
"9365m",2001-03-09 12:47:32,23,125,0.9931,2.3078488699121,-0.245567825755602,"S",-0.651944753006927,0.718238783693543,-0.243107154615318,1
"9370m",2001-03-09 12:47:32,23,9,0.144,0.754505835637149,-0.248360352558793,"S",0.706253991403122,0.663912877335454,-0.245814952627618,1
"9370n",2001-03-09 12:47:32,23,2,0.4859,0.849277214020441,-0.631285590446349,"S",0.533222446017494,0.606100466026283,-0.59018306324889,1
"9372",2001-03-09 12:47:32,23,30,0.7779,1.6308356530635,-0.637394242828329,"S",-0.0482215722114312,0.802201148967301,-0.595103349485617,1
"9373",2001-03-09 12:47:32,23,196,0.9855,5.70199066626547,-0.127758101245985,"S",0.828995554981006,-0.544548297538931,-0.127410837330209,1
"9374",2001-03-09 12:47:32,23,20,0.9398,5.87163666955932,-0.313286600732982,"S",0.871892420183704,-0.380558047936319,-0.308186923436252,1
"9377a",2001-03-10 08:13:13,23,5,0.4029,0.27384215963791,-0.316079127536173,"S",0.91504631057138,0.257035602334529,-0.310842321189106,1
"9378a",2001-03-10 08:13:13,23,1,0.4903,0.60632738214283,0.381878040336359,"N",0.762553052146369,0.528804758198246,0.372663883907673,1
"9378m",2001-03-10 08:13:13,23,1,0.4872,0.355872634481644,0.288328392429463,"N",0.898649804002972,0.334026341290916,0.284350018620053,1
"9372m",2001-03-11 11:58:53,23,0,0.318,0.615752160103599,-0.358316095434436,"S",0.764492477706892,0.540890305969288,-0.350697773642816,1
"9375m",2001-03-11 11:58:53,23,1,0.4383,0.840725100685669,-0.131423292675173,"S",0.661171422584208,0.738701212248995,-0.131045293619572,1
"9376",2001-03-11 11:58:53,23,36,0.9779,5.28887123231842,-0.231256125889249,"S",0.530567704340784,-0.816066842796326,-0.229200390922414,1
"9377",2001-03-11 11:58:53,23,3,0.1439,0.255865268342369,-0.191288086018579,"S",0.949798631679113,0.248466414831063,-0.19012364387809,1
"9377m",2001-03-11 11:58:53,23,0,0.3598,0.267558974330731,-0.474904089467657,"S",0.857693205281608,0.235121075423922,-0.457253152537257,1
"9381",2001-03-11 11:58:53,23,7,0.952,5.38940219723329,-0.314159265358979,"S",0.595806266022097,-0.741298449044837,-0.309016994374947,1
"9376a",2001-03-12 10:21:06,23,14,0.9581,5.16181126277323,-0.17243853009704,"S",0.428002121747092,-0.887340236574576,-0.171585221787203,1
"9377n",2001-03-12 10:21:06,23,1,0.3973,0.41852995462824,-0.456927198172115,"S",0.819954411472091,0.364724323221539,-0.441192623644193,1
"9379",2001-03-12 10:21:06,23,8,0.8497,5.65189971673324,0.532674487708669,"N",0.69542382978233,-0.50841434693999,0.507839097349209,1
"9384",2001-03-12 10:21:06,23,1,0.6746,5.7854174045108,0.192858882345373,"N",0.862360580378417,-0.468613427939617,0.191665553932055,1
"9384n",2001-03-13 12:47:32,23,12,0.3357,5.93586478603271,0.0956440430092893,"N",0.93599062870351,-0.338823877543442,0.0954982878675562,1
"9379a",2001-03-14 10:50:20,23,1,0.6587,5.47108360622662,0.379609112308767,"N",0.638997451407514,-0.674069315872519,0.370557437509836,1
"9383",2001-03-14 10:50:20,23,11,0.5956,0.346622389446074,-0.171391332545843,"S",0.926745346474414,0.334745544730436,-0.170553461035366,1
"9384m",2001-03-14 10:50:20,23,1,0.473,5.73113766477378,0.294087978961045,"N",0.81489696989901,-0.501916317242878,0.289867105644567,1
"9385",2001-03-17 11:12:54,23,2,0.7342,4.46577395707789,-0.189542756766584,"S",-0.239750681647674,-0.952376677125017,-0.188409860457959,1
"9383m",2001-03-18 09:11:48,23,2,0.9564,0.0947713783832921,-0.334230551756914,"S",0.940423875879673,0.0893930586902249,-0.328042397768122,1
"9388m",2001-03-18 09:11:48,23,2,0.4345,4.99373605580618,0.314857397059777,"N",0.264000889726822,-0.913455681312104,0.309680881718724,1
"9379m",2001-03-19 12:03:22,23,3,0.8365,5.70443412721827,0.357617963733638,"N",0.784182889905459,-0.512373366013738,0.350043895789191,1
"9386",2001-03-19 12:03:22,23,3,0.3751,5.16634911882841,0.0551524043630208,"N",0.437861223755713,-0.897351014893858,0.0551244482975797,1
"9387",2001-03-19 12:03:22,23,24,0.92,3.69590922402319,0.168598805742652,"N",-0.838204406709479,-0.518898963163345,0.167801187721706,1
"9385m",2001-03-20 09:08:58,23,4,0.39,4.22299865812548,-0.14172073526194,"S",-0.465374955553716,-0.873770845424134,-0.141246806796367,1
"9388",2001-03-20 09:08:58,23,48,0.7159,5.33721685259866,0.239633706298821,"N",0.568242496942726,-0.787887653055362,0.237346815506779,1
"9390",2001-03-20 09:08:58,23,117,0.9917,3.22292499673273,0.248709418409192,"N",-0.966026969426791,-0.0787429404522865,0.246153293028993,1
"9391",2001-03-20 09:08:58,23,6,0.1602,4.47642046551506,-0.061261056745001,"S",-0.233346220510317,-0.970464485051855,-0.0612227459902619,1
"9405",2001-03-20 09:08:58,23,48,0.9845,3.21192942244516,-0.225147473507269,"S",-0.972350989050561,-0.0685050348039692,-0.223250116010951,1
"9385n",2001-03-21 15:22:00,23,2,0.3698,4.23102717268465,-0.485899663755221,"S",-0.409398346380334,-0.78377304280816,-0.467004080654855,1
"9392",2001-03-21 15:22:00,23,45,0.4921,4.55146962335081,0.343131730942085,"N",-0.150885497710607,-0.929539188015833,0.336437905895705,1
"9402",2001-03-21 15:22:00,23,102,0.9645,3.09010544065596,0.295833308213039,"N",-0.955291926643208,0.0492288273066908,0.291537060169571,1
"9389",2001-03-22 14:17:47,23,13,0.7742,3.22379766135873,-0.182037840983009,"S",-0.980155684682636,-0.0807556942749983,-0.181034117299686,1
"9391n",2001-03-22 14:17:47,23,1,0.1176,4.22055519717269,-0.175056523975031,"S",-0.465025668262201,-0.867996600991421,-0.17416379797373,1
"9393",2001-03-22 14:17:47,23,685,0.9946,2.70648207106761,0.351683844276857,"N",-0.851320396266984,0.395711697764507,0.344479077959977,1
"9394",2001-03-22 14:17:47,23,42,0.9912,2.70613300521721,0.171042266695444,"N",-0.893445934077967,0.415671852875796,0.170209499166033,1
"9399a",2001-03-22 14:17:47,23,1,0.6925,3.46709655908674,0.290771853382255,"N",-0.907716812688687,-0.306362564014924,0.286691763628628,1
"9395",2001-03-23 15:28:00,23,101,0.9735,2.51868464355302,-0.210486707790516,"S",-0.794259894565104,0.570523455773014,-0.208935890402412,1
"9389n",2001-03-24 09:17:54,23,1,0.324,3.45906804452756,-0.348367718698068,"S",-0.892959563497814,-0.293417478037633,-0.341364030823151,1
"9391m",2001-03-24 09:17:54,23,2,0.5478,4.26401389554735,0.0195476876223365,"N",-0.433418989870563,-0.900980530197853,0.019546442744821,1
"9396",2001-03-24 09:17:54,23,18,0.081,3.62574698809302,-0.0966912405604859,"S",-0.880934770185465,-0.463285909783388,-0.0965406467476809,1
"9396m",2001-03-24 09:17:54,23,2,0.0698,3.77078384893375,-0.134913951179162,"S",-0.801156799766907,-0.583143357296937,-0.134505044618056,1
"9397",2001-03-24 09:17:54,23,283,0.9934,2.21866254513519,-0.150621914447111,"S",-0.596653656948055,0.788345419516143,-0.150053034552554,1
"9398",2001-03-24 09:17:54,23,11,0.4955,3.51334778426459,0.360934089312427,"N",-0.871659901972516,-0.339845994649981,0.353148290684847,1
"9399",2001-03-24 09:17:54,23,19,0.4212,3.50374847337862,-0.510159740357943,"S",-0.8160611843998,-0.309177925390841,-0.488316653173953,1
"9400m",2001-03-24 09:17:54,23,15,0.7156,2.96112560893358,0.171216799620644,"N",-0.969375605840913,0.176864595538387,0.170381482695757,1
"9401",2001-03-24 09:17:54,23,398,0.9935,2.31273579181769,0.397935069454707,"N",-0.622920333073942,0.679560099549504,0.387515586452103,1
"9390m",2001-03-25 12:18:15,23,2,0.5059,2.9255208921929,-0.0111701072127637,"S",-0.976686241228468,0.214381016158306,-0.0111698749294222,1
"9395a",2001-03-25 12:18:15,23,7,0.8914,2.33333067699122,-0.225496539357667,"S",-0.673268485956182,0.704781453726457,-0.223590358248053,1
"9397a",2001-03-25 12:18:15,23,16,0.9747,2.12109863994871,0.114493598930828,"N",-0.519521090927653,0.846785824123774,0.114243617521341,1
"9400",2001-03-26 12:03:03,23,3,0.3082,3.11384191848308,0.175754655675829,"N",-0.984215771271696,0.0273197245198092,0.174851217417042,1
"9403",2001-03-26 12:03:03,23,18,0.922,2.031214183471,-0.237888377046827,"S",-0.431809367447318,0.870637282179368,-0.235650998436397,1
"9404",2001-03-26 12:03:03,23,126,0.9954,1.73677713865956,-0.0874409955249159,"S",-0.164588515900401,0.982488758010523,-0.0873296101940437,1
"9407",2001-03-27 15:05:00,23,137,0.9958,1.50988433590029,0.20315632493214,"N",0.0596224281979254,0.977618209968524,0.201761744624007,1
"9408",2001-03-27 15:05:00,23,52,0.8257,1.98042510223797,-0.142418866962737,"S",-0.394236595137989,0.907981904127797,-0.141937904840344,1
"9406",2001-03-28 06:21:23,23,266,0.9876,1.477246678888,0.440870169053768,"N",0.0844811450831368,0.900426206301946,0.426726590605891,1
"9410",2001-03-28 06:21:23,23,13,0.951,1.55055050747176,-0.641583033033115,"S",0.0162188174093875,0.800985185913281,-0.5984644366287,1
"9411",2001-03-29 08:41:17,23,22,0.9466,1.34023833260645,0.125314640293193,"N",0.226728817404136,0.965904920291753,0.124986912573692,1
"9412",2001-03-30 09:54:47,23,77,0.9923,0.849277214020441,-0.240680903850018,"S",0.641486919303595,0.729161954159216,-0.238363959039735,1
"9402m",2001-03-31 13:53:49,23,4,0.8339,2.91347812035413,0.379958178159165,"N",-0.904622231316001,0.210012939302598,0.370881630624034,1
"9407a",2001-03-31 13:53:49,23,9,0.5431,1.5383332027078,-0.410326907143867,"S",0.0297631469571889,0.916507320778885,-0.398909120028504,1
"9397m",2001-04-01 07:47:00,23,5,0.509,2.4020966495198,-0.0293215314335047,"S",-0.738490730008116,0.673625961383256,-0.0293173300722283,1
"9413",2001-04-01 07:47:00,23,36,0.3106,2.02039314210864,0.164759081388265,"N",-0.428717021617523,0.888426080337097,0.164014679685271,1
"9414",2001-04-02 10:20:22,23,18,0.8937,0.51103240498394,-0.377689250131573,"S",0.810763922020976,0.454607432065738,-0.368773569361688,1
"9416",2001-04-02 10:20:22,23,1,0.3876,1.61268422884276,0.285186799775873,"N",-0.0401842590471809,0.958767375532317,0.281336710970506,1
"9414a",2001-04-03 09:59:49,23,4,0.7587,0.529009296279481,-0.190415421392581,"S",0.847703797505856,0.49555659710871,-0.189266824235485,1
"9414m",2001-04-03 09:59:49,23,1,0.6804,0.706683814132504,-0.471762496814067,"S",0.677446786647628,0.578389761347933,-0.45445696741131,1
"9415",2001-04-03 09:59:49,23,1230,0.9808,6.27445866091961,-0.359886891761231,"S",0.935901025209004,-0.00816748451223514,-0.352168373380514,1
"9412m",2001-04-04 11:07:51,23,1,0.6503,0.921708377978205,0.559028959413784,"N",0.51244343742656,0.675364027228959,0.530363228517526,1
"9417",2001-04-04 11:07:51,23,4,0.7714,0.26773350725593,-0.142593399887937,"S",0.954585327609306,0.261861433196637,-0.142110668555306,1
"9418",2001-04-04 11:07:51,23,273,0.9795,6.15054028402802,0.449771348238939,"N",0.892635719665287,-0.119103033904756,0.434759633926976,1
"9425",2001-04-04 11:07:51,23,6,0.7757,0.296182374063438,-0.452738407967329,"S",0.860097096760892,0.262465710115451,-0.437429691672933,1
"9419m",2001-04-05 10:29:44,23,1,0.4758,0.637568775753529,0.291819050933452,"N",0.769573117137327,0.570077971224557,0.287694845459613,1
"9420",2001-04-05 10:29:44,23,132,0.9922,5.75958653158129,-0.112050137978036,"S",0.860594513980895,-0.496864474309985,-0.111815815852006,1
"9404a",2001-04-06 05:34:35,23,41,0.8221,1.47951560691559,0.549953247303413,"N",0.0777132576238534,0.848999632307365,0.522647370539112,1
"9406m",2001-04-06 05:34:35,23,3,0.5555,1.15209183924146,0.318871654339364,"N",0.386081536616379,0.867560803137163,0.313495294931098,1
"9412a",2001-04-06 05:34:35,23,2,0.5413,0.656069265824669,0.454134671368924,"N",0.71207962034484,0.548177169639898,0.438684858383714,1
"9415n",2001-04-06 05:34:35,23,3,0.7629,6.22681117234017,0.226543736908864,"N",0.972900518487659,-0.0549046004030442,0.224610921330703,1
"9421",2001-04-06 05:34:35,23,5,0.3741,1.08332586671288,-0.299847565492626,"S",0.447493530387026,0.844099164514933,-0.295374576981412,1
"9422",2001-04-07 07:23:40,23,5,0.9969,5.27211607149927,-0.217817090648892,"S",0.518409285184892,-0.827377252353791,-0.216098809162802,1
"9427",2001-04-07 07:23:40,23,3,0.7664,5.90357619487082,-0.117809724509617,"S",0.922371469475517,-0.367988902681065,-0.117537397457838,1
"9423",2001-04-08 06:50:23,23,7,0.4883,0.074176493209759,0.362679418564422,"N",0.932378636881487,0.0692877014235282,0.354780625060705,1
"9424",2001-04-08 06:50:23,23,9,0.7011,5.7857664703612,-0.287804793653865,"S",0.842670741115693,-0.457532881807312,-0.283847994765906,1
"9415a",2001-04-09 12:47:33,23,24,0.3622,6.07304766523947,0.191288086018579,"N",0.960163602916625,-0.204789784102341,0.19012364387809,1
"9417m",2001-04-09 12:47:33,23,24,0.2967,0.283790536374278,-0.0965167076352864,"S",0.955533037847368,0.278693431657939,-0.0963669275887815,1
"9420m",2001-04-09 12:47:33,23,5,0.5531,5.82660717485787,0.283616003449079,"N",0.861708472636522,-0.423266146877914,0.279829014030992,1
"9412n",2001-04-10 13:55:28,23,3,0.7091,0.401949326734294,0.340339204138894,"N",0.867513097108504,0.368773652900659,0.333806859233771,1
"9412p",2001-04-10 13:55:28,23,2,0.6108,0.242949831877611,0.328296432300133,"N",0.918793993258252,0.227718916819702,0.322430911785791,1
"9415b",2001-04-10 13:55:28,23,2,0.0903,6.11702996238973,-0.097563905186483,"S",0.981537839457231,-0.164605339510686,-0.0974091983244013,1
"9419",2001-04-10 13:55:28,23,9,0.9877,1.13586027719791,0.139277274309147,"N",0.417272277273544,0.898115133511003,0.138827423722637,1
"9426",2001-04-11 14:24:41,23,83,0.6833,5.03754382003123,-0.157254165604689,"S",0.315513761536673,-0.935908842686535,-0.156606846791992,1
"9429",2001-04-13 09:40:22,23,164,0.9975,3.89644755507734,0.14154620233674,"N",-0.721086568765477,-0.678330510001895,0.141074021515655,1
"9418m",2001-04-14 08:22:13,23,2,0.6822,5.85348524533858,0.184655834861,"N",0.893635747412617,-0.4095157734826,0.183608230249193,1
"9420a",2001-04-14 08:22:13,23,15,0.5936,5.69256588830471,0.246964089157198,"N",0.805394832050421,-0.539979482259331,0.244461291916367,1
"9430",2001-04-15 14:45:50,23,3,0.3284,5.13022080331213,-0.305781684949406,"S",0.386956416451279,-0.871573541458339,-0.30103869119592,1
"9422n",2001-04-16 13:15:05,23,2,0.246,4.54728083314603,-0.319918851890561,"S",-0.156019587096169,-0.936351549036735,-0.314489530920899,1
"9422s",2001-04-16 13:15:05,23,5,0.2979,4.35337475324946,-0.150621914447111,"S",-0.347373461185589,-0.925643433123962,-0.150053034552554,1
"9431",2001-04-16 13:15:05,23,2,0.9216,3.47268161269312,-0.170344134994647,"S",-0.932001472275659,-0.320368088643644,-0.169521513250746,1
"9432",2001-04-16 13:15:05,23,2,0.8078,3.74250951505144,0.142244334037538,"N",-0.816487176670272,-0.559688606566724,0.141765136801706,1
"9422m",2001-04-17 14:36:00,23,2,0.511,4.94189977702194,-0.0617846555205993,"S",0.227067088429871,-0.971919774772292,-0.0617453541455419,1
"9429m",2001-04-18 15:03:28,23,1,0.3936,3.92454735603445,0.226020138133266,"N",-0.690804012098713,-0.687436328939569,0.224100670508613,1
"9433",2001-04-18 15:03:28,23,873,0.9815,2.8305749808844,0.25254914276358,"N",-0.92182314240796,0.296320018874929,0.249873048836955,1
"9434",2001-04-18 15:03:28,23,12,0.4262,4.26628282357494,0.33545228223331,"N",-0.407407340036369,-0.851850380639822,0.329196276236961,1
"9434m",2001-04-18 15:03:28,23,1,0.3299,3.83623369588354,-0.0968657734856853,"S",-0.764681947313282,-0.637108979256524,-0.096714362965784,1
"9432m",2001-04-19 06:47:17,23,3,0.4304,3.57949576291517,-0.152367243699105,"S",-0.895150543558117,-0.41912865524956,-0.151778373677883,1
"9432n",2001-04-20 08:12:05,23,7,0.0794,3.80743576322563,-0.137182879206754,"S",-0.779008202768952,-0.611918977659806,-0.136753006542691,1
"9434a",2001-04-20 08:12:05,23,7,0.3657,4.11548637620263,-0.25865779514556,"S",-0.543385203438108,-0.799567046136919,-0.25578322739462,1
"9434n",2001-04-20 08:12:05,23,0,0.5533,3.37773570138463,0.341037335839692,"N",-0.916254088327657,-0.220480609595696,0.334464865741028,1
"9435",2001-04-20 08:12:05,23,105,0.4577,3.37180158192785,-0.352032910127256,"S",-0.913910299718625,-0.214187450101922,-0.344806757890633,1
"9426m",2001-04-21 17:51:33,23,6,0.7727,4.25005126153139,-0.558330827712986,"S",-0.378305986742969,-0.759096179404353,-0.529771243847893,1
"9432p",2001-04-21 17:51:33,23,7,0.3431,3.74652377233103,-0.286059464401871,"S",-0.789115858636691,-0.545595073023412,-0.282174020669259,1
"9436",2001-04-21 17:51:33,23,213,0.9652,2.14116992634664,-0.168249739892253,"S",-0.532322159648308,0.829813985801495,-0.167457061109996,1
"9437",2001-04-21 17:51:33,23,123,0.9791,2.11132479613754,0.168075206967054,"N",-0.507337901172603,0.845354355347095,0.167284990149969,1
"9438",2001-04-22 10:57:28,23,4,0.8063,2.35183116706236,-0.220784150377283,"S",-0.686925488262615,0.6929463531945,-0.218994806261726,1
"9438a",2001-04-24 07:42:50,23,7,0.5744,2.44136655768967,0.366693675844009,"N",-0.713857856171283,0.601550135869035,0.358530884608963,1
"9440a",2001-04-24 07:42:50,23,3,0.9246,1.67726141116655,-0.128805298797182,"S",-0.105383786156877,0.986100908374219,-0.128449430200303,1
"9437m",2001-04-25 08:18:54,23,1,0.3501,2.31081592964049,0.0888372589265114,"N",-0.671643320097491,0.7355432901535,0.0887204535526216,1
"9438o",2001-04-25 08:18:54,23,5,0.663,2.08881004878681,0.417308224151844,"N",-0.45266278949811,0.794246421718688,0.405301148025575,1
"9439",2001-04-25 08:18:54,23,31,0.4214,2.96147467478398,-0.364424747816416,"S",-0.919213896016761,0.167380960929785,-0.356411878713251,1
"9442",2001-04-25 08:18:54,23,103,0.9953,1.21230569843526,0.491659250286803,"N",0.309301971367524,0.825508346339703,0.472089250705471,1
"9440",2001-04-26 12:42:21,23,9,0.4844,1.90240888467382,0.151843644923507,"N",-0.321822130420484,0.934639331843979,0.151260820247219,1
"9441",2001-04-26 12:42:21,23,35,0.8503,1.36118228363038,0.149749249821113,"N",0.205753656205944,0.967164783888901,0.149190193253517,1
"9440m",2001-04-27 12:17:35,23,4,0.46,1.9701276596512,0.371929663599992,"N",-0.362219104009522,0.858328436373292,0.363413835734853,1
"9444",2001-04-27 12:17:35,23,2,0.991,0.681027474128187,-0.167551608191456,"S",0.766046193595601,0.620774850003148,-0.166768746716102,1
"9433m",2001-04-28 12:32:26,23,5,0.6817,2.3698080583579,0.51417399763753,"N",-0.624001607413843,0.607238994011224,0.491815817249889,1
"9445",2001-04-28 12:32:26,23,194,0.9923,0.491310184436404,0.426034870411816,"N",0.802900310367176,0.429609683822953,0.413263367815046,1
"9445b",2001-04-28 12:32:26,23,16,0.9923,0.424289541159821,-0.589223155473286,"S",0.757656019988754,0.34225401751634,-0.555715343380696,1
"9446",2001-04-28 12:32:26,23,1,0.0507,1.9388862660405,-0.0949459113084915,"S",-0.358213287236592,0.928814066788042,-0.0948033236960294,1
"9438m",2001-04-29 08:22:28,23,1,0.7116,2.48098553170994,-0.256563400043166,"S",-0.763773817150738,0.593511972747885,-0.253757944584806,1
"9445a",2001-04-30 10:03:51,23,5,0.8943,0.364599280741615,0.115017197706426,"N",0.928093845607189,0.354218986320967,0.11476377248856,1
"9446m",2001-04-30 10:03:51,23,1,0.5651,0.855036800552022,-0.128456232946783,"S",0.650784278197034,0.748377833089264,-0.128103248171869,1
"9447",2001-04-30 10:03:51,23,6,0.468,1.06011298766136,0.213453767518907,"N",0.477680852656412,0.852611448905855,0.211836541229557,1
"9450",2001-04-30 10:03:51,23,1,0.8388,0.459370659124908,-0.0712094334813687,"S",0.894060122889255,0.442260419207856,-0.0711492674687669,1
"9447a",2001-05-01 06:12:02,23,4,0.3564,0.916821456072621,-0.199142067652553,"S",0.596323000162448,0.777986370679114,-0.19782842696336,1
"9448",2001-05-01 06:12:02,23,270,0.9945,6.11772809409052,0.362330352714023,"N",0.922303207051535,-0.154009684206857,0.35445424448433,1
"9445m",2001-05-02 08:18:33,23,1,0.7816,0.249582083035189,-0.627445866091962,"S",0.784446942300951,0.199953018306939,-0.58707902805724,1
"9445n",2001-05-02 08:18:33,23,5,0.8268,0.0694641042293743,-0.420798882655833,"S",0.910561621620869,0.0633532789041789,-0.408489773780522,1
"9449",2001-05-02 08:18:33,23,187,0.9811,5.9093357814024,-0.28326693759868,"S",0.89382854572852,-0.350647549416884,-0.279493876370793,1
"9444m",2001-05-04 15:09:14,23,2,0.1694,0.53232542185827,-0.227590934460061,"S",0.839410141349354,0.494450360494707,-0.225631238099938,1
"9451",2001-05-04 15:09:14,23,254,0.9905,5.32168342225591,-0.374024058702385,"S",0.532723601173996,-0.763357413848505,-0.365364233984024,1
"9451m",2001-05-05 15:23:55,23,6,0.8568,5.5089572509949,-0.257959663444762,"S",0.691304689707342,-0.676030770763898,-0.25510825735167,1
"9449m",2001-05-06 06:22:25,23,4,0.3805,5.99939477080531,-0.128630765871982,"S",0.952069917236791,-0.277683368238906,-0.128276341139847,1
"9451a",2001-05-07 07:35:39,23,6,0.8357,5.21399660740786,0.291120919232654,"N",0.460603495330939,-0.839916903038036,0.287026159225804,1
"9452",2001-05-07 07:35:39,23,11,0.9742,4.80017904176,-0.168075206967054,"S",0.086441839095079,-0.982111775982951,-0.167284990149969,1
"9449a",2001-05-08 11:21:47,23,0,0.8224,5.50494299371532,0.845961088441652,"N",0.472163135054619,-0.465453576051069,0.748608671093693,1
"9453",2001-05-09 08:36:56,23,33,0.3448,6.01789526087645,-0.134390352403563,"S",0.956315133469766,-0.259825071180129,-0.133986185418292,1
"9454",2001-05-10 06:29:38,23,471,0.9847,4.08459404844233,0.225496539357667,"N",-0.5724914594159,-0.788835141581789,0.223590358248053,1
"9455",2001-05-11 15:02:33,23,199,0.4331,4.77539536638169,-0.304385421547811,"S",0.0600703030108163,-0.952138293495606,-0.299706904751064,1
"9456",2001-05-11 15:02:33,23,39,0.2909,4.90123360545048,0.102101761241668,"N",0.18674654514826,-0.977106510666095,0.10192445579505,1
"9455a",2001-05-12 11:35:07,23,1,0.345,4.61395241057221,-0.144164196214732,"S",-0.097258175303647,-0.984835577919216,-0.143665346556254,1
"9448m",2001-05-13 14:51:08,23,1,0.5699,4.99286339118018,0.480314610148839,"N",0.245490214206643,-0.852195262269179,0.462058210288208,1
"9457",2001-05-13 14:51:08,23,6,0.3048,4.56578132321717,-0.331961623729321,"S",-0.13810760710533,-0.935262884577004,-0.325898182861368,1
"9460",2001-05-13 14:51:08,23,5,0.9802,3.32013983606881,-0.396364273127912,"S",-0.907805975984663,-0.163830836807995,-0.386067049717177,1
"9458",2001-05-14 06:33:41,23,9,0.5996,5.16460378957642,-0.213104701668508,"S",0.427074337875732,-0.879134353934026,-0.211495384491028,1
"9459",2001-05-14 06:33:41,23,11,0.475,4.54745536607123,0.447153354360947,"N",-0.148044265915703,-0.88944515537191,0.432400521409167,1
"9455n",2001-05-15 10:11:51,23,2,0.1767,4.26314123092135,-0.222005880853679,"S",-0.423629640681394,-0.878667022998016,-0.220186716747302,1
"9460a",2001-05-15 10:11:51,23,1,0.9443,3.06776522623043,0.256039801267568,"N",-0.964765281911438,0.071355827285506,0.253251449612328,1
"9455w",2001-05-16 13:39:21,23,8,0.5483,4.17762009757363,-0.597949801733257,"S",-0.421214953132819,-0.711102086172373,-0.562949186249182,1
"9461",2001-05-16 13:39:21,23,90,0.9399,2.82690978945522,0.31712632508737,"N",-0.903478663447287,0.29408110454929,0.311837471517735,1
"9461a",2001-05-16 13:39:21,23,43,0.9481,2.79113053978933,0.257785130519562,"N",-0.90817970814724,0.331987155466207,0.254939495400477,1
"9469",2001-05-16 13:39:21,23,17,0.3261,3.83588463003314,0.231256125889249,"N",-0.74804869320443,-0.622808424313735,0.229200390922414,1
"9462",2001-05-17 09:54:22,23,122,0.9897,2.41623381646095,0.335103216382911,"N",-0.706640400184838,0.626503051460671,0.328866646738583,1
"9460m",2001-05-18 13:49:38,23,18,0.3579,3.30547907035206,-0.290073721681458,"S",-0.945383231702236,-0.156337661431269,-0.286022867677462,1
"9463",2001-05-18 13:49:38,23,98,0.9701,2.23192704745035,0.121998514714404,"N",-0.609446035861892,0.783431928305566,0.121696109566609,1
"9466",2001-05-18 13:49:38,23,84,0.9914,2.10748507178315,-0.164235482612666,"S",-0.504412942665985,0.847841930149109,-0.163498149078437,1
"9471a",2001-05-18 13:49:38,23,19,0.953,2.32408043195565,-0.574562389756533,"S",-0.574202181148765,0.61231930573742,-0.543467499474665,1
"9454m",2001-05-19 12:58:02,23,4,0.5897,3.83326663615515,-0.428478331364608,"S",-0.700554424336493,-0.580167135747308,-0.415487175664099,1
"9455m",2001-05-19 12:58:02,23,2,0.7955,4.20694162900713,-0.350636646725661,"S",-0.454737441412433,-0.82172045370946,-0.343495786485356,1
"9465",2001-05-19 12:58:02,23,92,0.9923,1.86942216181113,-0.195476876223365,"S",-0.28860400886338,0.937539728691079,-0.194234351219972,1
"9464",2001-05-20 09:47:19,23,41,0.8741,2.0631537087825,-0.0836012711705284,"S",-0.47105362912327,0.878143253476617,-0.0835039212450469,1
"9467",2001-05-20 09:47:19,23,98,0.9713,1.79507113567617,-0.121998514714404,"S",-0.220746387279638,0.967709196721484,-0.121696109566609,1
"9468",2001-05-21 07:08:05,23,112,0.9683,1.60814637278758,0.103847090493663,"N",-0.0371401947343386,0.993919060329353,0.103660539498455,1
"9470",2001-05-21 07:08:05,23,6,0.2809,2.87874606823945,-0.314333798284179,"S",-0.918339683164693,0.247099394962817,-0.309182980343326,1
"9471",2001-05-21 07:08:05,23,5,0.5502,2.36195407672393,-0.213977366294505,"S",-0.694948825453195,0.686989344966324,-0.212348227927536,1
"9472",2001-05-22 07:57:21,23,104,0.9901,1.26466557599509,0.213802833369305,"N",0.294509649556153,0.931796491599203,0.212177672156446,1
"9470m",2001-05-24 12:36:25,23,2,0.3345,2.48133459756034,-0.174358392274234,"S",-0.777858559597187,0.604021553261595,-0.173476293645098,1
"9474",2001-05-25 13:43:45,23,9,0.9565,0.687659725285766,0.329867228626928,"N",0.731071920160333,0.600509245341759,0.323917418198149,1
"9478a",2001-05-25 13:43:45,23,7,0.8253,1.06412724494094,0.462163185928098,"N",0.434358118647512,0.782636083612628,0.445885394908244,1
"9473",2001-05-26 13:04:04,23,21,0.3662,1.40830617343422,0.203330857857339,"N",0.15844337409833,0.966498260668833,0.201932685141501,1
"9475",2001-05-26 13:04:04,23,56,0.9765,0.376118453804778,0.310145008079392,"N",0.885721806205233,0.349788276588277,0.305196729297583,1
"9476",2001-05-26 13:04:04,23,10,0.7857,2.55289309689211,-0.390604686596331,"S",-0.769021762961344,0.513455717292922,-0.380747625693237,1
"9477",2001-05-26 13:04:04,23,1,0.6255,1.07233029242532,-0.271224165759919,"S",0.460601978269869,0.846208890228459,-0.267911051866479,1
"9479",2001-05-27 15:31:28,23,4,0.7078,2.10155095232637,0.448549617762543,"N",-0.456111035379048,0.777111653342135,0.433659084587544,1
"9481",2001-05-27 15:31:28,23,14,0.5085,1.88425746045308,0.296880505764235,"N",-0.294863659463153,0.909657400222951,0.292538606935254,1
"9480",2001-05-28 09:42:22,23,5,0.8565,0.26476644752754,-0.234921317318437,"S",0.938643439887802,0.254496101425584,-0.2327664647555,1
"9480a",2001-05-28 09:42:22,23,9,0.932,0.101054563690472,0.258308729295161,"N",0.96189097601045,0.0975357115228756,0.255445757935791,1
"9480n",2001-05-29 06:01:04,23,16,0.9079,6.26032149397846,0.309970475154193,"N",0.95209366669962,-0.0217722857271024,0.305030518808678,1
"9480m",2001-05-30 16:13:09,23,0,0.5252,0.210312174865317,-0.118333323285216,"S",0.971126659626204,0.207305265000759,-0.118057350750454,1
"9482",2001-05-30 16:13:09,23,16,0.8137,6.11161944170854,-0.270002435283523,"S",0.949620790700747,-0.164540093833706,-0.266733783743424,1
"9482a",2001-05-31 04:55:34,23,2,0.6303,0.0120427718387609,0.285012266850674,"N",0.959588615685123,0.0115566654445574,0.281169223300331,1
"9483",2001-05-31 04:55:34,23,5,0.6789,1.27827914416065,-0.410326907143867,"S",0.264426480603355,0.878037670213419,-0.398909120028504,1
"9486a",2001-05-31 04:55:34,23,11,0.6515,6.23483968689934,-0.231954257590046,"S",0.972081878809822,-0.0470325501493809,-0.229879881929701,1
"9477m",2001-06-01 13:25:20,23,2,0.4075,0.559727091114582,-0.354999969855647,"S",0.794561685598593,0.497848054553881,-0.347590336971037,1
"9484",2001-06-01 13:25:20,23,17,0.6756,5.86762241227974,-0.109257611174845,"S",0.909434032345774,-0.401297818077064,-0.109040368753469,1
"9485",2001-06-01 13:25:20,23,71,0.9857,5.21347300863226,-0.374547657477983,"S",0.447073613387563,-0.816258416856852,-0.365851583463751,1
"9486",2001-06-01 13:25:20,23,16,0.4928,0.26476644752754,0.502480291649168,"N",0.845851724656724,0.229337315067129,0.481600722396724,1
"9477a",2001-06-02 07:09:05,23,4,0.5141,0.614355896702004,-0.286408530252269,"S",0.783858241089207,0.552951162493243,-0.282508884415881,1
"9487",2001-06-02 07:09:05,23,403,0.9873,5.03981274805883,0.37245326237559,"N",0.299554675450095,-0.881953872259043,0.363901585079356,1
"9488",2001-06-02 07:09:05,23,405,0.9934,4.98256594859341,-0.341037335839692,"S",0.251530628735192,-0.908221116464991,-0.334464865741028,1
"9482m",2001-06-03 15:14:46,23,1,0.5067,6.1859704678435,-0.531278224307074,"S",0.858089368978043,-0.0836828074513116,-0.506635788889741,1
"9484a",2001-06-03 15:14:46,23,3,0.5295,5.71211357592704,-0.393222680474322,"S",0.777111631346483,-0.499279950513519,-0.383167122077593,1
"9490",2001-06-04 09:10:45,23,18,0.9447,4.72233735712106,-0.194604211597368,"S",0.00976043299449387,-0.981075732622437,-0.193378232505908,1
"9480p",2001-06-05 15:17:28,23,2,0.4999,5.971993101549,0.421846080207029,"N",0.868514464857656,-0.279351203206703,0.409445392696006,1
"9489",2001-06-05 15:17:28,23,38,0.8392,4.69947354391993,0.308574211752597,"N",-0.0123050666627242,-0.952688087012992,0.303700500819394,1
"9489a",2001-06-05 15:17:28,23,1,0.8152,4.71395977671148,0.107337748997651,"N",0.00156175548878822,-0.994243606032961,0.107131754313874,1
"9491",2001-06-05 15:17:28,23,207,0.9877,4.26663188942534,0.42463860701022,"N",-0.39285047397347,-0.822150533231247,0.411991511813529,1
"9492",2001-06-05 15:17:28,23,20,0.9849,4.2774529307877,0.333357887130917,"N",-0.398156497495943,-0.85697132395983,0.327217898979104,1
"9493",2001-06-06 05:31:25,23,222,0.994,4.06609355837119,0.113620934304831,"N",-0.598349956048674,-0.793172787886356,0.11337662304521,1
"9496m",2001-06-06 05:31:25,23,6,0.3825,5.15046662263527,0.126536370769589,"N",0.420807927014705,-0.898328730894565,0.12619896913583,1
"9493m",2001-06-07 10:39:37,23,1,0.8718,4.19734231812116,0.196524073774562,"N",-0.483093979619105,-0.853518104149478,0.195261498367845,1
"9494",2001-06-07 10:39:37,23,34,0.2299,5.41191694458402,-0.148352986419518,"S",0.636784373906808,-0.756741725511176,-0.147809411129611,1
"9495",2001-06-07 10:39:37,23,8,0.6992,4.47292980701107,0.0715584993317675,"N",-0.236570278141326,-0.968980195336329,0.0714974443326859,1
"9496",2001-06-08 11:33:24,23,9,0.2579,5.21958166101424,0.146433124242324,"N",0.480526931950169,-0.864756632145105,0.145910365744226,1
"9497",2001-06-09 15:36:15,23,17,0.7033,3.97359110801549,-0.17854718247902,"S",-0.662694489082959,-0.727526109538371,-0.177600039636926,1
"9499",2001-06-09 15:36:15,23,9,0.7939,3.86049377248626,0.331438024953723,"N",-0.711573711419971,-0.622716355342646,0.325403125376478,1
"9498",2001-06-10 15:46:36,23,17,0.8985,3.42643038751527,0.40631264986428,"N",-0.881572116692359,-0.258123801959519,0.395224880204316,1
"9501",2001-06-10 15:46:36,23,177,0.9976,3.00598057070983,-0.230208928338052,"S",-0.964679720473676,0.13163013795666,-0.228180945059705,1
"9494a",2001-06-11 06:37:31,23,66,0.8898,5.4476961942499,-0.0607374579694027,"S",0.669578073688743,-0.740257184051419,-0.0607001210504189,1
"9500",2001-06-11 06:37:31,23,77,0.9853,2.96287093818557,0.188146493364989,"N",-0.966705431359328,0.174634585159003,0.187038420242254,1
"9508m",2001-06-11 06:37:31,23,3,0.5617,3.93484479862122,-0.419926218029836,"S",-0.640581690241557,-0.650723788293209,-0.407693082448801,1
"9495a",2001-06-12 10:08:23,23,4,0.3214,4.32405322181595,-0.216944426022895,"S",-0.369772983690357,-0.903845565553213,-0.215246682117339,1
"9495m",2001-06-12 10:08:23,23,3,0.2246,4.3099160548748,0.0673697091269811,"N",-0.390806312271601,-0.918007958003967,0.0673187591244711,1
"9502",2001-06-12 10:08:23,23,158,0.9897,2.68780704807127,-0.430572726467001,"S",-0.816758280396743,0.398359630330505,-0.417391322773124,1
"9503",2001-06-13 05:16:58,23,188,0.9768,2.55882721634889,0.220086018676485,"N",-0.814803972806737,0.537060212699678,0.218313567680379,1
"9504",2001-06-13 05:16:58,23,239,0.9988,2.38830854842904,0.128281700021583,"N",-0.723452624478616,0.678417405822508,0.127930151301644,1
"9505",2001-06-14 14:59:00,23,117,0.9767,2.2455406156159,0.410675972994266,"N",-0.572754777557752,0.715938560219804,0.399229185775745,1
"9506",2001-06-14 14:59:00,23,328,0.9911,2.15216550063421,0.333532420056116,"N",-0.518904980900563,0.789656957685867,0.327382818692256,1
"9508",2001-06-14 14:59:00,23,8,0.5924,4.11112305307264,-0.343131730942085,"S",-0.532710490461068,-0.776549463221269,-0.336437905895705,1
"9504a",2001-06-16 06:56:23,23,5,0.8045,2.35759075359394,-0.431968989868597,"S",-0.643050186655176,0.641256954432336,-0.418659737537428,1
"9509",2001-06-16 06:56:23,23,2,0.7418,2.38918121305504,-0.194953277447767,"S",-0.716213603821193,0.670455341528502,-0.193720697699959,1
"9510a",2001-06-16 06:56:23,23,2,0.5866,2.68396732371688,0.394793476801117,"N",-0.828095371685474,0.407832548510915,0.384617560400183,1
"9511",2001-06-19 09:56:12,23,4,0.9739,1.1377801393751,0.192509816494975,"N",0.411859107496951,0.89093636425096,0.191322947988723,1
"9517",2001-06-19 09:56:12,23,1,0.5916,1.90520141147701,-0.251152879361984,"S",-0.317910273580752,0.914970192496004,-0.248520833725539,1
"9510",2001-06-20 10:45:25,23,1,0.502,2.74208678780829,-0.114668131856027,"S",-0.915203261324086,0.38640877215757,-0.114417005997516,1
"9512",2001-06-20 10:45:25,23,4,0.8205,1.355597230024,-0.396364273127912,"S",0.1969861847448,0.901192918382275,-0.386067049717177,1
"9517a",2001-06-20 10:45:25,23,1,0.7515,1.42523586717857,-0.231605191739647,"S",0.141174113552469,0.963006328645988,-0.229540150410443,1
"9513",2001-06-21 07:19:16,23,209,0.9966,0.549953247303413,0.376292986729977,"N",0.792898885769258,0.486079437176908,0.367475356588233,1
"9517b",2001-06-21 07:19:16,23,3,0.2784,1.82107654153088,0.202981792006941,"N",-0.242590634210285,0.948952545900532,0.201590797960499,1
"9514",2001-06-22 11:05:30,23,75,0.9631,0.481012741849637,0.29845130209103,"N",0.847336127546761,0.442223669754729,0.294040325232304,1
"9515",2001-06-23 11:15:53,23,57,0.7915,0.639488637930722,-0.104021623418862,"S",0.7980637597128,0.593559355715953,-0.103834130588807,1
"9516",2001-06-23 11:15:53,23,110,0.9667,0.230557994188451,0.198618468876955,"N",0.954399363311956,0.224028094721393,0.197315149152911,1
"9511m",2001-06-24 12:37:10,23,1,0.4158,1.0149089600347,0.365297412442413,"N",0.492878512156303,0.793384882763736,0.357227098715315,1
"9516b",2001-06-25 07:01:40,23,2,0.981,6.03657028387279,-0.137881010907552,"S",0.960540931647087,-0.241805945739945,-0.137444546037147,1
"9519",2001-06-25 07:01:40,23,6,0.8951,0.023387411976724,0.288851991205062,"N",0.958309376182668,0.0224164633830714,0.284851964518029,1
"9516a",2001-06-27 06:57:53,23,7,0.5894,0.0626573201465964,-0.16615534478986,"S",0.984292626525292,0.0617539735042706,-0.165391874420648,1
"9518",2001-06-27 06:57:53,23,20,0.9419,5.95314354562746,-0.831649388575298,"S",0.637299599064273,-0.218320698306954,-0.739043499209133,1
"9521",2001-06-27 06:57:53,23,1,0.9492,5.70286333089147,-0.12932889757278,"S",0.829302052686353,-0.543714250840319,-0.128968673883822,1
"9516m",2001-06-28 09:32:09,23,1,0.5272,6.20988147859582,-0.246615023306799,"S",0.967140055347286,-0.071022326097861,-0.24412280216829,1
"9523",2001-06-29 05:13:34,23,6,0.8997,5.7238072819154,-0.84631015429205,"S",0.561737818853323,-0.351694735330817,-0.74884006036703,1
"9522a",2001-06-30 08:37:27,23,4,0.7573,5.38835499968209,0.25534166956677,"N",0.605365748239276,-0.754809689593068,0.252576015003639,1
"9525",2001-06-30 08:37:27,23,89,0.9903,4.79599025155522,0.3077015471266,"N",0.0795819271618224,-0.949703702642084,0.302868938745998,1
"9526",2001-07-01 05:02:36,23,36,0.9691,4.7080256572547,0.14172073526194,"N",-0.00431956455049405,-0.989964989750609,0.141246806796367,1
"9527",2001-07-01 05:02:36,23,274,0.9965,4.57154090974875,-0.302465559370617,"S",-0.134010153442714,-0.945151794760341,-0.297874744877048,1
"9528",2001-07-01 05:02:36,23,3,0.9912,4.59841898022946,0.0581194640914112,"N",-0.11353141369051,-0.99183493970852,0.0580867495977378,1
"9515m",2001-07-03 15:45:24,23,4,0.7936,0.0596902604182061,-0.231081592964049,"S",0.971685650514301,0.0580691512966314,-0.229030500703048,1
"9522f",2001-07-03 15:45:24,23,2,0.3638,5.2003830392423,-0.201410995680146,"S",0.459377261830468,-0.865419971862147,-0.200052002277562,1
"9529",2001-07-03 15:45:24,23,121,0.9709,4.14027005158095,0.115715329407224,"N",-0.537794025061822,-0.835133047435007,0.115457263477546,1
"9518a",2001-07-04 13:51:42,23,5,0.6214,5.86762241227974,0.359886891761231,"N",0.856278365254057,-0.377842292482409,0.352168373380514,1
"9530",2001-07-04 13:51:42,23,5,0.4016,5.15308461651326,-0.341386401690091,"S",0.401952060479745,-0.852260316615966,-0.334793807884406,1
"9532m",2001-07-04 13:51:42,23,14,0.5247,4.8307223036699,-0.28623399732707,"S",0.113254066372087,-0.952605279325088,-0.282341456842876,1
"9532a",2001-07-05 10:17:56,23,6,0.3285,4.76631965427131,-0.0994837673636768,"S",0.0536380074357205,-0.993608852350454,-0.099319749743639,1
"9521a",2001-07-07 07:43:59,23,2,0.7333,5.34315097205544,-0.352207443052456,"S",0.553556975060289,-0.758003939861389,-0.344970582103335,1
"9521m",2001-07-08 12:52:55,23,5,0.9357,5.51349510705009,-0.270002435283523,"S",0.692108759226184,-0.67070004772052,-0.266733783743424,1
"9528n",2001-07-08 12:52:55,23,2,0.1021,4.44325920972716,0.0492182849062401,"N",-0.26557064467241,-0.962835265535407,0.0491984159261495,1
"9531",2001-07-08 12:52:55,23,146,0.4664,3.88702277711657,-0.100181899064475,"S",-0.731111946578342,-0.674886983352552,-0.100014405321035,1
"9531m",2001-07-08 12:52:55,23,1,0.4475,3.93362306814482,0.294087978961045,"N",-0.672245281689319,-0.681221947908087,0.289867105644567,1
"9532",2001-07-08 12:52:55,23,9,0.6383,5.03038797009806,0.148527519344717,"N",0.30922405993783,-0.939405025065621,0.147982024709169,1
"9531a",2001-07-09 11:36:25,23,1,0.3505,3.86311176636425,0.316253660461372,"N",-0.713568770726241,-0.627768673109456,0.311008203278682,1
"9533",2001-07-09 11:36:25,23,27,0.6122,3.50706459895741,-0.165457213089062,"S",-0.921200314220134,-0.352509288370228,-0.164703317190157,1
"9544",2001-07-09 11:36:25,23,45,0.9984,2.59478099893997,0.305083553248609,"N",-0.814741939678465,0.495955350805432,0.300372871172536,1
"9551",2001-07-09 11:36:25,23,6,0.8591,3.09254890160875,0.227940000310459,"N",-0.972962660033501,0.0477560345578706,0.22597128875997,1
"9528m",2001-07-10 11:27:29,23,2,0.4551,4.2469096688778,0.39095375244673,"N",-0.414983567870727,-0.826180371750347,0.381070376350274,1
"9535",2001-07-10 11:27:29,23,203,0.9901,2.461786909938,0.111526539202438,"N",-0.772863312216357,0.62473643689525,0.111295485287537,1
"9536",2001-07-10 11:27:29,23,5,0.8681,2.84314135149876,0.181339709282211,"N",-0.940120840765372,0.289218934953865,0.180347476896024,1
"9534",2001-07-11 04:47:34,23,10,0.9795,2.35287836461356,0.23998277214922,"N",-0.684561135901188,0.689116439945228,0.237685892326173,1
"9537",2001-07-11 04:47:34,23,4,0.7689,2.87019395490467,-0.108908545324446,"S",-0.957689062421129,0.266490918001743,-0.108693377634185,1
"9538",2001-07-12 10:41:42,23,282,0.963,2.13663207029146,0.295309709437441,"N",-0.512913889026974,0.807599710278013,0.291036166828272,1
"9539",2001-07-12 10:41:42,23,33,0.6721,2.81155089203767,-0.325154839646544,"S",-0.896458105179731,0.307101024091541,-0.319455515932175,1
"9541",2001-07-12 10:41:42,23,99,0.9956,1.94866010985167,0.300545697193424,"N",-0.352398278807607,0.887792144042473,0.296041487075552,1
"9539a",2001-07-13 05:34:16,23,5,0.4011,3.0176742766982,-0.262672052425147,"S",-0.958294551806922,0.119361896189793,-0.259661875744492,1
"9539m",2001-07-14 13:06:16,23,4,0.4819,2.5225243679074,-0.182037840983009,"S",-0.800962659792685,0.570688589329899,-0.181034117299686,1
"9542",2001-07-15 10:18:04,23,23,0.9535,1.48091187031719,0.132645023151569,"N",0.0889749490985896,0.98721411338628,0.132256390257122,1
"9543",2001-07-15 10:18:04,23,213,0.9849,1.40376831737904,-0.389557489045134,"S",0.153796359070484,0.912203112547477,-0.379779095521801,1
"9545",2001-07-15 10:18:04,23,0,0.6584,2.03453030904979,0.172787595947439,"N",-0.440630386280952,0.881070512026711,0.17192910027941,1
"9546",2001-07-16 10:00:58,23,1,0.9178,1.40743350880823,-0.279252680319093,"S",0.156336877237834,0.948463404087757,-0.275637355816999,1
"9540m",2001-07-17 06:34:18,23,1,0.4354,2.37452044733829,0.525344104850293,"N",-0.622862071167596,0.60044135501695,0.501510737159457,1
"9549",2001-07-17 06:34:18,23,5,0.9869,0.927991563285385,-0.0818559419185341,"S",0.597435647673044,0.797737552956886,-0.0817645613444447,1
"9534a",2001-07-18 13:08:30,23,11,0.4427,2.31413205521928,-0.277507351067098,"S",-0.650856013608332,0.708048583109452,-0.273959218692432,1
"9548",2001-07-18 13:08:30,23,33,0.8242,1.06814150222053,0.290771853382255,"N",0.461531040821014,0.839521846664027,0.286691763628628,1
"9550",2001-07-18 13:08:30,23,9,0.6811,1.28107167096384,0.143640597439133,"N",0.282746181441106,0.948453207878527,0.143147159753186,1
"9537m",2001-07-19 06:07:27,23,4,0.6235,2.51659024845062,-0.083426738245329,"S",-0.808141193604055,0.583064252775375,-0.0833299966141034,1
"9534b",2001-07-20 08:46:40,23,13,0.768,2.36614286692871,-0.376118453804778,"S",-0.664188342567633,0.651102898094945,-0.367313029566913,1
"9549a",2001-07-21 08:28:37,23,1,0.7817,0.487644993007216,0.234223185617639,"N",0.85931637593033,0.455752981982317,0.232087452207547,1
"9550m",2001-07-21 08:28:37,23,1,0.155,1.34198366185844,0.235619449019234,"N",0.220554204426095,0.947026454226151,0.233445363855905,1
"9549b",2001-07-22 09:58:08,23,9,0.7421,0.361632221013225,0.477696616270848,"N",0.830617268974766,0.314195494117398,0.459734862673287,1
"9553",2001-07-22 09:58:08,23,2,0.8339,0.149400183970715,0.226543736908864,"N",0.963593693315842,0.145041815421994,0.224610921330703,1
"9554",2001-07-22 09:58:08,23,6,0.474,1.59034401441723,0.297055038689435,"N",-0.0186903601693965,0.956019958247744,0.292705500236536,1
"9549c",2001-07-24 13:59:15,23,0,0.5082,0.582765437240907,0.619242818607588,"N",0.679910013085162,0.448147810308687,0.580418740412526,1
"9549m",2001-07-24 13:59:15,23,1,0.5656,0.24015730507442,-0.364250214891217,"S",0.907574641834429,0.222249995468194,-0.35624880212219,1
"9553b",2001-07-24 13:59:15,23,5,0.2853,0.484677933278825,0.331612557878923,"N",0.836618524165514,0.44053923982601,0.325568154457157,1
"9555",2001-07-24 13:59:15,23,5,0.8643,5.90375072779602,-0.149051118120316,"S",0.918575257119674,-0.366288540646057,-0.148499838380072,1
"9555a",2001-07-26 11:21:16,23,3,0.9745,5.13545679106812,0.100007366139275,"N",0.408508323456874,-0.907277672550105,0.0998407459833803,1
"9557m",2001-07-26 11:21:16,23,175,0.9799,5.16285846032443,-0.326900168898538,"S",0.412331058113377,-0.85256798544261,-0.321108904755742,1
"9553c",2001-07-27 10:40:53,23,2,0.3612,0.159872159482681,-0.224100275956072,"S",0.962560969033536,0.155211313675666,-0.222229226251396,1
"9559",2001-07-27 10:40:53,23,24,0.573,5.93359585800512,-0.423591409459024,"S",0.856477918992872,-0.31224042467771,-0.411037092577693,1
"9564",2001-07-27 10:40:53,23,1,0.5869,5.64160227414647,0.238062909972027,"N",0.778554239772615,-0.581585706871732,0.235820612531208,1
"9555b",2001-07-28 10:14:21,23,2,0.9099,4.88465297755653,0.329518162776529,"N",0.162190961063698,-0.932193889147322,0.323587152380349,1
"9557",2001-07-28 10:14:21,23,46,0.9077,4.97837715838863,-0.373500459926786,"S",0.244739960406403,-0.898313577784345,-0.36487678433762,1
"9553m",2001-07-29 06:42:48,23,1,0.6589,0.129503430497979,-0.338768407812099,"S",0.935266745226047,0.12180193350725,-0.33232575023337,1
"9559m",2001-07-29 06:42:48,23,3,0.4422,5.73864258055736,-0.348542251623268,"S",0.803932552937344,-0.486878860308812,-0.341528074559087,1
"9561",2001-07-29 06:42:48,23,16,0.9939,4.40346570278169,-0.211882971192112,"S",-0.29723386533923,-0.93135678590624,-0.210301133239691,1
"9557n",2001-07-30 05:53:53,23,2,0.6652,5.00577882764494,-0.310319541004592,"S",0.27538559348347,-0.911546079792196,-0.305362930489665,1
"9562",2001-07-30 05:53:53,23,307,0.9816,4.22439492152708,0.0888372589265114,"N",-0.467006135474005,-0.879791992775027,0.0887204535526216,1
"9563",2001-07-31 09:34:03,23,7,0.9074,4.20973415581032,0.423416876533824,"N",-0.439210173697403,-0.798920340092719,0.410877978853615,1
"9555m",2001-08-01 07:46:36,23,3,0.2685,4.86144009850501,0.0867428638241182,"N",0.147941508119517,-0.985194315172092,0.0866341245001928,1
"9565",2001-08-01 07:46:36,23,4,0.5316,4.57380983777634,0.0638790506229925,"N",-0.137854280067378,-0.988393247442489,0.0638356160555814,1
"9566",2001-08-01 07:46:36,23,44,0.9481,3.87288561017542,0.286932129027868,"N",-0.713881581337255,-0.64052930951055,0.28301111548022,1
"9567",2001-08-02 15:36:42,23,2,0.4219,4.56944651464635,-0.248011286708394,"S",-0.138097382913381,-0.959515690537334,-0.245476582274437,1
"9565m",2001-08-03 05:06:57,23,2,0.1166,4.67434080269121,0.218166156499291,"N",-0.0371373220537885,-0.975589418161656,0.216439613938103,1
"9569",2001-08-03 05:06:57,23,7,0.8202,3.81424254730841,-0.294087978961045,"S",-0.748592245583608,-0.59631091799273,-0.289867105644567,1
"9568",2001-08-04 14:49:04,23,25,0.8883,5.39481271791447,-0.308399678827398,"S",0.600920864660431,-0.739432958195179,-0.303534206886944,1
"9565a",2001-08-05 10:26:51,23,2,0.6232,4.61342881179661,-0.415737427825049,"S",-0.0903829270972673,-0.910342940104978,-0.403864652935058,1
"9570",2001-08-05 10:26:51,23,274,0.9897,2.78065856427737,-0.159348560707082,"S",-0.923714526002361,0.348674205560624,-0.158675054211118,1
"9562m",2001-08-06 07:40:48,23,1,0.1402,4.05021106217804,0.228289066160858,"N",-0.598884031499105,-0.768193404636995,0.226311311886086,1
"9571",2001-08-06 07:40:48,23,95,0.9988,2.44904600639844,0.122522113490002,"N",-0.763853044332377,0.633712730587932,0.122215799939889,1
"9572",2001-08-06 07:40:48,23,2,0.6836,3.2320007088431,0.262846585350346,"N",-0.961710505585,-0.0871840423706009,0.259830418164165,1
"9570m",2001-08-07 16:01:03,23,2,0.7999,2.82394272972683,-0.285535865626272,"S",-0.911508492787802,0.299688743854269,-0.281671660595737,1
"9573",2001-08-07 16:01:03,23,179,0.9989,2.16577906879976,-0.146782190092723,"S",-0.554467365286424,0.819252839404768,-0.146255686930654,1
"9576",2001-08-07 16:01:03,23,2,0.1131,3.60270864196669,0.201236462754946,"N",-0.877484331109154,-0.435968848336046,0.199880994440346,1
"9577",2001-08-07 16:01:03,23,2,0.7994,2.7392942610051,0.245044226980004,"N",-0.892675109459269,0.379837810347204,0.242599230795407,1
"9571a",2001-08-09 12:49:55,23,3,0.8178,2.41989900789014,-0.412944901021858,"S",-0.687587302639195,0.60512415976724,-0.401308425672011,1
"9572a",2001-08-09 12:49:55,23,8,0.5201,2.98748008063869,-0.374547657477983,"S",-0.919643001385698,0.142861362444055,-0.365851583463751,1
"9573a",2001-08-09 12:49:55,23,9,0.932,2.02528006401422,0.287281194878267,"N",-0.421007383316725,0.861665763541763,0.283345893093221,1
"9574",2001-08-09 12:49:55,23,8,0.4283,2.8304004479592,-0.0600393262686049,"S",-0.950253924355836,0.305642091020558,-0.0600032619356207,1
"9586",2001-08-10 10:12:52,23,2,0.8077,2.1865484868985,-0.314857397059777,"S",-0.549179546979001,0.776208462127187,-0.309680881718724,1
"9575",2001-08-11 12:06:52,23,214,0.9813,1.39259821016628,0.193033415270573,"N",0.173964296920719,0.965885628368742,0.19183684814863,1
"9577m",2001-08-11 12:06:52,23,1,0.3068,2.80910743108487,0.422195146057428,"N",-0.862234654269829,0.297733106092526,0.409763832606887,1
"9581",2001-08-12 12:57:50,23,7,0.71,1.96681153407241,-0.43703044469938,"S",-0.349489821679785,0.835892072197408,-0.423250880896609,1
"9571b",2001-08-13 10:02:07,23,1,0.2163,2.12616009477949,0.158824961931484,"N",-0.520616330903321,0.839014101049017,0.158158067254484,1
"9575m",2001-08-13 10:02:07,23,3,0.9685,1.00112085894395,0.360759556387228,"N",0.504639721375768,0.787870765289278,0.352984997998887,1
"9580",2001-08-14 13:06:05,23,173,0.9782,0.693942910592945,0.413992098573055,"N",0.703789603733909,0.585543465258812,0.402267378703233,1
"9575a",2001-08-15 07:30:12,23,5,0.8131,1.09990649460683,-0.413817565647856,"S",0.415385470332117,0.815943871895756,-0.402107583804045,1
"9579",2001-08-15 07:30:12,23,28,0.5368,2.16787346390216,-0.385194165915149,"S",-0.521030763723328,0.7663857287695,-0.375739082332843,1
"9584",2001-08-15 07:30:12,23,17,0.9947,0.470366233412472,-0.218689755274889,"S",0.87017143126601,0.44241840252575,-0.216950771639621,1
"9584a",2001-08-16 12:52:44,23,6,0.8975,0.496895238042786,0.263893782901543,"N",0.848634978849507,0.460196024830197,0.260841506289897,1
"9585",2001-08-16 12:52:44,23,11,0.9805,0.227416401534861,0.247487687932796,"N",0.944567579800052,0.218591606876834,0.244968970675218,1
"9587",2001-08-16 12:52:44,23,24,0.9806,0.282568805897882,-0.197920337176157,"S",0.941594198859903,0.273380201566308,-0.19663069461542,1
"9584m",2001-08-18 08:27:01,23,2,0.4045,1.12242124195755,-0.288153859504264,"S",0.415628595860738,0.863998305140785,-0.284182685990337,1
"9589",2001-08-18 08:27:01,23,1,0.2874,0.953647903289702,0.274889357189107,"N",0.556984360792327,0.784913055063941,0.271440449865074,1
"9588",2001-08-19 08:08:28,23,132,0.8578,1.7865190223414,-0.557807228937388,"S",-0.18160674850925,0.828753174983974,-0.529327085883464,1
"9592",2001-08-19 08:08:28,23,1,0.2772,1.14842664781227,-0.100530964914873,"S",0.407853339404733,0.907514837194705,-0.100361714851215,1
"9590",2001-08-20 10:40:44,23,197,0.9989,5.55660473957435,-0.493753645389196,"S",0.658174949269839,-0.584971621417871,-0.47393452953904,1
"9593a",2001-08-20 10:40:44,23,2,0.9308,5.83062143213746,-0.108035880698449,"S",0.894085677596816,-0.434723347562815,-0.107825841986148,1
"9590a",2001-08-21 13:51:31,23,2,0.9572,5.50215046691212,-0.191113553093379,"S",0.697255259105949,-0.691196954998035,-0.189952291511685,1
"9591",2001-08-21 13:51:31,23,127,0.9836,5.40039777152085,-0.297404104539834,"S",0.607123959936253,-0.738599004413169,-0.293039260085057,1
"9582a",2001-08-23 07:51:50,23,3,0.4093,0.466875574908483,0.210312174865317,"N",0.873302858853676,0.440180877974633,0.208765206352684,1
"9593",2001-08-23 07:51:50,23,8,0.2084,6.16799357654796,0.000872664625997165,"N",0.993372387352109,-0.114937106728048,0.00087266451523515,1
"9593b",2001-08-23 07:51:50,23,1,0.4065,6.27463319384481,0.534070751110265,"N",0.860710550444096,-0.00736107363635198,0.509041415750371,1
"9593m",2001-08-24 07:29:25,23,2,0.4143,6.08334510782624,-0.301941960595019,"S",0.935759448734617,-0.189532156562169,-0.297374874077786,1
"9594",2001-08-24 07:29:25,23,10,0.5477,5.88350490847288,0.661479786505851,"N",0.7268927427139,-0.307051516083645,0.614285200098943,1
"9595",2001-08-24 07:29:25,23,6,0.5812,5.50110326936093,0.280474410795489,"N",0.681725522781368,-0.677219075320766,0.276811552522934,1
"9593n",2001-08-25 08:05:14,23,2,0.3385,6.08718483218062,-0.148003920569119,"S",0.970130041368174,-0.192618849708757,-0.147464170468155,1
"9595m",2001-08-25 08:05:14,23,1,0.2481,5.64474386680006,0.228638132011257,"N",0.782127584882044,-0.580435720647641,0.226651307436855,1
"9596",2001-08-25 08:05:14,23,277,0.9974,4.33819038875711,0.373325927001587,"N",-0.340349027840764,-0.866686814267139,0.364714278885987,1
"9597",2001-08-25 08:05:14,23,1,0.9559,4.58323461573711,0.31381019950858,"N",-0.122505776762967,-0.943242232416037,0.30868499420366,1
"9585b",2001-08-26 14:50:49,23,13,0.8122,0.0230383461263252,-0.511730536684737,"S",0.87166701609239,0.0200853200803135,-0.489686831529969,1
"9594a",2001-08-27 10:46:21,23,1,0.7291,5.87512732806331,-0.543146463220635,"S",0.785796186966639,-0.339718764429584,-0.516832190989617,1
"9598",2001-08-27 10:46:21,23,37,0.9453,0.281696141271885,-0.288153859504264,"S",0.920980529544615,0.266524042410883,-0.284182685990337,1
"9600",2001-08-27 10:46:21,23,339,0.9958,3.88388118446298,0.265639112153537,"N",-0.711075842794083,-0.652266231083433,0.262526016963838,1
"9601",2001-08-27 10:46:21,23,62,0.9992,3.83832809098593,0.198443935951755,"N",-0.751889618064477,-0.629123380551556,0.197144044521352,1
"9595o",2001-08-28 07:00:15,23,2,0.0941,5.12463574970575,0.189019157990986,"N",0.393532567074547,-0.899904082201286,0.187895613278166,1
"9599",2001-08-28 07:00:15,23,122,0.9029,4.14620417103773,-0.317649923862968,"S",-0.509580318609233,-0.801732372780387,-0.312334918512233,1
"9596a",2001-08-29 10:47:51,23,1,0.6187,4.25336738711018,0.144164196214732,"N",-0.43847491542274,-0.887186573807275,0.143665346556254,1
"9599c",2001-08-29 10:47:51,23,4,0.7577,4.0617302352412,0.2153736296961,"N",-0.591716722276789,-0.777301944695809,0.213712440793994,1
"9604",2001-08-31 07:21:10,23,3,0.5233,4.72652614732584,-0.375245789178781,"S",0.0131530303470074,-0.930324593140629,-0.366501226724297,1
"9602",2001-09-01 10:23:11,23,10,0.6295,3.61405328210466,-0.141371669411541,"S",-0.88156775931639,-0.450538709294052,-0.140901231937583,1
"9603",2001-09-01 10:23:11,23,73,0.9938,2.80579130550608,-0.149574716895914,"S",-0.933604719287584,0.325846558420982,-0.149017611338903,1
"9599a",2001-09-02 09:59:24,23,14,0.3065,4.13328873457297,-0.159348560707082,"S",-0.540337650071521,-0.82635189301307,-0.158675054211118,1
"9605",2001-09-02 09:59:24,23,21,0.9688,2.76425246930862,-0.351160245501259,"S",-0.872915453474283,0.345964196295687,-0.343987479375725,1
"9611n",2001-09-02 09:59:24,23,2,0.7889,3.09865755399073,0.271573231610318,"N",-0.962462279177395,0.0413488247282985,0.268247340814857,1
"9606",2001-09-03 15:02:12,23,125,0.9118,2.65307499595658,-0.282917871748281,"S",-0.847924659681473,0.450659726533598,-0.279158704655113,1
"9607",2001-09-03 15:02:12,23,165,0.992,2.33333067699122,-0.25848326222036,"S",-0.667808461701221,0.699065867876143,-0.255614496558437,1
"9611a",2001-09-04 07:40:51,23,2,0.5558,3.02570279125737,-0.0869173967493176,"S",-0.989542663981283,0.115194128821651,-0.0868079998954363,1
"9608",2001-09-05 10:14:08,23,503,0.996,1.92736709297734,-0.505970950153156,"S",-0.305326699621715,0.819684838693736,-0.484656962927115,1
"9608a",2001-09-05 10:14:08,23,367,0.9752,2.05337986497133,-0.40945424251787,"S",-0.425708434350746,0.81257723177179,-0.398108743095063,1
"9611m",2001-09-05 10:14:08,23,3,0.0995,3.27196874871377,0.213977366294505,"N",-0.968900680855767,-0.127042121885874,0.212348227927536,1
"9614",2001-09-05 10:14:08,23,9,0.479,2.82149926877403,0.215897228471699,"N",-0.927169820983185,0.307350350591611,0.214223913345879,1
"9609",2001-09-06 15:13:00,23,89,0.779,3.90307980623492,-0.0986111027376796,"S",-0.720294307447067,-0.686646517454692,-0.0984513622388918,1
"9610",2001-09-06 15:13:00,23,157,0.9748,1.73468274355716,-0.214326432144904,"S",-0.159420792019494,0.96402710760886,-0.212689320059031,1
"9612",2001-09-06 15:13:00,23,26,0.8495,2.02353473476223,0.391302818297129,"N",-0.404365675473501,0.831280770009952,0.381393080575041,1
"9611",2001-09-07 14:39:00,23,81,0.3416,3.16061674243653,0.186575697038194,"N",-0.982467374391484,-0.0186928017482643,0.185495114272864,1
"9613",2001-09-07 14:39:00,23,44,0.8094,3.66955475231808,-0.282917871748281,"S",-0.829493705619122,-0.483746431463361,-0.279158704655113,1
"9615",2001-09-07 14:39:00,23,12,0.9848,1.40394285030424,0.182037840983009,"N",0.163336174906621,0.969818510000916,0.181034117299686,1
"9603m",2001-09-08 09:44:59,23,3,0.3099,2.89811922293658,-0.0392699081698724,"S",-0.969758248149355,0.24088920069787,-0.0392598157590686,1
"9613a",2001-09-09 16:01:00,23,9,0.9475,3.59485466033272,0.143989663289532,"N",-0.889719807717478,-0.433368816586139,0.143492621991179,1
"9615a",2001-09-10 14:45:00,23,6,0.8037,1.22207954224643,-0.115889862332423,"S",0.339400133677641,0.933507957789422,-0.115630627445422,1
"9607m",2001-09-12 06:46:09,23,3,0.7136,2.30051848705373,-0.445931623884551,"S",-0.60146913674218,0.672470375831743,-0.431298587031457,1
"9616",2001-09-12 06:46:09,23,665,0.9809,0.389732021970334,-0.201061929829747,"S",0.906376612487046,0.372286663767913,-0.199709980514407,1
"9617",2001-09-12 06:46:09,23,227,0.9804,0.351509311351658,0.176801853227026,"N",0.924218516488436,0.338947769111052,0.175882186689149,1
"9618",2001-09-12 06:46:09,23,14,0.4577,1.78006130410902,-0.345226126044478,"S",-0.195484034130115,0.920470001049673,-0.338409470269128,1
"9619",2001-09-13 15:05:34,23,10,0.4313,0.999550062617153,0.27070056698432,"N",0.520991316249867,0.810593474888924,0.26740655724894,1
"9619m",2001-09-15 10:38:18,23,2,0.5071,0.570024533701348,0.448549617762543,"N",0.758605693205836,0.486268650635002,0.433659084587544,1
"9623",2001-09-15 10:38:18,23,10,0.977,5.910732044804,0.351334778426458,"N",0.874539789129691,-0.341672359657748,0.34415135605559,1
"9620",2001-09-16 11:30:03,23,353,0.9674,5.7238072819154,0.219387886975687,"N",0.827269429600155,-0.517939674569911,0.217632222695651,1
"9621",2001-09-16 11:30:03,23,196,0.985,5.63514455591409,0.262322986574748,"N",0.769993583690481,-0.58297559657502,0.25932476718102,1
"9622",2001-09-16 11:30:03,23,6,0.8288,6.06850980918428,0.217817090648892,"N",0.953959452412344,-0.207996797647367,0.216098809162802,1
"9631",2001-09-16 11:30:03,23,3,0.712,6.25997242812806,0.105766952670856,"N",0.994143986825746,-0.0230810899291351,0.105569866656608,1
"9624",2001-09-17 11:08:41,23,123,0.9739,5.48783876704577,0.0301941960595019,"N",0.699718257512966,-0.713780742001979,0.0301896083135079,1
"9625",2001-09-17 11:08:41,23,9,0.6092,0.44331363000656,-0.519933584169111,"S",0.783961501801001,0.372252289946596,-0.496822499816015,1
"9629",2001-09-17 11:08:41,23,4,0.9494,5.55573207494835,0.436506845923782,"N",0.676839310414888,-0.602618148718708,0.422776435852255,1
"9626",2001-09-18 09:38:13,23,13,0.7367,5.81089921158992,0.435808714222984,"N",0.807291781788437,-0.412401148804686,0.422143662183178,1
"9628",2001-09-18 09:38:13,23,410,0.9944,5.19636878196272,-0.310319541004592,"S",0.44308073740028,-0.842871841282878,-0.305362930489665,1
"9616a",2001-09-19 15:01:56,23,8,0.1395,0.111526539202438,0.247138622082397,"N",0.963592492100836,0.107913924497071,0.244630525622907,1
"9616m",2001-09-20 08:36:56,23,2,0.1699,6.22244784921018,0.282743338823081,"N",0.958522949803602,-0.0582899429645442,0.278991106039229,1
"9622m",2001-09-20 08:36:56,23,4,0.3395,5.84091887472422,0.26790804018113,"N",0.871543091314472,-0.412721184070372,0.264714684521965,1
"9625a",2001-09-20 08:36:56,23,12,0.5572,0.370184334347997,0.482059939400834,"N",0.826021927672927,0.3205586595029,0.463605350293982,1
"9632",2001-09-20 08:36:56,23,719,0.9878,4.80332063441359,-0.327249234748937,"S",0.0859873098931902,-0.943017949289911,-0.321439465303162,1
"9622a",2001-09-21 07:34:37,23,3,0.2022,6.14408256579564,0.131074226824774,"N",0.981845724970054,-0.137465208815386,0.130699230002975,1
"9620m",2001-09-22 09:21:20,23,4,0.184,5.71001918082465,0.307177948351002,"N",0.800859565738336,-0.516910442081574,0.302369890750444,1
"9627",2001-09-22 09:21:20,23,9,0.4493,5.24663426442015,-0.00785398163397448,"S",0.509175931150978,-0.860626624836441,-0.00785390088871133,1
"9633",2001-09-22 09:21:20,23,125,0.9873,4.24987672860619,0.378212848907171,"N",-0.414663248102173,-0.831685809111785,0.369260213935149,1
"9634",2001-09-22 09:21:20,23,210,0.9979,4.16836985253806,0.186226631187795,"N",-0.508630064732146,-0.840841339926997,0.185152095101151,1
"9633m",2001-09-23 09:29:18,23,3,0.9634,4.13835018940375,0.475253155318056,"N",-0.482847873461747,-0.746654885535949,0.457563561703473,1
"9635",2001-09-23 09:29:18,23,22,0.4323,5.08100251840589,0.373674992851986,"N",0.335457359640298,-0.868455344210618,0.36503927867447,1
"9636",2001-09-23 09:29:18,23,508,0.9966,3.95474155209395,0.204203522483337,"N",-0.672935929647207,-0.711361052793755,0.202787295356512,1
"9637",2001-09-24 10:01:52,23,455,0.9904,3.82733251669837,-0.242426233102012,"S",-0.751319181427774,-0.614728678445478,-0.240058616832172,1
"9643",2001-09-24 10:01:52,23,9,0.9725,3.99191706516143,-0.472809694365264,"S",-0.587360895445468,-0.669049740687681,-0.45538952885112,1
"9627m",2001-09-25 10:06:20,23,1,0.0574,5.05203005282279,0.11693705988362,"N",0.330873500873075,-0.936435083454637,0.116670737099333,1
"9638",2001-09-25 10:06:20,23,30,0.9374,3.77951049519372,0.0565486677646163,"N",-0.802053379094943,-0.594572142252215,0.0565185344820245,1
"9639",2001-09-25 10:06:20,23,2,0.8491,3.98092149087387,0.0647517152489896,"N",-0.666562630018091,-0.742635396527201,0.0647064764011497,1
"9640",2001-09-26 15:02:00,23,85,0.9939,3.23950562462668,0.179245314179818,"N",-0.979265614285795,-0.0961903931979569,0.178287029628876,1
"9644",2001-09-26 15:02:00,23,7,0.934,3.49571995881944,0.355523568631245,"N",-0.879294213600054,-0.325086352199744,0.348081239860649,1
"9627a",2001-09-27 15:02:16,23,4,0.6142,5.14924489215887,0.194429678672168,"N",0.415120840040531,-0.889013918206908,0.193206991070318,1
"9641",2001-09-27 15:02:16,23,178,0.989,3.10459167344751,-0.243647963578408,"S",-0.969800140874832,0.0358999404574589,-0.241244442494135,1
"9638b",2001-09-29 11:17:48,23,1,0.4202,3.71685317504712,0.392524548773525,"N",-0.775237699004692,-0.502676130831695,0.382522179139965,1
"9642",2001-09-29 11:17:48,23,30,0.966,2.75063890114306,0.070162235930172,"N",-0.922271317424341,0.380132805994308,0.0701046850307777,1
"9636b",2001-09-30 09:58:03,23,5,0.2326,3.96381726420432,-0.0829031394697307,"S",-0.678255510758392,-0.730145371069685,-0.0828082075122043,1
"9641m",2001-09-30 09:58:03,23,1,0.7108,3.22135420040593,-0.379434579383567,"S",-0.925921074879637,-0.0740099117615011,-0.370395324018531,1
"9645",2001-09-30 09:58:03,23,2,0.5374,3.4482470031652,-0.28937558998066,"S",-0.913710747755735,-0.289319649893807,-0.285353832322224,1
"9646",2001-09-30 09:58:03,23,4,0.8689,2.78345109108056,0.194604211597368,"N",-0.918871836368492,0.343917733653973,0.193378232505908,1
"9647",2001-09-30 09:58:03,23,9,0.9207,2.7385961293043,-0.287106661953067,"S",-0.882236305636726,0.376123694126903,-0.283178508599776,1
"9636m",2001-10-01 10:05:05,23,22,0.3823,3.96643525808231,0.298276769165831,"N",-0.648705322808661,-0.702011230791094,0.293873503403903,1
"9638m",2001-10-01 10:05:05,23,2,0.0549,3.66519142918809,0.132819556076768,"N",-0.858397834863022,-0.495596221029958,0.132429387989607,1
"9648",2001-10-02 09:14:23,23,213,0.9928,1.95599049271005,-0.0869173967493176,"S",-0.374320690026597,0.923227161738738,-0.0868079998954363,1
"9650",2001-10-03 10:32:02,23,152,0.9849,1.77971223825862,-0.214850030920502,"S",-0.202631054575574,0.955764629940503,-0.213200909651632,1
"9650a",2001-10-03 10:32:02,23,11,0.9187,2.0633282417077,-0.342608132166487,"S",-0.44537663577764,0.829928162247514,-0.335944783873564,1
"9656b",2001-10-03 10:32:02,23,1,0.8764,2.07484741477086,0.127932634171184,"N",-0.479029764667241,0.868477300404377,0.127583945875541,1
"9640m",2001-10-04 09:00:31,23,1,0.2532,3.11593631358548,0.294786110661842,"N",-0.956549396959129,0.024546942785895,0.290535193697757,1
"9651",2001-10-04 09:00:31,23,33,0.5126,3.01296188771781,-0.41538836197465,"S",-0.907400695304746,0.117367678482305,-0.40354529635239,1
"9652",2001-10-04 09:00:31,23,15,0.4357,2.5541148273685,0.374373124552784,"N",-0.774690858745227,0.515873553082799,0.365689144775054,1
"9653",2001-10-04 09:00:31,23,227,0.9983,1.47899200813999,-0.404392787687086,"S",0.0842810145474177,0.915470080790337,-0.393460597473994,1
"9656",2001-10-04 09:00:31,23,4,0.6667,2.35968514869633,-0.345051593119279,"S",-0.667747220122495,0.663101662285341,-0.338245229815732,1
"9656a",2001-10-04 09:00:31,23,2,0.7087,2.1553070932878,0.324456707945746,"N",-0.523001201967115,0.790468342148697,0.318793887647871,1
"9654",2001-10-05 14:37:59,23,11,0.1815,2.46545210136719,0.12932889757278,"N",-0.773479729154199,0.620561189363463,0.128968673883822,1
"9650b",2001-10-08 14:30:26,23,10,0.7032,1.51372406025468,-0.53860860716545,"S",0.0489655663541706,0.857025548690739,-0.51294208464792,1
"9657",2001-10-08 14:30:26,23,45,0.9642,0.637568775753529,0.409803308368269,"N",0.737011114704081,0.545956961962689,0.398428930283833,1
"9658",2001-10-08 14:30:26,23,161,0.9985,0.472111562664466,-0.238761041672824,"S",0.865344941070191,0.441866900062678,-0.236498997023725,1
"9659m",2001-10-08 14:30:26,23,3,0.4127,1.5374605380818,0.188844625065786,"N",0.0327370737093246,0.981676073844645,0.187724186097351,1
"9660",2001-10-09 11:00:10,23,6,0.6812,1.01194190030631,0.213279234593707,"N",0.518201675593069,0.828652244439246,0.21166596608415,1
"9654m",2001-10-10 14:00:48,23,5,0.7236,2.31221219304209,0.0930260491312978,"N",-0.672412801807878,0.734324255610577,0.0928919349935815,1
"9659",2001-10-10 14:00:48,23,11,0.4036,1.08821278861846,0.0755727566113545,"N",0.462744642025209,0.883270637584476,0.0755008414395074,1
"9661",2001-10-10 14:00:48,23,195,0.9911,0.0481710873550435,0.240855436775218,"N",0.970007761725404,0.0467625042964816,0.238533457578581,1
"9662",2001-10-10 14:00:48,23,4,0.8691,0.443488162931759,0.171042266695444,"N",0.890079948118323,0.422831423088838,0.170209499166033,1
"9660a",2001-10-11 14:10:34,23,1,0.5648,0.669333768139825,0.121125850088406,"N",0.778489300474165,0.615917647067157,0.12082988487333,1
"9663",2001-10-11 14:10:34,23,27,0.9507,0.0577703982410123,-0.233525053916841,"S",0.971233750474222,0.0561710632474601,-0.231408326542989,1
"9650m",2001-10-13 12:52:07,23,16,0.8636,1.72106917539161,-0.464083048105292,"S",-0.133873660983067,0.884154611983172,-0.447603021665266,1
"9648m",2001-10-14 11:10:29,23,4,0.5308,1.12713363093794,-0.10454522219446,"S",0.426906776589935,0.898254230219518,-0.104354884860902,1
"9662m",2001-10-14 11:10:29,23,7,0.3379,0.274714824263907,0.190066355542183,"N",0.945169562649892,0.266387309965622,0.188924055984121,1
"9667",2001-10-14 11:10:29,23,21,0.9709,5.54543463236158,0.441742833679765,"N",0.66895085871566,-0.608058482747733,0.427515649049373,1
"9669",2001-10-14 11:10:29,23,12,0.9944,5.40947348363123,0.254119939090374,"N",0.621367651065724,-0.742093960071987,0.251393708421155,1
"9658b",2001-10-15 10:02:25,23,7,0.3935,0.257959663444762,0.483979801578028,"N",0.855862706710803,0.225809102993422,0.465305573002263,1
"9670",2001-10-16 10:23:40,23,252,0.9681,5.16791991515521,-0.279427213244292,"S",0.422875501581458,-0.863196295201731,-0.275805123433625,1
"9671",2001-10-16 10:23:40,23,2,0.782,5.54264210555839,0.261101256098352,"N",0.713085147533766,-0.651821231554891,0.258144638644718,1
"9671m",2001-10-16 10:23:40,23,3,0.7235,5.63497002298889,0.0263544717051144,"N",0.796885793990256,-0.603554996621236,0.0263514210254147,1
"9657a",2001-10-17 12:55:19,23,1,0.8426,0.820479281362534,-0.319395253114962,"S",0.647385419191084,0.694478838132842,-0.313992455967405,1
"9672",2001-10-18 11:14:05,23,228,0.9739,4.68603450867958,-0.346622389446074,"S",-0.0247841841630142,-0.940198921658667,-0.339723022368595,1
"9673",2001-10-18 11:14:05,23,205,0.9823,4.5870743400915,0.0699877030049726,"N",-0.124680927146629,-0.989729448042962,0.0699305804525552,1
"9670n",2001-10-19 09:00:59,23,3,0.5073,5.43966767969073,-0.327074701823737,"S",0.62959367685441,-0.707385819022712,-0.321274189922737,1
"9674",2001-10-19 09:00:59,23,16,0.7105,5.00996761784972,-0.143815130364333,"S",0.29017918852509,-0.946179394619014,-0.143319893055069,1
"9670m",2001-10-20 10:01:32,23,2,0.3599,5.30911705164155,-0.183608637309803,"S",0.552493515887484,-0.813274812344539,-0.182578735093222,1
"9675",2001-10-20 10:01:32,23,36,0.973,4.2181117362199,-0.224449341806471,"S",-0.462496173842814,-0.858230787496226,-0.222569549971161,1
"9676",2001-10-20 10:01:32,23,120,0.9702,4.18425234873121,0.25254914276358,"N",-0.487939542140581,-0.836348290295715,0.249873048836955,1
"9669m",2001-10-21 09:46:51,23,3,0.3813,5.10124833772903,0.436332312998582,"N",0.343611350911504,-0.838644766494158,0.422618261740699,1
"9677",2001-10-21 09:46:51,23,15,0.9254,4.10763239456865,0.349763982099664,"N",-0.534137486991971,-0.772832609901581,0.342676089131723,1
"9673m",2001-10-22 09:51:55,23,5,0.6423,4.3694317823678,0.207694180987325,"N",-0.329046682426338,-0.921524885561499,0.20620418539663,1
"9678",2001-10-22 09:51:55,23,2,0.9266,3.87340920895102,0.147480321793521,"N",-0.735885672191321,-0.66096828175967,0.146946275799002,1
"9681b",2001-10-22 09:51:55,23,7,0.8469,4.07045688150118,-0.0811578102177363,"S",-0.596773295273897,-0.798304135183664,-0.0810687473481388,1
"9679",2001-10-23 09:31:04,23,8,0.9336,3.65890824388091,-0.168249739892253,"S",-0.856876937497907,-0.487565428090027,-0.167457061109996,1
"9680",2001-10-23 09:31:04,23,13,0.9237,3.65611571707772,0.363552083190419,"N",-0.813629516300405,-0.459954584228122,0.355596387288037,1
"9681a",2001-10-24 12:25:00,23,2,0.7279,3.88981530391976,-0.362504885639222,"S",-0.685269188489034,-0.636123109493963,-0.35461744017365,1
"9681",2001-10-25 08:43:15,23,49,0.5243,4.15772334410089,-0.416086493675448,"S",-0.4817233386179,-0.777546108768175,-0.404183960308042,1
"9682",2001-10-25 08:43:15,23,838,0.9752,3.02535372540697,0.178721715404219,"N",-0.977431084854133,0.114130027467981,0.177771795263003,1
"9678m",2001-10-26 13:25:42,23,2,0.6111,3.45470472139758,0.186052098262596,"N",-0.934960855751551,-0.30270511116533,0.184980577052598,1
"9681d",2001-10-26 13:25:42,23,2,0.4271,4.07482020463116,0.523424242673099,"N",-0.515548019164368,-0.695960756543625,0.499848842438312,1
"9683",2001-10-26 13:25:42,23,19,0.6617,3.48699331255947,0.502654824574367,"N",-0.824551898458488,-0.296694395359942,0.481753674101715,1
"9675m",2001-10-27 08:53:30,23,5,0.2622,3.94200064855439,-0.176801853227026,"S",-0.685557731714497,-0.706453149820933,-0.175882186689149,1
"9684",2001-10-27 08:53:30,23,357,0.9986,2.4020966495198,0.0790634151153431,"N",-0.736500351845736,0.671810406564938,0.0789810696443064,1
"9669a",2001-10-28 13:41:30,23,10,0.9887,5.07471933309871,0.213279234593707,"N",0.346423044482366,-0.913886531826152,0.21166596608415,1
"9676n",2001-10-28 13:41:30,23,3,0.6645,4.36018153733223,0.248534885483993,"N",-0.334370966597352,-0.909773524658723,0.245984126574858,1
"9679m",2001-10-28 13:41:30,23,4,0.4637,3.47180894806712,-0.360934089312427,"S",-0.88502074420636,-0.303355512741718,-0.353148290684847,1
"9682a",2001-10-28 13:41:30,23,8,0.7481,2.8005553177501,0.166678943565458,"N",-0.929347568300137,0.329829582320003,0.165908239461561,1
"9682b",2001-10-28 13:41:30,23,6,0.7295,2.84191962102237,0.294262511886244,"N",-0.914365014687424,0.282518702069702,0.29003414091537,1
"9679o",2001-10-30 07:59:33,23,3,0.2631,3.46919095418913,0.215897228471699,"N",-0.924837093415865,-0.314299961172242,0.214223913345879,1
"9679r",2001-10-30 07:59:33,23,3,0.5515,2.89009070837741,-0.392000949997926,"S",-0.895072584198645,0.229982104680811,-0.382038349570491,1
"9683a",2001-10-30 07:59:33,23,25,0.3179,3.11820524161307,-0.214500965070103,"S",-0.976815534569283,0.0228493534623559,-0.212859856409045,1
"9682n",2001-10-31 12:34:24,23,2,0.3547,2.75028983529266,0.371929663599992,"N",-0.861208823973311,0.3553164019673,0.363413835734853,1
"9685",2001-10-31 12:34:24,23,46,0.9539,1.69837989511568,0.0757472895365539,"N",-0.126872876516281,0.989028101972068,0.075674875051195,1
"9686",2001-10-31 12:34:24,23,46,0.9562,1.68616259035172,0.266511776779534,"N",-0.111046599692082,0.958282820275313,0.263367972734004,1
"9679n",2001-11-01 15:41:00,23,6,0.3028,2.46423037089079,-0.114319066005629,"S",-0.774142322659866,0.622648896173689,-0.114070225565106,1
"9687",2001-11-01 15:41:00,23,523,0.9781,1.3856168931583,-0.32637657012294,"S",0.174403105514017,0.93101604017051,-0.320612990585676,1
"9684n",2001-11-02 10:31:54,23,2,0.2208,2.51851011062782,0.295309709437441,"N",-0.776930097049791,0.558280909485636,0.291036166828272,1
"9684c",2001-11-03 09:23:07,23,3,0.3795,2.09160257559,-0.25254914276358,"S",-0.481795734337028,0.839902571635287,-0.249873048836955,1
"9684m",2001-11-03 09:23:07,23,1,0.2947,2.1856758222725,0.346098790670476,"N",-0.542654180177632,0.768406856114329,0.339230517807929,1
"9685a",2001-11-03 09:23:07,23,9,0.4706,1.88931891528386,-0.19704767255016,"S",-0.307103724392717,0.931321348989415,-0.195774991714107,1
"9688",2001-11-03 09:23:07,23,49,0.9771,0.943175927777736,0.438601241026175,"N",0.531637889128239,0.732812088367347,0.424673519289768,1
"9692m",2001-11-03 09:23:07,23,2,0.812,1.35786615805159,0.10157816246607,"N",0.210235495935973,0.972377679844678,0.101403569899865,1
"9689",2001-11-04 10:33:50,23,58,0.6012,1.69558736831249,-0.464432113955691,"S",-0.111283326673795,0.887123468424363,-0.447915140372751,1
"9690",2001-11-05 08:09:08,23,982,0.9894,0.455007335994922,-0.300894763043822,"S",0.857900595739678,0.41972430662468,-0.296374888035301,1
"9691",2001-11-06 08:48:18,23,167,0.9956,0.140324471860344,0.130376095123976,"N",0.981767155972355,0.138677384943657,0.130007055036035,1
"9692",2001-11-07 09:49:08,23,28,0.0882,1.4465288840529,0.121649448864005,"N",0.123031862181967,0.984955546204575,0.121349630773584,1
"9693",2001-11-07 09:49:08,23,15,0.2109,1.20567344727768,0.184306769010601,"N",0.351016672108325,0.91825987803053,0.18326508751356,1
"9694",2001-11-07 09:49:08,23,118,0.9968,6.16415385219357,0.243647963578408,"N",0.963597490556265,-0.115243200056932,0.241244442494135,1
"9687n",2001-11-08 15:42:00,23,2,0.6162,1.06203284983855,-0.598124334658457,"S",0.402534252201407,0.721728458311386,-0.563093427654883,1
"9693a",2001-11-08 15:42:00,23,10,0.1472,1.06971229854732,0.206646983436129,"N",0.470156273846647,0.858402294999001,0.205179380306805,1
"9687m",2001-11-09 10:11:30,23,1,0.2319,0.993965009010771,-0.159174027781883,"S",0.53847642317837,0.827598952541062,-0.158502730052093,1
"9691b",2001-11-09 10:11:30,23,2,0.9691,2.24065369371032,0.321140582366957,"N",-0.589132617376737,0.74383361353007,0.315649036947102,1
"9695",2001-11-10 10:45:55,23,154,0.9693,5.64020601074488,0.194429678672168,"N",0.785233496695194,-0.588285147075287,0.193206991070318,1
"9696",2001-11-10 10:45:55,23,68,0.972,5.64212587292207,-0.0862192650485199,"S",0.798485522449674,-0.595823388929725,-0.0861124825014908,1
"9688n",2001-11-11 12:47:33,23,10,0.2722,0.650135146367888,0.224100275956072,"N",0.776097531994093,0.590158276932877,0.222229226251396,1
"9690m",2001-11-11 12:47:33,23,3,0.3156,0.165457213089062,-0.118158790360016,"S",0.97946574625367,0.163554901597053,-0.117884036575442,1
"9697",2001-11-11 12:47:33,23,278,0.9859,5.31208411136994,0.19704767255016,"N",0.553469212193373,-0.809533188802898,0.195774991714107,1
"9698",2001-11-12 09:49:18,23,31,0.957,5.29881960905478,-0.425336738711018,"S",0.50408427196719,-0.75870782234286,-0.412627540369113,1
"9699",2001-11-12 09:49:18,23,45,0.878,1.27740647953465,-0.175231056900231,"S",0.284770166777004,0.942609690956579,-0.174335660805645,1
"9702m",2001-11-12 09:49:18,23,1,0.4889,6.23937754295453,0.490961118586005,"N",0.88103404220595,-0.0386208407686753,0.471473697179985,1
"9703",2001-11-12 09:49:18,23,3,0.7384,5.73113766477378,0.38484510006475,"N",0.789174327520304,-0.486073070293419,0.375415571225283,1
"9700",2001-11-13 14:57:33,23,10,0.4719,0.00349065850398866,-0.435459648372585,"S",0.906670722118795,0.00316489072090322,-0.421827198173976,1
"9701",2001-11-13 14:57:33,23,21,0.5952,6.18143261178832,-0.581020107988912,"S",0.831579595371051,-0.0849087049617192,-0.548876933733094,1
"9704",2001-11-13 14:57:33,23,304,0.9981,4.75130982270416,-0.309097810528196,"S",0.0370669614201358,-0.95188697321146,-0.304199327089006,1
"9700m",2001-11-15 08:17:43,23,2,0.4784,5.79204965566838,-0.445757090959352,"S",0.79563251727896,-0.425542284849151,-0.431141115243848,1
"9706",2001-11-15 08:17:43,23,2,0.8885,4.75392781658215,0.27384215963791,"N",0.0399795563772801,-0.961908488912615,0.270432420448667,1
"9702a",2001-11-16 12:12:31,23,1,0.3534,5.88472663894928,0.226543736908864,"N",0.898110349870212,-0.378084294139518,0.224610921330703,1
"9708m",2001-11-16 12:12:31,23,16,0.1909,5.38137368267412,0.0155334303427495,"N",0.620115034252749,-0.784357110149083,0.015532805679965,1
"9709",2001-11-16 12:12:31,23,6,0.7351,4.79040519794884,0.362504885639222,"N",0.0728720836411056,-0.932167436971756,0.35461744017365,1
"9690n",2001-11-17 07:39:48,23,4,0.4829,5.78995526056599,-0.254469004940773,"S",0.852443539568617,-0.458226187873072,-0.251731548668497,1
"9711",2001-11-17 07:39:48,23,14,0.5607,4.94364510627394,-0.357967029584037,"S",0.214671619321093,-0.911677771518298,-0.350370856061817,1
"9708",2001-11-18 08:14:49,23,30,0.2795,5.42989383587956,0.0535816080362259,"N",0.656563135955336,-0.752367334656831,0.0535559730176854,1
"9710",2001-11-18 08:14:49,23,1,0.8368,4.18128528900282,-0.182386906833407,"S",-0.498084519545549,-0.847946960929511,-0.181377404434746,1
"9697m",2001-11-19 11:16:33,23,3,0.4887,5.16669818467881,0.472984227290463,"N",0.390662495319567,-0.799913527979304,0.455544907233516,1
"9704n",2001-11-19 11:16:33,23,3,0.209,4.7385689191646,-0.105766952670856,"S",0.0260306685923113,-0.994071128011846,-0.105569866656608,1
"9713",2001-11-19 11:16:33,23,5,0.6088,4.23678675921624,0.0867428638241182,"N",-0.456152399018908,-0.885674611435475,0.0866341245001928,1
"9713m",2001-11-20 11:23:54,23,8,0.506,4.21339934723951,0.335975881008908,"N",-0.451783051040913,-0.828972950836377,0.329690645262787,1
"9710n",2001-11-21 10:05:52,23,3,0.6501,3.87393280772661,-0.401076662108297,"S",-0.684599637926751,-0.6155514058767,-0.390409787881631,1
"9712",2001-11-21 10:05:52,23,108,0.9759,3.09115263820716,0.207170582211727,"N",-0.97737218705631,0.0493405192186107,0.205691811047505,1
"9714",2001-11-22 09:28:35,23,1,0.6882,3.49013490521306,-0.186226631187795,"S",-0.92362107786633,-0.335623012024939,-0.185152095101151,1
"9714m",2001-11-22 09:28:35,23,1,0.8485,3.21332568584676,-0.0837758040957278,"S",-0.993930167682679,-0.071420167358631,-0.0836778433323155,1
"9713a",2001-11-23 11:11:32,23,16,0.3405,3.74355671260264,-0.224274808881271,"S",-0.803582848689138,-0.552080715071352,-0.222399391498615,1
"9715",2001-11-23 11:11:32,23,277,0.9977,2.47190981959957,0.107512281922851,"N",-0.779491752476037,0.617153290893956,0.107305281140287,1
"9714o",2001-11-25 15:59:32,23,2,0.4709,3.1086059307271,-0.31084313978019,"S",-0.951558082981456,0.0314001726899676,-0.30586147823434,1
"9716",2001-11-25 15:59:32,23,119,0.9652,2.16543000294936,-0.0734783615089613,"S",-0.55869373281663,0.826118607077808,-0.0734122602243202,1
"9719",2001-11-26 09:35:32,23,11,0.62,2.63300370955865,0.0549778714378214,"N",-0.872112812616935,0.48620954309533,0.0549501799124457,1
"9712a",2001-11-27 10:39:02,23,5,0.3306,2.80736210183288,-0.204901654184134,"S",-0.924901595359006,0.321180078771532,-0.203470872369188,1
"9716a",2001-11-27 10:39:02,23,3,0.8646,2.02545459693942,-0.146084058391925,"S",-0.434477744381838,0.888841894048475,-0.145565026779061,1
"9717",2001-11-27 10:39:02,23,390,0.9896,1.6308356530635,0.0792379480405426,"N",-0.0598149906614734,0.995066150554244,0.0791550561450584,1
"9718",2001-11-28 11:28:11,23,404,0.9646,1.51896004801066,-0.101927228316469,"S",0.0515441537051928,0.993473688005877,-0.101750830261066,1
"9719m",2001-11-28 11:28:11,23,2,0.5271,2.46039064653641,0.454134671368924,"N",-0.698078993376682,0.565898678237597,0.438684858383714,1
"9720",2001-11-28 11:28:11,23,98,0.9777,1.4767230801124,-0.307003415425803,"S",0.0895424957131211,0.949028541274524,-0.30220352299041,1
"9721",2001-11-29 12:48:28,23,194,0.9551,1.31126586702334,0.212057504117311,"N",0.250878309100478,0.944860684090839,0.210471759821306,1
"9712o",2001-11-30 09:35:32,23,2,0.4556,2.83790536374278,-0.0909316540289046,"S",-0.950297946699564,0.297805324684014,-0.0908063934337355,1
"9716m",2001-11-30 09:35:32,23,8,0.4608,1.9085175370558,0.101403629540871,"N",-0.329635824292684,0.938665394901681,0.101229935083226,1
"9719a",2001-11-30 09:35:32,23,16,0.3532,2.63300370955865,0.272620429161514,"N",-0.841175432206319,0.468961717611748,0.269256011385357,1
"9722",2001-11-30 09:35:32,23,5,0.2923,2.34380265250318,-0.2771582852167,"S",-0.671641424467902,0.688496900598145,-0.273623490960619,1
"9716b",2001-12-01 10:18:58,23,4,0.4097,2.31483018692008,-0.368613538021202,"S",-0.631768175586912,0.686321138749546,-0.360322448400195,1
"9717m",2001-12-01 10:18:58,23,5,0.9035,1.0143853612591,0.0865683308989187,"N",0.526164223125132,0.845976262128068,0.0864602464659229,1
"9723",2001-12-01 10:18:58,23,14,0.801,1.22522113490002,-0.16004669240788,"S",0.334408796560847,0.928856165336867,-0.159364302459544,1
"9724",2001-12-01 10:18:58,23,123,0.9854,0.742113997947989,0.160221225333079,"N",0.727601449639831,0.667191279152511,0.159536602398486,1
"9725",2001-12-02 09:10:38,23,21,0.6215,2.55847815049849,-0.19093902016818,"S",-0.81958137869351,0.540619608442231,-0.189780933359001,1
"9726",2001-12-02 09:10:38,23,105,0.9744,0.592888346902474,-0.290073721681458,"S",0.794683149220796,0.535415363535712,-0.286022867677462,1
"9728",2001-12-02 09:10:38,23,1,0.6897,1.46118964976965,0.641233967182717,"N",0.0876584502075408,0.796549436894684,0.598184746286608,1
"9730",2001-12-04 09:56:41,23,2,0.9468,0.222878545479676,-0.220609617452083,"S",0.951628920892725,0.215680857350614,-0.218824506609865,1
"9729",2001-12-05 10:07:12,23,96,0.4279,1.05051367677539,0.413293966872257,"N",0.455268861544716,0.794622622638348,0.40162812563257,1
"9731",2001-12-06 17:53:00,23,34,0.7141,0.227590934460061,0.43388885204579,"N",0.883940015686787,0.204723735772609,0.420402474634664,1
"9732",2001-12-06 17:53:00,23,42,0.9821,5.82189478587749,0.0783652834145454,"N",0.892730613477052,-0.443738092725855,0.0782850996352895,1
"9733",2001-12-07 12:44:09,23,150,0.9951,5.55311408107036,0.227241868609662,"N",0.725970794071739,-0.649777115174421,0.225291159947424,1
"9726m",2001-12-09 13:25:26,23,1,0.4943,6.04494786428236,-0.10471975511966,"S",0.966432052381453,-0.234697440328343,-0.104528463267653,1
"9734",2001-12-09 13:25:26,23,48,0.9943,5.09374342194545,-0.204901654184134,"S",0.36439236013742,-0.908745185390713,-0.203470872369188,1
"9735",2001-12-09 13:25:26,23,11,0.314,0.538259541315051,0.165282680163863,"N",0.846901084616079,0.505656057525663,0.16453116532655,1
"9739",2001-12-09 13:25:26,23,7,0.8818,5.49028222799856,-0.241379035550816,"S",0.681435008859243,-0.691740770929759,-0.239041909577599,1
"9736",2001-12-10 10:17:10,23,4,0.3683,0.406661715714679,-0.171740398396242,"S",0.90493496022315,0.389726565316558,-0.170897402123277,1
"9737",2001-12-10 10:17:10,23,13,0.8927,5.31400397354714,-0.478220215046446,"S",0.502480999949072,-0.731935108308843,-0.460199784783852,1
"9731n",2001-12-11 15:02:32,23,11,0.3185,6.23553781860014,0.276285620590702,"N",0.960983410955115,-0.045823128507238,0.272784025857237,1
"9732m",2001-12-11 15:02:32,23,7,0.2171,5.86692428057894,-0.056025068989018,"S",0.913172146912603,-0.403709182968398,-0.05599576492928,1
"9737a",2001-12-11 15:02:32,23,13,0.8821,5.03702022125564,0.329692695701729,"N",0.301780760119224,-0.896723383992515,0.323752290220279,1
"9737m",2001-12-11 15:02:32,23,4,0.7864,5.22289778659303,-0.338244809036501,"S",0.460935251786156,-0.82305911521659,-0.331831864834764,1
"9733m",2001-12-12 11:11:32,23,3,0.2706,5.61978565849654,0.0452040276266531,"N",0.787098423066036,-0.615169943794063,0.0451886341834874,1
"9735m",2001-12-12 11:11:32,23,8,0.8144,0.548556983901818,0.0797615468161409,"N",0.850565082820987,0.519798629636564,0.0796770011589095,1
"9738",2001-12-12 11:11:32,23,51,0.9623,4.60225870458385,-0.328296432300133,"S",-0.104037943050042,-0.940858338715717,-0.322430911785791,1
"9741",2001-12-13 15:59:32,23,24,0.9657,4.3097415219496,0.0952949771588904,"N",-0.390077545847312,-0.915852516119081,0.0951508115787117,1
"9744m",2001-12-13 15:59:32,23,7,0.8729,4.5553093477052,-0.104894288044859,"S",-0.155574644366214,-0.982259646512217,-0.104702038490286,1
"9731m",2001-12-14 11:47:04,23,4,0.9064,0.0818559419185341,0.725358837128843,"N",0.745755991965389,0.0611812664635465,0.663403989347091,1
"9742",2001-12-15 10:15:30,23,557,0.9947,3.74163685042544,0.160744824108678,"N",-0.814671038831584,-0.557399304142249,0.160053473035744,1
"9744",2001-12-15 10:15:30,23,6,0.7223,4.3999750442777,-0.100356431989674,"S",-0.305810158586886,-0.946806474003784,-0.100188061612076,1
"9742c",2001-12-16 11:22:30,23,4,0.9559,3.71650410919673,0.32306044454415,"N",-0.795825084306162,-0.515630807216385,0.317470165273005,1
"9743",2001-12-16 11:22:30,23,208,0.9796,3.59712358836031,-0.184132236085402,"S",-0.882846871023436,-0.432502219343292,-0.183093507769269,1
"9737b",2001-12-17 11:32:49,23,6,0.545,5.03248236520045,-0.518013721991917,"S",0.273373828113198,-0.824674391245415,-0.495155428655226,1
"9752",2001-12-17 11:32:49,23,2,0.7827,3.84914913234829,-0.221831347928479,"S",-0.741330627533309,-0.634051777297029,-0.220016463901112,1
"9741a",2001-12-18 16:49:00,23,13,0.3558,4.14253897960854,0.170867733770245,"N",-0.531649254466365,-0.829720624827922,0.17003751045143,1
"9745",2001-12-18 16:49:00,23,37,0.9011,3.36080600764028,0.295135176512241,"N",-0.933866365772839,-0.208059434544755,0.290869184643453,1
"9742m",2001-12-19 09:06:13,23,1,0.6368,3.80150164376885,0.472809694365264,"N",-0.703373674775568,-0.545789199824867,0.45538952885112,1
"9746",2001-12-19 09:06:13,23,7,0.3657,4.02717271605172,-0.290946386307455,"S",-0.606243978609586,-0.741741310796346,-0.286858965796328,1
"9747",2001-12-19 09:06:13,23,20,0.9775,2.94855923831922,0.191637151868977,"N",-0.963460564562591,0.188325030731618,0.19046633123119,1
"9748",2001-12-20 11:24:00,23,1,0.6423,3.35836254668749,-0.180292511731014,"S",-0.960767872881052,-0.211590127039173,-0.179317351584181,1
"9749",2001-12-20 11:24:00,23,94,0.9705,2.71171805882359,-0.146258591317125,"S",-0.899312676057097,0.412307208188726,-0.145737698481356,1
"9751",2001-12-21 07:25:00,23,447,0.9711,2.52741128981299,0.0722566310325652,"N",-0.815112992540486,0.574785932928963,0.0721937718828606,1
"9741m",2001-12-22 09:48:09,23,1,0.959,4.81309447822476,0.505272818452358,"N",0.0879727121565162,-0.870609034914564,0.484046186061783,1
"9753a",2001-12-22 09:48:09,23,3,0.8616,2.58919594533359,-0.359363292985632,"S",-0.796891051303787,0.491209778888692,-0.351678269837743,1
"9753m",2001-12-22 09:48:09,23,74,0.9681,2.28847571521497,-0.34766958699727,"S",-0.618291262509615,0.708261351811296,-0.340707751943952,1
"9754",2001-12-22 09:48:09,23,58,0.9838,2.20819056962323,-0.133866753627965,"S",-0.589779090069486,0.796459106015001,-0.133467289485455,1
"9745n",2001-12-23 12:47:32,23,8,0.3193,3.22833551741391,0.268780704807127,"N",-0.960470594644291,-0.0835235612804814,0.265556117486809,1
"9746a",2001-12-23 12:47:32,23,8,0.6164,3.97236937753909,0.171391332545843,"N",-0.664422794990454,-0.727635806173618,0.170553461035366,1
"9748m",2001-12-23 12:47:32,23,2,0.4094,3.09394516501035,-0.378736447682769,"S",-0.9280780740384,0.0442540842709691,-0.369746757273829,1
"9748n",2001-12-23 12:47:32,23,3,0.4733,3.55471208753685,-0.481187274774837,"S",-0.811871928502883,-0.355879968147658,-0.46283195652443,1
"9753",2001-12-23 12:47:32,23,13,0.8287,2.39406813496062,-0.33231068957972,"S",-0.693251891517421,0.642632861742091,-0.326228171555873,1
"9745m",2001-12-24 12:36:46,23,6,0.3397,3.40391564016454,0.143815130364333,"N",-0.955819760474732,-0.256647606146463,0.143319893055069,1
"9755",2001-12-24 12:36:46,23,258,0.9902,1.68110113552094,-0.0698131700797732,"S",-0.109813109802667,0.991501444923936,-0.0697564737441253,1
"9742b",2001-12-25 16:31:00,23,2,0.7744,3.63447363435299,-0.497767902668783,"S",-0.774067660360748,-0.415747467938549,-0.477465496225981,1
"9757",2001-12-25 16:31:00,23,8,0.3595,2.49913695593068,-0.171740398396242,"S",-0.78884865207897,0.59034894940256,-0.170897402123277,1
"9764",2001-12-25 16:31:00,23,4,0.8868,1.77849050778222,0.211359372416513,"N",-0.201615448709003,0.95673386899309,0.209789215078805,1
"9753b",2001-12-26 16:39:00,23,11,0.4697,2.20260551601684,0.227416401534861,"N",-0.575398839785537,0.786182816754353,0.225461202457651,1
"9756",2001-12-26 16:39:00,23,149,0.9741,1.28124620388904,-0.47717301749525,"S",0.253627488439825,0.85131917315128,-0.459269814523802,1
"9759",2001-12-26 16:39:00,23,11,0.6076,2.05529972714852,0.308225145902199,"N",-0.443818913175727,0.843203823109893,0.303367903708314,1
"9760",2001-12-26 16:39:00,23,36,0.6354,1.94359865502089,0.119555053761612,"N",-0.361626774010084,0.924662444526586,0.119270448985392,1
"9761",2001-12-26 16:39:00,23,108,0.9779,1.26763263572348,0.185179433636598,"N",0.293437023073712,0.938079671618796,0.184122902391879,1
"9748p",2001-12-27 09:35:32,23,4,0.7899,3.28767671198172,-0.472984227290463,"S",-0.880730868722341,-0.129583850742282,-0.455544907233516,1
"9754n",2001-12-27 09:35:32,23,10,0.437,2.08130513300324,-0.308050612976999,"S",-0.465620098883358,0.831424511640072,-0.303201591288568,1
"9755m",2001-12-27 09:35:32,23,5,0.7095,1.68249739892253,-0.23998277214922,"S",-0.108274463329166,0.965288587511472,-0.237685892326173,1
"9762",2001-12-27 09:35:32,23,12,0.2802,2.1839304930205,0.0464257581030492,"N",-0.574813536119827,0.816967316204083,0.0464090825994171,1
"9763",2001-12-27 09:35:32,23,68,0.9874,1.05156087432658,0.124267442741996,"N",0.492390045415654,0.861503901079306,0.123947858395002,1
"9769m",2001-12-27 09:35:32,23,2,0.7897,1.58755148761404,-0.38781215979314,"S",-0.0155101740079802,0.925608696319999,-0.378163953595573,1
"9765",2001-12-28 10:10:07,23,245,0.9919,0.779114978090269,0.0965167076352864,"N",0.708224102793854,0.699379750556834,0.0963669275887815,1
"9764m",2001-12-29 11:11:32,23,3,0.2957,1.73031942042718,0.122173047639603,"N",-0.157663349302109,0.979943943001251,0.121869343405147,1
"9766m",2001-12-29 11:11:32,23,9,0.9626,0.681027474128187,-0.163886416762268,"S",0.766515935062265,0.621155510713881,-0.163153770429614,1
"9766a",2001-12-30 16:58:00,23,12,0.9199,0.522551578047102,-0.150098315671512,"S",0.856805386164062,0.49348121676658,-0.14953534344371,1
"9767",2001-12-30 16:58:00,23,755,0.9774,0.325154839646544,-0.371929663599992,"S",0.882811702967493,0.297613644008663,-0.363413835734853,1
"9764n",2002-01-01 11:14:36,23,5,0.4114,1.67691234531615,0.0994837673636768,"N",-0.105393276374224,0.989458359207687,0.099319749743639,1
"9765a",2002-01-01 11:14:36,23,8,0.5331,0.735307213865211,-0.180467044656214,"S",0.729580697778932,0.659920969014701,-0.179489052822462,1
"9768",2002-01-01 11:14:36,23,23,0.148,1.42122160989898,-0.107337748997651,"S",0.148159990045032,0.983143633742033,-0.107131754313874,1
"9770",2002-01-01 11:14:36,23,3,0.2258,1.39661246744586,0.142767932813136,"N",0.171541197963035,0.974848215639066,0.14228342794133,1
"9769",2002-01-02 10:57:14,23,33,0.5127,1.52192710773906,-0.339292006587698,"S",0.0460648705978085,0.941864734704681,-0.332819544522987,1
"9772",2002-01-03 11:11:32,23,133,0.9933,5.64858359115445,-0.269304303582725,"S",0.776281551265748,-0.571488023647886,-0.266060880235102,1
"9754a",2002-01-04 09:31:45,23,9,0.9472,1.85423779731878,-0.277332818141899,"S",-0.268975336523172,0.923412453934339,-0.273791358996606,1
"9763a",2002-01-04 09:31:45,23,2,0.1952,0.801106126665397,-0.0144862327915529,"S",0.695839778891798,0.718050949341376,-0.0144857261386065,1
"9773",2002-01-04 09:31:45,23,78,0.9452,5.68715536762352,0.248709418409192,"N",0.802107169831331,-0.544088820355791,0.246153293028993,1
"9766",2002-01-06 08:53:16,23,2,0.382,0.446978821435748,0.199665666428151,"N",0.883841841490351,0.423655743372845,0.198341650538023,1
"9767a",2002-01-06 08:53:16,23,2,0.268,0.217293491873294,0.199840199353351,"N",0.957050825195327,0.211296996608573,0.198512712986195,1
"9776",2002-01-06 08:53:16,23,2,0.9889,5.03859101758243,0.195825942073764,"N",0.314323044611065,-0.929161401014529,0.19457675732509,1
"9780a",2002-01-06 08:53:16,23,1,0.6958,5.67197100313117,-0.11379546723003,"S",0.813655027455671,-0.570150758343784,-0.113550028868864,1
"9775",2002-01-07 09:17:25,23,7,0.7085,5.42046905791879,-0.0706858347057703,"S",0.648752451837685,-0.757715042145047,-0.0706269859311667,1
"9767m",2002-01-08 09:40:50,23,2,0.19,6.16345572049277,-0.0563741348394168,"S",0.991263743415206,-0.119253985836635,-0.0563442796790185,1
"9777",2002-01-08 09:40:50,23,6,0.9468,4.72914414120384,-0.113620934304831,"S",0.0166463460351252,-0.993412623490634,-0.11337662304521,1
"9778",2002-01-08 09:40:50,23,62,0.9643,4.66666135398244,-0.255690735417169,"S",-0.0442255512855727,-0.966477489044389,-0.25291374771637,1
"9779",2002-01-08 09:40:50,23,198,0.9663,4.74450303862139,0.500909495322373,"N",0.0281638814392022,-0.876693896571494,0.480223497443189,1
"9780",2002-01-08 09:40:50,23,1,0.4706,0.165980811864661,-0.189542756766584,"S",0.968593401559076,0.162260737513519,-0.188409860457959,1
"9772m",2002-01-10 11:11:32,23,7,0.443,5.06546908806314,-0.226718269834063,"S",0.336940552831365,-0.914300043653868,-0.224780991260894,1
"9775m",2002-01-10 11:11:32,23,22,0.6459,4.81553793917756,-0.28326693759868,"S",0.0988626827642907,-0.95504415763245,-0.279493876370793,1
"9775n",2002-01-10 11:11:32,23,3,0.4084,5.24488893516816,-0.409105176667471,"S",0.465792811512711,-0.790443774170684,-0.39778850739795,1
"9777m",2002-01-10 11:11:32,23,5,0.8446,4.51656303831092,0.130899693899575,"N",-0.192912126192741,-0.972495668222913,0.130526192220052,1
"9781",2002-01-10 11:11:32,23,139,0.9954,4.02385659047293,-0.0993092344384773,"S",-0.632273899883631,-0.768374759273846,-0.0991460782724331,1
"9775w",2002-01-11 11:11:32,23,6,0.4011,5.46183336119106,-0.439299372726973,"S",0.616549033856588,-0.662557581413288,-0.425305466885017,1
"9782",2002-01-11 11:11:32,23,653,0.9881,3.86520616146664,0.166678943565458,"N",-0.739032094359077,-0.652921143466806,0.165908239461561,1
"9776a",2002-01-12 16:18:00,23,5,0.3835,4.97872622423902,0.316428193386572,"N",0.250132509164456,-0.916844819121729,0.311174075894406,1
"9779a",2002-01-12 16:18:00,23,7,0.4436,4.65968003697446,-0.402821991360291,"S",-0.0484675852161241,-0.918680759355674,-0.39201601443436,1
"9783",2002-01-12 16:18:00,23,296,0.9859,3.58176469094276,-0.186052098262596,"S",-0.889065592954527,-0.418741635782379,-0.184980577052598,1
"9784",2002-01-12 16:18:00,23,7,0.9644,3.68980057164121,-0.511905069609937,"S",-0.744057318648783,-0.454352794177669,-0.489838999047777,1
"9772n",2002-01-14 11:11:32,23,4,0.5522,5.1398201141981,-0.268082573106329,"S",0.399727481864531,-0.877527745032023,-0.264882987262781,1
"9776m",2002-01-14 11:11:32,23,4,0.4416,4.95027735743152,0.189542756766584,"N",0.231430603795599,-0.954432606373555,0.188409860457959,1
"9786",2002-01-15 11:11:32,23,10,0.556,3.87201294554942,-0.44628068973495,"S",-0.671938121378075,-0.60183798090831,-0.431613491187558,1
"9789",2002-01-15 11:11:32,23,9,0.8745,3.34405084682113,0.293215314335047,"N",-0.937766485741294,-0.192495814436247,0.289031796944472,1
"9777n",2002-01-16 11:11:32,23,4,0.2446,4.32160976086316,-0.225671072282867,"S",-0.371250741692791,-0.90116820807055,-0.223760469152767,1
"9779s",2002-01-16 11:11:32,23,2,0.1943,4.30729806099681,-0.137706477982353,"S",-0.390371528402323,-0.910366167612608,-0.137271667430567,1
"9779o",2002-01-17 11:11:32,23,10,0.5788,4.38636147611215,-0.475253155318056,"S",-0.284787656312017,-0.842336974027343,-0.457563561703473,1
"9781m",2002-01-17 11:11:32,23,7,0.1947,3.91896230242807,-0.272271363311115,"S",-0.686504664576329,-0.675569001357519,-0.268919820615266,1
"9786m",2002-01-18 11:11:32,23,4,0.3467,3.59747265421071,-0.431619924018198,"S",-0.815529267111868,-0.399876720064156,-0.418342710268401,1
"9787",2002-01-18 11:11:32,23,554,0.9727,2.32041524052646,-0.116587994033221,"S",-0.676734336261327,0.726979610424042,-0.116324048041013,1
"9792",2002-01-18 11:11:32,23,3,0.8954,2.56476133580567,0.0698131700797732,"N",-0.836153160645348,0.544042210047694,0.0697564737441253,1
"9783n",2002-01-19 11:11:32,23,7,0.3885,3.82192199601718,-0.172962128872638,"S",-0.765766752631479,-0.619663227456325,-0.172101031672242,1
"9784m",2002-01-19 11:11:32,23,2,0.4957,3.36831092342386,-0.599171532209653,"S",-0.804670249164307,-0.185624843837054,-0.563958515726398,1
"9788",2002-01-19 11:11:32,23,100,0.7648,2.64173035581862,0.296356906988637,"N",-0.839389022049011,0.4584102420932,0.292037873584332,1
"9790",2002-01-19 11:11:32,23,20,0.7026,2.89567576198379,0.494102711239595,"N",-0.853907501514757,0.214328308195648,0.474241874113639,1
"9793",2002-01-19 11:11:32,23,4,0.7372,2.60664923785353,-0.239284640448423,"S",-0.835785682562982,0.495267239309795,-0.237007709767395,1
"9791",2002-01-20 09:11:44,23,47,0.202,3.41979813635769,-0.0542797397370236,"S",-0.96013366095714,-0.274226102617055,-0.054253089686214,1
"9794",2002-01-20 09:11:44,23,8,0.9641,1.94639118182408,0.191986217719376,"N",-0.360086354926078,0.913197538476448,0.190808995376545,1
"9782m",2002-01-22 11:56:05,23,8,0.9508,3.91547164392408,0.39706240482871,"N",-0.659562721488908,-0.644539873531554,0.386710961636821,1
"9796",2002-01-22 11:56:05,23,5,0.602,2.13698113614186,0.150098315671512,"N",-0.530384858030499,0.834464548937304,0.14953534344371,1
"9798",2002-01-22 11:56:05,23,12,0.8843,1.65160507116223,-0.0422369678982628,"S",-0.0806488347944068,0.99584781195535,-0.0422244108312478,1
"9799",2002-01-22 11:56:05,23,9,0.9369,1.51546938950668,-0.376118453804778,"S",0.0514331900024198,0.928674197593834,-0.367313029566913,1
"9788b",2002-01-23 12:39:32,23,2,0.2945,2.35130756828676,-0.35395277230445,"S",-0.660023946635757,0.666506649672014,-0.346608245444836,1
"9795",2002-01-23 12:39:32,23,30,0.8935,3.51195152086299,0.383797902513553,"N",-0.864379418917691,-0.335617846908422,0.374444763600814,1
"9797",2002-01-23 12:39:32,23,7,0.6232,1.8458602169092,-0.299673032567426,"S",-0.259503670400731,0.919516277156281,-0.295207826951119,1
"9800",2002-01-24 11:11:32,23,15,0.9874,0.888896188040712,0.142418866962737,"N",0.623888261678629,0.768516146941072,0.141937904840344,1
"9801",2002-01-25 12:42:11,23,175,0.9924,0.592015682276477,-0.035081117965086,"S",0.829306975191862,0.557691456666975,-0.0350739227745228,1
"9797m",2002-01-26 09:35:32,23,16,0.2822,1.56032435128293,-0.177150919077424,"S",0.0103078982735868,0.984295796262044,-0.176225800307592,1
"9798m",2002-01-26 09:35:32,23,7,0.5521,1.3227850400865,0.183085038534205,"N",0.241373858189673,0.953200604488902,0.182063912362179,1
"9802",2002-01-26 09:35:32,23,344,0.9807,0.444011761707357,-0.244171562354007,"S",0.876249718141685,0.416823870757719,-0.241752543364431,1
"9803",2002-01-27 11:05:46,23,6,0.6646,2.2776546738526,-0.422369678982628,"S",-0.592374629290783,0.69358157768119,-0.409923033841573,1
"9804",2002-01-28 09:23:53,23,3,0.5901,0.778416846389471,-0.328470965225333,"S",0.673958791359685,0.66461364104666,-0.322596118519264,1
"9804m",2002-01-28 09:23:53,23,5,0.6057,0.870744763819971,-0.528311164578684,"S",0.556418851416034,0.66053460955033,-0.504075481822966,1
"9805",2002-01-28 09:23:53,23,12,0.9556,0.149749249821113,0.24312436480281,"N",0.959728219044045,0.144802594023755,0.240736275485307,1
"9806",2002-01-28 09:23:53,23,62,0.9824,0.0249582083035189,0.183783170235003,"N",0.982853159423312,0.0245353485518995,0.182750331553874,1
"9799a",2002-01-29 10:05:44,23,10,0.5379,1.15994582087543,0.465828377357287,"N",0.35683419950301,0.819098218448378,0.449163069051474,1
"9801a",2002-01-29 10:05:44,23,6,0.5903,0.570722665402146,0.165631746014262,"N",0.829994195892469,0.532846803634519,0.164875464036614,1
"9816",2002-01-29 10:05:44,23,6,0.8289,0.163711883837068,-0.245742358680802,"S",0.956987808532129,0.158085117232511,-0.243276447751229,1
"9799b",2002-01-30 12:46:06,23,6,0.1575,1.0451031560942,-0.119729586686811,"S",0.498220209899142,0.858783917407754,-0.119443734242728,1
"9807",2002-01-30 12:46:06,23,324,0.9876,5.70827385157265,-0.461115988376902,"S",0.751587241357984,-0.486968234097358,-0.444947814477154,1
"9808",2002-01-31 11:11:32,23,36,0.8968,5.90008553636683,0.271224165759919,"N",0.893604013073062,-0.360132664593918,0.267911051866479,1
"9809",2002-01-31 11:11:32,23,185,0.9664,5.63846068149288,-0.0968657734856853,"S",0.795518477962483,-0.598161084672329,-0.096714362965784,1
"9810",2002-02-02 12:57:41,23,326,0.9554,5.23720948645938,0.163537350911869,"N",0.494372336030831,-0.853867145280003,0.162809371900999,1
"9811",2002-02-02 12:57:41,23,125,0.9968,4.95149908790791,-0.443662695856959,"S",0.213908782031833,-0.877489088625177,-0.429250430766719,1
"9812",2002-02-02 12:57:41,23,14,0.365,0.404043721836687,0.202109127380943,"N",0.90076312687749,0.385137454096798,0.20073597263501,1
"9814",2002-02-03 10:00:35,23,10,0.418,5.92277481664276,0.134041286553164,"N",0.927358358066365,-0.349495002730888,0.133640258869072,1
"9814a",2002-02-03 10:00:35,23,3,0.485,5.77424729729804,-0.183608637309803,"S",0.858583991828239,-0.479060053091516,-0.182578735093222,1
"9815",2002-02-03 10:00:35,23,189,0.9808,4.93614019049036,0.201410995680146,"N",0.217403454132856,-0.955361153970498,0.200052002277562,1
"9817",2002-02-05 09:04:37,23,10,0.5037,5.29864507612958,-0.146084058391925,"S",0.547353370110111,-0.824145078980585,-0.145565026779061,1
"9818",2002-02-05 09:04:37,23,6,0.9005,4.73088947045583,0.116413461108022,"N",0.0183742231983513,-0.993061631134185,0.116150698194064,1
"9819",2002-02-05 09:04:37,23,45,0.9707,4.47868939354265,-0.508065345255549,"S",-0.202326867659702,-0.849937283606597,-0.486487875037449,1
"9820",2002-02-07 10:35:58,23,11,0.8187,4.46821741803068,0.267209908480332,"N",-0.23317307178062,-0.935901950736895,0.264041392973268,1
"9821",2002-02-08 14:10:05,23,43,0.3772,4.71779950106587,-0.234572251468038,"S",0.00526232167878011,-0.972599614620078,-0.232426972641784,1
"9822",2002-02-08 14:10:05,23,190,0.9603,3.86206456881305,0.317998989713367,"N",-0.713816769541891,-0.626662012470361,0.312666502278988,1
"9807m",2002-02-09 09:05:20,23,2,0.1979,5.05517164547638,-0.250105681810787,"S",0.325651558281387,-0.912519406464324,-0.24750635429197,1
"9823",2002-02-09 09:05:20,23,13,0.5144,4.3699553811434,-0.0673697091269811,"S",-0.335018678070786,-0.939803527346884,-0.0673187591244711,1
"9824",2002-02-09 09:05:20,23,258,0.984,3.58333548726956,0.383099770812755,"N",-0.838476780027063,-0.396525213820777,0.373797330327324,1
"9825",2002-02-09 09:05:20,23,513,0.9769,3.58857147502554,0.226892802759263,"N",-0.878645123440996,-0.421164777970499,0.224951054343865,1
"9810a",2002-02-10 09:38:03,23,2,0.497,5.08484224276028,-0.453785605518526,"S",0.327072578108155,-0.837170392639703,-0.438371146789077,1
"9826",2002-02-10 09:38:03,23,3,0.7198,3.89208423194735,-0.387637626867941,"S",-0.677090639507001,-0.631397236022875,-0.378002375964325,1
"9809b",2002-02-11 13:21:09,23,3,0.6935,5.17367950168679,-0.245916891606001,"S",0.43171294065359,-0.868537916112078,-0.243445733476516,1
"9811a",2002-02-11 13:21:09,23,2,0.4437,4.86859594843818,-0.134390352403563,"S",0.15416971888118,-0.978917463271114,-0.133986185418292,1
"9822a",2002-02-11 13:21:09,23,8,0.4472,4.05195639143003,0.175056523975031,"N",-0.604082863233606,-0.777657293300111,0.17416379797373,1
"9828",2002-02-11 13:21:09,23,7,0.8326,3.41840187295609,-0.257086998818765,"S",-0.930318190846587,-0.264306061100546,-0.254264369988103,1
"9824a",2002-02-13 10:03:19,23,6,0.5581,3.44126568615722,0.124965574442794,"N",-0.947982556993137,-0.292905784106332,0.124640576353804,1
"9826m",2002-02-13 10:03:19,23,2,0.3768,3.59328386400593,-0.118682389135614,"S",-0.8933811926502,-0.43341728727426,-0.118403968306501,1
"9831a",2002-02-13 10:03:19,23,8,0.5163,3.60707196509668,-0.529009296279481,"S",-0.771457201124684,-0.387496571849114,-0.504678307080911,1
"9830",2002-02-14 08:09:11,23,1,0.9783,2.38132723142106,-0.351160245501259,"S",-0.680430618572748,0.647060111072721,-0.343987479375725,1
"9829",2002-02-15 07:28:41,23,97,0.9762,2.18113796621731,-0.084648468721725,"S",-0.571095271719598,0.816518171974112,-0.0845474154281089,1
"9832",2002-02-15 07:28:41,23,7,0.9391,2.31221219304209,-0.227416401534861,"S",-0.657944438338871,0.718523738122337,-0.225461202457651,1
"9835n",2002-02-15 07:28:41,23,3,0.7474,2.71852484290637,-0.394444410950718,"S",-0.84181420075213,0.379032922572499,-0.384295322659804,1
"9825m",2002-02-16 11:35:31,23,3,0.4673,3.5098571257606,0.30473448739821,"N",-0.889969240611089,-0.343410549384913,0.300039906241276,1
"9831",2002-02-16 11:35:31,23,3,0.5746,3.88859357344337,-0.19076448724298,"S",-0.720419687755574,-0.66711594545216,-0.18960956942526,1
"9835",2002-02-16 11:35:31,23,4,0.1129,3.30059214844648,-0.205076187109334,"S",-0.966695976878609,-0.155012662319159,-0.203641751140177,1
"9835a",2002-02-17 12:50:05,23,2,0.5021,2.77838963624977,0.336324946859307,"N",-0.882392501141977,0.335365708462887,0.330020174406948,1
"9829m",2002-02-19 08:12:47,23,5,0.9012,1.51162966515229,0.0539306738866248,"N",0.0590461743524506,0.996798801383718,0.0539045346360017,1
"9835c",2002-02-19 08:12:47,23,35,0.3198,2.74453024876108,0.177674517853023,"N",-0.907683095834137,0.380623111051047,0.176741180461086,1
"9835d",2002-02-20 12:09:05,23,15,0.3363,2.67942946766169,-0.0251327412287183,"S",-0.894807380462222,0.445744579522112,-0.0251300954433375,1
"9837",2002-02-20 12:09:05,23,192,0.9763,1.02415920507027,0.138055543832751,"N",0.514871519489519,0.846149374522806,0.137617420456926,1
"9839",2002-02-20 12:09:05,23,1,0.4784,1.87500721541751,-0.299149433791828,"S",-0.28623705362955,0.911710384420795,-0.294707522925291,1
"9842a",2002-02-20 12:09:05,23,1,0.6947,1.59627813387401,-0.346796922371273,"S",-0.0239621853991895,0.940160904011663,-0.339887169865042,1
"9846",2002-02-20 12:09:05,23,4,0.556,1.7542304311795,-0.103672557568463,"S",-0.181427754879343,0.977943976883225,-0.103486945250423,1
"9829r",2002-02-21 11:11:32,23,1,0.3098,2.11010306566114,0.190240888467382,"N",-0.504276306787561,0.842584310234385,0.189095442989891,1
"9838",2002-02-21 11:11:32,23,19,0.2856,2.32879282093603,0.0813323431429357,"N",-0.685195320605589,0.723814199622538,0.0812427045647056,1
"9840",2002-02-21 11:11:32,23,17,0.9772,0.75415676978675,-0.193557014046171,"S",0.715238794017672,0.671888887681555,-0.192350695715376,1
"9842",2002-02-21 11:11:32,23,22,0.4109,1.74253672519114,-0.318871654339364,"S",-0.16228242196538,0.935620176982687,-0.313495294931098,1
"9842q",2002-02-21 11:11:32,23,5,0.7065,1.33692220702766,-0.199665666428151,"S",0.22714375512418,0.953449686228875,-0.198341650538023,1
"9841",2002-02-22 08:04:32,23,86,0.3036,2.12616009477949,-0.364424747816416,"S",-0.492627207106948,0.793907430076139,-0.356411878713251,1
"9843",2002-02-22 08:04:32,23,11,0.9176,0.760439955093929,-0.466526509058084,"S",0.647106370209304,0.615585303177973,-0.44978670516793,1
"9844",2002-02-22 08:04:32,23,1,0.8503,1.02538093554667,0.361806753938424,"N",0.485187267149753,0.799563870459458,0.353964592652494,1
"9845",2002-02-23 12:28:07,23,72,0.9829,0.322362312843353,0.275063890114306,"N",0.912833896433289,0.304898574161148,0.271608425857739,1
"9840n",2002-02-24 11:11:32,23,3,0.6413,0.742986662573986,-0.0551524043630208,"S",0.735331617113563,0.675461847977397,-0.0551244482975797,1
"9847",2002-02-24 11:11:32,23,78,0.8232,0.460766922526503,-0.23701571242083,"S",0.87067036576542,0.432204523014902,-0.234802820390582,1
"9842n",2002-02-25 08:10:08,23,2,0.4217,1.58982041564163,-0.397411470679109,"S",-0.0175404060647491,0.921899077744949,-0.387032846936919,1
"9848",2002-02-25 08:10:08,23,11,0.6667,0.5232497097479,-0.338070276111302,"S",0.8171698936041,0.471413006525429,-0.331667216145522,1
"9849",2002-02-25 08:10:08,23,15,0.9854,6.19504617995387,0.382401639111958,"N",0.924169775738889,-0.0816671041699134,0.373149714869557,1
"9834",2002-02-26 11:11:32,23,5,0.4537,1.40551364663103,0.0644026493985908,"N",0.164190070187724,0.984327004052531,0.0643581381389997,1
"9842m",2002-02-26 11:11:32,23,11,0.4696,1.33744580580325,-0.474904089467657,"S",0.205648881459167,0.865232969811792,-0.457253152537257,1
"9839m",2002-02-27 08:47:58,23,2,0.7806,1.67394528558776,-0.140149938935145,"S",-0.101956566972882,0.984932038025619,-0.139691585007133,1
"9850",2002-02-27 08:47:58,23,11,0.8059,1.52541776624304,0.457101731097315,"N",0.0407058157022077,0.896411669133562,0.441349244940103,1
"9851",2002-02-28 11:11:32,23,2,0.9523,5.53548625562522,-0.0849975345721238,"S",0.730608209224567,-0.677498668020344,-0.084895226275279,1
"9847m",2002-03-01 11:11:32,23,3,0.6906,5.80391789458194,-0.126885436619988,"S",0.880199564327556,-0.457422157398225,-0.126545236491677,1
"9852",2002-03-01 11:11:32,23,12,0.9597,5.33983484647665,0.275238423039506,"N",0.564981624257754,-0.779059276400386,0.271776393576737,1
"9854",2002-03-01 11:11:32,23,5,0.5422,6.10097293327138,0.201934594455744,"N",0.963461991286474,-0.177523734896463,0.200564989204778,1
"9840m",2002-03-02 11:11:32,23,5,0.7064,0.842295897012463,-0.254643537865973,"S",0.644283057419036,0.722111834509464,-0.251900457292469,1
"9858m",2002-03-02 11:11:32,23,5,0.6404,5.83603195281864,-0.645422757387503,"S",0.720304355681723,-0.34542122562598,-0.601536210109569,1
"9858n",2002-03-02 11:11:32,23,3,0.6198,5.71944395878542,-0.429525528915804,"S",0.768481156410757,-0.485813620407629,-0.416439477557085,1
"9862m",2002-03-02 11:11:32,23,2,0.1326,6.20848521519423,-0.10157816246607,"S",0.992070993191808,-0.074245945875734,-0.101403569899865,1
"9863",2002-03-02 11:11:32,23,2,0.5488,5.96885150889541,0.321838714067754,"N",0.902173736760903,-0.293308108784556,0.316311400395394,1
"9863m",2002-03-02 11:11:32,23,2,0.5088,5.85383431118898,0.0921533845053006,"N",0.90537811198143,-0.414514463295854,0.0920230083375472,1
"9853",2002-03-03 11:11:32,23,59,0.8718,5.04574686751561,-0.400902129183097,"S",0.301272567167583,-0.87002326430222,-0.390249099736519,1
"9855",2002-03-03 11:11:32,23,31,0.5901,5.58470454053146,0.223925743030872,"N",0.746699959817974,-0.62699995728886,0.222059054234688,1
"9856",2002-03-03 11:11:32,23,214,0.9857,4.70453499875072,-0.0773180858633488,"S",-0.00783043693228464,-0.996981695353735,-0.0772410731867591,1
"9858",2002-03-03 11:11:32,23,2,0.5284,5.68855163102512,-0.514523063487928,"S",0.721104763188339,-0.487674177104693,-0.492119718658325,1
"9859",2002-03-03 11:11:32,23,17,0.9235,4.9233992869508,-0.158126830230686,"S",0.206834828367134,-0.965620508983168,-0.157468683888021,1
"9857",2002-03-04 14:01:00,23,13,0.7946,0.492880980763199,-0.0750491578357562,"S",0.878493512349316,0.471834016666524,-0.0749787268263277,1
"9861",2002-03-05 08:29:36,23,19,0.9699,4.38164908713176,0.130376095123976,"N",-0.321986839252382,-0.937775368086152,0.130007055036035,1
"9862",2002-03-06 14:12:46,23,36,0.8163,0.0375245789178781,0.105068820970059,"N",0.993785265179768,0.037308886728205,0.104875610523512,1
"9864",2002-03-07 08:01:51,23,162,0.9857,3.88004146010859,0.309097810528196,"N",-0.704466889348713,-0.641240338102606,0.304199327089006,1
"9861c",2002-03-08 07:59:56,23,2,0.7711,4.13660486015176,0.0623082542961976,"N",-0.543436046038318,-0.837137961655823,0.0622679453729828,1
"9865",2002-03-08 07:59:56,23,15,0.9892,3.61544954550625,0.250280214735987,"N",-0.86209101517125,-0.442104005302433,0.247675453076298,1
"9853m",2002-03-09 13:35:32,23,5,0.4109,4.40451290033289,-0.425860337486616,"S",-0.275969268702561,-0.867862715405561,-0.413104429824542,1
"9866",2002-03-09 13:35:32,23,1655,0.9741,3.34457444559673,-0.179594380030216,"S",-0.963716263511522,-0.198348457896021,-0.178630492060177,1
"9867",2002-03-10 10:42:32,23,11,0.6391,3.90011274650653,-0.52028265001951,"S",-0.629808712713346,-0.59683106069106,-0.497125407100404,1
"9869",2002-03-10 10:42:32,23,7,0.9216,3.44283648248401,0.412944901021858,"N",-0.87469639731236,-0.271767842125278,0.401308425672011,1
"9870",2002-03-10 10:42:32,23,312,0.9906,3.02378292908018,-0.332834288355319,"S",-0.938568972759854,0.111086958426952,-0.326723080053981,1
"9868",2002-03-11 12:00:57,23,67,0.7242,3.59659998958471,0.337372144410504,"N",-0.847621004485243,-0.414695059258401,0.331008520407103,1
"9867a",2002-03-12 12:15:26,23,2,0.3489,3.74931629913422,-0.348193185772869,"S",-0.771685337232251,-0.536734865840106,-0.341199976688672,1
"9871",2002-03-13 12:13:41,23,385,0.9793,2.40296931414579,-0.338070276111302,"S",-0.697543677127333,0.635161141942703,-0.331667216145522,1
"9879b",2002-03-13 12:13:41,23,16,0.9449,2.54852977376212,-0.390604686596331,"S",-0.766774076329851,0.51680630936306,-0.380747625693237,1
"9866m",2002-03-14 12:30:17,23,1,0.3144,3.60637383339588,-0.442091899530164,"S",-0.807977034929184,-0.405134041194049,-0.427831181300314,1
"9872",2002-03-14 12:30:17,23,3,0.5874,3.08504398582518,-0.555538300909795,"S",-0.848258593426176,0.0480190886692816,-0.527400726015822,1
"9861d",2002-03-15 11:30:15,23,2,0.7249,4.11897703470662,-0.479092879672443,"S",-0.496235302040065,-0.73569909000273,-0.460974374535462,1
"9869m",2002-03-15 11:30:15,23,2,0.3687,3.03757103017093,0.0822050077689329,"N",-0.991235951868566,0.103483490067856,0.0821124534196474,1
"9870m",2002-03-15 11:30:15,23,3,0.4507,2.8937558998066,-0.0333357887130917,"S",-0.968906739678494,0.245171096541536,-0.0333296148524379,1
"9874",2002-03-15 11:30:15,23,3,0.9865,1.99560946673032,0.280299877870289,"N",-0.396065341807691,0.875557213069694,0.276643835391984,1
"9868m",2002-03-16 10:43:04,23,1,0.2552,3.15398449127895,0.131074226824774,"N",-0.991345945912343,-0.0122852268921447,0.130699230002975,1
"9873",2002-03-16 10:43:04,23,29,0.2653,2.91766691055892,-0.293389847260247,"S",-0.933369110127133,0.212570257090201,-0.289198876313672,1
"9871a",2002-03-18 12:16:47,23,8,0.5981,2.02615272864022,-0.31084313978019,"S",-0.418706305414033,0.855063615141491,-0.30586147823434,1
"9873a",2002-03-18 12:16:47,23,3,0.2721,2.76599779856061,-0.375769387954379,"S",-0.865379126070598,0.341230896937983,-0.366988341962233,1
"9877m",2002-03-18 12:16:47,23,4,0.437,2.56528493458127,0.317475390937769,"N",-0.796578643340558,0.517699633248132,0.312169112354931,1
"9879a",2002-03-18 12:16:47,23,10,0.202,2.54870430668732,-0.27087509990952,"S",-0.799090474470435,0.538384785566454,-0.267574730273953,1
"9875",2002-03-19 08:00:14,23,6,0.9496,1.19258347788773,-0.322187779918153,"S",0.350259909143121,0.881507520010274,-0.316642524327338,1
"9877",2002-03-19 08:00:14,23,4,0.498,2.81120182618727,0.266162710929135,"N",-0.912607405747259,0.312989302047245,0.263031214457975,1
"9876",2002-03-20 07:27:38,23,73,0.9594,0.936718209545357,-0.280474410795489,"S",0.569285220219222,0.774138038356077,-0.276811552522934,1
"9880",2002-03-20 07:27:38,23,2,0.864,1.23324964945919,0.149749249821113,"N",0.327466890628167,0.933010033053931,0.149190193253517,1
"9871m",2002-03-21 14:50:27,23,11,0.3927,2.3385666647472,-0.193207948195772,"S",-0.68160987117156,0.706074258864478,-0.19200813652152,1
"9878",2002-03-21 14:50:27,23,226,0.9388,0.746477321077975,0.150098315671512,"N",0.725831740694107,0.671421972579193,0.14953534344371,1
"9881m",2002-03-21 14:50:27,23,5,0.4118,1.51546938950668,-0.0949459113084915,"S",0.0550496508076774,0.993972769125059,-0.0948033236960294,1
"9871n",2002-03-22 08:00:32,23,6,0.358,1.62699592870911,-0.449073216538141,"S",-0.0506007560643863,0.899427588921206,-0.434130827946022,1
"9880o",2002-03-22 08:00:32,23,1,0.2543,1.51808738338467,-0.102799892942466,"S",0.0524064052673614,0.993339279673962,-0.102618926830133,1
"9881",2002-03-22 08:00:32,23,17,0.0555,1.74986710804951,-0.0815068760681352,"S",-0.177523974770335,0.980742864347793,-0.0814166593064782,1
"9882",2002-03-22 08:00:32,23,57,0.9906,0.392000949997926,0.301243828894221,"N",0.882530467380732,0.364834464950971,0.296708252882668,1
"9875m",2002-03-23 08:01:37,23,3,0.5993,1.00949843935352,-0.517664656141518,"S",0.462543868534749,0.735645662364383,-0.494852128544858,1
"9883",2002-03-23 08:01:37,23,68,0.985,0.16615534478986,0.103672557568463,"N",0.980932685797624,0.164503854351794,0.103486945250423,1
"9877n",2002-03-24 08:13:33,23,2,0.653,0.927991563285385,0.482758071101632,"N",0.530937217350784,0.708944232224566,0.464223811137824,1
"9878m",2002-03-24 08:13:33,23,4,0.6264,0.638441440379526,-0.0490437519810407,"S",0.80205998707759,0.595228036449102,-0.049024093607561,1
"9880n",2002-03-24 08:13:33,23,1,0.3016,1.12818082848913,0.11990411961201,"N",0.425229203291095,0.897146528826137,0.1196170158616,1
"9876m",2002-03-25 11:11:33,23,14,0.578,0.440346570278169,-0.260577657322753,"S",0.874065747436225,0.411863257684482,-0.257638751216269,1
"9876n",2002-03-25 11:11:33,23,6,0.3978,0.811229036326964,-0.455880000620919,"S",0.618282951257265,0.651078972338452,-0.440252613806337,1
"9878n",2002-03-25 11:11:33,23,2,0.3081,0.738099740668402,-0.0912807198793034,"S",0.736668830582053,0.670082069762903,-0.0911540116019888,1
"9883b",2002-03-26 12:04:59,23,2,0.6688,0.0808087443673375,-0.220086018676485,"S",0.972694137583253,0.0787737321563319,-0.218313567680379,1
"9884",2002-03-27 12:01:00,23,49,0.7049,6.0939916162634,-0.314159265358979,"S",0.93408604882363,-0.178862378885365,-0.309016994374947,1
"9884m",2002-03-27 12:01:00,23,4,0.8092,5.95820500045824,0.120253185462409,"N",0.940813314729672,-0.316984304250239,0.119963568162838,1
"9885",2002-03-27 12:01:00,23,124,0.9723,5.56794937971231,0.198618468876955,"N",0.740096533594563,-0.642902677608421,0.197315149152911,1
"9880m",2002-03-28 08:23:00,23,7,0.9441,1.60814637278758,0.0736528944341607,"N",-0.0372401245726013,0.996593310468734,0.0735863210847433,1
"9886",2002-03-29 11:58:38,23,109,0.9045,5.32063622470471,0.195127810372966,"N",0.560585852877861,-0.805077278495927,0.193891921447987,1
"9887",2002-03-29 11:58:38,23,59,0.9453,5.17682109434038,0.0151843644923507,"N",0.447863504604498,-0.893973005206453,0.0151837810021005,1
"9888",2002-03-29 11:58:38,23,142,0.9675,5.08082798548069,-0.201061929829747,"S",0.352904236790553,-0.914097655252552,-0.199709980514407,1
"9889",2002-03-31 06:43:29,23,18,0.8249,5.02811904207046,-0.339466539512897,"S",0.292790448387517,-0.89632322718763,-0.332984122349684,1
"9891",2002-03-31 06:43:29,23,7,0.3254,5.66621141659959,-0.106814150222053,"S",0.810984540028438,-0.575272229139352,-0.10661115427526,1
"9891m",2002-03-31 06:43:29,23,4,0.1961,5.83603195281864,-0.220260551601684,"S",0.879897517991158,-0.421953965281951,-0.218483887314003,1
"9884c",2002-04-01 07:17:46,23,6,0.5344,5.69850000776149,0.443662695856959,"N",0.753153592506932,-0.498501488243002,0.429250430766719,1
"9900m",2002-04-01 07:17:46,23,3,0.8913,4.676784263644,-0.528136631653484,"S",-0.0307469901887525,-0.863200140131763,-0.503924737109459,1
"9883a",2002-04-02 10:34:04,23,5,0.666,6.22628757356457,-0.25551620249197,"S",0.965967257102916,-0.0550207343234476,-0.252744885209529,1
"9884n",2002-04-02 10:34:04,23,1,0.5296,5.96501178454102,0.196000474998963,"N",0.931622705975214,-0.306842580327518,0.194747951489536,1
"9892",2002-04-02 10:34:04,23,62,0.9345,4.31148685120159,0.0790634151153431,"N",-0.389030006815214,-0.91783312450314,0.0789810696443064,1
"9900n",2002-04-02 10:34:04,23,2,0.8202,4.55216775505161,-0.413817565647856,"S",-0.146070504869276,-0.903865531290196,-0.402107583804045,1
"9887a",2002-04-03 11:39:57,23,1,0.1029,5.16687271760401,-0.156032435128293,"S",0.433665394319968,-0.887572612562092,-0.155400074642869,1
"9893",2002-04-03 11:39:57,23,150,0.9954,3.83501196540714,0.324805773796145,"N",-0.728852680128341,-0.605750099437215,0.319124721232213,1
"9900",2002-04-03 11:39:57,23,6,0.9236,4.08459404844233,-0.520980781720307,"S",-0.509437152503749,-0.70195270464354,-0.497731039912612,1
"9888n",2002-04-04 15:08:16,23,9,0.3525,4.63978328350172,-0.106116018521255,"S",-0.0721338724809668,-0.991755160688656,-0.105916975449252,1
"9894",2002-04-04 15:08:16,23,9,0.3792,4.85184078761904,0.248709418409192,"N",0.134723352770539,-0.9598219493996,0.246153293028993,1
"9895",2002-04-04 15:08:16,23,6,0.9588,3.73133940783868,0.0862192650485199,"N",-0.827994430559415,-0.554084707711754,0.0861124825014908,1
"9886m",2002-04-05 11:59:46,23,8,0.3728,4.97034864382945,0.228987197861656,"N",0.248449113373846,-0.941672978782584,0.22699127537085,1
"9896",2002-04-05 11:59:46,23,135,0.9769,3.43393530329884,-0.176278254451427,"S",-0.942732049764789,-0.283730142434776,-0.175366726091987,1
"9898",2002-04-05 11:59:46,23,69,0.9936,3.31350758491123,-0.333881485906515,"S",-0.930850475495834,-0.161622478604688,-0.327712628195584,1
"9904",2002-04-05 11:59:46,23,1,0.8087,3.85368698840348,-0.282045207122284,"S",-0.727084836715049,-0.627602795568263,-0.278320626641203,1
"9892a",2002-04-06 08:29:27,23,3,0.2938,4.30468006711881,-0.159697626557481,"S",-0.391461691006549,-0.906350088704825,-0.159019688023364,1
"9897",2002-04-06 08:29:27,23,48,0.1073,4.52686048089769,-0.0329867228626928,"S",-0.184365637294569,-0.982304220958908,-0.0329807409146501,1
"9899",2002-04-06 08:29:27,23,602,0.995,3.17737190325568,0.324456707945746,"N",-0.947217448474297,-0.0339051987783414,0.318793887647871,1
"9900a",2002-04-06 08:29:27,23,10,0.593,4.05178185850484,0.211359372416513,"N",-0.599941777678828,-0.77204815175751,0.209789215078805,1
"9902",2002-04-08 06:23:52,23,150,0.9641,2.89096337300341,0.206646983436129,"N",-0.948145652176226,0.242736985554806,0.205179380306805,1
"9903",2002-04-08 06:23:52,23,134,0.994,2.74627557801308,0.345226126044478,"N",-0.8684239430969,0.36237947718959,0.338409470269128,1
"9904m",2002-04-08 06:23:52,23,2,0.2054,4.11496277742703,-0.3078760800518,"S",-0.53606646954418,-0.787910125324602,-0.303035269632774,1
"9905",2002-04-08 06:23:52,23,1,0.6203,3.49746528807144,-0.250454747661186,"S",-0.908097543505502,-0.33753804723626,-0.247844544316,1
"9906",2002-04-09 07:09:40,23,4,0.9037,2.78519642033255,-0.210312174865317,"S",-0.916510672926945,0.341211481382909,-0.208765206352684,1
"9888m",2002-04-10 11:17:33,23,6,0.8539,4.64990619316329,-0.490786585660806,"S",-0.0550716183580799,-0.880241324036636,-0.471319772882119,1
"9907",2002-04-11 10:29:29,23,1068,0.9869,2.01341182510066,-0.0614355896702004,"S",-0.427496354717666,0.90192975400665,-0.0613969505807155,1
"9895m",2002-04-12 06:56:49,23,22,0.343,3.53621159746571,0.0694641042293743,"N",-0.920916822659485,-0.38352926879872,0.0694082539578582,1
"9902c",2002-04-12 06:56:49,23,7,0.1774,3.18627308244085,-0.269478836507924,"S",-0.962947790045271,-0.0430535739017233,-0.266229118282011,1
"9906c",2002-04-13 08:32:57,23,1,0.5647,2.45271119782763,-0.405789051088682,"S",-0.709267790762445,0.584051786089074,-0.394743856384267,1
"9899m",2002-04-14 10:46:21,23,4,0.3996,2.95152629804761,0.249058484259591,"N",-0.951692275449413,0.183094790436021,0.246491603437336,1
"9902b",2002-04-14 10:46:21,23,2,0.2813,2.77507351067098,-0.380132711084365,"S",-0.866937163182681,0.332785997581461,-0.371043710237051,1
"9906m",2002-04-14 10:46:21,23,2,0.4614,2.41274315795696,-0.464606646880891,"S",-0.666869806314441,0.595413200845001,-0.448071179262458,1
"9909",2002-04-14 10:46:21,23,226,0.9746,1.41109870023742,0.128805298797182,"N",0.157702378486542,0.979096881672547,0.128449430200303,1
"9910",2002-04-14 10:46:21,23,1,0.9343,1.52087991018786,-0.340862802914493,"S",0.047025020513502,0.94129267700819,-0.334300379384261,1
"9907n",2002-04-17 05:20:09,23,3,0.37,2.094220569468,0.283965069299477,"N",-0.479830954551426,0.831426678827756,0.280164117594875,1
"9913",2002-04-17 05:20:09,23,3,0.8475,1.08262773501208,-0.246964089157198,"S",0.454779004694698,0.856396364800482,-0.244461291916367,1
"9911",2002-04-18 06:07:44,23,5,0.5337,1.30463361586576,-0.223402144255274,"S",0.256494718940902,0.940811735873859,-0.221548497619467,1
"9912",2002-04-18 06:07:44,23,43,0.6448,1.21056036918327,0.174009326423835,"N",0.347171865460715,0.921681523032214,0.173132509753498,1
"9914",2002-04-19 09:54:36,23,8,0.9808,0.230208928338052,0.0836012711705284,"N",0.970218329297102,0.227384011383036,0.0835039212450469,1
"9907m",2002-04-20 10:02:55,23,6,0.4947,1.87029482643712,-0.0136135681655558,"S",-0.29501372848234,0.955396034227399,-0.0136131476707494,1
"9915",2002-04-20 10:02:55,23,5,0.9761,0.0342084533390889,0.186924762888593,"N",0.982005515943806,0.0336059996787272,0.185838110842561,1
"9913a",2002-04-21 05:47:45,23,1,0.4009,0.813497964354557,-0.306305283725005,"S",0.654985535277215,0.69286997863245,-0.301537959944496,1
"9916",2002-04-21 05:47:45,23,113,0.9886,6.01056487801807,-0.281870674197084,"S",0.925062853335292,-0.258630303696408,-0.278152985583603,1
"9912m",2002-04-22 07:42:23,23,2,0.542,0.519584518318712,0.323584043319749,"N",0.822976675797558,0.470751113501059,0.317966633832411,1
"9915a",2002-04-22 07:42:23,23,16,0.8265,6.2786474511244,-0.507716279405151,"S",0.873848093986012,-0.00396542408349661,-0.486182870994909,1
"9923a",2002-04-22 07:42:23,23,3,0.2395,0.762883416046721,0.0947713783832921,"N",0.719602817674017,0.687907717830962,0.0946295754202304,1
"9912n",2002-04-23 13:12:47,23,5,0.3179,0.832696586126495,0.160744824108678,"N",0.664208832803068,0.730211963881435,0.160053473035744,1
"9919",2002-04-23 13:12:47,23,228,0.955,5.67982498476515,0.196698606699761,"N",0.807555408160784,-0.556471324263072,0.195432668771556,1
"9920",2002-04-23 13:12:47,23,32,0.3254,0.586779694520493,-0.411374104695063,"S",0.763255375000946,0.507489781551025,-0.399869171296637,1
"9921",2002-04-23 13:12:47,23,6,0.7468,6.13640311708686,0.230208928338052,"N",0.963149246752444,-0.142397278035288,0.228180945059705,1
"9922",2002-04-23 13:12:47,23,8,0.9008,5.8780943877917,0.3694862026472,"N",0.85704154185462,-0.367505547218929,0.361136356932907,1
"9923",2002-04-23 13:12:47,23,2,0.2136,0.850498944496837,-0.0621337213709981,"S",0.658335384577237,0.750159241495611,-0.0620937501868842,1
"9924",2002-04-23 13:12:47,23,2,0.3383,0.395491608501915,-0.33562681515851,"S",0.871318366003769,0.363765840501378,-0.329361075946822,1
"9925",2002-04-24 07:44:20,23,16,0.2558,0.677362282698999,-0.223751210105673,"S",0.75980394851235,0.611116426530121,-0.221888875453675,1
"9926",2002-04-24 07:44:20,23,111,0.968,5.45537564295868,0.213977366294505,"N",0.661062456322378,-0.719655930939959,0.212348227927536,1
"9926a",2002-04-25 06:03:10,23,3,0.9368,5.32133435640551,0.0198967534727354,"N",0.571889502514041,-0.820089366077421,0.0198954407082776,1
"9915m",2002-04-26 05:40:39,23,2,0.4928,6.06117942632591,0.374896723328382,"N",0.907707759574634,-0.204893746177243,0.366176427402768,1
"9916n",2002-04-27 11:11:33,23,5,0.1061,5.91335003868199,-0.0671951762017817,"S",0.930282741508348,-0.360646115616306,-0.0671446210993991,1
"9919a",2002-04-29 09:45:29,23,1,0.0777,5.62694150842972,-0.122173047639603,"S",0.786384036497469,-0.605597234372768,-0.121869343405147,1
"9927",2002-04-29 09:45:29,23,47,0.9688,4.2474332676534,-0.506145483078356,"S",-0.392164797142884,-0.781771324620239,-0.484809620246337,1
"9929",2002-04-29 09:45:29,23,7,0.7062,4.925319149128,0.385543231765547,"N",0.195812347677076,-0.905667977101081,0.376062547657736,1
"9931a",2002-04-29 09:45:29,23,12,0.7915,4.69493568786475,-0.42463860701022,"S",-0.0159024177895599,-0.911048905000192,-0.411991511813529,1
"9928",2002-04-30 10:55:18,23,177,0.9445,4.14044458450615,0.311715804406187,"N",-0.515183632679259,-0.800328505162288,0.306692204733181,1
"9929a",2002-04-30 10:55:18,23,6,0.4748,4.85864757170181,0.0773180858633488,"N",0.145302299174017,-0.986367608180491,0.0772410731867591,1
"9931",2002-04-30 10:55:18,23,4,0.6859,4.66247256377765,0.29234264970905,"N",-0.0477786839254852,-0.956378642795798,0.288196268134089,1
"9933",2002-04-30 10:55:18,23,319,0.9977,3.85421058717908,0.320267917740959,"N",-0.718177862588147,-0.620571011093974,0.314820866332146,1
"9922m",2002-05-01 13:04:20,23,5,0.8052,5.93795918113511,0.313286600732982,"N",0.895196603217359,-0.321937667586446,0.308186923436252,1
"9926c",2002-05-01 13:04:20,23,0,0.1582,5.23424242673099,-0.0563741348394168,"S",0.49769584175537,-0.865519596107948,-0.0563442796790185,1
"9930",2002-05-01 13:04:20,23,55,0.3401,5.27630486170406,0.209614043164519,"N",0.522800359171005,-0.826668915896275,0.208082406612249,1
"9932",2002-05-01 13:04:20,23,46,0.8931,4.0008182443466,-0.484154334503227,"S",-0.577971361399735,-0.670295489886322,-0.465460053753049,1
"9934",2002-05-01 13:04:20,23,728,0.985,3.66938021939288,-0.290946386307455,"S",-0.827615156688852,-0.482457341286406,-0.286858965796328,1
"9936",2002-05-01 13:04:20,23,2,0.8728,4.02019139904374,-0.279601746169492,"S",-0.613445106642358,-0.739948693612664,-0.275972882648746,1
"9935",2002-05-02 08:16:44,23,5,0.6651,4.20589443145593,-0.353429173528852,"S",-0.455130587265101,-0.820401810904717,-0.346117057077493,1
"9927m",2002-05-03 08:24:49,23,2,0.709,4.05562158285922,-0.621337213709981,"S",-0.496446737350436,-0.643951461361307,-0.582122970157289,1
"9931b",2002-05-03 08:24:49,23,3,0.2318,4.51132705055494,-0.250105681810787,"S",-0.19349625814263,-0.949368107042731,-0.24750635429197,1
"9937",2002-05-03 08:24:49,23,54,0.9742,3.31333305198604,-0.169122404518251,"S",-0.971231577039056,-0.168459185135839,-0.168317339289797,1
"9938",2002-05-03 08:24:49,23,66,0.9882,3.24404348068186,-0.0647517152489896,"S",-0.992671831456996,-0.102057370843862,-0.0647064764011497,1
"9939",2002-05-04 08:30:53,23,189,0.9774,3.10371900882152,0.285884931476671,"N",-0.958724457255703,0.0363277608564313,0.282006575900129,1
"9941",2002-05-04 08:30:53,23,3,0.5614,3.90657046473891,-0.377340184281174,"S",-0.670645900357415,-0.643800706137874,-0.368449083470384,1
"9943",2002-05-05 12:32:31,23,50,0.929,2.96636159668956,-0.176452787376627,"S",-0.96939662429039,0.171628673893756,-0.175538551639996,1
"9928m",2002-05-07 05:36:48,23,7,0.2305,3.75734481369339,0.170693200845045,"N",-0.804475598733705,-0.569178985317278,0.169865516557188,1
"9944",2002-05-07 05:36:48,23,23,0.7185,2.99114527206788,0.148702052269917,"N",-0.977792989967492,0.148226425645595,0.148154633780938,1
"9945",2002-05-07 05:36:48,23,474,0.9745,2.42024807374054,-0.0713839664065681,"S",-0.749006050192985,0.658713075262972,-0.0713233569870432,1
"9940",2002-05-10 07:46:24,23,8,0.3433,2.83947616006957,0.222529479629277,"N",-0.931167977603602,0.290204823634185,0.220697435021501,1
"9946",2002-05-10 07:46:24,23,11,0.7313,2.23227611330075,-0.0703367688553715,"S",-0.612766311825658,0.78713298693603,-0.0702787874734895,1
"9948",2002-05-10 07:46:24,23,482,0.9881,1.62856672503591,-0.346447856520874,"S",-0.0543077391175859,0.939015679845328,-0.339558864523594,1
"9949",2002-05-10 07:46:24,23,20,0.3573,2.76460153515902,-0.282045207122284,"S",-0.893039365813965,0.353579297884703,-0.278320626641203,1
"9950",2002-05-11 11:32:44,23,13,0.7689,1.9085175370558,-0.100880030765272,"S",-0.329653341296504,0.93871527602532,-0.100709012152624,1
"9950a",2002-05-12 08:50:29,23,1,0.8284,1.60517931305918,-0.117984257434817,"S",-0.0341372262164181,0.992460999971085,-0.117710718809476,1
"9951",2002-05-12 08:50:29,23,14,0.9721,1.26501464184549,0.191462618943778,"N",0.295537798018281,0.936186534057716,0.190294990452998,1
"9946a",2002-05-13 08:25:34,23,5,0.3714,2.2469368790175,-0.414341164423454,"S",-0.572834321785938,0.713992018288638,-0.402586931735446,1
"9950m",2002-05-13 08:25:34,23,2,0.4261,2.04639854796335,0.266860842629933,"N",-0.441666761988004,0.857549009166728,0.263704698919445,1
"9954",2002-05-14 11:05:40,23,318,0.9951,0.616450291804397,-0.370358867273197,"S",0.760613352006587,0.538942977657635,-0.361949990444573,1
"9945m",2002-05-15 08:56:30,23,1,0.2674,2.0610593136801,0.159174027781883,"N",-0.464905581916405,0.871056648254866,0.158502730052093,1
"9953",2002-05-15 08:56:30,23,16,0.6984,2.64330115214541,0.0954695100840898,"N",-0.874400359837119,0.475749136268264,0.0953245511750099,1
"9955",2002-05-15 08:56:30,23,61,0.9701,0.560599755740579,-0.239808239224021,"S",0.822700054914225,0.516479040763404,-0.237516357534057,1
"9958",2002-05-15 08:56:30,23,137,0.9967,0.404392787687086,0.0708603676309698,"N",0.917034351468182,0.392473190197864,0.0708010819355254,1
"9957",2002-05-16 08:06:30,23,1078,0.9861,0.268606171881927,0.125140107367993,"N",0.956602332287916,0.263312564416723,0.12481374636477,1
"9948m",2002-05-18 15:57:59,23,8,0.3574,1.02241387581828,-0.363552083190419,"S",0.487234683486963,0.797592359890098,-0.355596387288037,1
"9960",2002-05-18 15:57:59,23,267,0.9822,6.04721679230995,0.25848326222036,"N",0.939987777301606,-0.226018157838618,0.255614496558437,1
"9950n",2002-05-19 07:00:11,23,2,0.8418,1.94534398427288,0.250978346436785,"N",-0.354389420889756,0.901515133178762,0.248351772715845,1
"9961",2002-05-19 07:00:11,23,7,0.9844,5.87390559758692,-0.358839694210034,"S",0.858973360366143,-0.372601269126917,-0.35118806988038,1
"9962",2002-05-19 07:00:11,23,6,0.9913,5.84423500030301,0.266860842629933,"N",0.873157382088721,-0.40994635974939,0.263704698919445,1
"9963",2002-05-20 08:43:24,23,287,0.9886,5.62065832312254,0.300371164268224,"N",0.753139325919552,-0.58757065482923,0.29587477306623,1
"9964",2002-05-21 11:11:33,23,25,0.5145,6.26555748173444,-0.244695161129605,"S",0.970060482566255,-0.0171018283032929,-0.242260577956896,1
"9965",2002-05-21 11:11:33,23,21,0.9884,5.34873602566182,-0.153414441250302,"S",0.587281883315589,-0.794825809778705,-0.152813355564627,1
"9958a",2002-05-22 14:44:34,23,11,0.4047,0.388510291493938,0.346098790670476,"N",0.870596804147134,0.356347948494953,0.339230517807929,1
"9961m",2002-05-22 14:44:34,23,2,0.5884,6.04267893625477,-0.48328166987723,"S",0.859988552122215,-0.210915172150081,-0.464687508305999,1
"9967",2002-05-23 09:40:15,23,3,0.8207,5.3853879399537,0.235095850243636,"N",0.606187184940826,-0.760445805734752,0.232936200179235,1
"9968",2002-05-23 09:40:15,23,7,0.7643,5.46497495384464,-0.243997029428807,"S",0.663282567239776,-0.70830346696722,-0.24158318376499,1
"9969",2002-05-25 07:12:27,23,20,0.9826,4.50329853599577,0.156032435128293,"N",-0.20504859741324,-0.966336323181455,0.155400074642869,1
"9954m",2002-05-26 07:00:30,23,6,0.9545,0.5848598323433,-0.56932640200055,"S",0.702271093855475,0.464999383609682,-0.53906482353948,1
"9967c",2002-05-26 07:00:30,23,4,0.6931,4.89844107864729,-0.193557014046171,"S",0.181526296088454,-0.964390695561823,-0.192350695715376,1
"9970",2002-05-26 07:00:30,23,151,0.8814,4.57590423287873,0.0890117918517108,"N",-0.135522742212192,-0.986778288334268,0.0888942968664415,1
"9961a",2002-05-28 14:10:21,23,2,0.625,5.76133186083328,-0.229685329562454,"S",0.844130379842623,-0.485396496897636,-0.227671128222824,1
"9967b",2002-05-28 14:10:21,23,7,0.3846,5.04435060411401,0.367217274619607,"N",0.304170554589508,-0.882374740755426,0.359019624251246,1
"9972",2002-05-28 14:10:21,23,62,0.8809,4.07307487537917,-0.365297412442413,"S",-0.557277044039484,-0.74955393143526,-0.357227098715315,1
"9973",2002-05-28 14:10:21,23,2191,0.989,3.68945150579081,-0.284314135149876,"S",-0.81937164166932,-0.499950316439884,-0.280499187021609,1
"9974",2002-05-28 14:10:21,23,45,0.9726,3.80534136812324,0.329518162776529,"N",-0.745309372048974,-0.582928207200802,0.323587152380349,1
"9977",2002-05-28 14:10:21,23,2,0.3495,5.06773801609074,-0.371406064824393,"S",0.324195886616511,-0.873602744522009,-0.362925986758386,1
"9980",2002-05-28 14:10:21,23,3,0.9585,3.88370665153778,-0.567755605673755,"S",-0.621407031347783,-0.569813807166713,-0.537741133403156,1
"9976",2002-05-29 12:36:48,23,2,0.3818,4.53314366620487,-0.151843644923507,"S",-0.176235638885423,-0.972656755410039,-0.151260820247219,1
"9972a",2002-05-30 14:11:00,23,7,0.5942,4.06801342054838,0.233175988066442,"N",-0.584442864660396,-0.777839176141339,0.231068721395418,1
"9976m",2002-05-30 14:11:00,23,2,0.301,4.74258317644419,-0.306828882500603,"S",0.0287796375782149,-0.952861634699447,-0.302037146024729,1
"9980a",2002-05-30 14:11:00,23,7,0.7564,3.83832809098593,-0.310668606854991,"S",-0.730227256092694,-0.610997982797692,-0.305695304963106,1
"9978",2002-05-31 09:07:04,23,16,0.9404,3.26830355728458,-0.330739893252925,"S",-0.938219743733867,-0.119523030773579,-0.324742909980579,1
"9979",2002-05-31 09:07:04,23,137,0.9933,3.02849531806056,-0.507367213554752,"S",-0.868442862369468,0.0986394990460638,-0.485877807712461,1
"9970m",2002-06-02 08:48:32,23,4,0.295,3.83256850445435,0.226892802759263,"N",-0.750873426951436,-0.620955811509797,0.224951054343865,1
"9981",2002-06-02 08:48:32,23,76,0.9808,2.65516939105897,-0.371929663599992,"S",-0.823568785041128,0.435505270120077,-0.363413835734853,1
"9982",2002-06-02 08:48:32,23,21,0.9928,2.56668119798286,-0.0495673507566389,"S",-0.838209689445159,0.54309263091653,-0.049547056062008,1
"9983",2002-06-03 12:08:57,23,24,0.8967,2.69286850290205,0.416261026600648,"N",-0.824062258085966,0.396771535714377,0.404343595528745,1
"9984",2002-06-04 10:13:11,23,2,0.4696,3.17265951427529,0.323584043319749,"N",-0.947644410284681,-0.0294498119770847,0.317966633832411,1
"9985",2002-06-04 10:13:11,23,231,0.6353,2.92011037151171,0.311541271480988,"N",-0.928611025636587,0.209101235080209,0.306526078097928,1
"9985a",2002-06-04 10:13:11,23,6,0.6487,2.87124115245587,-0.247836753783195,"S",-0.934232264420438,0.258909950656921,-0.245307385878803,1
"9986",2002-06-04 10:13:11,23,64,0.9786,2.18009076866612,0.075398223686155,"N",-0.570663078084359,0.817722155551775,0.0753268055279327,1
"9973a",2002-06-06 11:27:32,23,4,0.5918,3.57984482876557,-0.382052573261559,"S",-0.840209789017637,-0.39376186238942,-0.372825838920203,1
"9986a",2002-06-06 11:27:32,23,9,0.6918,2.31483018692008,0.148702052269917,"N",-0.669787181543117,0.727623072703006,0.148154633780938,1
"9987",2002-06-06 11:27:32,23,43,0.5625,2.5253168947106,-0.266337243854335,"S",-0.787264411332085,0.557620586483896,-0.263199597604749,1
"9989",2002-06-06 11:27:32,23,19,0.5901,3.25085026476464,-0.604232987040437,"S",-0.818031188792676,-0.0897334742702323,-0.568131039248724,1
"9990",2002-06-06 11:27:32,23,2,0.6998,2.37434591441309,-0.379783645233966,"S",-0.66853338929543,0.644693826767336,-0.370719539713317,1
"9991",2002-06-07 09:11:35,23,403,0.9801,1.50237942011672,-0.352207443052456,"S",0.06416694515193,0.936417588810225,-0.344970582103335,1
"9986m",2002-06-09 07:47:36,23,2,0.3667,2.04535135041215,0.10454522219446,"N",-0.454447837187227,0.884639599657126,0.104354884860902,1
"9992",2002-06-09 07:47:36,23,21,0.9481,1.18246056822616,-0.326027504272541,"S",0.358702216636387,0.87678500637136,-0.320282332298423,1
"9993",2002-06-09 07:47:36,23,23,0.2372,2.62322986574748,0.104370689269261,"N",-0.863904701518239,0.492762541943417,0.104181303275318,1
"9994",2002-06-09 07:47:36,23,13,0.9333,1.21248023136046,0.176103721526228,"N",0.345273802003231,0.922004745294401,0.175194895202002,1
"9995",2002-06-10 14:34:09,23,5,0.188,2.04273335653416,0.183608637309803,"N",-0.44697095568067,0.875717974161583,0.182578735093222,1
"9996",2002-06-10 14:34:09,23,12,0.9784,0.783478301220255,-0.477522083345649,"S",0.62921183493077,0.626800461466157,-0.459579860621488,1
"9999",2002-06-11 14:05:19,23,3,0.2602,2.11324465831473,-0.115715329407224,"S",-0.512782059635085,0.850719800890209,-0.115457263477546,1
"9997",2002-06-12 13:48:45,23,32,0.9779,0.302291026445418,0.226369203983665,"N",0.930301458344487,0.290112915769016,0.224440844558472,1
"9990n",2002-06-14 07:25:24,23,2,0.8411,2.18986461247729,-0.387114028092342,"S",-0.537337541482892,0.754154392569789,-0.377517574002608,1
"10001",2002-06-14 07:25:24,23,93,0.9804,6.17776742035913,0.356047167406843,"N",0.932078835720913,-0.0986233837739569,0.348572047321815,1
"9992m",2002-06-15 15:05:51,23,5,0.4923,1.04196156344061,-0.48624872960562,"S",0.446048882072843,0.763321177981756,-0.467312715476598,1
"10003",2002-06-15 15:05:51,23,15,0.9217,6.0643210189795,0.00645771823237902,"N",0.97612431227641,-0.217116617138859,0.00645767334904403,1
"10004",2002-06-15 15:05:51,23,46,0.3603,0.710698071412091,-0.260926723173152,"S",0.732252525087582,0.630281376823607,-0.257976017358588,1
"9992a",2002-06-16 10:34:57,23,3,0.4298,0.912807198793034,-0.396713338978311,"S",0.564033344864395,0.729773871813522,-0.386389029217164,1
"10005",2002-06-16 10:34:57,23,246,0.9941,5.58662440270865,0.225147473507269,"N",0.74769367964297,-0.625390715571516,0.223250116010951,1
"10006",2002-06-18 09:42:42,23,2,0.3283,0.610690705272816,-0.11711159280882,"S",0.81364048507665,0.569505595124227,-0.116844076300142,1
"10007",2002-06-18 09:42:42,23,17,0.4561,6.16956437287476,0.243647963578408,"N",0.964206909217465,-0.110027974547374,0.241244442494135,1
"10008",2002-06-18 09:42:42,23,514,0.9962,5.11870163024897,-0.179245314179818,"S",0.388892794145578,-0.903867318652333,-0.178287029628876,1
"10003a",2002-06-19 08:56:14,23,3,0.4897,5.95139821637546,-0.273318560862312,"S",0.910366602385409,-0.313642097159953,-0.269928294460496,1
"10004m",2002-06-19 08:56:14,23,3,0.4896,0.397411470679109,-0.370184334347997,"S",0.859605801222425,0.360815501825067,-0.361787285773668,1
"10012",2002-06-19 08:56:14,23,5,0.9754,5.02619917989327,0.293738913110646,"N",0.295463407674162,-0.910424083406137,0.289533008618479,1
"10009",2002-06-20 09:15:51,23,18,0.8779,0.875806218650755,-0.331263492028524,"S",0.605561883708816,0.726302273275156,-0.325238086383454,1
"10003c",2002-06-21 05:26:53,23,1,0.5078,5.5709164394407,-0.357617963733638,"S",0.708995635764917,-0.612204589567104,-0.350043895789191,1
"10003m",2002-06-21 05:26:53,23,1,0.2112,5.97810175393098,-0.177849050778222,"S",0.938776749770885,-0.295634939718132,-0.176912963084873,1
"10003n",2002-06-22 14:48:07,23,2,0.4576,5.7257271440926,-0.426558469187414,"S",0.772563560628956,-0.481627106048935,-0.413740106234864,1
"10010",2002-06-22 14:48:07,23,19,0.2409,5.54316570433399,-0.19687313962496,"S",0.72419059652936,-0.661276886279333,-0.195603833222048,1
"10011",2002-06-22 14:48:07,23,54,0.9214,4.46699568755429,-0.211882971192112,"S",-0.237504951546408,-0.948348475692896,-0.210301133239691,1
"10014",2002-06-22 14:48:07,23,4,0.9372,4.44360827557756,-0.330565360327726,"S",-0.251178641412335,-0.9118983065394,-0.324577831388448,1
"10005n",2002-06-23 15:58:30,23,1,0.5504,5.88385397432328,0.337197611485304,"N",0.869437458775301,-0.366907169754937,0.330843821252216,1
"10008a",2002-06-23 15:58:30,23,8,0.5152,5.110847648615,-0.437728576400178,"S",0.351416512716977,-0.834763072887523,-0.423883293765182,1
"10008m",2002-06-23 15:58:30,23,3,0.5566,4.93230046613598,-0.359886891761231,"S",0.204168257367074,-0.913396277348564,-0.352168373380514,1
"10010n",2002-06-23 15:58:30,23,1,0.17,5.5096553826957,-0.0713839664065681,"S",0.713626825124061,-0.696885738992736,-0.0713233569870432,1
"10013",2002-06-23 15:58:30,23,6,0.1866,5.19200545883273,0.0640535835481919,"N",0.46049267343907,-0.88535261011225,0.0640097920350058,1
"10012n",2002-06-24 14:37:26,23,4,0.4839,4.82566084883912,0.424115008234622,"N",0.103015731027347,-0.905562638265696,0.411514358605109,1
"10015",2002-06-24 14:37:26,23,22,0.7773,4.40870169053768,-0.480663675999238,"S",-0.265155958468862,-0.846113692411224,-0.462367751040992,1
"10016",2002-06-25 07:48:23,23,112,0.9842,3.62330352714023,-0.27384215963791,"S",-0.853182712617017,-0.446033143232366,-0.270432420448667,1
"10012m",2002-06-26 10:44:00,23,1,0.6062,5.26600741911729,0.438426708100976,"N",0.476041765625453,-0.770175842004623,0.424515500038186,1
"10017a",2002-06-26 10:44:00,23,2,0.8245,3.80289790717044,0.379958178159165,"N",-0.732906279585105,-0.570346562548051,0.370881630624034,1
"10017",2002-06-27 07:19:46,23,2,0.5463,4.09838214953308,-0.339990138288495,"S",-0.543167208237446,-0.770559500733578,-0.333477794950067,1
"10015a",2002-06-28 05:24:35,23,1,0.3309,4.22509305322787,0.36634460999361,"N",-0.437167371659865,-0.824969008252379,0.358205003565126,1
"10011m",2002-06-29 08:33:31,23,1,0.2126,3.93746279249921,0.220609617452083,"N",-0.682706461704574,-0.697156885108202,0.218824506609865,1
"10016a",2002-06-29 08:33:31,23,0,0.9373,2.8621654403455,-0.130899693899575,"S",-0.952990258133006,0.273445572368837,-0.130526192220052,1
"10017m",2002-06-29 08:33:31,23,1,0.8302,3.16288567046412,0.527263967027487,"N",-0.863991094669261,-0.0183997578132659,0.503170783377398,1
"10018",2002-06-29 08:33:31,23,38,0.8969,5.16722178345441,0.259181393921158,"N",0.424639141147445,-0.868330211972759,0.256289373132997,1
"10019",2002-06-29 08:33:31,23,701,0.9952,2.60891816588112,-0.295658775287839,"S",-0.824073890530515,0.485804163314163,-0.291370104596417,1
"10018m",2002-06-30 06:55:06,23,26,0.9046,4.97122130845545,0.256214334192768,"N",0.247596724607825,-0.935133155807832,0.253420288991158,1
"10016n",2002-07-02 05:57:12,23,4,0.4875,3.46447856520874,-0.450120414089338,"S",-0.853865611852796,-0.28569943720972,-0.435073957475392,1
"10020",2002-07-02 05:57:12,23,15,0.95,2.14448605192543,0.00977384381116825,"N",-0.542708828598033,0.839864038032784,0.00977368819924903,1
"10023",2002-07-02 05:57:12,23,11,0.9732,2.10347081450357,-0.399331332856303,"S",-0.46788291607646,0.79367392064639,-0.388802372072981,1
"10016m",2002-07-03 08:45:30,23,1,0.4392,2.9853856855363,-0.373849525777185,"S",-0.919593855213005,0.144826843388107,-0.365201761891588,1
"10021",2002-07-03 08:45:30,23,19,0.5598,2.91382718620453,-0.497069770967985,"S",-0.856282449160038,0.198475614715289,-0.476851966152888,1
"10024",2002-07-03 08:45:30,23,21,0.9683,1.91253179433539,-0.586430628670095,"S",-0.279130822765457,0.784757145241972,-0.553391549243344,1
"10017n",2002-07-04 11:10:15,23,1,0.5125,2.36038328039713,0.19704767255016,"N",-0.696321960075469,0.690512766381621,0.195774991714107,1
"10025",2002-07-04 11:10:15,23,99,0.9942,1.44949594378129,-0.33248522250492,"S",0.114376291942628,0.938288641528887,-0.326393150999422,1
"10026",2002-07-05 15:54:00,23,19,0.8298,3.54912703393047,0.405789051088682,"N",-0.843542993858855,-0.364159999668437,0.394743856384267,1
"10026m",2002-07-05 15:54:00,23,2,0.6491,3.25416639034343,0.370358867273197,"N",-0.926296951127909,-0.104719447803708,0.361949990444573,1
"10024b",2002-07-06 07:00:15,23,1,0.7832,1.61774568367354,-0.269478836507924,"S",-0.0452383204364522,0.962847626025464,-0.266229118282011,1
"10028",2002-07-08 15:38:00,23,19,0.7573,1.12695909801274,-0.292168116783851,"S",0.411210453048895,0.864838239273627,-0.288029136014769,1
"10029",2002-07-08 15:38:00,23,10,0.8477,0.94788831675812,-0.248360352558793,"S",0.565498889669263,0.787264894967071,-0.245814952627618,1
"10030",2002-07-09 07:02:22,23,629,0.9874,0.345575191894877,0.306130750799805,"N",0.897136198107903,0.322988905662949,0.301371546206916,1
"10032a",2002-07-09 07:02:22,23,3,0.8699,0.730594824884826,-0.122347580564802,"S",0.739210287759218,0.662324513148036,-0.122042573531333,1
"10031",2002-07-10 16:11:11,23,4,0.9862,0.0375245789178781,0.190415421392581,"N",0.981234453625813,0.036837701631162,0.189266824235485,1
"10032",2002-07-11 06:33:43,23,4,0.5417,0.904429618383462,-0.339466539512897,"S",0.582858636380038,0.741213453912038,-0.332984122349684,1
"10034",2002-07-11 06:33:43,23,7,0.8324,0.40613811693908,-0.350287580875262,"S",0.862867276495558,0.371073885991299,-0.343167938899388,1
"10033",2002-07-12 07:59:24,23,6,0.4827,0.572817060504539,0.184132236085402,"N",0.82617130193406,0.532839325944814,0.183093507769269,1
"10035",2002-07-15 06:57:42,23,24,0.9613,5.39097299356008,-0.148876585195116,"S",0.620748049707749,-0.769851212345967,-0.148327238339658,1
"10036",2002-07-16 06:03:07,23,682,0.9581,5.17961362114357,-0.130725160974375,"S",0.446567055075618,-0.885203886958232,-0.130353150461073,1
"10037",2002-07-16 06:03:07,23,280,0.9907,4.99757578016056,0.249058484259591,"N",0.27265604620215,-0.930000306400112,0.246491603437336,1
"10031b",2002-07-17 07:13:14,23,4,0.6214,5.5703928406651,0.34470252726888,"N",0.712036076771933,-0.615481045255737,0.337916718003327,1
"10031c",2002-07-17 07:13:14,23,2,0.701,5.54351477018439,-0.347145988221672,"S",0.694625941150299,-0.633836146405836,-0.340215433792269,1
"10034a",2002-07-17 07:13:14,23,4,0.3863,0.313635666583381,0.0820304748437335,"N",0.948019608024898,0.307481550021793,0.0819385086300409,1
"10031a",2002-07-19 07:23:56,23,4,0.2258,5.72729794041939,0.309970475154193,"N",0.808950748518537,-0.502548573838,0.305030518808678,1
"10037m",2002-07-19 07:23:56,23,7,0.4885,5.25902610210931,0.278554548618295,"N",0.499780407631061,-0.821348362276977,0.274966201437666,1
"10031d",2002-07-20 15:10:34,23,3,0.5165,5.91526990085918,0.349763982099664,"N",0.876584573284884,-0.337894338242511,0.342676089131723,1
"10036m",2002-07-20 15:10:34,23,3,0.4497,5.14348530562729,-0.282743338823081,"S",0.401275112423475,-0.872434666264778,-0.278991106039229,1
"10038",2002-07-21 15:48:02,23,98,0.8168,4.24254634574782,0.283790536374278,"N",-0.434636591613807,-0.855974855924609,0.279996570077525,1
"10039",2002-07-21 15:48:02,23,113,0.9949,3.75193429301221,-0.225322006432468,"S",-0.798738317841265,-0.558659552619086,-0.223420240532387,1
"10042",2002-07-21 15:48:02,23,4,0.8751,4.20083297662515,-0.327249234748937,"S",-0.463555108660293,-0.825707776020404,-0.321439465303162,1
"10047",2002-07-21 15:48:02,23,2,0.1809,5.01974146166089,0.140324471860344,"N",0.299562519541026,-0.943769169466073,0.139864404519344,1
"10040",2002-07-22 11:39:14,23,7,0.4691,4.90245533592687,-0.388684824419137,"S",0.174831884627969,-0.908743245542217,-0.378971668860393,1
"10041",2002-07-23 07:33:20,23,18,0.3366,4.5256387504213,0.282743338823081,"N",-0.178294478395779,-0.943596863986196,0.278991106039229,1
"10043",2002-07-23 07:33:20,23,2,0.8623,3.76991118430775,0.186226631187795,"N",-0.795028990755802,-0.577622372781271,0.185152095101151,1
"10044",2002-07-23 07:33:20,23,96,0.9423,3.64704000496735,-0.353778239379251,"S",-0.820772212250407,-0.454212687655867,-0.346444526540696,1
"10045",2002-07-24 14:13:43,23,22,0.3622,4.14672776981333,0.0699877030049726,"N",-0.534662010226491,-0.842167589460754,0.0699305804525552,1
"10046",2002-07-24 14:13:43,23,6,0.4779,4.03799375741408,0.2462659574564,"N",-0.605585821465556,-0.757519000659867,0.243784282674591,1
"10049n",2002-07-25 08:20:57,23,2,0.4242,4.4310419049632,-0.33562681515851,"S",-0.262158264489923,-0.907080110029309,-0.329361075946822,1
"10043m",2002-07-26 09:38:23,23,1,0.4821,3.73465553341747,0.450294947014537,"N",-0.746573781146651,-0.503191295079265,0.435231099372328,1
"10048",2002-07-26 09:38:23,23,90,0.8544,3.0775390700416,0.327074701823737,"N",-0.945044204286688,0.0606163908000989,0.321274189922737,1
"10049",2002-07-26 09:38:23,23,11,0.4214,4.49003403368061,-0.0935496479068961,"S",-0.219562929915518,-0.971115895869173,-0.0934132570737506,1
"10050",2002-07-26 09:38:23,23,5,0.7007,3.3543482894079,-0.121125850088406,"S",-0.970291189658605,-0.209607123429493,-0.12082988487333,1
"10051",2002-07-26 09:38:23,23,3,0.9837,2.75290782917066,-0.301243828894221,"S",-0.883735449612584,0.361905882474102,-0.296708252882668,1
"10052",2002-07-26 09:38:23,23,5,0.8963,3.05519885561607,-0.317649923862968,"S",-0.946429013430237,0.08196963593566,-0.312334918512233,1
"10043a",2002-07-27 07:02:40,23,5,0.3861,3.66484236333769,0.417831822927443,"N",-0.791681479084326,-0.456709123998212,0.4057797576662,1
"10053",2002-07-27 07:02:40,23,1,0.6471,3.18854201046844,0.144862327915529,"N",-0.988435412171684,-0.0464405339930459,0.144356201000973,1
"10039a",2002-07-28 12:28:15,23,3,0.1263,3.49397462956745,0.14765485471872,"N",-0.928340700468014,-0.341378923828014,0.147118911838637,1
"10043n",2002-07-28 12:28:15,23,1,0.3113,3.71824943844872,0.393048147549123,"N",-0.774367069526138,-0.503648805476706,0.383005903838815,1
"10054",2002-07-28 12:28:15,23,103,0.9793,2.30226381630572,-0.383623369588354,"S",-0.619411307728556,0.69010283717217,-0.374282922379476,1
"10055",2002-07-29 13:03:35,23,81,0.9868,1.95145263665486,0.232826922216044,"N",-0.361505273360421,0.903370369915054,0.230729088092824,1
"10048a",2002-07-30 11:47:39,23,6,0.4564,2.70421314304001,0.262672052425147,"N",-0.874793199587885,0.409038590159466,0.259661875744492,1
"10051m",2002-07-30 11:47:39,23,2,0.7839,2.25130020214749,0.165806278939461,"N",-0.620555853622827,0.766596191181579,0.165047605860678,1
"10056",2002-07-30 11:47:39,23,1,0.94,1.93033415270573,0.0855211333477222,"N",-0.350555771392079,0.93263851538817,0.0854169231373675,1
"10057",2002-07-31 05:55:37,23,1,0.3412,2.72288816603635,-0.134041286553164,"S",-0.905421210436149,0.402930158838658,-0.133640258869072,1
"10048c",2002-08-01 14:27:34,23,3,0.0335,2.63631983513744,0.0921533845053006,"N",-0.871329540960888,0.481992320463091,0.0920230083375472,1
"10048m",2002-08-01 14:27:34,23,1,0.4177,2.55795455172289,0.517839189066718,"N",-0.725057543418586,0.47881396224367,0.495003786139381,1
"10052m",2002-08-01 14:27:34,23,2,0.4798,2.97212118322114,-0.294960643587042,"S",-0.943106317748553,0.161377532698728,-0.290702193598252,1
"10058",2002-08-01 14:27:34,23,27,0.9746,1.33884206920485,-0.0958185759344887,"S",0.228825402554483,0.968754767430323,-0.0956720216510583,1
"10059",2002-08-01 14:27:34,23,15,0.9908,1.21544729108885,0.247487687932796,"N",0.33731688622389,0.908959581980708,0.244968970675218,1
"10039m",2002-08-02 14:08:58,23,4,0.8321,3.36359853444347,-0.241379035550816,"S",-0.947178493072922,-0.213803338901907,-0.239041909577599,1
"10060",2002-08-03 10:03:05,23,33,0.6321,2.56284147362847,-0.506320016003555,"S",-0.732113875877034,0.478352251390875,-0.484962262797413,1
"10061",2002-08-03 10:03:05,23,358,0.9938,0.779114978090269,0.150621914447111,"N",0.703479633977385,0.694694530999499,0.150053034552554,1
"10058m",2002-08-04 08:59:15,23,2,0.6828,1.37828651029992,-0.278729081543494,"S",0.183939008619028,0.943645972659497,-0.275134002609202,1
"10054a",2002-08-05 13:57:17,23,4,0.3547,2.05809225395171,-0.0799360797413403,"S",-0.466743105499983,0.880780730252076,-0.0798509779830591,1
"10051n",2002-08-06 05:44:48,23,1,0.5999,1.27915180878664,-0.454832803069722,"S",0.258296038774749,0.860399916631673,-0.43931212117751,1
"10063",2002-08-06 05:44:48,23,213,0.9897,0.148876585195116,0.293389847260247,"N",0.946680047948112,0.141989072663605,0.289198876313672,1
"10072a",2002-08-06 05:44:48,23,7,0.9159,0.522027979271504,-0.359712358836031,"S",0.811332275073276,0.466725195330698,-0.352005016253951,1
"10064",2002-08-07 13:19:32,23,20,0.5182,0.989078087105187,-0.343829862642883,"S",0.517300754301661,0.786617261663897,-0.337095258423082,1
"10065",2002-08-07 13:19:32,23,11,0.9701,6.2789965169748,-0.162315620435473,"S",0.986847058752336,-0.00413371947005,-0.161603821103361,1
"10072n",2002-08-07 13:19:32,23,2,0.6414,0.663748714533444,-0.187448361664191,"S",0.773890300951254,0.605282185655865,-0.186352563226903,1
"10061m",2002-08-09 07:30:54,23,5,0.4579,0.414166631498254,0.185179433636598,"N",0.899800734762436,0.39554695617053,0.184122902391879,1
"10066",2002-08-09 07:30:54,23,5,0.9767,5.80025270315276,0.255167136641571,"N",0.856960966762658,-0.449342340075196,0.252407137103843,1
"10078",2002-08-09 07:30:54,23,2,0.9006,6.09643507721619,-0.220609617452083,"S",0.958798420196939,-0.181166842260946,-0.218824506609865,1
"10067",2002-08-10 13:12:23,23,86,0.9633,5.57667602597228,0.175929188601028,"N",0.74889174874483,-0.639162011925651,0.175023058975276,1
"10068",2002-08-10 13:12:23,23,140,0.973,5.56812391263751,-0.121823981789204,"S",0.749457012596238,-0.65080440828723,-0.121522872020996,1
"10069",2002-08-11 10:53:15,23,1436,0.9938,5.23406789380579,-0.128805298797182,"S",0.494208241104788,-0.859801697082141,-0.128449430200303,1
"10070",2002-08-11 10:53:15,23,13,0.0524,0.356047167406843,0.102450827092067,"N",0.932367354013198,0.346744310770964,0.102271697543339,1
"10071",2002-08-11 10:53:15,23,57,0.9651,5.35903346824859,0.198269403026556,"N",0.590707883233657,-0.782474191269315,0.196972933884443,1
"10072",2002-08-11 10:53:15,23,2,0.4645,0.653625804871876,-0.293564380185446,"S",0.759920760432276,0.582054796951377,-0.289365946873371,1
"10075",2002-08-12 09:19:56,23,10,0.6769,5.78471927281001,-0.195476876223365,"S",0.861589541509022,-0.468973857233459,-0.194234351219972,1
"10076",2002-08-12 09:19:56,23,87,0.9951,4.97226850600665,0.213977366294505,"N",0.251103816277385,-0.944380804308817,0.212348227927536,1
"10077",2002-08-13 12:22:07,23,3,0.8486,5.26984714347168,-0.300371164268224,"S",0.505344460211451,-0.810607855375585,-0.29587477306623,1
"10078a",2002-08-13 12:22:07,23,4,0.2289,6.02714550591202,0.26790804018113,"N",0.932890195690357,-0.244217154563811,0.264714684521965,1
"10070m",2002-08-14 06:39:14,23,3,0.3761,0.120427718387609,0.0434586983746588,"N",0.991819999691516,0.120023407960238,0.043445019893332,1
"10079",2002-08-14 06:39:14,23,22,0.9268,4.91589437116723,-0.336324946859307,"S",0.190780537693465,-0.924494170301684,-0.330020174406948,1
"10080",2002-08-14 06:39:14,23,155,0.987,4.59615005220187,0.254119939090374,"N",-0.112252722203714,-0.961353488433945,0.251393708421155,1
"10065a",2002-08-15 09:10:49,23,9,0.4928,0.0015707963267949,0.185528499486997,"N",0.982837685184715,0.00154383909548072,0.184465989118858,1
"10081",2002-08-16 14:23:40,23,58,0.9039,4.35005862767067,0.274540291338708,"N",-0.341179907651971,-0.900054795715813,0.271104473079216,1
"10082",2002-08-16 14:23:40,23,2,0.4365,5.09531421827225,0.354301838154849,"N",0.350428548065905,-0.869962922409836,0.346935651573256,1
"10083",2002-08-17 12:08:46,23,90,0.9688,4.02263485999653,-0.327772833524535,"S",-0.602469465071416,-0.730334340983138,-0.321935232674661,1
"10084",2002-08-17 12:08:46,23,344,0.9974,3.82890331302516,-0.303512756921814,"S",-0.737625249406463,-0.605461129468825,-0.298874241346401,1
"10085",2002-08-19 08:17:02,23,751,0.9807,3.51125338916219,-0.167202542341057,"S",-0.919446205266897,-0.356260497074876,-0.166424559017789,1
"10088m",2002-08-21 05:36:07,23,2,0.5567,4.23259796901145,-0.437903109325377,"S",-0.418039105853207,-0.803387967914074,-0.424041364713805,1
"10087",2002-08-22 14:36:18,23,545,0.9821,2.74487931461148,-0.120427718387609,"S",-0.915655739502531,0.383590545596331,-0.120136838834647,1
"10081m",2002-08-23 08:02:21,23,1,0.2002,3.77078384893375,0.239284640448423,"N",-0.785467671586167,-0.571723606652568,0.237007709767395,1
"10085m",2002-08-23 08:02:21,23,4,0.5887,3.30355920817487,0.164060949687467,"N",-0.973659970918997,-0.159093969363602,0.163325962241622,1
"10085n",2002-08-23 08:02:21,23,1,0.7056,3.18644761536605,0.430223660616602,"N",-0.907958331647871,-0.0407537716832533,0.417074091840771,1
"10088",2002-08-23 08:02:21,23,22,0.5713,4.28059452344129,-0.380132711084365,"S",-0.388626688250236,-0.843383579561031,-0.371043710237051,1
"10089",2002-08-24 09:50:20,23,7,0.9428,2.51711384722622,-0.279776279094691,"S",-0.779723621646684,0.561940765917553,-0.276140633457252,1
"10090",2002-08-25 06:02:42,23,6,0.951,2.25217286677348,-0.0579449311662117,"S",-0.628805665322599,0.77540284780753,-0.0579125104806944,1
"10090a",2002-08-27 14:19:50,23,8,0.6622,2.22791279017076,0.108734012399247,"N",-0.607228905888813,0.787080994641658,0.108519877105416,1
"10090b",2002-08-27 14:19:50,23,5,0.7859,2.13366501056307,-0.264940980452739,"S",-0.514995615263194,0.816218650154783,-0.261852308370936,1
"10092",2002-08-27 14:19:50,23,8,0.4473,2.79758825802171,-0.311366738555788,"S",-0.896144616328328,0.32104269573797,-0.306359942125356,1
"10085b",2002-08-28 14:50:41,23,2,0.4816,2.96356906988637,-0.313461133658182,"S",-0.936237743153506,0.168455758470437,-0.308352956420042,1
"10090d",2002-08-29 13:23:31,23,2,0.7298,2.01812421408104,-0.546637121724624,"S",-0.369524441585731,0.770221797524257,-0.519817342620709,1
"10094",2002-08-29 13:23:31,23,24,0.9634,1.2632693125935,-0.302814625221016,"S",0.288929911138991,0.909720576311531,-0.298207946716098,1
"10095",2002-08-29 13:23:31,23,313,0.9764,1.1388273369263,0.121998514714404,"N",0.415548009992663,0.90139331498935,0.121696109566609,1
"10085a",2002-08-30 11:31:41,23,5,0.7385,3.06549629820284,-0.167551608191456,"S",-0.983142632802154,0.0749583129852189,-0.166768746716102,1
"10096",2002-08-30 11:31:41,23,94,0.995,0.858178393205612,-0.245393292830403,"S",0.634229734839783,0.733984906182006,-0.242937854073939,1
"10097",2002-08-31 06:58:09,23,7,0.7036,1.31754905233052,0.222180413778878,"N",0.244390304472879,0.94430725295701,0.22035696288622,1
"10098",2002-09-01 12:53:18,23,44,0.9495,0.595331807855266,-0.158999494856683,"S",0.817518709016968,0.553709892006536,-0.158330401064798,1
"10099",2002-09-01 12:53:18,23,77,0.5483,1.26641090524709,-0.0614355896702004,"S",0.29914148599208,0.952231477014827,-0.0613969505807155,1
"10100",2002-09-01 12:53:18,23,352,0.9799,0.498291501444381,-0.334056018831715,"S",0.829842617029968,0.451505884974869,-0.327877517975713,1
"10102",2002-09-01 12:53:18,23,133,0.9738,0.463210383479295,0.0740019602845596,"N",0.892174149830027,0.445599579821675,0.073934436075585,1
"10090f",2002-09-02 09:36:44,23,7,0.2811,1.4765485471872,-0.107163216072452,"S",0.0935684624386188,0.989850938832566,-0.106958224224041,1
"10087a",2002-09-03 11:41:40,23,13,0.8648,2.40471464339779,0.462512251778497,"N",-0.662761608580728,0.601377220858514,0.446197813109809,1
"10090m",2002-09-03 11:41:40,23,7,0.2399,1.53728600515661,-0.0427605666738611,"S",0.0334734244585622,0.998525001164453,-0.0427475368243222,1
"10103",2002-09-03 11:41:40,23,92,0.9778,6.26101962567926,0.275238423039506,"N",0.96212402467829,-0.0213296280153078,0.271776393576737,1
"10090e",2002-09-04 10:03:49,23,15,0.7678,1.96558980359601,-0.191462618943778,"S",-0.377589426888173,0.906208608053772,-0.190294990452998,1
"10095m",2002-09-04 10:03:49,23,0,0.4273,0.727976831006835,0.278729081543494,"N",0.717710709737625,0.63968165343095,0.275134002609202,1
"10102b",2002-09-07 07:36:57,23,6,0.2997,0.312064870256586,0.381179908635562,"N",0.883394521253359,0.284988161994878,0.372015950386981,1
"10104",2002-09-07 07:36:57,23,25,0.9206,5.58505360638185,0.182212373908208,"N",0.753362734398676,-0.632146392576637,0.181205763627137,1
"10105",2002-09-07 07:36:57,23,979,0.9988,5.26565835326689,-0.127059969545187,"S",0.521235685407933,-0.843952496520765,-0.126718364390055,1
"10106",2002-09-08 06:05:53,23,10,0.8566,5.53059933371963,0.486074196680421,"N",0.645379316006382,-0.604357975822212,0.467158405180956,1
"10107",2002-09-08 06:05:53,23,36,0.9777,5.1719341724348,0.202283660306143,"N",0.434496883974059,-0.877979985693541,0.200906949950475,1
"10114",2002-09-08 06:05:53,23,511,0.9976,5.0782099916027,-0.189019157990986,"S",0.351344819951385,-0.917197937200118,-0.187895613278166,1
"10100m",2002-09-09 11:34:06,23,3,0.6007,5.72904326967139,-0.230383461263251,"S",0.827884986266931,-0.512310774465568,-0.228350870110656,1
"10103b",2002-09-09 11:34:06,23,5,0.3482,5.94581316276908,0.290073721681458,"N",0.904205631888898,-0.317179908610177,0.286022867677462,1
"10108",2002-09-09 11:34:06,23,28,0.9661,5.04016181390922,-0.396189740202713,"S",0.296997514480333,-0.873423724712173,-0.385906042324319,1
"10110",2002-09-09 11:34:06,23,3,0.6344,5.59884170747261,0.354999969855647,"N",0.726520544203425,-0.592746873880175,0.347590336971037,1
"10109",2002-09-10 11:24:15,23,21,0.4805,5.61210620978777,-0.136659280431156,"S",0.77584950885792,-0.616033889395882,-0.136234308163202,1
"10102a",2002-09-11 09:54:25,23,1,0.6245,5.84248967105102,-0.54489179247263,"S",0.773475010621725,-0.364794497863601,-0.51832555625993,1
"10118",2002-09-11 09:54:25,23,1,0.9363,4.59353205832388,0.256563400043166,"N",-0.114695971105285,-0.960443512015314,0.253757944584806,1
"10103a",2002-09-12 07:56:56,23,5,0.5781,6.11214304048414,0.518711853692715,"N",0.85578587902367,-0.147819888683815,0.495761847839453,1
"10102m",2002-09-13 11:31:48,23,18,0.9245,0.248185819633594,0.127234502470387,"N",0.961523944812832,0.243660119256318,0.12689148842837,1
"10115",2002-09-13 11:31:48,23,9,0.9128,4.21130495213712,-0.0602138591938044,"S",-0.479505991295813,-0.875472829547635,-0.0601774794692935,1
"10116",2002-09-13 11:31:48,23,6,0.5503,4.77626803100768,0.294611577736643,"N",0.0610852585360109,-0.95496330210126,0.290368184947053,1
"10118m",2002-09-14 11:04:13,23,1,0.5749,4.50417120062177,0.193557014046171,"N",-0.202856331008588,-0.960130469690211,0.192350695715376,1
"10119",2002-09-14 11:04:13,23,1,0.9078,4.07464567170596,-0.358141562509236,"S",-0.557606667650563,-0.752462952283822,-0.350534320191259,1
"10115m",2002-09-15 11:11:33,23,18,0.7316,4.22701291540507,-0.376816585505576,"S",-0.433808840302912,-0.822443710892425,-0.367962270468781,1
"10117",2002-09-15 11:11:33,23,304,0.9809,3.53673519624131,-0.156556033903891,"S",-0.911654231677731,-0.380231982037893,-0.155917291214355,1
"10120",2002-09-16 08:59:14,23,2,0.9168,3.59607639080912,-0.319918851890561,"S",-0.85289936208333,-0.416724145087613,-0.314489530920899,1
"10121",2002-09-16 08:59:14,23,82,0.9681,3.40583550234173,-0.235444916094035,"S",-0.93865879040523,-0.253972727740375,-0.233275649734608,1
"10122",2002-09-16 08:59:14,23,115,0.9952,3.25521358789462,-0.303687289847013,"S",-0.948087465942237,-0.108188546020727,-0.299040792256087,1
"10123",2002-09-17 08:57:06,23,20,0.6888,3.79818551819006,-0.272794962086714,"S",-0.762786911099922,-0.587849288145937,-0.269424094469953,1
"10124",2002-09-18 14:08:18,23,27,0.7096,4.95097548913231,0.0354301838154849,"N",0.236181095299935,-0.971063189224803,0.0354227717080148,1
"10125",2002-09-18 14:08:18,23,25,0.9642,2.8920105705546,-0.13229595730117,"S",-0.960548128964304,0.244840647924676,-0.131910382711142,1
"10126",2002-09-20 15:38:00,23,193,0.9558,2.50908533266705,-0.400727596257898,"S",-0.742650990431864,0.54433495829971,-0.39008839970374,1
"10127",2002-09-20 15:38:00,23,257,0.5245,3.28244072422574,-0.245393292830403,"S",-0.960435818594988,-0.136177227970485,-0.242937854073939,1
"10128",2002-09-20 15:38:00,23,4,0.916,2.5240951642342,0.189193690916185,"N",-0.800781364254583,0.5686651010115,0.188067034735354,1
"10129",2002-09-21 13:56:11,23,5,0.9373,2.24885674119469,0.478045682121247,"N",-0.55696247100412,0.691485043298314,0.46004482475919,1
"10130",2002-09-21 13:56:11,23,4,0.9401,2.24972940582069,0.117809724509617,"N",-0.623610304684525,0.772848722642479,0.117537397457838,1
"10131",2002-09-21 13:56:11,23,2,0.8083,2.56458680288047,-0.0938987137572949,"S",-0.834407727858643,0.54311385342119,-0.0937607909083664,1
"10132",2002-09-22 09:35:33,23,124,0.2346,3.18784387876764,0.337197611485304,"N",-0.942676348086833,-0.0436310519802501,0.330843821252216,1
"10133",2002-09-22 09:35:33,23,11,0.7704,2.59966792084555,-0.445408025108953,"S",-0.773131833564689,0.465463222692361,-0.4308261322735,1
"10125m",2002-09-23 11:11:33,23,14,0.4408,2.80736210183288,-0.270002435283523,"S",-0.910438093515328,0.316157502656652,-0.266733783743424,1
"10132o",2002-09-24 15:59:33,23,2,0.2007,2.92569542511809,0.244869694054804,"N",-0.947646043857944,0.207833383348905,0.24242990806857,1
"10134",2002-09-24 15:59:33,23,33,0.9753,1.39957952717425,0.216595360172496,"N",0.16640048273316,0.96235460344028,0.214905785365291,1
"10138",2002-09-24 15:59:33,23,199,0.9944,1.28735485627102,0.154636171726698,"N",0.276324426472846,0.948642429560851,0.154020622552105,1
"10131m",2002-09-26 06:54:58,23,1,0.3016,2.47609860980436,-0.172787595947439,"S",-0.774898654600092,0.608253614519535,-0.17192910027941,1
"10135",2002-09-27 10:55:59,23,34,0.5706,1.9072958065794,-0.44628068973495,"S",-0.297846164177065,0.851467824823637,-0.431613491187558,1
"10137",2002-09-28 11:02:34,23,18,0.9669,0.640884901332318,-0.312588469032184,"S",0.76272364638149,0.568930953338549,-0.307522697672567,1
"10136",2002-09-29 07:21:27,23,6,0.6892,2.20208191724125,-0.459545192050107,"S",-0.528954117650749,0.723518721471556,-0.443540529264781,1
"10138m",2002-09-30 09:36:42,23,1,0.1604,1.37060706159115,-0.0212930168743308,"S",0.198809741790753,0.979806798567426,-0.0212914078948741,1
"10137a",2002-10-01 07:04:31,23,2,0.6048,0.662526984057048,-0.176627320301826,"S",0.776173744449002,0.605541232002896,-0.175710371840795,1
"10134c",2002-10-02 07:10:22,23,4,0.3749,0.955567765466895,-0.262322986574748,"S",0.557401154982845,0.788704391740213,-0.25932476718102,1
"10137b",2002-10-02 07:10:22,23,8,0.62,0.355349035706045,0.308574211752597,"N",0.893243503087189,0.331484615019423,0.303700500819394,1
"10139",2002-10-02 07:10:22,23,125,0.9838,5.88804276452807,0.190240888467382,"N",0.906290646971238,-0.377994942628749,0.189095442989891,1
"10137p",2002-10-03 09:32:17,23,2,0.2366,0.527962098728285,0.186052098262596,"N",0.848927584804411,0.495079934830161,0.184980577052598,1
"10143",2002-10-03 09:32:17,23,2,0.5678,0.296531439913837,-0.277332818141899,"S",0.919812564575464,0.281039388321104,-0.273791358996606,1
"10143b",2002-10-04 09:12:52,23,5,0.5702,6.23239622594655,0.329518162776529,"N",0.944978258099833,-0.0480358879691147,0.323587152380349,1
"10139b",2002-10-05 10:02:01,23,8,0.8004,5.91963322398917,-0.570897198327345,"S",0.7864211741052,-0.299204660281178,-0.540387183586938,1
"10140",2002-10-05 10:02:01,23,232,0.9614,5.30527732728716,-0.133866753627965,"S",0.553759651596001,-0.821910415374864,-0.133467289485455,1
"10141",2002-10-05 10:02:01,23,7,0.4932,6.11964795626772,-0.127409035395586,"S",0.978660134275786,-0.161489711190174,-0.12706460860135,1
"10142",2002-10-05 10:02:01,23,10,0.9466,5.32744300878749,0.10768681484805,"N",0.573660291021149,-0.812011192685311,0.107478804697994,1
"10139n",2002-10-07 09:28:35,23,1,0.6205,5.77686529117603,-0.466701041983284,"S",0.781010099399291,-0.433099179610304,-0.4499425799557,1
"10144",2002-10-07 09:28:35,23,22,0.7762,5.22621391217182,0.202632726156542,"N",0.481455592136128,-0.853052986981208,0.20124888621627,1
"10145",2002-10-08 10:04:18,23,141,0.9871,4.45896717299511,0.206646983436129,"N",-0.245383757804704,-0.947464106603811,0.205179380306805,1
"10146",2002-10-08 10:04:18,23,10,0.6938,5.15099022141086,-0.113097335529233,"S",0.421960412044651,-0.899562586516579,-0.112856384873482,1
"10147",2002-10-09 10:50:17,23,5,0.7425,4.82792977686671,-0.0568977336150151,"S",0.115097339049149,-0.991725134514867,-0.0568670389177694,1
"10148",2002-10-09 10:50:17,23,79,0.9833,4.31742097065837,-0.351509311351658,"S",-0.361251025488693,-0.866570668964119,-0.344315222252004,1
"10149",2002-10-09 10:50:17,23,248,0.9706,4.30171300739042,0.288502925354663,"N",-0.382729400181149,-0.878958524620848,0.284517342587971,1
"10150",2002-10-09 10:50:17,23,9,0.2733,5.64090414244567,-0.16615534478986,"S",0.789703641630117,-0.590773802966716,-0.165391874420648,1
"10151",2002-10-09 10:50:17,23,2,0.855,4.68167118554959,-0.250978346436785,"S",-0.0297507243694877,-0.968212937007344,-0.248351772715845,1
"10139m",2002-10-10 09:23:41,23,22,0.2854,5.57859588814948,0.355872634481644,"N",0.714140452930791,-0.607136691084783,0.348408455446227,1
"10140m",2002-10-10 09:23:41,23,6,0.5289,5.1412163775997,-0.369311669722,"S",0.387769461679367,-0.848134957838347,-0.360973597208217,1
"10151a",2002-10-10 09:23:41,23,5,0.8275,4.47223167531027,-0.0659734457253856,"S",-0.237337975272895,-0.969187546880435,-0.0659255979513778,1
"10154",2002-10-10 09:23:41,23,65,0.975,4.11897703470662,-0.221307749152881,"S",-0.545554873741774,-0.808818361991449,-0.21950566517078,1
"10156",2002-10-10 09:23:41,23,3,0.5298,4.87103940939097,0.176103721526228,"N",0.155542285365758,-0.972169401986277,0.175194895202002,1
"10157",2002-10-11 11:11:33,23,8,0.9253,3.98964813713384,0.282743338823081,"N",-0.635179319625583,-0.720216074987909,0.278991106039229,1
"10158",2002-10-12 09:35:33,23,159,0.989,3.56727845815121,-0.149225651045515,"S",-0.900634062119234,-0.408356209148059,-0.148672433896923,1
"10159",2002-10-13 15:59:00,23,231,0.969,3.38873127567219,-0.20943951023932,"S",-0.948427926432693,-0.239284761704297,-0.207911690817759,1
"10160",2002-10-13 15:59:00,23,36,0.9661,3.43812409350363,-0.386415896391545,"S",-0.885839595435145,-0.270659292599043,-0.376871010412163,1
"10161",2002-10-15 12:47:33,23,14,0.1007,4.14463337471093,0.0945968454580927,"N",-0.535336921808042,-0.839340501472498,0.0944558242618497,1
"10154m",2002-10-16 11:26:08,23,3,0.4816,3.89714568677814,-0.379958178159165,"S",-0.675979262565272,-0.636787918107253,-0.370881630624034,1
"10157a",2002-10-16 11:26:08,23,5,0.5865,3.62679418564422,-0.383274303737955,"S",-0.820400338195278,-0.432548029163268,-0.3739592057378,1
"10160c",2002-10-17 08:34:21,23,2,0.8272,2.93093141287408,-0.30176742766982,"S",-0.933704507730231,0.199657604075499,-0.297208232354151,1
"10162",2002-10-17 08:34:21,23,565,0.9891,2.37696390829108,0.430398193541802,"N",-0.655825671430362,0.62913396931286,0.417232713661765,1
"10161m",2002-10-19 06:30:24,23,6,0.4089,3.76258080144938,0.295833308213039,"N",-0.777973610068884,-0.556563747098274,0.291537060169571,1
"10161n",2002-10-19 06:30:24,23,3,0.5523,3.9690532519603,0.16615534478986,"N",-0.667427271745133,-0.726076004841417,0.165391874420648,1
"10168",2002-10-19 06:30:24,23,8,0.4228,3.12745548664864,0.455356401845321,"N",-0.898014600109556,0.0126962281491698,0.439782427776347,1
"10168a",2002-10-19 06:30:24,23,0,0.8116,2.49704256082829,-0.238761041672824,"S",-0.776693423116685,0.583794099742417,-0.236498997023725,1
"10164",2002-10-20 08:37:44,23,3,0.8701,2.07484741477086,0.189891822616983,"N",-0.474295087414802,0.859893366749773,0.188752663223395,1
"10165",2002-10-20 08:37:44,23,311,0.9746,1.77447625050263,0.356745299107641,"N",-0.189539020962216,0.91766875555346,0.349226308593222,1
"10159m",2002-10-21 13:56:11,23,1,0.6664,3.12937534882583,-0.583812634792103,"S",-0.834304891264246,0.0101934642951274,-0.55120907258337,1
"10149m",2002-10-22 08:44:46,23,14,0.9839,4.0639991632688,0.0687659725285766,"N",-0.60247648611723,-0.79517342367595,0.0687117890561988,1
"10162a",2002-10-23 11:48:37,23,7,0.292,2.17904357111492,-0.0884881930761125,"S",-0.569194203555442,0.817440037028393,-0.0883727588225389,1
"10167",2002-10-23 11:48:37,23,102,0.9905,0.962898148325272,0.306479816650204,"N",0.544529031309867,0.782599904487841,0.301704364496703,1
"10168m",2002-10-23 11:48:37,23,8,0.8048,3.30931879470645,0.467224640758882,"N",-0.880292731528513,-0.149048410795063,0.45041012206381,1
"10162m",2002-10-24 11:11:33,23,3,0.2383,2.42548406149652,0.0417133691226645,"N",-0.753709759901296,0.655883070095463,0.0417012732621116,1
"10165n",2002-10-24 11:11:33,23,3,0.6275,1.60221225333079,-0.252898208613978,"S",-0.0304116244569723,0.967713581213271,-0.250211026602094,1
"10168w",2002-10-24 11:11:33,23,10,0.469,2.53980312750215,-0.250978346436785,"S",-0.798497712070221,0.548381984393652,-0.248351772715845,1
"10169",2002-10-24 11:11:33,23,218,0.9883,0.815941425307349,-0.330216294477327,"S",0.648164083154744,0.689018712600396,-0.324247644547594,1
"10170",2002-10-25 08:15:11,23,25,0.9698,0.694466509368544,-0.219387886975687,"S",0.749977449757738,0.624635926359852,-0.217632222695651,1
"10171",2002-10-25 08:15:11,23,142,0.9959,0.496895238042786,0.174707458124632,"N",0.865685176148374,0.469441970631472,0.173820056399137,1
"10165a",2002-10-26 07:22:44,23,4,0.4745,1.27618474905825,0.173834793498635,"N",0.285991971206247,0.942493087417935,0.172960609894204,1
"10172",2002-10-26 07:22:44,23,37,0.9827,0.420449816805434,-0.286757596102668,"S",0.875627858678468,0.391503878274689,-0.282843713739653,1
"10165b",2002-10-27 11:53:00,23,3,0.4223,1.06273098153935,0.171740398396242,"N",0.479331069062818,0.860834365124099,0.170897402123277,1
"10173",2002-10-28 13:33:53,23,24,0.9119,2.3397883952236,-0.295833308213039,"S",-0.665202290399076,0.687395123197355,-0.291537060169571,1
"10174",2002-10-29 11:37:58,23,107,0.9327,6.20848521519423,-0.455356401845321,"S",0.89559975322394,-0.067026101217062,-0.439782427776347,1
"10175",2002-10-29 11:37:58,23,44,0.9152,6.1556017388588,0.259530459771557,"N",0.958655025392564,-0.122976607455163,0.256626764598709,1
"10176",2002-10-29 11:37:58,23,184,0.9909,5.87408013051212,0.177499984927823,"N",0.903061918054826,-0.391538531702508,0.176569392453455,1
"10177",2002-10-30 11:28:19,23,147,0.9588,5.79920550560156,0.278729081543494,"N",0.850988530646049,-0.447347517392372,0.275134002609202,1
"10178",2002-10-31 08:09:02,23,36,0.1422,0.734434549239214,0.0188495559215388,"N",0.742077966997737,0.670048526016437,0.0188484397154082,1
"10165c",2002-11-01 08:49:39,23,15,0.96,1.6613789149734,0.18151424220741,"N",-0.088972659753137,0.979539026284537,0.18051914525056,1
"10169m",2002-11-01 08:49:39,23,3,0.7289,0.828856861772107,-0.612785100375209,"S",0.55277138608876,0.603032776767628,-0.575148037348156,1
"10175m",2002-11-01 08:49:39,23,14,0.5675,6.07234953353867,0.260403124397554,"N",0.944889157278356,-0.20222172183877,0.257470106370354,1
"10179",2002-11-01 08:49:39,23,51,0.9766,5.30196120170837,0.0364773813666815,"N",0.555635644041652,-0.830625680905204,0.0364692924415251,1
"10180",2002-11-01 08:49:39,23,295,0.9805,5.29881960905478,-0.181863308057809,"S",0.544265235965173,-0.819185034963631,-0.18086246545762,1
"10181",2002-11-02 11:11:33,23,9,0.7259,5.60879008420898,-0.0860447321233204,"S",0.778195058470211,-0.622114948052267,-0.085938596581922,1
"10182",2002-11-02 11:11:33,23,221,0.9728,5.10142287065423,-0.295833308213039,"S",0.362817936885069,-0.885081514450588,-0.291537060169571,1
"10183",2002-11-02 11:11:33,23,5,0.2269,0.153588974175501,0.29845130209103,"N",0.944541784012075,0.146222793683364,0.294040325232304,1
"10184",2002-11-02 11:11:33,23,9,0.9474,5.1708869748836,-0.0829031394697307,"S",0.441081616373791,-0.893638522259252,-0.0828082075122043,1
"10185",2002-11-03 13:51:15,23,519,0.99,4.7390925179402,-0.212057504117311,"S",0.0261022742306956,-0.977251405523527,-0.210471759821306,1
"10177m",2002-11-04 11:11:33,23,3,0.4512,5.55520847617275,0.34173546754049,"N",0.703354047162369,-0.626885838168214,0.335122709234173,1
"10172n",2002-11-05 09:35:33,23,5,0.7975,0.295658775287839,-0.308923277602996,"S",0.911325883016419,0.277577075437835,-0.30403306092549,1
"10174n",2002-11-05 09:35:33,23,2,0.4244,6.04337706795557,-0.236317580720032,"S",0.944385592534301,-0.230914996016657,-0.234124149177877,1
"10179m",2002-11-05 09:35:33,23,13,0.4156,5.33320259531907,0.244869694054804,"N",0.564344499446667,-0.789140688102036,0.24242990806857,1
"10180m",2002-11-05 09:35:33,23,8,0.4868,5.46200789411625,-0.365646478292812,"S",0.636317084588263,-0.683561512211352,-0.357553110578587,1
"10180n",2002-11-05 09:35:33,23,8,0.2328,5.80793215186153,-0.15079644737231,"S",0.87908630885814,-0.452371013606634,-0.150225589120757,1
"10181m",2002-11-05 09:35:33,23,15,0.127,5.60669568910658,0.0314159265358979,"N",0.779390454957762,-0.625750655560878,0.0314107590781283,1
"10182m",2002-11-05 09:35:33,23,4,0.7014,5.11189484616619,-0.42167154728183,"S",0.354892356214001,-0.840557112646491,-0.409286154029511,1
"10189",2002-11-05 09:35:33,23,13,0.9729,4.38636147611215,0.216769893097696,"N",-0.312786848810056,-0.925152203414138,0.215076237017113,1
"10188",2002-11-06 11:11:33,23,11,0.4796,4.99879751063696,0.199840199353351,"N",0.276886480971261,-0.940173696419024,0.198512712986195,1
"10190",2002-11-07 11:11:33,23,20,0.9028,4.20065844369995,-0.386939495167143,"S",-0.45348344908936,-0.807437457728562,-0.377355950342452,1
"10185n",2002-11-08 11:47:33,23,6,0.3439,4.67486440146681,-0.00907571211037051,"S",-0.0375142281326643,-0.999254880597939,-0.00907558751867538,1
"10191",2002-11-08 11:47:33,23,101,0.9914,3.59921798346271,-0.277332818141899,"S",-0.862825050302206,-0.424936729772547,-0.273791358996606,1
"10196",2002-11-10 09:03:09,23,1,0.4536,4.28809943922487,-0.31084313978019,"S",-0.391944395152313,-0.867656814207663,-0.30586147823434,1
"10189m",2002-11-11 08:38:44,23,2,0.2977,4.63175476894255,0.177674517853023,"N",-0.0792788408489962,-0.981059335882831,0.176741180461086,1
"10192",2002-11-11 08:38:44,23,18,0.3372,4.06103210354041,0.240506370924819,"N",-0.588816174468,-0.772372264604712,0.238194453239908,1
"10193",2002-11-12 08:02:30,23,5,0.5227,3.58734974454915,-0.0265290046303138,"S",-0.901967021051812,-0.43098940815134,-0.026525892940246,1
"10194",2002-11-13 15:52:00,23,7,0.7636,3.02203759982818,-0.295833308213039,"S",-0.949731423912131,0.114089285130201,-0.291537060169571,1
"10195",2002-11-13 15:52:00,23,247,0.9897,2.42077167251613,-0.253247274464377,"S",-0.727301757166395,0.638950205971064,-0.250548973879778,1
"10197",2002-11-14 11:40:31,23,451,0.9795,2.26910256051783,0.428478331364608,"N",-0.584800594788692,0.696691230886009,0.415487175664099,1
"10195a",2002-11-15 09:18:38,23,41,0.9245,2.29388623589615,-0.328296432300133,"S",-0.626364877774211,0.709722020946145,-0.322430911785791,1
"10198",2002-11-15 09:18:38,23,208,0.9976,1.95023090617846,-0.318697121414165,"S",-0.351743865368479,0.882100245345466,-0.313329555479706,1
"10192m",2002-11-16 09:33:20,23,3,0.4221,3.58874600795074,0.239459173373622,"N",-0.875953411509092,-0.420062573005493,0.237177266249503,1
"10194a",2002-11-16 09:33:20,23,2,0.3829,2.83616003449079,-0.110304808726042,"S",-0.947920822195852,0.298878287191523,-0.110081262224782,1
"10201",2002-11-16 09:33:20,23,1,0.93,2.032086848097,-0.261101256098352,"S",-0.430017877954476,0.865127718997905,-0.258144638644718,1
"10199",2002-11-19 12:04:14,23,4,0.7408,1.68616259035172,0.337895743186102,"N",-0.108601522117977,0.937182887094083,0.331502557353119,1
"10200",2002-11-20 12:27:17,23,63,0.972,0.918741318249815,-0.0186750229963393,"S",0.606715272405562,0.794699856730666,-0.0186739375093752,1
"10191m",2002-11-21 11:26:15,23,8,0.906,3.15189009617656,0.236492113645232,"N",-0.972114288185351,-0.0100106449068637,0.234293827691719,1
"10195m",2002-11-21 11:26:15,23,1,0.5247,1.51372406025468,0.251851011062782,"N",0.0552417964373151,0.96687599934846,0.249197002009042,1
"10202",2002-11-24 13:02:12,23,21,0.9601,0.0373500459926787,0.234397718542838,"N",0.971976041758176,0.036320240660289,0.232257215962145,1
"10200a",2002-11-25 09:37:31,23,1,0.6086,0.504051087975962,0.251676478137582,"N",0.848047480153748,0.467761200730917,0.249027971311756,1
"10203",2002-11-26 10:03:16,23,28,0.971,5.84615486248021,0.168773338667852,"N",0.893139493709203,-0.417237143949355,0.167973243362908,1
"10205",2002-11-26 10:03:16,23,81,0.9922,5.72921780259659,0.329867228626928,"N",0.804592667706445,-0.497702868447502,0.323917418198149,1
"10206",2002-11-26 10:03:16,23,1,0.938,6.01754619502605,-0.459719724975306,"S",0.864743408764474,-0.235269749399501,-0.443696948395968,1
"10200b",2002-11-27 11:11:32,23,5,0.2141,0.487644993007216,-0.11397000015523,"S",0.877707381960364,0.465506963256989,-0.113723431233586,1
"10207",2002-11-27 11:11:32,23,483,0.9778,5.59465291726782,-0.325678438422142,"S",0.731588896588434,-0.602003851863483,-0.319951634985738,1
"10208",2002-11-29 10:00:15,23,186,0.9876,5.06110576493316,0.164410015537866,"N",0.337084420564351,-0.927138671496602,0.163670330934813,1
"10209",2002-11-29 10:00:15,23,54,0.9872,5.08693663786267,-0.337197611485304,"S",0.345248842807601,-0.878262832231471,-0.330843821252216,1
"10202m",2002-11-30 09:35:32,23,13,0.4465,0.0106465084371654,0.478220215046446,"N",0.88776506949954,0.00945195542587451,0.460199784783852,1
"10210",2002-11-30 09:35:32,23,78,0.9282,1.15593156359584,-0.156730566829091,"S",0.398125741449908,0.903953485269213,-0.156089687246161,1
"10205a",2002-12-01 11:07:58,23,7,0.3572,5.68366470911953,-0.139975406009945,"S",0.817531309630508,-0.558728085061037,-0.139518761239674,1
"10207m",2002-12-01 11:07:58,23,1,0.5535,5.80077630192835,-0.533023553559068,"S",0.762985894543241,-0.399557879431292,-0.508139769859061,1
"10216a",2002-12-01 11:07:58,23,3,0.893,4.9230502211004,-0.172962128872638,"S",0.205986552524704,-0.963302016543274,-0.172101031672242,1
"10212",2002-12-02 09:35:32,23,262,0.9925,4.35634181297785,0.214326432144904,"N",-0.340596675844973,-0.915836861857057,0.212689320059031,1
"10203m",2002-12-03 13:25:32,23,5,0.263,5.75190708287251,-0.137706477982353,"S",0.853998486951171,-0.501839689149775,-0.137271667430567,1
"10203n",2002-12-03 13:25:32,23,5,0.2867,5.80653588845993,0.108908545324446,"N",0.883272874771426,-0.456086371591493,0.108693377634185,1
"10207n",2002-12-05 10:44:32,23,10,0.3497,5.42011999206839,-0.1539380400259,"S",0.642423760682194,-0.750853769031998,-0.153330783736961,1
"10214",2002-12-05 10:44:32,23,59,0.3959,5.45153591860429,0.211533905341713,"N",0.658641881150589,-0.722570224421614,0.209959860863242,1
"10215",2002-12-05 10:44:32,23,136,0.9831,3.72959407858668,-0.317300858012569,"S",-0.79051581269519,-0.527009196062483,-0.312003296688415,1
"10219",2002-12-06 15:57:00,23,7,0.4046,4.42388605503003,-0.135263017029561,"S",-0.281918531985562,-0.949914295043199,-0.134850930273723,1
"10216",2002-12-07 15:09:32,23,10,0.5307,4.96947597920345,-0.423591409459024,"S",0.231792134110859,-0.88165804884298,-0.411037092577693,1
"10217",2002-12-07 15:09:32,23,27,0.9628,3.31176225565924,0.229161730786855,"N",-0.959790824130265,-0.164922226768765,0.227161248968612,1
"10218",2002-12-07 15:09:32,23,45,0.9987,3.08626571630157,-0.330739893252925,"S",-0.944355113013231,0.0523016533497025,-0.324742909980579,1
"10211",2002-12-08 10:51:27,23,8,0.9378,5.61280434148856,-0.14765485471872,"S",0.775058699179856,-0.614524237605844,-0.147118911838637,1
"10220",2002-12-08 10:51:27,23,9,0.9186,3.25311919279223,-0.197920337176157,"S",-0.974386267913293,-0.109122732906862,-0.19663069461542,1
"10221",2002-12-08 10:51:27,23,73,0.9883,3.00563150485943,0.397760536529508,"N",-0.913422744912339,0.124960941996873,0.38735468507824,1
"10205m",2002-12-09 09:54:05,23,141,0.983,5.55712833834995,0.310494073929791,"N",0.712040428896903,-0.632179075099854,0.30552912237986,1
"10216m",2002-12-10 09:44:33,23,5,0.5556,4.47258074116067,-0.296705972839036,"S",-0.227138022328836,-0.928938698241206,-0.292371704722737,1
"10220m",2002-12-10 09:44:33,23,1,0.7908,3.04909020323409,0.0633554518473942,"N",-0.993726990243551,0.0921852656840343,0.0633130764712669,1
"10222",2002-12-10 09:44:33,23,24,0.3347,3.63395003557739,-0.11693705988362,"S",-0.875202796184904,-0.469476308938825,-0.116670737099333,1
"10222b",2002-12-12 08:00:54,23,1,0.194,3.33514966763596,-0.0904080552533063,"S",-0.977318489215262,-0.191565130603998,-0.0902849454486854,1
"10223",2002-12-12 08:00:54,23,188,0.9867,2.12877808865748,0.413992098573055,"N",-0.484746275027749,0.776660804262679,0.402267378703233,1
"10224",2002-12-12 08:00:54,23,136,0.9809,2.14396245314983,-0.262322986574748,"S",-0.523743091480369,0.811445524513566,-0.25932476718102,1
"10225",2002-12-13 10:07:25,23,108,0.9565,2.01009569952187,0.309970475154193,"N",-0.405036504039174,0.861917520990862,0.305030518808678,1
"10226",2002-12-13 10:07:25,23,11,0.8931,2.22162960486358,-0.487819525932415,"S",-0.535181413505125,0.702780443609722,-0.468700866991282,1
"10229",2002-12-13 10:07:25,23,70,0.9901,1.84655834861,0.290422787531856,"N",-0.26087793795719,0.92192308750116,0.286357333098931,1
"10227",2002-12-14 08:40:44,23,26,0.4849,2.5562092224709,0.111526539202438,"N",-0.828322056097605,0.549086410628462,0.111295485287537,1
"10228",2002-12-14 08:40:44,23,13,0.9617,1.76156081403788,-0.242600766027212,"S",-0.184057134106044,0.953107265207968,-0.240228042477264,1
"10218m",2002-12-15 09:52:21,23,1,0.3994,2.47190981959957,-0.259879525621956,"S",-0.757691977240626,0.599893579056663,-0.256964124795229,1
"10218n",2002-12-15 09:52:21,23,1,0.2976,2.51833557770262,-0.11065387457644,"S",-0.807015672130641,0.580113193775437,-0.110428199945451,1
"10224m",2002-12-16 09:55:26,23,6,0.4443,2.11586265219273,-0.0352556508902855,"S",-0.518152617435481,0.854561536124621,-0.0352483477781319,1
"10230",2002-12-17 10:26:11,23,57,0.9122,1.19555053761612,-0.148702052269917,"S",0.362456595378431,0.920149673127102,-0.148154633780938,1
"10226m",2002-12-19 08:33:30,23,2,0.5935,2.48866498041871,-0.271398698685118,"S",-0.765234425789887,0.585277554572347,-0.268079200423748,1
"10231",2002-12-19 08:33:30,23,3,0.5404,1.4782938764392,-0.423940475309423,"S",0.084193489095933,0.907578254470388,-0.411355282458287,1
"10228m",2002-12-21 11:11:32,23,3,0.2776,1.49679436651034,-0.297578637465033,"S",0.0706849621161492,0.953432642320309,-0.29320612662213,1
"10229m",2002-12-21 11:11:32,23,26,0.2597,1.42139614282418,0.233175988066442,"N",0.1448168962321,0.962099429663269,0.231068721395418,1
"10229r",2002-12-21 11:11:32,23,4,0.4205,1.24302349327036,0.368089939245604,"N",0.300370836341879,0.883344142228524,0.359833971528305,1
"10229t",2002-12-21 11:11:32,23,2,0.1848,1.53554067590461,0.11065387457644,"N",0.035032772557335,0.993266488664424,0.110428199945451,1
"10233",2002-12-22 11:11:32,23,7,0.8355,0.215722695546499,0.210661240715716,"N",0.955227212936354,0.20932131962243,0.209106568087589,1
"10230m",2002-12-23 11:11:32,23,4,0.4097,0.977558914042024,-0.453436539668127,"S",0.502554709458972,0.745348572326025,-0.438057381780247,1
"10230p",2002-12-23 11:11:32,23,11,0.3881,0.674569755895808,-0.319046187264563,"S",0.741563815290914,0.593042889976746,-0.313661024832878,1
"10235",2002-12-23 11:11:32,23,9,0.8875,6.17392769600474,0.229336263712055,"N",0.968010937530886,-0.106185419023487,0.227331215646646,1
"10236m",2002-12-23 11:11:32,23,3,0.365,0.681202007053387,0.220086018676485,"N",0.758078503211145,0.614537361871363,0.218313567680379,1
"10230b",2002-12-24 13:18:34,23,0,0.4343,0.303338223996614,0.166504410640259,"N",0.941146198733477,0.294576594792303,0.16573612282812,1
"10234",2002-12-24 13:18:34,23,94,0.9752,5.66813127877678,0.326027504272541,"N",0.773718034402307,-0.546607382732902,0.320282332298423,1
"10235m",2002-12-25 13:18:25,23,7,0.9063,5.65015438748124,0.239284640448423,"N",0.783266625666456,-0.574735363996247,0.237007709767395,1
"10239a",2002-12-26 11:11:32,23,5,0.4693,6.11336477096054,-0.27087509990952,"S",0.949676738390662,-0.162843041848572,-0.267574730273953,1
"10234m",2002-12-27 11:11:32,23,5,0.5904,5.71420797102943,0.13857914260835,"N",0.834376031208013,-0.533605733596172,0.138136018542801,1
"10236",2002-12-27 11:11:32,23,15,0.4729,0.408756110817072,0.279776279094691,"N",0.881936499408906,0.382013562016053,0.276140633457252,1
"10239",2002-12-28 16:18:00,23,4,0.8147,5.08955463174066,-0.156032435128293,"S",0.363812734222707,-0.918417721528929,-0.155400074642869,1
"10233a",2002-12-29 08:15:32,23,4,0.3342,6.22332051383618,-0.0649262481741891,"S",0.996105444137791,-0.0597029846631286,-0.0648806425782695,1
"10234n",2002-12-30 11:11:32,23,13,0.438,5.21888352931344,0.147480321793521,"N",0.479848713656506,-0.864957804769111,0.146946275799002,1
"10234u",2002-12-30 11:11:32,23,3,0.2226,5.47108360622662,-0.209090444388921,"S",0.67299066758522,-0.709928275752157,-0.207570240233923,1
"10239m",2002-12-30 11:11:32,23,12,0.5079,5.1707124419584,-0.333532420056116,"S",0.418062852236022,-0.84737473505256,-0.327382818692256,1
"10239n",2002-12-30 11:11:32,23,3,0.3967,5.51122617902249,-0.438601241026175,"S",0.648721983801604,-0.631515787408798,-0.424673519289768,1
"10239u",2002-12-30 11:11:32,23,2,0.2074,5.82905063581066,-0.102450827092067,"S",0.893928949739903,-0.436384615561224,-0.102271697543339,1
"10239o",2002-12-31 13:12:32,23,4,0.317,5.53653345317641,-0.331961623729321,"S",0.693895968744986,-0.642104943889327,-0.325898182861368,1
"10240",2002-12-31 13:12:32,23,25,0.4334,4.93963084899435,-0.143640597439133,"S",0.222970979764373,-0.964257658946773,-0.143147159753186,1
"10240m",2002-12-31 13:12:32,23,8,0.4194,4.98361314614461,-0.233525053916841,"S",0.260639065622548,-0.937292624465795,-0.231408326542989,1
"10243",2003-01-01 12:10:51,23,4,0.2943,5.14697596413128,-0.348716784548467,"S",0.395694489238117,-0.85245080479243,-0.341692107891483,1
"10241",2003-01-02 10:12:05,23,1,0.6095,5.49377288650255,-0.441219234904167,"S",0.636816531996831,-0.641949856855449,-0.427042253013443,1
"10245m",2003-01-02 10:12:05,23,1,0.7426,4.17692196587283,0.290422787531856,"N",-0.488875251774436,-0.824014845729705,0.286357333098931,1
"10239b",2003-01-03 09:10:57,23,5,0.7583,3.94968009726317,0.334056018831715,"N",-0.652690597694442,-0.683001696108698,0.327877517975713,1
"10242",2003-01-03 09:10:57,23,158,0.7965,3.80638856567443,-0.137881010907552,"S",-0.779573245344997,-0.611043821592946,-0.137444546037147,1
"10244",2003-01-03 09:10:57,23,51,0.8967,3.63412456850259,-0.392524548773525,"S",-0.814124616125017,-0.436895744869765,-0.382522179139965,1
"10245",2003-01-03 09:10:57,23,70,0.9874,3.33567326641156,0.209614043164519,"N",-0.9597476513534,-0.188642937265317,0.208082406612249,1
"10242m",2003-01-04 13:21:34,23,14,0.4007,4.42912204278601,0.352207443052456,"N",-0.262336724799567,-0.901207379189009,0.344970582103335,1
"10249",2003-01-04 13:21:34,23,1,0.8975,3.34684337362433,-0.25237460983838,"S",-0.947997037679681,-0.197356288716752,-0.249704048534459,1
"10246",2003-01-06 10:04:46,23,19,0.3596,3.72959407858668,0.150447381521911,"N",-0.82265220301862,-0.548433401570731,0.149880475413474,1
"10247",2003-01-06 10:04:46,23,6,0.9799,2.65255139718098,-0.29845130209103,"S",-0.843758458271773,0.449012194970384,-0.294040325232304,1
"10248",2003-01-07 11:11:32,23,6,0.5821,4.39665891869892,-0.200712863979348,"S",-0.304276938028452,-0.931486968083961,-0.199367934417197,1
"10250",2003-01-07 11:11:32,23,225,0.9931,2.32111337222726,-0.449596815313739,"S",-0.614108030674867,0.658780718546346,-0.43460245228507,1
"10255",2003-01-07 11:11:32,23,317,0.9969,2.28742851766377,-0.227940000310459,"S",-0.639858918221163,0.734518578001266,-0.22597128875997,1
"10251",2003-01-08 12:05:54,23,126,0.9837,2.15216550063421,-0.233699586842041,"S",-0.534240254800581,0.812993803888713,-0.23157811854571,1
"10252",2003-01-09 10:13:32,23,6,0.916,2.18131249914251,-0.0457276264022514,"S",-0.572691188129875,0.818495720370472,-0.0457116918699685,1
"10253m",2003-01-09 10:13:32,23,6,0.4836,3.69765455327519,0.285884931476671,"N",-0.814867772862131,-0.506421567372279,0.282006575900129,1
"10253",2003-01-10 13:25:32,23,27,0.5704,3.62696871856942,0.183957703160202,"N",-0.869575793141588,-0.458669282021634,0.182921922447632,1
"10254",2003-01-10 13:25:32,23,117,0.9689,1.75021617389991,-0.254818070791172,"S",-0.172696182052411,0.952174914256527,-0.252069358243114,1
"10256",2003-01-11 09:37:13,23,125,0.9672,1.56364047686172,-0.284488668075076,"S",0.00686816401867659,0.959780718094809,-0.280666708920788,1
"10245a",2003-01-13 08:19:18,23,7,0.5105,2.90318067776737,-0.355349035706045,"S",-0.911006488221624,0.221405760501417,-0.347917616160627,1
"10257",2003-01-13 08:19:18,23,8,0.5851,1.91829138086697,0.277332818141899,"N",-0.327531180008996,0.90430172943587,0.273791358996606,1
"10258",2003-01-13 08:19:18,23,2,0.9767,1.09763756657923,0.115889862332423,"N",0.452643562942191,0.8841625206508,0.115630627445422,1
"10259",2003-01-14 10:21:13,23,52,0.9797,0.844215759189657,0.208392312688123,"N",0.649945014861172,0.731279110852552,0.206887263232446,1
"10256m",2003-01-15 11:55:48,23,1,0.6287,1.64427468830386,-0.700226095900125,"S",-0.0561380993872746,0.762633116526261,-0.644390598453009,1
"10260",2003-01-15 11:55:48,23,55,0.9972,0.47385689191646,0.248534885483993,"N",0.862474346874256,0.44230058835257,0.245984126574858,1
"10256b",2003-01-18 16:28:00,23,11,0.2624,1.42837745983216,-0.237190245346029,"S",0.137963931044803,0.962161053005074,-0.234972470325421,1
"10261",2003-01-18 16:28:00,23,9,0.6239,1.66661490272939,0.416959158301445,"N",-0.0874752878883946,0.910130563710023,0.404982013192831,1
"10256a",2003-01-19 08:36:10,23,0,0.4113,1.292590844027,-0.440870169053768,"S",0.248370585618957,0.869607077402874,-0.426726590605891,1
"10262",2003-01-19 08:36:10,23,37,0.6039,1.70239415239527,-0.0870919296745171,"S",-0.130720988163955,0.987596160930353,-0.0869818726463569,1
"10263",2003-01-19 08:36:10,23,7,0.1594,1.10461888358721,-0.237713844121628,"S",0.436835168073132,0.868172538694826,-0.235481377163245,1
"10259a",2003-01-20 08:53:08,23,5,0.2639,0.726755100530439,-0.336848545634906,"S",0.705334918216584,0.62710676073043,-0.330514392713223,1
"10260a",2003-01-20 08:53:08,23,1,0.3706,0.448375084837343,-0.0251327412287183,"S",0.900868101707506,0.43336490585755,-0.0251300954433375,1
"10266",2003-01-20 08:53:08,23,14,0.8963,5.99956930373051,-0.39077921952153,"S",0.887674123693361,-0.258733412310988,-0.380909006823332,1
"10267",2003-01-21 08:46:20,23,90,0.9599,5.57929401985027,-0.315730061685774,"S",0.724647570918874,-0.615198431064787,-0.310510528608612,1
"10268",2003-01-21 08:46:20,23,8,0.639,0.00331612557878923,0.283965069299477,"N",0.959946839003045,0.00318331593574937,0.280164117594875,1
"10269",2003-01-22 11:11:32,23,200,0.9473,5.37264703641414,-0.117286125734019,"S",0.609107096784257,-0.784407719205724,-0.117017411941677,1
"10273",2003-01-25 10:10:04,23,7,0.3195,5.68872616395032,0.104370689269261,"N",0.823943366251402,-0.557013092537477,0.104181303275318,1
"10271",2003-01-26 08:31:33,23,8,0.2306,5.96187019188743,-0.0970403064108847,"S",0.944356972349151,-0.314328823779309,-0.0968880762377992,1
"10272",2003-01-26 08:31:33,23,24,0.5551,5.1412163775997,-0.0863937979737193,"S",0.414253865470436,-0.906062027689158,-0.0862863657979234,1
"10270",2003-01-27 12:47:32,23,28,0.698,6.22908010036776,-0.0914552528045029,"S",0.994363668205699,-0.0538528112684977,-0.0913278165236978,1
"10272m",2003-01-27 12:47:32,23,4,0.4706,5.00141550451495,-0.289724655831059,"S",0.273140393382381,-0.918573068532057,-0.285688367404974,1
"10275b",2003-01-27 12:47:32,23,10,0.7704,4.58899420226869,-0.321489648217356,"S",-0.116775871077361,-0.941551849436326,-0.315980237921865,1
"10274",2003-01-28 09:14:32,23,110,0.9785,3.89225876487255,-0.114319066005629,"S",-0.726461663221581,-0.677673546413654,-0.114070225565106,1
"10275",2003-01-29 11:40:14,23,4,0.1019,5.06459642343714,-0.18762289458939,"S",0.338916485591022,-0.922141203821651,-0.186524036008735,1
"10275m",2003-01-31 16:39:00,23,3,0.2683,4.5233698223937,0.165282680163863,"N",-0.185334950263639,-0.968803618824301,0.16453116532655,1
"10276",2003-02-01 11:11:32,23,345,0.9911,2.86652876347549,-0.232826922216044,"S",-0.936440187451949,0.264279895627369,-0.230729088092824,1
"10275c",2003-02-03 11:18:06,23,1,0.3495,4.15964320627809,-0.316079127536173,"S",-0.499017086969002,-0.80892459368642,-0.310842321189106,1
"10275a",2003-02-04 11:11:32,23,15,0.5107,4.01652620761455,-0.495848040491589,"S",-0.563843609175874,-0.675067357037581,-0.475777729463895,1
"10277",2003-02-04 11:11:32,23,10,0.9415,2.39284640448423,-0.352556508902855,"S",-0.687486399384014,0.638851785964766,-0.345298198998535,1
"10277b",2003-02-04 11:11:32,23,3,0.1978,3.68369191925923,-0.300022098417825,"S",-0.818361898809234,-0.49288855933552,-0.295541318014081,1
"10277c",2003-02-04 11:11:32,23,10,0.9603,2.33123628188883,-0.238411975822425,"S",-0.669744580100703,0.70403887480566,-0.236159819165145,1
"10278",2003-02-05 11:11:32,23,327,0.9667,2.14640591410263,0.311890337331387,"N",-0.518084377304392,0.798389972504962,0.306858322026056,1
"10279",2003-02-05 11:11:32,23,17,0.1694,3.25172292939064,-0.187099295813792,"S",-0.97659544322992,-0.107989669565318,-0.186009600638593,1
"10280c",2003-02-05 11:11:32,23,5,0.2071,3.43655329717683,-0.311890337331387,"S",-0.910652308820804,-0.276677325855756,-0.306858322026056,1
"10282",2003-02-05 11:11:32,23,12,0.9225,2.26404110568704,0.183783170235003,"N",-0.62827456506941,0.756223106763998,0.182750331553874,1
"10280",2003-02-06 13:37:32,23,66,0.5655,2.54608631280933,-0.135088484104361,"S",-0.820322256255098,0.55581762749804,-0.134677989497153,1
"10281",2003-02-06 13:37:32,23,68,0.9723,1.79978352465655,-0.238761041672824,"S",-0.220551926245091,0.946269027410468,-0.236498997023725,1
"10283",2003-02-07 11:34:09,23,82,0.8633,1.91078646508339,0.0164060949687467,"N",-0.333432916523042,0.942631080738894,0.016405359001362,1
"10284m",2003-02-07 11:34:09,23,3,0.3628,3.14490877916858,0.197571271325758,"N",-0.980540809322271,-0.00325160837782433,0.196288431387544,1
"10277d",2003-02-08 07:07:37,23,1,0.5486,2.18113796621731,-0.232303323440445,"S",-0.55775196896095,0.797440708517301,-0.230219585438792,1
"10284",2003-02-08 07:07:37,23,6,0.3415,2.84104695639637,0.223053078404875,"N",-0.93151217652721,0.288707541754006,0.221208092790247,1
"10285",2003-02-08 07:07:37,23,18,0.9971,1.24581602007355,-0.18762289458939,"S",0.313686708768623,0.931026010771408,-0.186524036008735,1
"10286",2003-02-08 07:07:37,23,1,0.1385,2.67052828847652,-0.222704012554476,"S",-0.869079303219052,0.442626977304102,-0.220867661007492,1
"10287",2003-02-08 07:07:37,23,4,0.7083,2.04552588333735,0.228638132011257,"N",-0.445202395648241,0.866270172490218,0.226651307436855,1
"10282m",2003-02-13 09:02:34,23,11,0.6209,2.23960649615912,0.032637657012294,"N",-0.619722716620325,0.784142152944603,0.0326318629582591,1
"10277m",2003-02-14 12:57:52,23,3,0.6126,1.9685568633244,-0.291295452157854,"S",-0.371036452537989,0.88309225684562,-0.287193343911963,1
"10288",2003-02-15 13:09:46,23,6,0.9769,6.05419810931793,0.208566845613322,"N",0.95279114850896,-0.222072071499568,0.207058016949038,1
"10289",2003-02-18 12:07:22,23,41,0.7641,1.23447137993559,0.152018177848706,"N",0.326214207425754,0.933087473713337,0.151433342672116,1
"10290",2003-02-19 10:17:10,23,151,0.7225,5.79449311662117,0.313635666583381,"N",0.839875808353027,-0.446569888725613,0.308518980010863,1
"10291m",2003-02-19 10:17:10,23,1,0.373,6.16293212171718,-0.346622389446074,"S",0.933733329361537,-0.112828798239482,-0.339723022368595,1
"10291",2003-02-20 09:23:53,23,3,0.4688,5.85662683799217,-0.414515697348653,"S",0.833295028451706,-0.378701068608871,-0.402746689858737,1
"10288a",2003-02-21 10:30:03,23,1,0.5689,0.343131730942085,-0.131772358525572,"S",0.933541608816073,0.333521183808031,-0.131391341268698,1
"10292",2003-02-25 13:27:55,23,44,0.166,5.23755855230978,-0.137881010907552,"S",0.49660155914515,-0.857027355583968,-0.137444546037147,1
"10293",2003-02-26 09:04:17,23,1,0.7459,4.05317812190643,-0.376118453804778,"S",-0.5696783635366,-0.735219491328023,-0.367313029566913,1
"10294",2003-02-26 09:04:17,23,4,0.894,3.77026025015815,-0.126012771993991,"S",-0.802398612911766,-0.583404764638391,-0.125679539283442,1
"10290a",2003-02-27 06:48:03,23,11,0.4074,5.0792571891539,-0.0176278254451427,"S",0.358638079895969,-0.933310248311767,-0.0176269125135718,1
"10295",2003-02-27 06:48:03,23,110,0.9663,3.34317818219514,-0.312064870256586,"S",-0.93243000878018,-0.190552560011334,-0.307024429971492,1
"10296",2003-02-28 10:36:35,23,799,0.9859,3.03896729357253,0.202981792006941,"N",-0.974316485705327,0.100342094160283,0.201590797960499,1
"10292a",2003-03-01 12:01:30,23,11,0.2238,4.34325184358789,-0.26773350725593,"S",-0.347956206643143,-0.899411860279509,-0.264546373717478,1
"10297",2003-03-01 12:01:30,23,76,0.964,2.84209415394757,-0.286059464401871,"S",-0.916656773125151,0.283051554214297,-0.282174020669259,1
"10299",2003-03-01 12:01:30,23,99,0.9825,2.81626328101805,0.186575697038194,"N",-0.931101027976036,0.314073937605248,0.185495114272864,1
"10304",2003-03-01 12:01:30,23,3,0.932,2.94855923831922,-0.225322006432468,"S",-0.956618533970683,0.186987637517114,-0.223420240532387,1
"10307",2003-03-02 10:33:52,23,3,0.9794,2.54992603716372,-0.428478331364608,"S",-0.754978374649388,0.507324413635336,-0.415487175664099,1
"10293d",2003-03-03 08:01:20,23,1,0.2838,4.0317105721069,-0.115191730631626,"S",-0.6251497373059,-0.77199563300769,-0.114937150492867,1
"10298",2003-03-03 08:01:20,23,10,0.4248,3.30373374110007,-0.159697626557481,"S",-0.974326215289415,-0.159377429458369,-0.159019688023364,1
"10300",2003-03-03 08:01:20,23,8,0.9742,2.45323479660323,0.271224165759919,"N",-0.744058147320087,0.612046682610401,0.267911051866479,1
"10302a",2003-03-03 08:01:20,23,5,0.2527,3.86031923956106,-0.352032910127256,"S",-0.706487862763826,-0.618047894163836,-0.344806757890633,1
"10301",2003-03-04 07:30:01,23,23,0.7868,2.75866741570224,0.382401639111958,"N",-0.860577903703661,0.346648181806541,0.373149714869557,1
"10302",2003-03-04 07:30:01,23,4,0.9645,2.28865024814016,0.349938515024863,"N",-0.617904793439539,0.707569337028998,0.342840049499448,1
"10312",2003-03-04 07:30:01,23,3,0.9408,2.33106174896363,0.176452787376627,"N",-0.678413633497794,0.713401120529295,0.175538551639996,1
"10295m",2003-03-05 10:46:57,23,2,0.1787,3.41438761567651,-0.213279234593707,"S",-0.941201550562563,-0.263319501784982,-0.21166596608415,1
"10310",2003-03-05 10:46:57,23,4,0.2713,3.0773645371164,-0.334405084682113,"S",-0.94265803416629,0.0606285422670876,-0.328207267567788,1
"10293c",2003-03-06 09:14:40,23,2,0.5229,3.45645005064957,-0.512079602535136,"S",-0.828873766671053,-0.269957311875222,-0.489991151644237,1
"10296m",2003-03-06 09:14:40,23,2,0.4739,3.05746778364367,0.364773813666815,"N",-0.930900743774084,0.0784971660780678,0.356737999319625,1
"10301a",2003-03-06 09:14:40,23,2,0.6116,2.60787096832993,0.370533400198396,"N",-0.802492771378412,0.474214883683168,0.362112684089851,1
"10301b",2003-03-06 09:14:40,23,1,0.6148,2.82115020292363,0.497069770967985,"N",-0.834239964251654,0.276867990965954,0.476851966152888,1
"10312m",2003-03-06 09:14:40,23,3,0.6077,2.42775298952411,0.0860447321233204,"N",-0.753057140445227,0.652318557793649,0.085938596581922,1
"10303",2003-03-07 11:54:08,23,7,0.6823,3.52661228657974,-0.335103216382911,"S",-0.87523957640467,-0.35468635800929,-0.328866646738583,1
"10305",2003-03-07 11:54:08,23,10,0.575,2.22197867071398,-0.405789051088682,"S",-0.556904368720007,0.730776855098359,-0.394743856384267,1
"10306",2003-03-07 11:54:08,23,522,0.9868,1.39573980281987,0.0813323431429357,"N",0.173588073033418,0.981461565144329,0.0812427045647056,1
"10305m",2003-03-08 06:43:21,23,9,0.3522,2.46457943674119,-0.457625329872913,"S",-0.699245461223264,0.562006878364766,-0.441819028143148,1
"10308",2003-03-08 06:43:21,23,10,0.9949,1.16204021597782,0.149574716895914,"N",0.393030308490445,0.907370336807829,0.149017611338903,1
"10309",2003-03-09 08:43:53,23,6,0.9461,3.58141562509236,0.0675442420521806,"N",-0.902763824919629,-0.424808410377727,0.0674928950988965,1
"10311",2003-03-09 08:43:53,23,3,0.8054,1.41389122704061,-0.223227611330075,"S",0.152384904918525,0.963208435216534,-0.221378298576641,1
"10315",2003-03-12 09:10:23,23,1,0.4571,2.10800867055875,0.0357792496658837,"N",-0.511415479951192,0.858588724787232,0.0357716163253496,1
"10313",2003-03-13 08:48:52,23,27,0.6337,1.33884206920485,0.551349510705009,"N",0.195815907232158,0.829005833933495,0.523837243596785,1
"10314",2003-03-14 09:11:38,23,128,0.1688,1.08943451909486,-0.250280214735987,"S",0.44856141461249,0.858748815000226,-0.247675453076298,1
"10316",2003-03-18 11:48:42,23,12,0.9442,5.2930600225232,-0.194080612821769,"S",0.538285649696535,-0.820397371775657,-0.192864490548089,1
"10317",2003-03-19 10:47:17,23,2,0.4607,5.8800142499689,0.0619591884457987,"N",0.918056491831648,-0.391584277963905,0.0619195531093018,1
"10314m",2003-03-20 10:46:39,23,1,0.3677,5.81107374451512,-0.383448836663154,"S",0.825933790188105,-0.421742574788837,-0.374121069756828,1
"10317a",2003-03-20 10:46:39,23,1,0.4424,5.84580579662981,0.263370184125944,"N",0.874628772904402,-0.408961707007164,0.260335997913326,1
"10314b",2003-03-21 09:01:05,23,3,0.8832,0.630761991670751,0.195302343298165,"N",0.792225511221781,0.578548388070006,0.19406313928973,1
"10318",2003-03-22 07:40:51,23,10,0.994,4.17639836709723,-0.254469004940773,"S",-0.494247187783453,-0.832076285428871,-0.251731548668497,1
"10319",2003-03-23 11:35:09,23,58,0.8834,4.36594112386382,0.231779724664847,"N",-0.330478760313873,-0.915432736931112,0.229710019668756,1
"10320",2003-03-23 11:35:09,23,5,0.4253,5.0169489348577,0.104196156344061,"N",0.298247043629561,-0.948805088232185,0.104007718516191,1
"10316m",2003-03-24 09:08:54,23,1,0.3472,4.87959152272575,-0.309097810528196,"S",0.158537433380008,-0.93932350743281,-0.304199327089006,1
"10321",2003-03-24 09:08:54,23,44,0.9903,3.76921305260695,0.0719075651821664,"N",-0.80733539861604,-0.585702793324529,0.0718456124848582,1
"10316a",2003-03-25 06:45:52,23,5,0.2294,5.20910968550228,-0.146433124242324,"S",0.471445039588686,-0.869741191283711,-0.145910365744226,1
"10317b",2003-03-25 06:45:52,23,1,0.8035,5.91492083500878,-0.113620934304831,"S",0.926937927733436,-0.357675578529075,-0.11337662304521,1
"10322",2003-03-25 06:45:52,23,21,0.9217,6.07461846156626,0.323584043319749,"N",0.927555270130152,-0.196312100042423,0.317966633832411,1
"10323",2003-03-25 06:45:52,23,2,0.8855,3.88510291493938,-0.135786615805159,"S",-0.729321426631556,-0.670645430473327,-0.135369727935597,1
"10324",2003-03-27 09:02:02,23,96,0.9633,3.18103709468486,-0.244171562354007,"S",-0.969583175801623,-0.0382645133154352,-0.241752543364431,1
"10325",2003-03-27 09:02:02,23,99,0.998,3.02151400105258,0.223053078404875,"N",-0.968204234682768,0.116822684554229,0.221208092790247,1
"10326",2003-03-28 12:57:40,23,81,0.9824,2.82970231625841,-0.213802833369305,"S",-0.930084792042592,0.299871497560804,-0.212177672156446,1
"10321m",2003-03-29 09:52:40,23,6,0.2269,3.99558225659062,0.108559479474047,"N",-0.653113080457794,-0.749469390658461,0.108346373270942,1
"10328",2003-03-30 11:58:30,23,21,0.4369,3.32747021892719,-0.187099295813792,"S",-0.96562299547581,-0.181583752242855,-0.186009600638593,1
"10327",2003-03-31 09:51:26,23,1,0.0718,3.63831335870738,-0.105766952670856,"S",-0.874237229477471,-0.473882126535345,-0.105569866656608,1
"10329",2003-04-02 08:03:41,23,2,0.6489,2.4307200492525,0.0134390352403563,"N",-0.757724363799176,0.652436350696161,0.0134386307118732,1
"10330",2003-04-03 08:39:43,23,513,0.9935,1.45193940473408,0.124616508592395,"N",0.117657753072521,0.985244943547943,0.12429422494684,1
"10330b",2003-04-05 11:21:55,23,4,0.6447,1.87169108983872,0.353080107678453,"N",-0.278092142514797,0.896155316078219,0.345789545440976,1
"10331",2003-04-05 11:21:55,23,19,0.0476,2.43962122843767,-0.127234502470387,"S",-0.757398431066707,0.640504618860882,-0.12689148842837,1
"10326m",2003-04-06 08:33:46,23,0,0.0707,2.26508830323824,-0.131074226824774,"S",-0.634352960433744,0.761914714955404,-0.130699230002975,1
"10331m",2003-04-06 08:33:46,23,3,0.1383,2.10835773640915,-0.213628300444106,"S",-0.500403169738545,0.839434126693759,-0.212007109922055,1
"10332",2003-04-06 08:33:46,23,6,0.9916,0.78784162435024,0.195302343298165,"N",0.691966992968157,0.695356871406059,0.19406313928973,1
"10330a",2003-04-07 08:29:40,23,2,0.5574,1.38072997125271,-0.208392312688123,"S",0.184836644165794,0.960746103445503,-0.206887263232446,1
"10330m",2003-04-07 08:29:40,23,1,0.8219,1.03847090493663,0.14154620233674,"N",0.502462497541975,0.853012050921487,0.141074021515655,1
"10332m",2003-04-08 14:38:33,23,23,0.5429,1.12085044563076,-0.265464579228338,"S",0.419681979501695,0.868927801868597,-0.262357601798286,1
"10331b",2003-04-10 08:06:36,23,4,0.5995,1.8777997422207,-0.384321501289151,"S",-0.280158693391446,0.883707212566487,-0.374930218807671,1
"10334",2003-04-10 08:06:36,23,192,0.9708,6.22803290281656,-0.143640597439133,"S",0.988196565611726,-0.0545567444756848,-0.143147159753186,1
"10334c",2003-04-12 05:39:38,23,1,0.8996,6.08282150905064,0.327947366449734,"N",0.927765926406645,-0.188418878459623,0.322100468858457,1
"10335",2003-04-12 05:39:38,23,3,0.9829,5.72049115633661,-0.374896723328382,"S",0.787074824436349,-0.496415193918393,-0.366176427402768,1
"10334b",2003-04-16 07:04:23,23,7,0.156,6.03901374482558,-0.131946891450771,"S",0.961903399516617,-0.239651141067622,-0.131564359092282,1
"10334m",2003-04-16 07:04:23,23,5,0.6102,0.505098285527159,0.177150919077424,"N",0.861430980305623,0.476320410517587,0.176225800307592,1
"10334a",2003-04-17 08:17:28,23,3,0.6877,5.95314354562746,0.663050582832646,"N",0.745582518097117,-0.255415343482749,0.61552393212738,1
"10335a",2003-04-17 08:17:28,23,1,0.2276,5.74318043661254,-0.197745804250958,"S",0.840991136599511,-0.504120568009893,-0.196459565993732,1
"10335c",2003-04-17 08:17:28,23,8,0.3795,5.65120158503244,0.146433124242324,"N",0.798222083834204,-0.584424220962622,0.145910365744226,1
"10335m",2003-04-17 08:17:28,23,1,0.5432,6.1550781400832,-0.63407811724954,"S",0.799016550516861,-0.102923404374989,-0.592435080689858,1
"10336",2003-04-17 08:17:28,23,225,0.9963,4.4928265604838,0.212581102892909,"N",-0.21289974617133,-0.95402286039519,0.210983601077342,1
"10342",2003-04-17 08:17:28,23,2,0.9413,4.77574443223208,0.291819050933452,"N",0.0606363343757244,-0.955800664809062,0.287694845459613,1
"10337",2003-04-18 07:46:24,23,185,0.9977,4.20484723390474,-0.228289066160858,"S",-0.473420301157505,-0.85126753054744,-0.226311311886086,1
"10338",2003-04-18 07:46:24,23,2,0.7857,4.89041256408811,0.263195651200745,"N",0.170986562595507,-0.950303361117144,0.260167479253716,1
"10339",2003-04-20 07:26:12,23,6,0.6791,5.91596803255998,0.282045207122284,"N",0.896452484822292,-0.344834121342402,0.278320626641203,1
"10340",2003-04-21 07:55:12,23,5,0.8963,3.92018403290446,-0.0685914396033771,"S",-0.710229466169638,-0.700625929798794,-0.0685376675848221,1
"10341",2003-04-22 08:54:17,23,26,0.9308,3.58909507380114,-0.174183859349034,"S",-0.887888969411598,-0.426167527427838,-0.173304404338875,1
"10343",2003-04-23 10:12:43,23,11,0.9207,3.39344366465258,0.0888372589265114,"N",-0.96463378413255,-0.248214309884693,0.0887204535526216,1
"10344",2003-04-24 08:10:26,23,22,0.758,3.54825436930447,0.267558974330731,"N",-0.885767253285674,-0.381471646545495,0.264378054854448,1
"10336b",2003-04-25 07:59:41,23,5,0.2627,3.93222680474322,0.114319066005629,"N",-0.698803426776631,-0.706159864594954,0.114070225565106,1
"10337a",2003-04-25 07:59:41,23,1,0.0357,4.11792983715542,-0.117286125734019,"S",-0.556213068793883,-0.822759957341972,-0.117017411941677,1
"10345",2003-04-25 07:59:41,23,347,0.9372,2.88904351082621,-0.289026524130261,"S",-0.92811614200102,0.239508761798424,-0.285019262469976,1
"10346",2003-04-25 07:59:41,23,144,0.9591,2.8639107695975,0.262672052425147,"N",-0.928707005393355,0.264724400874115,0.259661875744492,1
"10336a",2003-04-26 07:58:41,23,5,0.2338,3.76642052580376,0.123918376891597,"N",-0.804844531246484,-0.580472183201053,0.123601476740493,1
"10347",2003-04-26 07:58:41,23,12,0.7207,3.09481782963634,-0.325329372571743,"S",-0.946509132535823,0.0443051142444222,-0.319620898687918,1
"10347m",2003-04-26 07:58:41,23,1,0.3581,3.6920694996688,-0.398284135305106,"S",-0.785565753134495,-0.482150012458591,-0.387837353781729,1
"10348",2003-04-26 07:58:41,23,10,0.9306,2.71032179542199,-0.597251670032459,"S",-0.751170848979358,0.34565884038709,-0.562372049186198,1
"10349",2003-04-26 07:58:41,23,13,0.922,2.70037341868563,-0.234572251468038,"S",-0.879468246994725,0.415347210074416,-0.232426972641784,1
"10350",2003-04-26 07:58:41,23,5,0.141,3.74617470648063,-0.133168621927167,"S",-0.815455328215774,-0.563385577067885,-0.132775371347218,1
"10345m",2003-04-28 08:02:01,23,4,0.3937,3.03390583874174,0.032637657012294,"N",-0.993677899899293,0.107421565672836,0.0326318629582591,1
"10351",2003-04-30 07:57:43,23,54,0.9982,1.45944432051766,0.122696646415201,"N",0.110286642293894,0.986335533007051,0.12238902262554,1
"10352",2003-04-30 07:57:43,23,5,0.9024,1.8455111510588,-0.423940475309423,"S",-0.247258093795913,0.877297137032873,-0.411355282458287,1
"10347a",2003-05-01 07:51:21,23,2,0.3721,3.10581340392391,-0.101752695391269,"S",-0.994190960773417,0.0355865933455388,-0.101577201627575,1
"10345a",2003-05-03 06:49:01,23,2,0.5629,2.86478343422349,0.0102974425867665,"N",-0.961881334863873,0.27327324066689,0.010297260602189,1
"10353",2003-05-04 06:55:35,23,4,0.67,1.32854462661808,-0.271573231610318,"S",0.231097262921479,0.93522051903065,-0.268247340814857,1
"10354",2003-05-04 06:55:35,23,36,0.9425,0.863763446811994,0.331612557878923,"N",0.614190669556994,0.718870779926749,0.325568154457157,1
"10355",2003-05-04 06:55:35,23,6,0.9235,0.892212313619501,0.199491133502952,"N",0.61524270193944,0.763023484645791,0.198170582048019,1
"10353a",2003-05-07 06:00:00,23,4,0.3115,1.10200088970922,-0.248883951334391,"S",0.437890745191035,0.864625320543067,-0.24632245198487,1
"10354c",2003-05-07 06:00:00,23,1,0.5734,0.928166096210584,0.375245789178781,"N",0.557602104866347,0.744819940293092,0.366501226724297,1
"10354e",2003-05-08 09:06:39,23,2,0.4642,0.672998959569013,0.167900674041854,"N",0.77095978439016,0.614568372759321,0.16711291409415,1
"10356",2003-05-08 09:06:39,23,5,0.9938,5.95139821637546,0.290597320457056,"N",0.905821269457469,-0.312076126101619,0.286524552727798,1
"10351m",2003-05-09 09:01:42,23,3,0.9567,2.09753669504679,0.345400658969678,"N",-0.473027626108632,0.8133957919279,0.338573700413982,1
"10354a",2003-05-11 09:34:41,23,8,0.044,0.364599280741615,-0.0757472895365539,"S",0.931587755296176,0.355552482016675,-0.075674875051195,1
"10357",2003-05-11 09:34:41,23,48,0.9767,5.32290515273231,-0.289550122905859,"S",0.549425769865424,-0.785244562195216,-0.285521104212334,1
"10358",2003-05-11 09:34:41,23,3,0.6941,5.94319516889109,0.134564885328763,"N",0.934235233420373,-0.330463088861619,0.134159142573357,1
"10359",2003-05-12 08:03:24,23,13,0.2859,0.332659755430119,-0.301069295969022,"S",0.902663003556469,0.311869518102398,-0.296541574975571,1
"10354b",2003-05-14 07:20:45,23,2,0.1942,6.20761255056823,-0.0706858347057703,"S",0.99465566215477,-0.0753123004676901,-0.0706269859311667,1
"10361m",2003-05-14 07:20:45,23,1,0.7863,5.21434567325826,0.404567320612286,"N",0.442300548191212,-0.805873871369245,0.393621046838324,1
"10361",2003-05-15 10:25:56,23,14,0.7463,4.93195140028558,0.132121424375971,"N",0.21590434407701,-0.967486733132773,0.131737372908187,1
"10362",2003-05-15 10:25:56,23,42,0.9872,4.34203011311149,-0.196349540849362,"S",-0.354995222870128,-0.914285599796383,-0.195090322016128,1
"10358m",2003-05-16 11:14:56,23,1,0.6483,6.1250584769489,0.319569786040162,"N",0.937526295014828,-0.149496148534731,0.314158157190057,1
"10361a",2003-05-17 09:28:32,23,3,0.536,4.88901630068652,0.349240383324065,"N",0.165103248483976,-0.92501401501002,0.342184145417466,1
"10361n",2003-05-18 06:25:56,23,2,0.1898,5.09252169146905,0.149923782746313,"N",0.366881514367178,-0.918198626206392,0.149362770623538,1
"10364",2003-05-18 06:25:56,23,1,0.4065,5.22656297802222,-0.439299372726973,"S",0.445117839469103,-0.788026248816672,-0.425305466885017,1
"10364c",2003-05-18 06:25:56,23,5,0.1404,5.00996761784972,-0.149051118120316,"S",0.289955183731017,-0.945448988274145,-0.148499838380072,1
"10364a",2003-05-19 11:11:32,23,15,0.634,5.40685548975323,-0.432492588644195,"S",0.581049103077634,-0.69764434948485,-0.419135182780613,1
"10365",2003-05-20 08:07:26,23,75,0.9596,3.33846579321475,-0.12618730491919,"S",-0.972885528534547,-0.194048575602085,-0.125852686403021,1
"10362m",2003-05-21 12:18:41,23,1,0.2886,4.47676953136546,-0.297927703315432,"S",-0.22316135857412,-0.929533955561848,-0.293539832896486,1
"10374a",2003-05-21 12:18:41,23,3,0.8782,3.28907297538331,-0.238237442897226,"S",-0.961206514743904,-0.142795841470793,-0.235990219442513,1
"10366",2003-05-22 11:11:32,23,6,0.9336,2.94646484321683,0.171740398396242,"N",-0.966590901277858,0.191039544373338,0.170897402123277,1
"10367",2003-05-22 11:11:32,23,108,0.9645,2.83563643571519,-0.239284640448423,"S",-0.926390337106636,0.292623117381842,-0.237007709767395,1
"10368",2003-05-22 11:11:32,23,247,0.9878,2.73126574644593,-0.556585498460992,"S",-0.778583505170866,0.338699335026543,-0.52829015316247,1
"10370",2003-05-22 11:11:32,23,5,0.9723,2.82359366387643,0.279252680319093,"N",-0.913066887718362,0.300554332243802,0.275637355816999,1
"10372",2003-05-23 06:20:25,23,3,0.3668,3.66746035721568,0.220609617452083,"N",-0.843927468914177,-0.489798185499967,0.218824506609865,1
"10362b",2003-05-24 07:24:02,23,2,0.4296,3.68630991313722,-0.470191700487272,"S",-0.762460760821314,-0.461944552702606,-0.453057191131729,1
"10374",2003-05-25 08:16:47,23,1,0.4159,3.83152130690315,-0.253945406165175,"S",-0.746555166150718,-0.616069391717691,-0.251224776808076,1
"10372m",2003-05-26 08:44:43,23,4,0.3528,3.58577894822235,0.0251327412287183,"N",-0.902675467784003,-0.429587567515566,0.0251300954433375,1
"10373",2003-05-28 08:37:39,23,173,0.9691,1.45682632663967,0.121474915938805,"N",0.112885402200841,0.98619124387069,0.121176385829651,1
"10368a",2003-05-29 08:03:25,23,2,0.3671,2.28742851766377,-0.293913446035845,"S",-0.628681660113661,0.721687774995661,-0.289700061543907,1
"10368c",2003-05-29 08:03:25,23,1,0.3058,2.57069545526245,-0.32637657012294,"S",-0.796998337157674,0.511860294255778,-0.320612990585676,1
"10374m",2003-05-29 08:03:25,23,3,0.9081,3.65122879517214,-0.377165651355975,"S",-0.811566323979858,-0.453569087659712,-0.36828682368686,1
"10368b",2003-05-31 07:36:43,23,1,0.395,2.16752439805176,-0.410326907143867,"S",-0.515292720365752,0.758514947971461,-0.398909120028504,1
"10368e",2003-05-31 07:36:43,23,1,0.6181,2.32826922216044,-0.638615973304725,"S",-0.551677351182728,0.583382441995553,-0.596084747802957,1
"10373m",2003-05-31 07:36:43,23,5,0.4901,1.65143053823703,0.259530459771557,"N",-0.0778493933498703,0.963370217334258,0.256626764598709,1
"10375",2003-06-01 08:06:00,23,370,0.998,0.351683844276857,0.20943951023932,"N",0.91827909368825,0.336951383609545,0.207911690817759,1
"10376",2003-06-02 11:36:47,23,34,0.3625,1.26379291136909,-0.193382481120972,"S",0.296570391012025,0.935474785373879,-0.192179419045508,1
"10376m",2003-06-04 08:29:59,23,2,0.4589,1.50639367739631,-0.330565360327726,"S",0.0608737236203353,0.943898098919458,-0.324577831388448,1
"10377",2003-06-04 08:29:59,23,17,0.9714,6.11144490878335,0.0621337213709981,"N",0.983387538804427,-0.170567625040336,0.0620937501868842,1
"10373n",2003-06-05 08:42:38,23,3,0.3323,1.16134208427703,0.233001455141243,"N",0.387350947509846,0.89254968356229,0.230898908260912,1
"10375m",2003-06-05 08:42:38,23,1,0.5735,0.339815605363296,-0.194429678672168,"S",0.92505161905374,0.327032965750561,-0.193206991070318,1
"10376a",2003-06-05 08:42:38,23,1,0.7293,1.68319553062333,-0.325503905496942,"S",-0.106272990111389,0.941510909124389,-0.319786271707452,1
"10378",2003-06-05 08:42:38,23,19,0.9813,5.83830088084623,0.276460153515902,"N",0.868384291467981,-0.414012032710402,0.272951935517325,1
"10375b",2003-06-06 08:20:35,23,7,0.29,0.542273798594638,0.246789556231998,"N",0.830585798684871,0.500448423872999,0.244292050763109,1
"10380",2003-06-07 10:11:23,23,828,0.9718,5.40877535193043,-0.275238423039506,"S",0.617305741482125,-0.738289383255391,-0.271776393576737,1
"10375a",2003-06-08 13:22:53,23,1,0.5642,0.750142512507163,0.201410995680146,"N",0.716802798185923,0.667961784009811,0.200052002277562,1
"10377a",2003-06-08 13:22:53,23,2,0.2377,6.25857616472647,-0.106988683147252,"S",0.993981109732175,-0.0244659618673708,-0.106784690876074,1
"10381",2003-06-09 08:07:40,23,6,0.541,5.8178805285979,-0.331612557878923,"S",0.844995630595223,-0.424249644759242,-0.325568154457157,1
"10384",2003-06-09 08:07:40,23,6,0.2773,6.16659731314637,0.258308729295161,"N",0.960259928975522,-0.112464810303201,0.255445757935791,1
"10382",2003-06-10 08:40:47,23,5,0.3384,6.20394735913904,-0.300371164268224,"S",0.952229537145888,-0.0756110259812332,-0.29587477306623,1
"10383",2003-06-10 08:40:47,23,3,0.7371,5.28223898116084,0.351160245501259,"N",0.506582006567707,-0.790599319917852,0.343987479375725,1
"10382a",2003-06-11 09:55:11,23,1,0.3184,6.12261501599611,-0.0579449311662117,"S",0.985479516922084,-0.15961285304398,-0.0579125104806944,1
"10382b",2003-06-11 09:55:11,23,1,0.6352,0.189542756766584,-0.165631746014262,"S",0.968649982230168,0.185831357106938,-0.164875464036614,1
"10385",2003-06-14 08:48:13,23,3,0.8453,4.20537083268034,0.508414411105948,"N",-0.424156217995693,-0.763625728563355,0.486792819802918,1
"10385m",2003-06-14 08:48:13,23,2,0.9757,3.78352475247331,-0.135961148730358,"S",-0.793548951954486,-0.593218551861908,-0.135542652249383,1
"10380m",2003-06-16 08:37:09,23,4,0.4279,4.78028228828727,-0.405439985238283,"S",0.0623412064423026,-0.916811857118672,-0.3944231137065,1
"10383a",2003-06-16 08:37:09,23,1,0.7657,5.52571241181405,0.155159770502296,"N",0.717846222480856,-0.678833427382761,0.154537952418617,1
"10386",2003-06-16 08:37:09,23,315,0.9813,3.2937853643637,-0.119729586686811,"S",-0.981364748951707,-0.150520509782241,-0.119443734242728,1
"10385a",2003-06-17 09:20:46,23,1,0.6896,4.0006437114214,0.672126294943016,"N",-0.511094493366828,-0.592526690973037,0.622651218046386,1
"10383m",2003-06-18 09:41:41,23,0,0.6975,4.88604924095813,0.392873614623924,"N",0.159624404645321,-0.90991758147799,0.38284467393301,1
"10385b",2003-06-18 09:41:41,23,6,0.3887,4.38828133828934,-0.322711378693751,"S",-0.302023642557773,-0.899001939133748,-0.317139137871527,1
"10387",2003-06-18 09:41:41,23,233,0.942,2.97351744662274,0.306479816650204,"N",-0.939966750025652,0.159489765470557,0.301704364496703,1
"10388m",2003-06-18 09:41:41,23,1,0.2639,4.16418106233327,-0.238411975822425,"S",-0.506417223090799,-0.829319079708703,-0.236159819165145,1
"10388n",2003-06-18 09:41:41,23,2,0.4184,4.06888608517438,-0.388859357344337,"S",-0.555206592758509,-0.740272701933158,-0.379133177300627,1
"10388",2003-06-19 13:07:43,23,34,0.2147,3.71807490552352,-0.0242600766027212,"S",-0.838138576383184,-0.544917691873513,-0.0242576969560779,1
"10389",2003-06-19 13:07:43,23,10,0.588,3.34230551756914,-0.205948851735331,"S",-0.959216336795257,-0.195154769365773,-0.20449605184179,1
"10387m",2003-06-20 08:36:57,23,1,0.9062,2.62619692547587,0.327772833524535,"N",-0.823775214651237,0.466639155760658,0.321935232674661,1
"10389m",2003-06-21 08:02:55,23,5,0.8349,4.47903845939305,-0.209614043164519,"S",-0.226177016364576,-0.95160163373487,-0.208082406612249,1
"10391b",2003-06-21 08:02:55,23,2,0.3183,3.74652377233103,0.255865268342369,"N",-0.795763173043394,-0.550191029307195,0.253082602519018,1
"10386b",2003-06-22 08:41:01,23,1,0.1424,3.4161329449285,0.0635299847725936,"N",-0.96060812750679,-0.270557560244507,0.0634872582684061,1
"10390",2003-06-22 08:41:01,23,58,0.9941,1.8154914879245,0.230208928338052,"N",-0.235869439337932,0.944615828735719,0.228180945059705,1
"10385n",2003-06-23 10:03:32,23,2,0.8931,4.1256092858642,0.25551620249197,"N",-0.535705834178232,-0.805691803500462,0.252744885209529,1
"10390m",2003-06-23 10:03:32,23,2,0.9453,1.79734006370376,0.0987856356628791,"N",-0.223515868009064,0.969697765851396,0.0986250457590038,1
"10391",2003-06-23 10:03:32,23,48,0.2716,2.86024557816831,0.248185819633594,"N",-0.931246664722388,0.269142721504236,0.245645771192426,1
"10391a",2003-06-24 09:51:30,23,1,0.1546,2.71363792100078,0.161966554585074,"N",-0.897908843007818,0.409579219399559,0.16125933363502,1
"10392",2003-06-24 09:51:30,23,21,0.9766,1.45159033888368,0.113620934304831,"N",0.118157056331826,0.986501217123356,0.11337662304521,1
"10393",2003-06-24 09:51:30,23,44,0.987,1.41389122704061,-0.288502925354663,"S",0.149803906415398,0.946894223970854,-0.284517342587971,1
"10395",2003-06-25 07:44:43,23,127,0.9942,1.12940255896553,0.171740398396242,"N",0.420915451806323,0.890855914487968,0.170897402123277,1
"10394",2003-06-26 06:55:35,23,5,0.526,1.82997772071605,0.165806278939461,"N",-0.252774518548078,0.953343763063695,0.165047605860678,1
"10396",2003-06-27 07:07:35,23,81,0.1262,2.18934101370169,-0.068940505453776,"S",-0.57847268953052,0.812787843835328,-0.0688859084344947,1
"10397",2003-06-27 07:07:35,23,597,0.9877,0.722566310325652,0.158650429006285,"N",0.740690721377189,0.653006711157033,0.157985728626399,1
"10390a",2003-06-28 11:17:27,23,2,0.6442,1.24040549939237,0.386939495167143,"N",0.300428355656036,0.875982471205306,0.377355950342452,1
"10396m",2003-06-29 08:02:30,23,1,0.8398,2.65290046303138,-0.0762708883121522,"S",-0.880380674849937,0.468106708270209,-0.0761969620339215,1
"10397b",2003-06-30 09:02:42,23,0,0.4972,0.947539250907722,-0.155159770502296,"S",0.576671068718504,0.802227212057357,-0.154537952418617,1
"10398",2003-06-30 09:02:42,23,9,0.9599,0.141197136486341,0.057246799465414,"N",0.988426386459153,0.140497903695982,0.0572155364244381,1
"10399",2003-06-30 09:02:42,23,15,0.8821,0.35395277230445,0.258308729295161,"N",0.906889988238156,0.335108958379222,0.255445757935791,1
"10393m",2003-07-01 09:04:58,23,0,0.43,1.17582831706858,-0.392000949997926,"S",0.355591842240739,0.852995393416221,-0.382038349570491,1
"10395a",2003-07-01 09:04:58,23,1,0.2558,1.01403629540871,0.236666646570431,"N",0.513708075910667,0.8253065372022,0.234463499068562,1
"10395b",2003-07-01 09:04:58,23,1,0.3433,1.08053333990969,-0.280299877870289,"S",0.452481517063134,0.847778665133688,-0.276643835391984,1
"10398a",2003-07-01 09:04:58,23,2,0.9097,0.0610865238198015,-0.0738274273593602,"S",0.995415872330019,0.0608822428910839,-0.073760379703599,1
"10400",2003-07-01 09:04:58,23,124,0.9792,6.11074677708255,0.0813323431429357,"N",0.981912653723858,-0.171018020722911,0.0812427045647056,1
"10393a",2003-07-04 08:32:15,23,2,0.5929,1.13533667842231,-0.0120427718387609,"S",0.421796610091638,0.906610499813774,-0.0120424807503097,1
"10397m",2003-07-04 08:32:15,23,2,0.2847,0.79412480965742,0.0645771823237902,"N",0.699448301836484,0.711763762950605,0.064532308252958,1
"10401",2003-07-06 09:23:04,23,6,0.9558,5.06686535146474,-0.180292511731014,"S",0.341473303642696,-0.92262737349386,-0.179317351584181,1
"10401m",2003-07-06 09:23:04,23,1,0.8302,5.38381714362691,-0.247662220857995,"S",0.603123210552766,-0.759045232257619,-0.245138182010678,1
"10404",2003-07-06 09:23:04,23,43,0.992,4.89006349823771,-0.160395758258279,"S",0.174472557987444,-0.97162358687703,-0.159708897477666,1
"10402",2003-07-07 09:46:34,23,8,0.6231,0.421497014356631,-0.200887396904547,"S",0.894127474495629,0.400899317276384,-0.199538960504954,1
"10403",2003-07-07 09:46:34,23,35,0.893,5.02864264084606,-0.288677458279862,"S",0.298139063602269,-0.911080536679929,-0.284684657888995,1
"10400a",2003-07-09 08:09:52,23,2,0.4821,6.08386870660183,-0.16632987771506,"S",0.966674396699307,-0.195266925746619,-0.165564001146068,1
"10400c",2003-07-09 08:09:52,23,4,0.4753,6.05297637884153,0.346273323595675,"N",0.915828683221412,-0.214637049664271,0.339394696335038,1
"10405",2003-07-11 04:55:37,23,53,0.9752,3.87969239425819,-0.179594380030216,"S",-0.727850600942858,-0.662060911105209,-0.178630492060177,1
"10406",2003-07-11 04:55:37,23,0,0.3824,5.19514705148632,-0.322187779918153,"S",0.440337149183811,-0.84014326566145,-0.316642524327338,1
"10407",2003-07-12 06:01:29,23,30,0.459,4.49841161409018,0.172787595947439,"N",-0.209186219723856,-0.96264298156417,0.17192910027941,1
"10408",2003-07-12 06:01:29,23,4,0.7217,4.16941705008925,0.237713844121628,"N",-0.502153060011886,-0.832100249567323,0.235481377163245,1
"10410",2003-07-12 06:01:29,23,28,0.9951,3.51910737079617,-0.236841179495631,"S",-0.903633341198821,-0.358321173463377,-0.23463316330324,1
"10412",2003-07-12 06:01:29,23,23,0.9969,3.46046430792916,0.297229571614634,"N",-0.907951704674251,-0.299749008847802,0.292872384621498,1
"10406m",2003-07-13 07:54:30,23,6,0.984,6.092769885787,-0.125140107367993,"S",0.974247221644353,-0.187786793562937,-0.12481374636477,1
"10409",2003-07-13 07:54:30,23,559,0.9704,3.38297168914061,0.242426233102012,"N",-0.942615381510575,-0.232051940358829,0.240058616832172,1
"10411",2003-07-14 07:50:47,23,28,0.9976,2.97404104539834,0.236841179495631,"N",-0.958470959336361,0.162113228291683,0.23463316330324,1
"10413",2003-07-14 07:50:47,23,3,0.9908,3.03949089234812,0.302116493520218,"N",-0.949736894731759,0.0973081833684219,0.297541506742865,1
"10404m",2003-07-15 08:48:04,23,4,0.9401,5.47038547452583,0.123569311041199,"N",0.682225923309076,-0.720677441587415,0.123255080025519,1
"10407a",2003-07-15 08:48:04,23,1,0.1323,4.3717007103954,0.116587994033221,"N",-0.331867539521571,-0.936126408162514,0.116324048041013,1
"10404a",2003-07-16 08:16:04,23,1,0.6186,4.50225133844457,-0.392699081698724,"S",-0.192716203874395,-0.903556227003896,-0.38268343236509,1
"10410m",2003-07-17 09:14:00,23,1,0.2628,3.58595348114755,-0.100530964914873,"S",-0.898326963662945,-0.427710407341507,-0.100361714851215,1
"10414",2003-07-17 09:14:00,23,210,0.9815,2.41082329577977,-0.0399680398706701,"S",-0.744066422369573,0.666909713019105,-0.0399573996015808,1
"10415",2003-07-17 09:14:00,23,2,0.8934,2.67349534820491,0.205948851735331,"N",-0.87356903615079,0.441654280925364,0.20449605184179,1
"10418",2003-07-18 08:07:03,23,4,0.5202,3.04891567030889,-0.112224670903235,"S",-0.989444974900588,0.0919622148121835,-0.111989252568331,1
"10416",2003-07-19 08:09:17,23,1,0.3784,3.64599280741615,-0.139277274309147,"S",-0.866987044157637,-0.478602561302526,-0.138827423722637,1
"10417",2003-07-19 08:09:17,23,5,0.5162,3.54895250100527,-0.408232512041474,"S",-0.842718408618859,-0.363629543506964,-0.39698770618725,1
"10414m",2003-07-21 08:10:02,23,13,0.3906,2.46492850259159,0.0870919296745171,"N",-0.776710930853855,0.623822317429467,0.0869818726463569,1
"10418m",2003-07-21 08:10:02,23,1,0.2738,2.85867478184151,-0.19093902016818,"S",-0.942793927292337,0.274085402738049,-0.189780933359001,1
"10419m",2003-07-22 09:41:56,23,8,0.9585,1.33308248267327,0.152018177848706,"N",0.232765681531061,0.960670640869455,0.151433342672116,1
"10419",2003-07-24 07:39:17,23,6,0.8373,1.18350776577735,0.17243853009704,"N",0.372077932173098,0.912204211815549,0.171585221787203,1
"10420",2003-07-24 07:39:17,23,100,0.9933,0.71418872991608,0.185703032412197,"N",0.74263318073819,0.643742917302447,0.184637524056227,1
"10421",2003-07-27 07:57:53,23,8,0.9961,0.0179768912955416,-0.114493598930828,"S",0.993292242726533,0.017858230453548,-0.114243617521341,1
"10419a",2003-07-28 09:07:49,23,2,0.3291,1.57533418285008,0.0713839664065681,"N",-0.00452628371958051,0.997442976567477,0.0713233569870432,1
"10422",2003-07-28 09:07:49,23,187,0.547,1.80589217703853,0.247836753783195,"N",-0.225818916086002,0.94277786544395,0.245307385878803,1
"10420b",2003-07-29 13:20:22,23,2,0.4395,0.561297887441376,-0.100007366139275,"S",0.8423350564205,0.529625790692405,-0.0998407459833803,1
"10421m",2003-07-30 05:29:51,23,1,0.6559,0.10157816246607,0.0493928178314395,"N",0.993632082130289,0.101279900412821,0.0493727367460686,1
"10420a",2003-07-31 08:24:37,23,3,0.112,0.450294947014537,0.0621337213709981,"N",0.898581445413264,0.434391243174558,0.0620937501868842,1
"10423",2003-07-31 08:24:37,23,15,0.4314,0.472460628514865,-0.337023078560105,"S",0.840357315875542,0.429477480816649,-0.33067911201925,1
"10425",2003-08-01 06:06:46,23,151,0.9962,5.16722178345441,-0.145734992541527,"S",0.434655165690375,-0.88881164166618,-0.14521967007724,1
"10424",2003-08-02 08:40:57,23,549,0.9699,5.09950300847703,-0.314159265358979,"S",0.359040548771118,-0.880680635375621,-0.309016994374947,1
"10426",2003-08-02 08:40:57,23,6,0.6881,5.68331564326914,-0.212581102892909,"S",0.806828910739781,-0.551826991792623,-0.210983601077342,1
"10427",2003-08-02 08:40:57,23,2,0.1253,6.26468481710845,0.0420624349730633,"N",0.998944528378401,-0.0184830720991946,0.0420500329206823,1
"10424a",2003-08-04 08:50:03,23,1,0.8592,4.92828620885639,-0.220784150377283,"S",0.20902384731564,-0.953074134621099,-0.218994806261726,1
"10425m",2003-08-04 08:50:03,23,2,0.5113,5.43547888948594,-0.140848070635942,"S",0.655151868912435,-0.742340008085175,-0.140382837471839,1
"10426m",2003-08-04 08:50:03,23,1,0.5057,6.06170302510151,-0.402472925509892,"S",0.897619918775828,-0.202122770963175,-0.391694864499197,1
"10427m",2003-08-04 08:50:03,23,1,0.5847,0.244695161129605,0.241902634326414,"N",0.941962507730699,0.235206908265723,0.239550296041922,1
"10428",2003-08-04 08:50:03,23,2,0.1785,5.96047392848583,0.276634686441101,"N",0.912321667411884,-0.305081513505532,0.273119836862822,1
"10423m",2003-08-05 10:45:22,23,2,0.768,0.197920337176157,-0.207519648062126,"S",0.959441436369553,0.19241197512205,-0.206033400221324,1
"10429",2003-08-05 10:45:22,23,3,0.9251,4.58096568770952,-0.42167154728183,"S",-0.119566521885395,-0.904537832798585,-0.409286154029511,1
"10430",2003-08-05 10:45:22,23,2,0.4156,5.30964065041715,-0.134913951179162,"S",0.557261723128291,-0.819370346612802,-0.134505044618056,1
"10424m",2003-08-09 09:35:43,23,2,0.7195,5.16826898100561,-0.5846852994181,"S",0.367120412781117,-0.748724359670539,-0.551936985312058,1
"10431",2003-08-09 09:35:43,23,185,0.974,3.43882222520443,-0.216595360172496,"S",-0.933810853194964,-0.286029358408925,-0.214905785365291,1
"10430m",2003-08-11 08:38:54,23,1,0.8675,5.28293711286164,-0.26459191460234,"S",0.521297812110388,-0.812316615250197,-0.261515406195097,1
"10435b",2003-08-11 08:38:54,23,1,0.7396,3.60532663584469,-0.362330352714023,"S",-0.836318916283812,-0.418249756524631,-0.35445424448433,1
"10429m",2003-08-13 07:32:29,23,2,0.52,3.93728825957401,-0.423242343608625,"S",-0.638040163266913,-0.651317721366615,-0.410718852613477,1
"10432",2003-08-13 07:32:29,23,29,0.9798,2.4925047047731,-0.0736528944341607,"S",-0.7944756314065,0.602821303912242,-0.0735863210847433,1
"10433",2003-08-13 07:32:29,23,5,0.7333,3.19185813604723,-0.397760536529508,"S",-0.920766333205241,-0.0463217830368459,-0.38735468507824,1
"10431a",2003-08-14 06:23:55,23,1,0.2527,3.42014720220809,0.26790804018113,"N",-0.927155735196597,-0.265157271238211,0.264714684521965,1
"10431m",2003-08-14 06:23:55,23,3,0.1696,3.57391070930879,0.27070056698432,"N",-0.874931176054244,-0.403719172579911,0.26740655724894,1
"10435c",2003-08-14 06:23:55,23,2,0.5578,3.96085020447593,-0.374896723328382,"S",-0.635342797429617,-0.679892898748659,-0.366176427402768,1
"10434",2003-08-15 06:26:23,23,30,0.5332,3.07125588473442,-0.343655329717683,"S",-0.939201328936584,0.0661695421213686,-0.336930935681487,1
"10434a",2003-08-15 06:26:23,23,1,0.4317,2.955366022402,0.210137641940117,"N",-0.961092433748679,0.181079158682865,0.208594515943604,1
"10435a",2003-08-15 06:26:23,23,0,0.4101,3.57583057148598,-0.265464579228338,"S",-0.87541268242415,-0.405981679672379,-0.262357601798286,1
"10435",2003-08-16 07:17:28,23,21,0.6463,3.72139103110231,-0.306479816650204,"S",-0.79759009868474,-0.522326058055413,-0.301704364496703,1
"10436",2003-08-16 07:17:28,23,10,0.9963,1.6629497113002,0.140149938935145,"N",-0.0911207284587242,0.985993546593154,0.139691585007133,1
"10434b",2003-08-17 09:06:13,23,2,0.4771,2.80387144332889,-0.366868208769208,"S",-0.880726407114048,0.309289099994768,-0.358693808751149,1
"10434c",2003-08-17 09:06:13,23,4,0.3715,3.13234240855422,-0.189542756766584,"S",-0.982048469926523,0.00908444809486226,-0.188409860457959,1
"10436b",2003-08-17 09:06:13,23,90,0.9894,1.47585041548641,0.126710903694788,"N",0.0940432767939869,0.98751503949753,0.12637210473851,1
"10432m",2003-08-18 08:33:50,23,1,0.1699,2.65447125935818,-0.0492182849062401,"S",-0.882613828039986,0.467517215108662,-0.0491984159261495,1
"10440",2003-08-18 08:33:50,23,3,0.8648,1.66696396857978,-0.11693705988362,"S",-0.0953637297865006,0.988581659826797,-0.116670737099333,1
"10440m",2003-08-18 08:33:50,23,3,0.6397,2.02475646523862,-0.0949459113084915,"S",-0.436552888759082,0.894669718461671,-0.0948033236960294,1
"10436a",2003-08-19 08:02:57,23,1,0.8422,1.44862327915529,0.236143047794833,"N",0.118487171204615,0.96500056956112,0.233954463532205,1
"10432a",2003-08-20 10:12:42,23,8,0.6647,2.48744324994232,-0.552571241181405,"S",-0.675465543797381,0.517928433323456,-0.524877544859388,1
"10441",2003-08-20 10:12:42,23,3,0.9117,1.04911741337379,0.197222205475359,"N",0.488676008279895,0.850176962454357,0.195946144242518,1
"10439",2003-08-21 08:28:35,23,48,0.2809,2.2778292067778,0.131946891450771,"N",-0.643934358748708,0.753683860142651,0.131564359092282,1
"10439a",2003-08-22 09:42:44,23,1,0.3849,2.10259814987757,0.309795942228993,"N",-0.482947667365995,0.820864976572825,0.304864299028011,1
"10442",2003-08-22 09:42:44,23,129,0.985,0.383099770812755,-0.227067335684462,"S",0.90370194666018,0.364202247626692,-0.225121110574435,1
"10445",2003-08-23 07:20:33,23,2,0.963,0.244346095279206,0.0544542726622231,"N",0.968857488383184,0.241563302618239,0.0544273647350091,1
"10443",2003-08-24 08:45:25,23,1,0.3089,1.540253064885,0.326725635973338,"N",0.0289229740980828,0.946656569666761,0.320943609807209,1
"10444",2003-08-24 08:45:25,23,3,0.7957,0.371755130674792,0.159697626557481,"N",0.919835840420875,0.358629008166065,0.159019688023364,1
"10447",2003-08-24 08:45:25,23,1,0.7971,0.371231531899194,0.288851991205062,"N",0.893274871741971,0.347734614073125,0.284851964518029,1
"10443a",2003-08-25 09:07:34,23,2,0.3621,1.2938125745034,0.410152374218667,"N",0.250775226256553,0.882105983387044,0.398749068925246,1
"10441a",2003-08-26 10:07:24,23,1,0.2192,0.705811149506507,0.311192205630589,"N",0.724530096770889,0.617496151940882,0.306193796820526,1
"10446",2003-08-26 10:07:24,23,3,0.9082,6.07392032986547,-0.393571746324721,"S",0.903397046771539,-0.191858179976256,-0.383489523534424,1
"10448",2003-08-26 10:07:24,23,6,0.9263,5.90706685337481,0.319395253114962,"N",0.883058150294806,-0.348736348540662,0.313992455967405,1
"10441b",2003-08-28 06:23:58,23,2,0.557,0.963072681250471,0.335975881008908,"N",0.539074989303861,0.775049827000335,0.329690645262787,1
"10449",2003-08-28 06:23:58,23,158,0.9781,5.36828371328416,-0.261973920724349,"S",0.589060239809273,-0.765462894545902,-0.258987627019613,1
"10441m",2003-08-29 07:58:50,23,16,0.8643,1.15156824046586,-0.176801853227026,"S",0.400710008395211,0.899164582030094,-0.175882186689149,1
"10450",2003-08-29 07:58:50,23,47,0.9781,5.13179159963893,-0.306130750799805,"S",0.38828218826911,-0.87086860857985,-0.301371546206916,1
"10452",2003-08-29 07:58:50,23,6,0.398,6.12348768062211,-0.12932889757278,"S",0.979030347303168,-0.157691661847056,-0.128968673883822,1
"10442m",2003-08-30 07:54:30,23,1,0.3219,0.0907571211037051,-0.154810704651897,"S",0.98397435468448,0.0895486812901559,-0.154193070539683,1
"10444a",2003-08-30 07:54:30,23,1,0.15,0.0682423737529783,0.165282680163863,"N",0.984075998691536,0.0672601251525949,0.16453116532655,1
"10449a",2003-08-31 06:17:05,23,1,0.8201,5.16791991515521,-0.393746279249921,"S",0.406274268260496,-0.829308961826205,-0.383650706742656,1
"10444c",2003-09-01 08:57:57,23,0,0.768,0.324282175020546,0.329692695701729,"N",0.896828670716529,0.301467726229439,0.323752290220279,1
"10448m",2003-09-02 14:03:54,23,2,0.9465,0.401076662108297,-0.0401425727958696,"S",0.919899515223845,0.390095271849145,-0.0401317925325597,1
"10449m",2003-09-03 06:15:51,23,1,0.38,5.59028959413784,-0.131248759749974,"S",0.762782133157443,-0.633273928014131,-0.130872263804572,1
"10453",2003-09-03 06:15:51,23,6,0.5812,5.65032892040644,-0.386066830541146,"S",0.746992443205847,-0.547918013716918,-0.376547659716359,1
"10454",2003-09-03 06:15:51,23,1,0.7442,4.51900649926372,-0.182561439758607,"S",-0.188985760769337,-0.965051464122079,-0.181549039717282,1
"10450a",2003-09-04 04:54:33,23,0,0.3347,5.31592383572433,-0.120602251312808,"S",0.563433855849609,-0.81735412674896,-0.120310105846879,1
"10450b",2003-09-05 05:06:31,23,0,0.3492,5.00612789349533,-0.192858882345373,"S",0.284165152755163,-0.939422419040313,-0.191665553932055,1
"10454m",2003-09-06 06:51:45,23,0,0.1426,4.74537570324738,0.128979831722381,"N",0.0327067905573978,-0.991154132512697,0.128622515347966,1
"10455",2003-09-06 06:51:45,23,4,0.7715,3.83745542635993,-0.325503905496942,"S",-0.727199209477543,-0.607386244627489,-0.319786271707452,1
"10450c",2003-09-07 08:09:00,23,1,0.6795,5.03056250302326,-0.198443935951755,"S",0.306692800413479,-0.931167950417271,-0.197144044521352,1
"10454a",2003-09-07 08:09:00,23,1,0.5508,4.50137867381858,-0.43720497762458,"S",-0.189746949188654,-0.885844744330618,-0.423409003465232,1
"10456",2003-09-07 08:09:00,23,1,0.5348,3.85421058717908,-0.1232202451908,"S",-0.750915869507763,-0.648859627485034,-0.122908668292287,1
"10457",2003-09-07 08:09:00,23,1,0.7102,3.62592152101822,-0.169995069144248,"S",-0.872231072645116,-0.458902966900792,-0.169177489288622,1
"10456a",2003-09-08 09:28:19,23,2,0.1674,4.03886642204008,0.264242848751941,"N",-0.602093390221308,-0.754499406981149,0.261178472154399,1
"10458",2003-09-08 09:28:19,23,4,0.6171,3.50060688072503,-0.123394778115999,"S",-0.929124921021882,-0.348679986417551,-0.123081876033547,1
"10457m",2003-09-09 08:40:55,23,1,0.2003,3.72243822865351,0.0204203522483337,"N",-0.835824659686945,-0.54861662883153,0.0204189330948005,1
"10458m",2003-09-10 11:31:34,23,4,0.4743,3.48821504303587,-0.340862802914493,"S",-0.886413878363955,-0.320177595386234,-0.334300379384261,1
"10461m",2003-09-10 11:31:34,23,1,0.5183,3.08993090773076,0.193382481120972,"N",-0.980050505041812,0.0506762119995209,0.192179419045508,1
"10457a",2003-09-11 06:07:14,23,2,0.1557,3.34614524192353,0.236317580720032,"N",-0.951938108219168,-0.197483469920514,0.234124149177877,1
"10459",2003-09-13 15:26:00,23,4,0.8464,1.95337249883205,-0.210661240715716,"S",-0.365058782731475,0.907197072489348,-0.209106568087589,1
"10461",2003-09-14 08:26:04,23,1,0.1113,2.79287586904133,0.225496539357667,"N",-0.916018925348402,0.333041559121479,0.223590358248053,1
"10462m",2003-09-14 08:26:04,23,1,0.2907,2.90876573137375,-0.116413461108022,"S",-0.966432257373444,0.229167421805765,-0.116150698194064,1
"10460",2003-09-15 09:27:54,23,49,0.9832,1.09083078249646,0.296007841138238,"N",0.441666536615719,0.848433522920052,0.291704006861999,1
"10462",2003-09-15 09:27:54,23,4,0.3193,2.66162710929135,-0.155857902203094,"S",-0.876259130211148,0.456151630933056,-0.155227659644524,1
"10459b",2003-09-16 09:41:05,23,2,0.4949,1.75056523975031,0.169471470368649,"N",-0.176240703009827,0.969789947252182,0.168661414707728,1
"10462a",2003-09-16 09:41:05,23,2,0.4838,2.5251423617854,-0.309970475154193,"S",-0.777050430420506,0.550589694035963,-0.305030518808678,1
"10463",2003-09-17 10:17:48,23,109,0.981,0.646120889088301,0.164759081388265,"N",0.787613030404973,0.59394014781292,0.164014679685271,1
"10459m",2003-09-18 08:20:36,23,2,0.048,1.83660997187363,0.0818559419185341,"N",-0.261814837195791,0.961648349206867,0.0817645613444447,1
"10459a",2003-09-19 07:39:12,23,1,0.3722,1.98042510223797,0.120951317163207,"N",-0.39535921100508,0.91056744515868,0.120656628871498,1
"10459c",2003-09-19 07:39:12,23,0,0.2432,1.81130269771972,0.00401425727958696,"N",-0.238192534078631,0.971209659411525,0.00401424649846372,1
"10464",2003-09-20 08:28:03,23,765,0.9909,6.19015925804829,0.0685914396033771,"N",0.993334893219282,-0.092673502335186,0.0685376675848221,1
"10465",2003-09-21 13:15:16,23,25,0.9317,6.18055994716232,-0.0354301838154849,"S",0.994114356514855,-0.102381020778162,-0.0354227717080148,1
"10465m",2003-09-21 13:15:16,23,1,0.7825,0.213104701668508,-0.0888372589265114,"S",0.973524765939128,0.210661366236394,-0.0887204535526216,1
"10463a",2003-09-23 08:18:30,23,1,0.1286,0.794473875507819,0.0862192650485199,"N",0.698057592468383,0.710844735476514,0.0861124825014908,1
"10466",2003-09-23 08:18:30,23,188,0.9304,5.77948328505402,-0.10157816246607,"S",0.871287277172827,-0.480183086591276,-0.101403569899865,1
"10467",2003-09-23 08:18:30,23,21,0.8492,5.98822466359255,-0.192335283569775,"S",0.939170437905671,-0.285341795947341,-0.191151636272402,1
"10468",2003-09-23 08:18:30,23,3,0.1982,0.791332282854229,0.279078147393893,"N",0.675703016325798,0.683770388603394,0.27546957980398,1
"10463b",2003-09-24 09:10:14,23,1,0.2864,0.51399946471233,-0.155159770502296,"S",0.86032421567441,0.485757413928468,-0.154537952418617,1
"10463m",2003-09-25 07:42:29,23,1,0.3829,0.575784120232929,-0.0328121899374934,"S",0.838314128900241,0.544199566158133,-0.0328063024361232,1
"10464m",2003-09-25 07:42:29,23,1,0.3885,0.352905574753253,-0.251327412287183,"S",0.908891738222982,0.334767304574294,-0.248689887164855,1
"10469",2003-09-26 07:55:54,23,1,0.276,6.280043714526,-0.15707963267949,"S",0.98768346655255,-0.00310290933076376,-0.156434465040231,1
"10470",2003-09-29 09:09:20,23,13,0.7301,4.8324676329219,-0.258308729295161,"S",0.11581605780915,-0.959861503294177,-0.255445757935791,1
"10472",2003-09-29 09:09:20,23,1,0.6739,4.98780193634939,-0.352032910127256,"S",0.25526700981573,-0.903297876346826,-0.344806757890633,1
"10473",2003-09-29 09:09:20,23,174,0.9874,4.17500210369564,-0.131772358525572,"S",-0.507455124515895,-0.851601791943964,-0.131391341268698,1
"10474",2003-09-29 09:09:20,23,3,0.5598,5.10020114017783,-0.25237460983838,"S",0.366184552508606,-0.896413276145313,-0.249704048534459,1
"10471",2003-09-30 15:15:00,23,260,0.9798,3.92786348161324,-0.150621914447111,"S",-0.698490535411049,-0.699710696475877,-0.150053034552554,1
"10467a",2003-10-01 10:56:41,23,0,0.4608,5.44141300894272,0.45256387504213,"N",0.599080826951554,-0.670741915557546,0.437272735821978,1
"10470b",2003-10-01 10:56:41,23,1,0.2615,4.99460872043217,-0.129503430497979,"S",0.276156238591112,-0.952397050080198,-0.12914174726147,1
"10476",2003-10-01 10:56:41,23,1,0.4095,4.66474149180524,0.168947871593051,"N",-0.0469513240854092,-0.984643454916633,0.168145293887351,1
"10472m",2003-10-02 10:54:49,23,1,0.6082,5.31313130892114,-0.354825436930447,"S",0.530043644319098,-0.773529854695199,-0.347426681491439,1
"10475",2003-10-04 12:33:08,23,3,0.9536,3.2025046444844,-0.403869188911488,"S",-0.917842012784064,-0.0559768311865011,-0.392979177487582,1
"10471m",2003-10-05 14:40:30,23,4,0.6102,3.62103459911264,-0.30455995447301,"S",-0.846420238640812,-0.440055357376907,-0.299873410063503,1
"10477",2003-10-06 10:51:33,23,62,0.9846,2.58134196369961,-0.254119939090374,"S",-0.819916526544219,0.514332667508026,-0.251393708421155,1
"10477a",2003-10-08 15:26:00,23,5,0.8788,2.35026037073556,0.226194671058465,"N",-0.684993281983471,0.693171572859634,0.224270760949381,1
"10478",2003-10-08 15:26:00,23,6,0.2387,3.21070769196877,0.21223203704251,"N",-0.975229262729027,-0.0675105389437861,0.210642379991584,1
"10471n",2003-10-09 13:12:57,23,1,0.4448,3.58455721774595,-0.172613063022239,"S",-0.890058562081758,-0.42225020165785,-0.171757163649317,1
"10475a",2003-10-09 13:12:57,23,1,0.2797,2.94087978961045,0.156206968053492,"N",-0.967993611112837,0.196940526008357,0.155572484907457,1
"10479",2003-10-09 13:12:57,23,15,0.9812,1.81793494887729,0.411199571769864,"N",-0.224238614898817,0.888791091584188,0.399709193175298,1
"10473a",2003-10-11 11:16:59,23,33,0.9491,4.03607389523689,0.134041286553164,"N",-0.62030888189328,-0.772888848576376,0.133640258869072,1
"10480",2003-10-14 09:09:44,23,1,0.2207,2.19597326485927,0.308748744677797,"N",-0.557567370214301,0.772517704872738,0.303866785500598,1
"10480a",2003-10-15 10:02:41,23,1,0.3472,2.22232773656438,0.0603883921190038,"N",-0.605299456303017,0.793706646746389,0.0603516951698553,1
"10482",2003-10-16 10:26:32,23,5,0.9959,0.135263017029561,0.291469985083053,"N",0.949073645892245,0.129163254466989,0.287360519849712,1
"10481",2003-10-17 09:21:42,23,25,0.3003,1.59784893020081,-0.143989663289532,"S",-0.0267693810333497,0.989289274010988,-0.143492621991179,1
"10481a",2003-10-18 07:40:14,23,2,0.6899,1.96558980359601,0.144862327915529,"N",-0.380588994944773,0.91340752359475,0.144356201000973,1
"10482a",2003-10-18 07:40:14,23,2,0.8222,0.239633706298821,0.0497418836818384,"N",0.970223449882024,0.23705324777281,0.0497213738686579,1
"10483",2003-10-18 07:40:14,23,4,0.9008,0.108035880698449,-0.138753675533549,"S",0.984614974610528,0.106789543248928,-0.138308876162719,1
"10484",2003-10-18 07:40:14,23,352,0.9636,6.18387607274111,0.0849975345721238,"N",0.99148056062226,-0.0987881494099261,0.084895226275279,1
"10485",2003-10-20 15:26:00,23,9,0.9053,5.83812634792103,-0.0979129710368819,"S",0.898262219806765,-0.428449100794963,-0.0977565982213525,1
"10481c",2003-10-22 11:11:33,23,9,0.4826,0.740717734546393,-0.015707963267949,"S",0.737893365529256,0.674734511708697,-0.0157073173118207,1
"10486",2003-10-22 11:11:33,23,501,0.9963,5.08152611718149,-0.25865779514556,"S",0.348808152098099,-0.901614004778931,-0.25578322739462,1
"10481m",2003-10-23 08:22:29,23,1,0.7185,0.78801615727544,-0.212581102892909,"S",0.689377628864429,0.69299668462244,-0.210983601077342,1
"10481d",2003-10-24 11:26:21,23,7,0.8137,0.737925207743203,0.12932889757278,"N",0.733687109353695,0.66713589824328,0.128968673883822,1
"10485m",2003-10-24 11:26:21,23,3,0.5508,5.52169815453446,-0.106465084371654,"S",0.719712421740164,-0.686091813925773,-0.106264071336233,1
"10490",2003-10-24 11:26:21,23,3,0.9814,4.72390815344785,-0.235095850243636,"S",0.0112020561273752,-0.972427498883376,-0.232936200179235,1
"10487",2003-10-25 11:11:33,23,418,0.9775,4.47607139966466,0.197222205475359,"N",-0.22958557260358,-0.953360148846582,0.195946144242518,1
"10489",2003-10-25 11:11:33,23,14,0.5946,5.25675717408172,-0.162490153360672,"S",0.511055966118928,-0.844186180133402,-0.161776057456054,1
"10490m",2003-10-26 08:42:41,23,3,0.8791,4.60016430948145,-0.211010306566114,"S",-0.10950530935561,-0.971668751472976,-0.209447904343492,1
"10487m",2003-10-27 12:51:22,23,1,0.5743,4.75357875073176,0.12932889757278,"N",0.0408342320820228,-0.990807572966073,0.128968673883822,1
"10488",2003-10-27 12:51:22,23,597,0.2364,5.13353692889092,0.142767932813136,"N",0.404649129580459,-0.903335213563072,0.14228342794133,1
"10489a",2003-10-27 12:51:22,23,4,0.4158,5.24419080346736,-0.321315115292156,"S",0.4811348847749,-0.817783794408124,-0.315814642244616,1
"10491",2003-10-27 12:51:22,23,62,0.3102,5.11800349854817,-0.109606677025244,"S",0.392215674205146,-0.913346195762902,-0.109387346586516,1
"10492",2003-10-27 12:51:22,23,15,0.5259,5.66219715932,-0.383099770812755,"S",0.754347841607053,-0.539661829021607,-0.373797330327324,1
"10489m",2003-10-28 11:02:43,23,2,0.5322,5.32220702103151,-0.450644012864936,"S",0.515542002165088,-0.737913746895181,-0.43554534338772,1
"10493",2003-10-28 11:02:43,23,1,0.8028,4.24551340547621,-0.124616508592395,"S",-0.446608110348277,-0.886054254216978,-0.12429422494684,1
"10493m",2003-10-28 11:02:43,23,3,0.9294,3.97568550311788,-0.0968657734856853,"S",-0.668700361373488,-0.73721513732091,-0.096714362965784,1
"10495",2003-10-29 11:15:35,23,145,0.7251,4.25720711146457,-0.404567320612286,"S",-0.404135920495431,-0.825673439836363,-0.393621046838324,1
"10487n",2003-10-30 09:55:00,23,4,0.5776,4.08703750939512,0.10471975511966,"N",-0.582175481498516,-0.806316010698581,0.104528463267653,1
"10495m",2003-10-30 09:55:00,23,2,0.5236,4.45355665231393,-0.412072236395861,"S",-0.23452693995997,-0.885770673396816,-0.400508961926153,1
"10493n",2003-10-31 09:30:13,23,5,0.5371,3.95927940814914,-0.147305788868321,"S",-0.676504020307446,-0.721664610808676,-0.146773635283127,1
"10495n",2003-10-31 09:30:13,23,2,0.6622,3.84338954581671,-0.277681883992298,"S",-0.734429311348553,-0.620860641450027,-0.274127070042983,1
"10491m",2003-11-01 09:37:40,23,7,0.2062,4.42528231843162,-0.0249582083035189,"S",-0.283090315509492,-0.95876852807762,-0.0249556172556388,1
"10496m",2003-11-02 11:11:33,23,11,0.4096,3.63604443067979,-0.131946891450771,"S",-0.872577725602338,-0.470424204521078,-0.131564359092282,1
"10496",2003-11-03 09:59:00,23,8,0.2407,3.54860343515487,0.14172073526194,"N",-0.909101675215816,-0.391897287167986,0.141246806796367,1
"10498m",2003-11-04 09:03:19,23,1,0.784,2.79392306659252,-0.431968989868597,"S",-0.853808291032286,0.309411419197189,-0.418659737537428,1
"10498",2003-11-08 11:11:32,23,26,0.3603,2.96828145886676,-0.0609119908946021,"S",-0.983192390331809,0.172125069040408,-0.060874331219807,1
"10499",2003-11-08 11:11:32,23,22,0.3931,2.83616003449079,-0.279252680319093,"S",-0.916771573521363,0.289056966809966,-0.275637355816999,1
"10500",2003-11-09 10:12:26,23,48,0.339,2.6790804018113,-0.13857914260835,"S",-0.886354865245685,0.441920234020176,-0.138136018542801,1
"10501",2003-11-13 09:59:05,23,438,0.9924,0.0314159265358979,0.0630063859969953,"N",0.997523293685709,0.031348432411807,0.0629647070964145,1
"10502",2003-11-13 09:59:05,23,11,0.8853,0.394444410950718,0.0897099235525085,"N",0.919497769807569,0.382749979997163,0.0895896429900153,1
"10503",2003-11-14 09:45:07,23,2,0.5046,0.784525498771451,0.312239403181786,"N",0.673503751969229,0.672329290782187,0.307190528564429,1
"10504",2003-11-15 11:11:32,23,14,0.5012,1.53554067590461,0.080634211442138,"N",0.0351338196580838,0.996131426025181,0.0805468609026631,1
"10502a",2003-11-16 07:48:15,23,2,0.1994,0.650484212218287,0.168947871593051,"N",0.784460376472836,0.596949811866653,0.168145293887351,1
"10505",2003-11-17 11:11:32,23,18,0.9287,5.70007080408828,-0.379434579383567,"S",0.775379396858039,-0.511462701351009,-0.370395324018531,1
"10504m",2003-11-18 14:25:32,23,10,0.9042,1.41877814894619,0.0684169066781777,"N",0.151079060768637,0.986154928622028,0.0683635440256687,1
"10506",2003-11-18 14:25:32,23,225,0.9796,5.24122374373897,-0.395840674352314,"S",0.465513885005562,-0.796631538270017,-0.385583992277397,1
"10507",2003-11-18 14:25:32,23,1163,0.9845,5.17804282481678,0.155159770502296,"N",0.443613137098762,-0.882794090292666,0.154537952418617,1
"10508",2003-11-19 10:21:22,23,358,0.9893,4.97977342179022,-0.316777259236971,"S",0.251063775666095,-0.916477562012591,-0.311505792684088,1
"10507a",2003-11-21 09:37:40,23,1,0.7982,5.01136388125132,0.189717289691784,"N",0.28925596576968,-0.938492457543437,0.188581264712934,1
"10508a",2003-11-21 09:37:40,23,2,0.9258,4.76300352869252,-0.193731546971371,"S",0.0496464809470774,-0.980035978591893,-0.192521966525907,1
"10511",2003-11-22 11:47:40,23,5,0.9558,4.42545685135682,-0.240506370924819,"S",-0.27486534369826,-0.931510840129828,-0.238194453239908,1
"10509",2003-11-23 11:25:19,23,81,0.9688,4.14358617715974,-0.180990643431812,"S",-0.529825783148547,-0.828784142559468,-0.180004123711086,1
"10510",2003-11-23 11:25:19,23,19,0.9838,4.08878283864712,-0.364424747816416,"S",-0.545616650347144,-0.758467562639335,-0.356411878713251,1
"10505b",2003-11-24 11:11:32,23,6,0.4225,5.65783383619002,0.0614355896702004,"N",0.809227872163737,-0.584277900808117,0.0613969505807155,1
"10512",2003-11-25 14:38:32,23,35,0.5939,4.33068547297353,0.0937241808320955,"N",-0.370867045042797,-0.923958388443398,0.0935870254164704,1
"10506m",2003-11-26 11:47:54,23,1,0.6897,5.25169571925094,-0.570722665402146,"S",0.432150500580642,-0.72207086977533,-0.540240320477655,1
"10507b",2003-11-26 11:47:54,23,2,0.1829,4.92915887348239,0.0818559419185341,"N",0.214356091360891,-0.973327294698259,0.0817645613444447,1
"10508b",2003-11-26 11:47:54,23,2,0.4976,5.19828864413991,-0.24923301718479,"S",0.45257453780264,-0.856933348303154,-0.246660747381238,1
"10513",2003-11-26 11:47:54,23,109,0.9761,3.40705723281813,0.207694180987325,"N",-0.944232519029024,-0.256719270669377,0.20620418539663,1
"10509a",2003-11-28 07:48:00,23,4,0.4223,4.00605423210258,-0.266686309704734,"S",-0.626105556047903,-0.733853139442327,-0.263536339840613,1
"10515",2003-11-28 07:48:00,23,16,0.9728,3.00231537928065,-0.053232542185827,"S",-0.988913788478135,0.138630772285322,-0.0532074048737362,1
"10516",2003-11-28 07:48:00,23,154,0.9839,2.96199827355958,-0.293389847260247,"S",-0.941872542190288,0.170997439182326,-0.289198876313672,1
"10517",2003-11-30 11:11:32,23,508,0.9822,2.45986704776081,-0.115191730631626,"S",-0.771340554559371,0.625957826317894,-0.114937150492867,1
"10510c",2003-12-01 10:03:16,23,3,0.791,4.42493325258122,-0.462512251778497,"S",-0.253725766358355,-0.858213695452298,-0.446197813109809,1
"10518",2003-12-01 10:03:16,23,15,0.7435,2.86652876347549,-0.378736447682769,"S",-0.894204477282284,0.252360235167518,-0.369746757273829,1
"10515a",2003-12-03 11:11:32,23,29,0.1837,3.06252923847445,-0.148003920569119,"S",-0.985977666497174,0.0781176010699702,-0.147464170468155,1
"10518m",2003-12-05 08:21:44,23,1,0.5667,3.01837240839899,-0.52028265001951,"S",-0.86109994990948,0.106645233747921,-0.497125407100404,1
"10516m",2003-12-09 09:26:04,23,1,0.7957,2.70421314304001,0.00383972435438753,"N",-0.905858047577508,0.423563990712625,0.00383971491924261,1
"10520",2003-12-10 08:42:55,23,124,0.9898,0.14154620233674,0.0371755130674792,"N",0.989315030880282,0.140976549269161,0.0371669507830106,1
"10521",2003-12-10 08:42:55,23,143,0.9898,0.139800873084746,-0.203854456632938,"S",0.969739317604978,0.13646057182324,-0.202445469765826,1
"10522",2003-12-11 11:11:32,23,11,0.3655,1.58109376938166,0.254643537865973,"N",-0.00996520638563408,0.967701841621445,0.251900457292469,1
"10527",2003-12-13 10:09:07,23,2,0.4193,0.495848040491589,-0.247138622082397,"S",0.852841153668328,0.461321875205517,-0.244630525622907,1
"10522a",2003-12-15 09:54:26,23,2,0.699,1.15750235992264,0.156556033903891,"N",0.396716259480074,0.904602679503281,0.155917291214355,1
"10522b",2003-12-16 09:43:09,23,4,0.8455,1.17146499393859,-0.184830367786199,"S",0.382180072243651,0.905628720823355,-0.183779793230083,1
"10523",2003-12-16 09:43:09,23,27,0.9887,5.04295434071242,-0.292866248484649,"S",0.31075741454792,-0.905584627876195,-0.288697611797925,1
"10524",2003-12-16 09:43:09,23,2,0.9615,5.1707124419584,-0.146258591317125,"S",0.437721347095397,-0.887220685927886,-0.145737698481356,1
"10525",2003-12-16 09:43:09,23,10,0.9759,5.11730536684737,0.164235482612666,"N",0.388640885760547,-0.906767123997768,0.163498149078437,1
"10526",2003-12-17 10:09:26,23,38,0.7463,0.753458638085952,0.210835773640915,"N",0.713176993113665,0.669015406071642,0.209277239403015,1
"10528",2003-12-18 16:32:00,23,271,0.9623,4.63943421765133,0.149923782746313,"N",-0.0720724173873036,-0.986152285097799,0.149362770623538,1
"10529",2003-12-19 11:09:33,23,13,0.1975,5.71630236613183,0.170344134994647,"N",0.831369396495844,-0.529232825054638,0.169521513250746,1
"10530",2003-12-20 08:21:19,23,20,0.9922,4.11007585552145,-0.361806753938424,"S",-0.529870947732924,-0.770678821492434,-0.353964592652494,1
"10524a",2003-12-21 10:08:21,23,1,0.1499,5.16879257978121,0.0345575191894877,"N",0.440459544937995,-0.89710737509711,0.0345506413744723,1
"10531",2003-12-21 10:08:21,23,7,0.0968,5.30091400415718,0.0678933079025794,"N",0.553855844524077,-0.829844130170064,0.0678411608745894,1
"10532",2003-12-24 10:00:18,23,13,0.4163,4.2167154728183,-0.194080612821769,"S",-0.466694555444309,-0.863133523971966,-0.192864490548089,1
"10532m",2003-12-24 10:00:18,23,5,0.208,4.5561820123312,-0.231605191739647,"S",-0.15141857403382,-0.96144876867523,-0.229540150410443,1
"10523c",2003-12-26 09:01:58,23,0,0.5129,4.69860087929393,-0.116413461108022,"S",-0.0136943438167256,-0.993137191054922,-0.116150698194064,1
"10530a",2003-12-26 09:01:58,23,0,0.4489,3.87009308337223,-0.403869188911488,"S",-0.686141955023886,-0.612189989804786,-0.392979177487582,1
"10528m",2003-12-27 08:05:37,23,1,0.3218,3.79207686580808,0.246615023306799,"N",-0.771713483459981,-0.5872498249532,0.24412280216829,1
"10532n",2003-12-27 08:05:37,23,1,0.1215,4.04375334394566,-0.112050137978036,"S",-0.616028466635181,-0.779747492218127,-0.111815815852006,1
"10530c",2003-12-28 09:31:41,23,7,0.3922,3.97324204216509,-0.34470252726888,"S",-0.634030476374249,-0.695570015686777,-0.337916718003327,1
"10533",2003-12-28 09:31:41,23,3,0.8616,2.69897715528403,0.252200076913181,"N",-0.875048743016941,0.414755302370543,0.249535040625542,1
"10534",2004-01-01 06:17:30,23,91,0.6063,2.16298654199657,-0.0935496479068961,"S",-0.555738941959245,0.826092120645689,-0.0934132570737506,1
"10535",2004-01-01 06:17:30,23,8,0.5405,3.30949332763165,-0.348716784548467,"S",-0.926596093377937,-0.157054713846543,-0.341692107891483,1
"10536",2004-01-01 06:17:30,23,437,0.9935,1.35280470322081,-0.193033415270573,"S",0.212252410066879,0.958200155558953,-0.19183684814863,1
"10536n",2004-01-04 08:43:44,23,5,0.4419,1.65788825646941,-0.183085038534205,"S",-0.0855281184000756,0.979559938328594,-0.182063912362179,1
"10537",2004-01-06 09:01:32,23,275,0.9964,0.157777764380287,0.0502654824574367,"N",0.986331533060628,0.156925509019155,0.0502443181797696,1
"10538",2004-01-07 17:56:00,23,8,0.2195,1.19869213026971,0.117809724509617,"N",0.3610562842523,0.92510719368123,0.117537397457838,1
"10539",2004-01-07 17:56:00,23,11,0.5548,0.777195115913075,0.153414441250302,"N",0.704510589240709,0.693046108140568,0.152813355564627,1
"10540",2004-01-12 16:45:00,23,226,0.9825,5.07698826112631,-0.20926497731412,"S",0.348795860270993,-0.913884641399336,-0.207740968689917,1
"10536m",2004-01-13 11:59:52,23,2,0.9155,1.12556283461114,0.194080612821769,"N",0.422582990594886,0.885565866745952,0.192864490548089,1
"10541",2004-01-14 12:47:32,23,12,0.2792,5.77093117171925,-0.15690509975429,"S",0.860934301095927,-0.484122187068592,-0.156262078523203,1
"10544",2004-01-15 12:01:32,23,60,0.9694,4.5231952894685,0.19076448724298,"N",-0.184655417471602,-0.964339456820448,0.18960956942526,1
"10542",2004-01-16 10:13:29,23,1,0.827,4.67486440146681,0.191811684794177,"N",-0.0368277515698267,-0.98096941692251,0.190637666207445,1
"10542o",2004-01-16 10:13:29,23,2,0.5556,5.05272818452358,0.103847090493663,"N",0.332008553211962,-0.937563231544939,0.103660539498455,1
"10543",2004-01-16 10:13:29,23,1,0.8046,4.68394011357718,-0.292691715559449,"S",-0.0272352823963518,-0.957083270401497,-0.288530506030758,1
"10540m",2004-01-17 11:11:32,23,6,0.5751,4.85864757170181,-0.446629755585349,"S",0.131441985356741,-0.892278494200236,-0.431928342752866,1
"10540n",2004-01-17 11:11:32,23,3,0.4336,5.37753395831973,-0.528136631653484,"S",0.533081860060915,-0.679620180544367,-0.503924737109459,1
"10542m",2004-01-17 11:11:32,23,5,0.2994,5.23755855230978,0.185528499486997,"N",0.492755846468399,-0.850390483618916,0.184465989118858,1
"10543o",2004-01-18 09:44:44,23,2,0.9296,3.96207193495233,-0.365995544143211,"S",-0.63670900265338,-0.683025776119503,-0.357879078875096,1
"10543p",2004-01-22 12:46:13,23,2,0.5854,3.66815848891648,-0.438426708100976,"S",-0.782770633504431,-0.455034861906647,-0.424515500038186,1
"10544o",2004-01-24 12:47:32,23,5,0.2659,3.83239397152915,-0.346796922371273,"S",-0.724850889574719,-0.599222746267087,-0.339887169865042,1
"10544t",2004-01-26 13:24:32,23,6,0.52,3.52888121460734,0.391302818297129,"N",-0.855947714600315,-0.349131533895145,0.381393080575041,1
"10545",2004-01-26 13:24:32,23,5,0.5004,2.80631490428168,-0.345400658969678,"S",-0.888547362622247,0.309598827137689,-0.338573700413982,1
"10545n",2004-01-27 10:29:14,23,1,0.5738,2.59006860995959,0.269129770657526,"N",-0.821067020677191,0.505123801356075,0.265892634083515,1
"10547m",2004-01-28 11:24:44,23,1,0.3915,2.44136655768967,-0.0628318530717959,"S",-0.76318755886911,0.643119040803992,-0.0627905195293134,1
"10546",2004-01-29 12:50:17,23,34,0.9553,1.31789811818092,-0.204552588333735,"S",0.244994618323533,0.948006438403224,-0.203129096238182,1
"10547",2004-01-29 12:50:17,23,1,0.593,1.96384447434402,-0.171565865471043,"S",-0.377382857019573,0.910184050262322,-0.170725434179618,1
"10545m",2004-01-30 13:02:59,23,1,0.27,2.63160744615705,-0.172962128872638,"S",-0.859729665593567,0.480880584964421,-0.172101031672242,1
"10547n",2004-01-31 12:47:32,23,5,0.0774,2.20120925261525,-0.0649262481741891,"S",-0.588236350756279,0.806082190516306,-0.0648806425782695,1
"10549",2004-01-31 12:47:32,23,190,0.9717,0.833394717827292,0.240855436775218,"N",0.652958455373207,0.718851198212984,0.238533457578581,1
"10549m",2004-01-31 12:47:32,23,10,0.6226,1.49435090555755,0.0954695100840898,"N",0.0760232117569088,0.992539017478631,0.0953245511750099,1
"10549n",2004-01-31 12:47:32,23,4,0.6716,1.48736958854957,0.250978346436785,"N",0.0807192604258427,0.965300884690987,0.248351772715845,1
"10545o",2004-02-01 09:40:40,23,1,0.7035,2.70857646617,-0.302989158146216,"S",-0.866357298118388,0.400496778326584,-0.29837453401226,1
"10550",2004-02-01 09:40:40,23,2,0.1258,1.81968027812929,-0.146433124242324,"S",-0.243686263335459,0.958815503749281,-0.145910365744226,1
"10551",2004-02-02 08:52:46,23,3,0.9454,0.472460628514865,-0.126361837844389,"S",0.88335160264623,0.451450369756808,-0.126025829688909,1
"10552",2004-02-02 08:52:46,23,9,0.4652,1.232202451908,-0.140499004785544,"S",0.328888095891428,0.933928368484279,-0.140037219771041,1
"10553",2004-02-04 14:23:32,23,3,0.2986,0.896401103824288,-0.100181899064475,"S",0.621294174914835,0.777168364606521,-0.100014405321035,1
"10551n",2004-02-08 10:09:23,23,3,0.1758,0.311366738555788,0.0631809189221947,"N",0.950016434876259,0.305748677328089,0.063138892745501,1
"10554",2004-02-08 10:09:23,23,282,0.9425,5.36915637791016,-0.165806278939461,"S",0.602186460074597,-0.781108670482209,-0.165047605860678,1
"10555",2004-02-09 10:12:44,23,11,0.9734,5.02270852138928,-0.251152879361984,"S",0.295782642148041,-0.922361113560349,-0.248520833725539,1
"10556",2004-02-09 10:12:44,23,1,0.8402,5.45694643928547,0.280998009571087,"N",0.651068571010432,-0.706545326858947,0.277314653302378,1
"10556m",2004-02-11 13:18:32,23,3,0.7346,5.19881224291551,0.35395277230445,"N",0.43848872254375,-0.829210687576808,0.346608245444836,1
"10554m",2004-02-12 08:59:54,23,18,0.2022,5.89746754248884,-0.172613063022239,"S",0.912759783931623,-0.37063331416946,-0.171757163649317,1
"10558",2004-02-13 12:44:52,23,29,0.6553,4.72792241072744,-0.287979326579064,"S",0.0148931606238229,-0.958704061605741,-0.284015344703923,1
"10559",2004-02-13 12:44:52,23,1,0.4618,5.83690461744464,0.143116998663535,"N",0.892836203075608,-0.427200774516574,0.142628933705512,1
"10556n",2004-02-14 08:40:32,23,2,0.4913,4.79564118570482,0.128979831722381,"N",0.0824653440608078,-0.988258931441803,0.128622515347966,1
"10560",2004-02-14 08:40:32,23,2,0.7648,4.37484230304899,-0.300196631343025,"S",-0.316362601129797,-0.901371984113959,-0.295708050044047,1
"10561",2004-02-15 14:26:04,23,40,0.9381,3.75175976008701,0.0200712863979348,"N",-0.819387201072776,-0.57288900519677,0.020069938783589,1
"10560o",2004-02-19 12:47:32,23,3,0.2875,4.10100014341108,-0.408407044966673,"S",-0.526795986858462,-0.751504851078264,-0.397147890634781,1
"10561m",2004-02-19 12:47:32,23,5,0.3005,3.74617470648063,-0.0987856356628791,"S",-0.818728607014571,-0.565647035177428,-0.0986250457590038,1
"10562",2004-02-19 12:47:32,23,14,0.9815,2.65674018738577,-0.20926497731412,"S",-0.865442039830041,0.455909821809745,-0.207740968689917,1
"10563",2004-02-19 12:47:32,23,39,0.9881,2.60106418424715,-0.411199571769864,"S",-0.785962637223636,0.471694067992825,-0.399709193175298,1
"10564",2004-02-21 11:08:33,23,52,0.7769,2.79566839584452,0.236666646570431,"N",-0.914538644326639,0.329614829213917,0.234463499068562,1
"10565",2004-02-23 10:58:22,23,127,0.6608,2.4315927138785,-0.0820304748437335,"S",-0.755811837515673,0.649641860623734,-0.0819385086300409,1
"10565m",2004-02-23 10:58:22,23,33,0.6629,2.45829625143401,0.0757472895365539,"N",-0.773272044410119,0.629542420032027,0.075674875051195,1
"10567",2004-02-26 07:59:33,23,19,0.9504,1.21858888374244,-0.238935574598024,"S",0.335170120085542,0.911947902096728,-0.23666857514934,1
"10565o",2004-02-27 15:58:33,23,50,0.1761,2.2174408146588,-0.297927703315432,"S",-0.575969190773959,0.762950757114962,-0.293539832896486,1
"10567m",2004-02-29 12:47:33,23,2,0.6859,1.07041043024812,0.197745804250958,"N",0.470414480011271,0.860298701571309,0.196459565993732,1
"10567n",2004-02-29 12:47:33,23,13,0.2182,1.96244821094242,-0.198094870101356,"S",-0.374250634296666,0.906203899493191,-0.196801817247394,1
"10567s",2004-03-03 13:45:18,23,1,0.2828,0.824144472791722,0.0370009801422798,"N",0.678720269013042,0.73346461985011,0.036992537882612,1
"10567u",2004-03-03 13:45:18,23,2,0.4184,0.811229036326964,0.226020138133266,"N",0.671093688382308,0.706690986847165,0.224100670508613,1
"10569",2004-03-04 08:27:56,23,4,0.6101,0.219911485751285,-0.200712863979348,"S",0.956324944677344,0.213763951390537,-0.199367934417197,1
"10569m",2004-03-04 08:27:56,23,2,0.3649,0.504574686751561,-0.10768681484805,"S",0.870309416846616,0.480634815102687,-0.107478804697994,1
"10570",2004-03-05 07:59:20,23,305,0.9979,5.40860081900523,-0.225671072282867,"S",0.625054631825953,-0.747822144415004,-0.223760469152767,1
"10569n",2004-03-07 06:48:35,23,2,0.1958,0.0380481776934764,-0.234397718542838,"S",0.971950448584193,0.0369987990413133,-0.232257215962145,1
"10569o",2004-03-07 06:48:35,23,1,0.2607,0.269827902358323,0.127758101245985,"N",0.955961706362733,0.264393068174767,0.127410837330209,1
"10569p",2004-03-09 15:29:00,23,29,0.9537,0.930435024238177,-0.0710349005561692,"S",0.595978393046092,0.799857661990399,-0.0709751757831599,1
"10570m",2004-03-10 12:38:02,23,2,0.3095,5.43478075778514,-0.0579449311662117,"S",0.660071251185812,-0.74896734540821,-0.0579125104806944,1
"10571",2004-03-10 12:38:02,23,5,0.1772,5.85069271853539,-0.26773350725593,"S",0.875577205460761,-0.40420263906914,-0.264546373717478,1
"10570n",2004-03-11 07:56:51,23,1,0.7003,4.77696616270848,-0.156381500978692,"S",0.0637448406134071,-0.985738365084353,-0.155744890433036,1
"10571m",2004-03-11 07:56:51,23,4,0.5671,6.15787066688639,-0.234397718542838,"S",0.96502722587625,-0.121569070700994,-0.232257215962145,1
"10572",2004-03-11 07:56:51,23,6,0.5062,5.26914901177088,0.319569786040162,"N",0.501683851217525,-0.805988812390408,0.314158157190057,1
"10573",2004-03-12 07:32:42,23,89,0.9768,3.95945394107434,-0.216944426022895,"S",-0.667755275911412,-0.712581053165147,-0.215246682117339,1
"10570o",2004-03-14 08:14:11,23,1,0.2167,4.66596322228164,-0.220784150377283,"S",-0.045282549664086,-0.974674697284334,-0.218994806261726,1
"10573n",2004-03-16 08:02:38,23,1,0.3601,4.37938015910417,0.241204502625616,"N",-0.31742493398324,-0.917704403448507,0.238872432852676,1
"10574",2004-03-16 08:02:38,23,14,0.9837,3.0169761449974,-0.0410152374218667,"S",-0.991410920683646,0.124189692640831,-0.0410037387439451,1
"10575",2004-03-17 09:43:13,23,1,0.2151,4.07569286925716,-0.323584043319749,"S",-0.563686545695202,-0.762335030004195,-0.317966633832411,1
"10576",2004-03-17 09:43:13,23,1,0.5217,4.69109596351036,-0.297229571614634,"S",-0.0203578124350021,-0.955934791603998,-0.292872384621498,1
"10577",2004-03-17 09:43:13,23,142,0.9975,2.66494323487014,-0.00628318530717959,"S",-0.888519630709535,0.45879558405209,-0.00628314396555895,1
"10573o",2004-03-18 08:08:07,23,2,0.2098,3.78143035737091,-0.259704992696756,"S",-0.775291761778191,-0.577043136769678,-0.256795448608188,1
"10578",2004-03-19 07:07:00,23,189,0.957,2.49721709375349,0.25534166956677,"N",-0.773553688560508,0.581222889741374,0.252576015003639,1
"10577m",2004-03-21 06:54:14,23,2,0.93,2.05948851735331,-0.229685329562454,"S",-0.457142340314858,0.859759697860513,-0.227671128222824,1
"10577n",2004-03-24 10:14:44,23,1,0.0737,2.47243341837517,-0.137008346281555,"S",-0.776993431862289,0.614513693953276,-0.136580111241574,1
"10581",2004-03-24 10:14:44,23,192,0.9978,1.03742370738543,-0.0699877030049726,"S",0.507195647355205,0.858989108907385,-0.0699305804525552,1
"10578m",2004-03-25 16:24:00,23,37,0.6432,2.90841666552335,0.124092909816797,"N",-0.965455883610687,0.229291883858372,0.123774669452943,1
"10582",2004-03-25 16:24:00,23,387,0.9709,0.971275728734844,0.25534166956677,"N",0.545952199770381,0.798837625685448,0.252576015003639,1
"10584",2004-03-25 16:24:00,23,36,0.7822,1.35193203859481,-0.235270383168836,"S",0.211139749691176,0.949253197095003,-0.233105928507328,1
"10584m",2004-03-25 16:24:00,23,1,0.452,1.81147723064491,-0.293215314335047,"S",-0.228190465497673,0.929725621789033,-0.289031796944472,1
"10574a",2004-03-26 05:04:44,23,54,0.7217,2.89916642048778,0.129677963423179,"N",-0.96260750826074,0.238042986077179,0.129314816705236,1
"10585",2004-03-26 05:04:44,23,38,0.9527,0.854164135926025,-0.262846585350346,"S",0.634289035542012,0.728124696180414,-0.259830418164165,1
"10587",2004-03-28 10:12:21,23,34,0.9852,0.206821516361328,-0.243473430653209,"S",0.949823582590425,0.199293695332886,-0.241075060833039,1
"10588",2004-04-01 11:02:19,23,74,0.9956,5.48260277928979,-0.229161730786855,"S",0.678085746460578,-0.698997487416101,-0.227161248968612,1
"10587n",2004-04-03 07:07:41,23,1,0.2611,0.345226126044478,0.141022603561142,"N",0.931657450976345,0.335050005416555,0.140555639910411,1
"10589",2004-04-04 14:05:21,23,10,0.9575,5.01049121662532,0.174532925199433,"N",0.289244608311142,-0.941373394013177,0.17364817766693,1
"10587m",2004-04-07 06:43:55,23,11,0.883,0.442440965380563,-0.154112572951099,"S",0.892998632195988,0.423072328324981,-0.153503250459965,1
"10588m",2004-04-10 12:47:33,23,8,0.356,5.21294940985666,-0.27995081201989,"S",0.461233641192442,-0.843159065458747,-0.276308375854034,1
"10591",2004-04-12 14:05:52,23,21,0.1799,4.34848783134387,-0.265988178003936,"S",-0.343405962881734,-0.901651529574839,-0.262862823298812,1
"10592",2004-04-13 20:09:00,23,9,0.8753,3.05519885561607,-0.191986217719376,"S",-0.97796608362911,0.0847010422281504,-0.190808995376545,1
"10592m",2004-04-13 20:09:00,23,5,0.7133,3.33008821280518,-0.139800873084746,"S",-0.972703823872565,-0.185553178140704,-0.139345933222229,1
"10593",2004-04-14 13:29:17,23,5,0.7516,3.12466295984545,-0.338070276111302,"S",-0.943261255470866,0.0159706500119672,-0.331667216145522,1
"10594",2004-04-14 13:29:17,23,69,0.9668,2.68693438344527,0.243473430653209,"N",-0.871913839938792,0.426203086295181,0.241075060833039,1
"10598",2004-04-15 14:30:43,23,4,0.7623,2.85082080020754,-0.114842664781227,"S",-0.951712213241862,0.284803275015255,-0.114590390988349,1
"10595",2004-04-16 05:59:12,23,16,0.9827,2.18201063084331,-0.111701072127637,"S",-0.570285982916043,0.813848004754121,-0.111468932206325,1
"10596",2004-04-17 12:47:33,23,87,0.9832,1.87989413732309,-0.141895268187139,"S",-0.301142046675511,0.943034446835208,-0.141419587774455,1
"10594m",2004-04-18 11:16:30,23,1,0.2778,2.86757596102668,0.112050137978036,"N",-0.956654657021507,0.26890349667569,0.111815815852006,1
"10597",2004-04-20 08:14:21,23,18,0.7665,3.50235220997702,-0.109781209950443,"S",-0.929996581726915,-0.35086006098552,-0.109560830507487,1
"10596n",2004-04-22 07:27:48,23,4,0.5302,1.62001461170114,-0.177325452002624,"S",-0.0484269353981292,0.983127010599988,-0.176397599067212,1
"10596o",2004-04-23 07:19:15,23,5,0.3986,1.81182629649531,0.299498499642227,"N",-0.22807698503144,0.927864029443273,0.295041067928281,1
"10599",2004-04-24 15:08:00,23,157,0.7668,0.831300322724899,0.259181393921158,"N",0.651406927203449,0.714132181329519,0.256289373132997,1
"10599m",2004-04-25 12:01:04,23,2,0.4195,1.17931897557257,0.26476644752754,"N",0.368258634319889,0.892136276025339,0.261683861268689,1
"10596m",2004-04-27 14:32:00,23,1,0.571,1.54740891481817,0.0371755130674792,"N",0.0233691224085271,0.999035786089442,0.0371669507830106,1
"10602",2004-04-29 08:41:05,23,7,0.532,1.08454759718928,-0.256737932968366,"S",0.451995816390909,0.855114601746544,-0.253926760789337,1
"10601",2004-04-30 08:45:08,23,23,0.2396,0.539830337641846,-0.165108147238664,"S",0.84613037711334,0.507000494345941,-0.164359008451038,1
"10603",2004-05-01 07:46:57,23,27,0.4978,0.583289036016505,-0.268955237732326,"S",0.80464898724498,0.530971337539351,-0.265724379832376,1
"10604m",2004-05-01 07:46:57,23,5,0.9488,5.12481028263095,-0.263021118275545,"S",0.387043840610329,-0.884645471393289,-0.259998952668951,1
"10599o",2004-05-02 15:02:00,23,3,0.4183,0.218689755274889,0.00191986217719376,"N",0.976180746738911,0.216950371813489,0.0019198609978,1
"10604",2004-05-02 15:02:00,23,6,0.9389,4.86021836802861,-0.339641072438097,"S",0.138877411245505,-0.932590486212986,-0.333148690033106,1
"10605",2004-05-02 15:02:00,23,3,0.565,5.49726354500654,-0.240331837999619,"S",0.686424162005612,-0.687143360344239,-0.238024940184263,1
"10604o",2004-05-06 12:47:32,23,2,0.2864,5.11381470834339,-0.343655329717683,"S",0.367884831172615,-0.866682349868678,-0.336930935681487,1
"10605p",2004-05-06 12:47:32,23,5,0.2223,5.25361558142813,-0.272969495011913,"S",0.496112636568103,-0.825343755088749,-0.269592169347421,1
"10606",2004-05-07 14:19:15,23,393,0.9962,3.44423274588561,-0.15707963267949,"S",-0.942800829095925,-0.294371966742101,-0.156434465040231,1
"10606m",2004-05-07 14:19:15,23,4,0.5414,4.3720497762458,-0.192160750644576,"S",-0.327662765467509,-0.925291105535292,-0.19098031873327,1
"10608",2004-05-09 07:08:47,23,3,0.9751,3.19168360312203,-0.0780162175641465,"S",-0.995707804043812,-0.0499177059054378,-0.0779371003013773,1
"10610",2004-05-09 07:08:47,23,5,0.9575,3.26062410857581,-0.0856956662729216,"S",-0.989280455633169,-0.118314801126279,-0.0855908168945634,1
"10606n",2004-05-10 05:18:35,23,1,0.25,4.2163664069679,-0.282743338823081,"S",-0.457033760136952,-0.844561486717271,-0.278991106039229,1
"10609",2004-05-11 14:44:45,23,10,0.81,3.06200563969885,-0.0474729556542458,"S",-0.995711562011149,0.0794134514859181,-0.0474551261763311,1
"10606p",2004-05-12 15:04:24,23,3,0.2207,3.94584037290878,-0.187099295813792,"S",-0.681547617548324,-0.707738139063082,-0.186009600638593,1
"10608n",2004-05-12 15:04:24,23,4,0.8285,2.86740142810148,0.352731041828054,"N",-0.903377121133584,0.254097991576218,0.345461991671052,1
"10610n",2004-05-12 15:04:24,23,3,0.5891,4.34394997528869,0.210486707790516,"N",-0.352210672862576,-0.912301175941061,0.208935890402412,1
"10606t",2004-05-13 14:18:00,23,3,0.5363,4.10606159824186,-0.136135681655558,"S",-0.564580975374728,-0.814143479764931,-0.135715572434304,1
"10610m",2004-05-13 14:18:00,23,2,0.0935,3.48699331255947,0.0228638132011257,"N",-0.940693946236991,-0.338485208898701,0.0228618212283992,1
"10612",2004-05-13 14:18:00,23,11,0.2863,3.36359853444347,0.175231056900231,"N",-0.960519860594296,-0.216814839841221,0.174335660805645,1
"10613",2004-05-13 14:18:00,23,182,0.9922,2.09980562307438,-0.136135681655558,"S",-0.500008942873196,0.855320022240599,-0.135715572434304,1
"10609m",2004-05-14 06:37:15,23,4,0.1845,3.22467032598472,0.0356047167406843,"N",-0.995919439479857,-0.0829295472414161,0.0355971945588585,1
"10609n",2004-05-14 06:37:15,23,1,0.3748,3.15869688025934,-0.356570766182442,"S",-0.936962276115738,-0.0160275781623925,-0.349062759219978,1
"10615",2004-05-16 14:35:42,23,137,0.9462,1.64444922122906,0.297927703315432,"N",-0.0703446113236116,0.953355129089278,0.293539832896486,1
"10615m",2004-05-16 14:35:42,23,5,0.9694,1.5397294661094,0.113446401379631,"N",0.0308621934221434,0.993092421383726,0.113203213767907,1
"10617",2004-05-17 08:53:26,23,1,0.3503,2.35410009508995,-0.200887396904547,"S",-0.691434091152924,0.694336446423585,-0.199538960504954,1
"10618",2004-05-20 15:26:53,23,121,0.9578,0.641757565958315,-0.171565865471043,"S",0.789284482048271,0.589815931051352,-0.170725434179618,1
"10615n",2004-05-22 05:50:37,23,2,0.4283,1.24058003231757,0.286059464401871,"N",0.311071270125118,0.907530984023185,0.282174020669259,1
"10619",2004-05-23 14:16:28,23,21,0.5514,1.80973190139292,-0.15079644737231,"S",-0.233982799746031,0.960564584916772,-0.150225589120757,1
"10620",2004-05-23 14:16:28,23,22,0.678,0.527962098728285,-0.27401669256311,"S",0.831607311130419,0.484979049766171,-0.270600445975864,1
"10618o",2004-05-29 10:34:17,23,0,0.4975,0.38170350741116,-0.184830367786199,"S",0.912224671526346,0.366157256187773,-0.183779793230083,1
"10621",2004-05-29 10:34:17,23,58,0.9386,4.96406545852227,-0.25237460983838,"S",0.241139313702132,-0.937816463671206,-0.249704048534459,1
"10621m",2004-05-29 10:34:17,23,1,0.8018,5.24471440224296,-0.023387411976724,"S",0.507399564894568,-0.861393528083613,-0.0233852799955268,1
"10622",2004-05-30 10:15:18,23,28,0.9845,4.5540876172288,-0.210137641940117,"S",-0.154173282927303,-0.965773745113042,-0.208594515943604,1
"10623",2004-05-31 06:26:42,23,1,0.1564,5.76447345348687,0.143116998663535,"N",0.859579594508749,-0.490693293182415,0.142628933705512,1
"10624",2004-06-01 06:46:25,23,9,0.9591,4.23713582506663,-0.139277274309147,"S",-0.453132785670854,-0.880566649932137,-0.138827423722637,1
"10625",2004-06-03 15:45:39,23,8,0.8027,5.88053784874449,-0.201061929829747,"S",0.901492906799039,-0.383961538013841,-0.199709980514407,1
"10624m",2004-06-04 10:00:00,23,3,0.4366,4.37588950060018,-0.182212373908208,"S",-0.324718780173223,-0.928289925094052,-0.181205763627137,1
"10627",2004-06-04 10:00:00,23,4,0.7849,3.90046181235693,-0.148876585195116,"S",-0.717588102154597,-0.680489783915008,-0.148327238339658,1
"10624n",2004-06-06 08:24:10,23,6,0.2012,4.52022822974011,0.100007366139275,"N",-0.190026072176158,-0.976689263448096,0.0998407459833803,1
"10629m",2004-06-06 08:24:10,23,3,0.9829,2.96793239301636,0.211533905341713,"N",-0.963004186831284,0.168937245661534,0.209959860863242,1
"10627m",2004-06-07 18:56:00,23,6,0.3146,3.7229618274291,-0.121474915938805,"S",-0.829553159996345,-0.545121856337959,-0.121176385829651,1
"10629",2004-06-07 18:56:00,23,8,0.4204,3.58438268482075,-0.0607374579694027,"S",-0.901893637725077,-0.427672025663933,-0.0607001210504189,1
"10629o",2004-06-09 15:19:32,23,5,0.2492,3.34021112246675,-0.0375245789178781,"S",-0.979649985787204,-0.197176246311999,-0.0375157731819847,1
"10631",2004-06-09 15:19:32,23,18,0.7425,2.7701865887654,-0.179594380030216,"S",-0.916830823352499,0.357088768595593,-0.178630492060177,1
"10632",2004-06-09 15:19:32,23,154,0.9947,2.12738182525589,-0.188495559215388,"S",-0.518932682137,0.834024648529181,-0.187381314585725,1
"10629p",2004-06-11 06:10:17,23,2,0.0333,3.2330479063943,-0.0139626340159546,"S",-0.995723813825698,-0.091318914254304,-0.0139621803391453,1
"10631n",2004-06-13 05:43:28,23,1,0.9582,4.02839444652811,0.155508836352695,"N",-0.624268878706305,-0.765702083418617,0.154882815467571,1
"10633",2004-06-13 05:43:28,23,6,0.7343,1.9380136014145,-0.0940732466824944,"S",-0.357432173903731,0.92920317515004,-0.0939345535441454,1
"10634",2004-06-13 05:43:28,23,75,0.9826,1.37357412131954,0.204727121258935,"N",0.191854102393973,0.960135989596116,0.203299987400121,1
"10635",2004-06-14 15:31:23,23,411,0.9811,1.04894288044859,-0.14765485471872,"S",0.493063601326687,0.857463883103057,-0.147118911838637,1
"10635m",2004-06-18 15:37:31,23,2,0.7692,0.648215284190694,-0.176976386152225,"S",0.784711343161753,0.594334163869444,-0.176053996179826,1
"10636",2004-06-20 06:33:33,23,43,0.6469,0.454134671368924,-0.174532925199433,"S",0.884988595560445,0.432020249665344,-0.17364817766693,1
"10637",2004-06-21 15:09:33,23,4,0.9178,5.93848277991071,0.142593399887937,"N",0.931623808642856,-0.334487125391312,0.142110668555306,1
"10635n",2004-06-22 15:54:56,23,24,0.7252,1.34006379968125,-0.248185819633594,"S",0.221683539106574,0.943670791952608,-0.245645771192426,1
"10637m",2004-06-26 14:13:24,23,8,0.4524,5.48958409629776,0.126885436619988,"N",0.695644900278201,-0.707152371019285,0.126545236491677,1
"10639",2004-06-27 05:37:43,23,6,0.9915,4.36210139950943,0.161792021659874,"N",-0.33868623311498,-0.927007328633599,0.161087082529866,1
"10640",2004-06-27 05:37:43,23,21,0.9782,4.45617464619192,-0.157603231455088,"S",-0.250279473021469,-0.95536714508289,-0.156951595978711,1
"10639m",2004-06-30 15:33:23,23,2,0.2932,4.72617708147544,0.119555053761612,"N",0.013689245152598,-0.99276742722854,0.119270448985392,1
"10640n",2004-07-01 06:02:41,23,2,0.3954,5.04138354438562,-0.318871654339364,"S",0.306804548538469,-0.898661042358113,-0.313495294931098,1
"10639o",2004-07-02 07:22:05,23,1,0.5592,5.13667852154451,-0.260577657322753,"S",0.397775867780391,-0.880566086607518,-0.257638751216269,1
"10639n",2004-07-03 14:21:31,23,2,0.9329,3.14944663522377,-0.162839219211071,"S",-0.986740531231135,-0.00775000136345847,-0.162120515372252,1
"10640o",2004-07-03 14:21:31,23,1,0.8767,3.2941344302141,-0.207694180987325,"S",-0.967146583732789,-0.14868530357405,-0.20620418539663,1
"10646",2004-07-04 06:17:44,23,1,0.9011,3.06113297507285,0.239284640448423,"N",-0.968364811254536,0.0780828907942102,0.237007709767395,1
"10640r",2004-07-06 06:49:09,23,2,0.6436,4.3100905878,-0.309097810528196,"S",-0.372978837204859,-0.876555506739823,-0.304199327089006,1
"10642",2004-07-06 06:49:09,23,12,0.9935,2.27014975806902,-0.132994089001968,"S",-0.6380385134212,0.758500800106314,-0.132602381688062,1
"10643",2004-07-09 14:07:00,23,36,0.2223,2.99690485859946,-0.150621914447111,"S",-0.978347222361817,0.142551041099277,-0.150053034552554,1
"10644",2004-07-10 16:52:37,23,206,0.961,1.39748513207186,0.193382481120972,"N",0.169230472912687,0.966658221882522,0.192179419045508,1
"10645",2004-07-10 16:52:37,23,20,0.1319,2.72882228549313,0.194604211597368,"N",-0.898722608126819,0.393576590811267,0.193378232505908,1
"10647m",2004-07-11 07:29:12,23,7,0.9555,1.31702545355492,-0.267035375555132,"S",0.242157770548515,0.933665158215162,-0.263873049965373,1
"10650",2004-07-11 07:29:12,23,16,0.9853,1.1693705988362,-0.146607657167524,"S",0.386539495041845,0.910629983878649,-0.146083028562412,1
"10643n",2004-07-12 15:27:30,23,4,0.8833,3.30931879470645,-0.10768681484805,"S",-0.980255579822178,-0.165973807476287,-0.107478804697994,1
"10646n",2004-07-12 15:27:30,23,1,0.6388,2.93354940675207,0.155334303427495,"N",-0.966656434475881,0.204058898501011,0.154710386299468,1
"10648",2004-07-12 15:27:30,23,22,0.2118,2.3073252711365,0.27384215963791,"N",-0.646691581878349,0.71320144692643,0.270432420448667,1
"10649",2004-07-12 15:27:30,23,141,0.9916,0.818384886260141,-0.178198116628621,"S",0.672579327936686,0.718482551304563,-0.177256512159984,1
"10651",2004-07-12 15:27:30,23,9,0.9708,0.948760981384117,-0.262497519499947,"S",0.562730359678863,0.784855245482075,-0.259493325415065,1
"10644n",2004-07-17 05:36:47,23,1,0.1425,1.04196156344061,0.0973893722612836,"N",0.502136870329953,0.859304266355583,0.0972354939223993,1
"10652",2004-07-17 05:36:47,23,1510,0.9804,6.08805749680662,0.125838239068791,"N",0.97326576313012,-0.192358781462499,0.125506388335445,1
"10653",2004-07-17 05:36:47,23,205,0.9926,6.04093360700277,-0.20926497731412,"S",0.949621175953183,-0.234655731038195,-0.207740968689917,1
"10652n",2004-07-18 07:33:52,23,1,0.5522,0.405614518163482,0.357792496658838,"N",0.860670693944022,0.369595382407981,0.350207381259467,1
"10652m",2004-07-23 15:20:03,23,2,0.2318,5.81945132492469,0.253945406165175,"N",0.865704422709672,-0.432945682526858,0.251224776808076,1
"10654",2004-07-25 08:56:48,23,4,0.8578,4.55338948552801,0.138928208458749,"N",-0.156804885840037,-0.977872710710413,0.138481729569508,1
"10653n",2004-07-27 12:47:32,23,6,0.3286,5.38783140090649,-0.0352556508902855,"S",0.624854120489202,-0.779945435326458,-0.0352483477781319,1
"10655",2004-07-30 14:26:22,23,219,0.9633,3.1072096673255,-0.158301363155886,"S",-0.986912836159461,0.0339463885682603,-0.157641036937918,1
"10655p",2004-08-03 06:14:06,23,1,0.39,3.16672539481851,0.272620429161514,"N",-0.962764489997867,-0.0242020067762082,0.269256011385357,1
"10655o",2004-08-04 06:33:07,23,1,0.5109,2.82080113707324,-0.128630765871982,"S",-0.941146052683633,0.312712788068843,-0.128276341139847,1
"10655r",2004-08-05 15:24:23,23,5,0.1011,3.01819787547379,0.201585528605345,"N",-0.972300837427909,0.120589511143613,0.200223004020845,1
"10655t",2004-08-05 15:24:23,23,1,0.2291,2.7996826531241,0.245742358680802,"N",-0.913811989452277,0.325214110860545,0.243276447751229,1
"10656",2004-08-06 15:10:04,23,218,0.9642,1.49120931290396,-0.207519648062126,"S",0.0777972813621174,0.975447497821335,-0.206033400221324,1
"10657",2004-08-06 15:10:04,23,84,0.9891,1.32156330961011,0.189368223841385,"N",0.242251280931956,0.951777601466779,0.188238450463692,1
"10658",2004-08-07 07:05:07,23,11,0.8732,1.56433860856252,-0.0952949771588904,"S",0.0064283740374767,0.995442112361712,-0.0951508115787117,1
"10656m",2004-08-09 06:12:42,23,4,0.9432,0.951204442336909,-0.170867733770245,"S",0.572246521551286,0.80226003490884,-0.17003751045143,1
"10659",2004-08-09 06:12:42,23,32,0.9865,0.724660705428046,0.281696141271885,"N",0.719213643818875,0.636754181363804,0.277985336052978,1
"10660",2004-08-11 15:38:19,23,65,0.911,0.480489143074039,-0.134390352403563,"S",0.878773122154822,0.458045305505166,-0.133986185418292,1
"10656o",2004-08-12 14:47:45,23,1,0.3854,1.23324964945919,-0.253072741539178,"S",0.320624561313435,0.91351504872786,-0.250380004054441,1
"10656s",2004-08-13 08:07:27,23,3,0.2641,1.25855692361311,-0.146782190092723,"S",0.303887254007169,0.941414792157222,-0.146255686930654,1
"10660m",2004-08-13 08:07:27,23,1,0.5324,0.768119403802704,-0.231605191739647,"S",0.700014833062263,0.67623261740496,-0.229540150410443,1
"10661",2004-08-13 08:07:27,23,638,0.9868,6.07461846156626,0.108908545324446,"N",0.972532385010871,-0.205831265272161,0.108693377634185,1
"10659m",2004-08-14 10:54:03,23,2,0.4252,0.541401133968641,0.287979326579064,"N",0.821696495204471,0.494115526715565,0.284015344703923,1
"10660n",2004-08-16 06:09:05,23,0,0.2821,0.717504855494869,-0.103148958792865,"S",0.749443963125649,0.65401201778252,-0.102966143613121,1
"10662",2004-08-18 09:01:41,23,42,0.5748,5.71926942586022,0.199316600577752,"N",0.82843601212866,-0.523917902757338,0.197999507521394,1
"10663",2004-08-19 14:36:00,23,146,0.9758,4.68760530500637,0.135612082879959,"N",-0.0245536168574963,-0.990514485156404,0.135196799498213,1
"10664",2004-08-19 14:36:00,23,5,0.8758,5.02724637744447,-0.201585528605345,"S",0.303409952305291,-0.931586361806016,-0.200223004020845,1
"10665",2004-08-20 06:30:52,23,2,0.3466,5.54246757263319,0.074176493209759,"N",0.735955088310587,-0.672962138363456,0.0741084901953992,1
"10661o",2004-08-22 12:47:33,23,5,0.6967,6.07008060551108,-0.196349540849362,"S",0.958598932911501,-0.207431559982021,-0.195090322016128,1
"10663m",2004-08-22 12:47:33,23,4,0.6742,4.63960875057653,0.325678438422142,"N",-0.0688935965627987,-0.944925723865424,0.319951634985738,1
"10665m",2004-08-24 15:42:48,23,2,0.6638,5.61158261101217,0.169820536219048,"N",0.77156455284943,-0.613290544554592,0.169005469574778,1
"10664m",2004-08-26 06:51:48,23,1,0.7626,5.24680879734535,-0.340339204138894,"S",0.4801267518908,-0.811203601352506,-0.333806859233771,1
"10666m",2004-08-28 09:07:10,23,4,0.6138,3.40164671213695,-0.0996583002888762,"S",-0.961581134049727,-0.255856956865809,-0.0994934181893923,1
"10666",2004-08-29 14:08:24,23,4,0.6123,3.09132717113236,0.275412955964705,"N",-0.961097535591046,0.0483507594873936,0.271944353016954,1
"10668",2004-08-29 14:08:24,23,1,0.6855,3.05240632881288,-0.176278254451427,"S",-0.980590306797842,0.0876878645759649,-0.175366726091987,1
"10666p",2004-08-30 05:35:22,23,5,0.7818,2.77612070822218,-0.245218759905203,"S",-0.906015217214016,0.346698513388034,-0.242768546132249,1
"10666s",2004-08-31 14:43:00,23,2,0.271,3.00615510363503,0.0884881930761125,"N",-0.986965649746007,0.134495582527958,0.0883727588225389,1
"10667",2004-09-01 12:29:02,23,226,0.9892,1.67953033919414,-0.198269403026556,"S",-0.106393856225471,0.974618905354513,-0.196972933884443,1
"10667t",2004-09-01 12:29:02,23,2,0.9593,4.28460878072088,-0.326725635973338,"S",-0.392905677680048,-0.8617542154064,-0.320943609807209,1
"10666n",2004-09-03 06:19:47,23,1,0.4383,3.06375096895085,0.364773813666815,"N",-0.931375577585738,0.0726466332204352,0.356737999319625,1
"10668m",2004-09-04 07:04:46,23,2,0.4425,2.86984488905428,0.0015707963267949,"N",-0.963302052424299,0.268415141890436,0.00157079568083088,1
"10670",2004-09-04 07:04:46,23,2,0.8636,1.4472270157537,-0.228289066160858,"S",0.120057229953432,0.966627876511074,-0.226311311886086,1
"10669",2004-09-05 14:40:42,23,67,0.6493,1.46014245221846,-0.106814150222053,"S",0.10979884648788,0.988219750406775,-0.10661115427526,1
"10671",2004-09-06 15:11:53,23,19,0.4925,2.31866991127447,-0.156556033903891,"S",-0.671764028303979,0.724170483088885,-0.155917291214355,1
"10672",2004-09-09 15:18:28,23,405,0.9838,6.08701029925542,0.0511381470834339,"N",0.979537119367209,-0.194664327754765,0.0511158613502366,1
"10672m",2004-09-12 10:47:24,23,2,0.4204,0.182386906833407,-0.101927228316469,"S",0.978309564429814,0.18043604043076,-0.101750830261066,1
"10673m",2004-09-13 11:05:45,23,5,0.9843,5.23686042060899,-0.168773338667852,"S",0.493640601330836,-0.853290071565277,-0.167973243362908,1
"10672o",2004-09-14 07:48:49,23,4,0.4103,5.99346065134853,0.254643537865973,"N",0.927419690293835,-0.276475817515987,0.251900457292469,1
"10672t",2004-09-15 07:12:07,23,4,0.352,5.84266420397622,0.271049632834719,"N",0.87150556461434,-0.410842783731095,0.267742895148173,1
"10673",2004-09-15 07:12:07,23,334,0.9864,4.80995288557117,-0.220784150377283,"S",0.0950446898279947,-0.971085877647229,-0.218994806261726,1
"10672p",2004-09-17 13:20:00,23,1,0.5499,6.23990114173013,0.105068820970059,"N",0.993553899313561,-0.0430320284920346,0.104875610523512,1
"10672s",2004-09-17 13:20:00,23,2,0.113,5.65312144720963,0.237539311196428,"N",0.785301484111879,-0.572651691665592,0.23531174871692,1
"10672v",2004-09-17 13:20:00,23,6,0.3633,5.96728071256861,0.339641072438097,"N",0.896216857481064,-0.292928821893634,0.333148690033106,1
"10673n",2004-09-18 06:23:48,23,3,0.3648,5.30754625531476,-0.198094870101356,"S",0.549674740281013,-0.811866198720654,-0.196801817247394,1
"10672r",2004-09-19 13:40:13,23,3,0.5917,5.82416371390508,0.072954762733363,"N",0.894101759819777,-0.441892613223274,0.0728900642466679,1
"10675p",2004-09-21 06:59:34,23,1,0.1776,4.63995781642693,0.211708438266912,"N",-0.0707521164276494,-0.975109896824393,0.210130500251937,1
"10675",2004-09-25 16:10:00,23,135,0.9794,2.44572988081965,-0.146084058391925,"S",-0.759326015894172,0.634219855070066,-0.145565026779061,1
"10675r",2004-09-28 06:45:10,23,1,0.3015,2.88084046334184,0.16301375213627,"N",-0.953387133349017,0.254389546770008,0.162292736925264,1
"10676",2004-09-29 08:04:45,23,79,0.9657,1.67499248313896,-0.217642557723693,"S",-0.101554093313744,0.971113635752323,-0.215928396898437,1
"10678",2004-09-29 08:04:45,23,12,0.5715,2.33751946719601,0.22479840765687,"N",-0.676322883405001,0.702067345547573,0.2229098465715,1
"10679m",2004-09-29 08:04:45,23,1,0.6886,2.18201063084331,0.222354946704078,"N",-0.559734321829202,0.798789860981312,0.220527202312682,1
"10675m",2004-09-30 09:52:33,23,12,0.262,2.44642801252045,0.027401669256311,"N",-0.767659968136373,0.640271434432302,0.0273982402877355,1
"10675n",2004-09-30 09:52:33,23,4,0.3422,2.93093141287408,-0.13857914260835,"S",-0.968518061464551,0.207101919349124,-0.138136018542801,1
"10676m",2004-09-30 09:52:33,23,2,0.6375,2.00922303489587,0.264068315826742,"N",-0.409800136644031,0.874035257559754,0.261009993197558,1
"10675o",2004-10-05 08:59:02,23,1,0.2884,1.40778257465863,-0.140149938935145,"S",0.160701466723907,0.977067704752838,-0.139691585007133,1
"10676o",2004-10-05 08:59:02,23,1,0.5152,1.17931897557257,-0.279601746169492,"S",0.366736910481695,0.888449777158441,-0.275972882648746,1
"10676n",2004-10-06 14:53:19,23,1,0.3946,1.48963851657716,-0.225496539357667,"S",0.0790163465567195,0.971475047891265,-0.223590358248053,1
"10676r",2004-10-07 08:49:31,23,1,0.4331,1.31440745967693,-0.277507351067098,"S",0.243887132981715,0.930303935743256,-0.273959218692432,1
"10676t",2004-10-07 08:49:31,23,1,0.375,0.879296877154743,-0.206821516361328,"S",0.624102756300891,0.753874688689978,-0.205350196810764,1
"10676u",2004-10-08 07:07:42,23,4,0.4054,0.731642022436023,-0.278903614468694,"S",0.715325597052921,0.642275806527535,-0.275301795399677,1
"10678m",2004-10-09 12:47:33,23,10,0.4241,1.01839961853869,0.000174532925199433,"N",0.524728970331066,0.851269332957295,0.000174532924313337,1
"10678n",2004-10-09 12:47:33,23,2,0.527,0.148876585195116,-0.220086018676485,"S",0.965083830892969,0.144749388653687,-0.218313567680379,1
"10681",2004-10-09 12:47:33,23,3,0.5812,6.25805256595087,0.133692220702766,"N",0.990763505634955,-0.024905846991771,0.133294316036192,1
"10681m",2004-10-11 12:47:33,23,2,0.2533,0.070162235930172,0.352032910127256,"N",0.936364216504135,0.0658054235116423,0.344806757890633,1
"10682",2004-10-12 13:52:36,23,255,0.9947,4.74310677521979,-0.231605191739647,"S",0.0298929033380328,-0.972840034990118,-0.229540150410443,1
"10681p",2004-10-15 07:33:07,23,3,0.4975,6.06693901285749,0.150098315671512,"N",0.96572798967824,-0.212152376873786,0.14953534344371,1
"10683",2004-10-16 15:24:00,23,3,0.664,4.57136637682355,-0.178721715404219,"S",-0.138316833086484,-0.974302644199375,-0.177771795263003,1
"10684",2004-10-16 15:24:00,23,47,0.9926,3.80569043397364,-0.0733038285837618,"S",-0.785358410451061,-0.614693690886182,-0.0732381971276317,1
"10686",2004-10-16 15:24:00,23,5,0.9705,3.97219484461389,-0.3385938748869,"S",-0.636138847625434,-0.696416792594436,-0.332161131883703,1
"10682m",2004-10-17 12:58:24,23,2,0.1094,4.93718738804156,0.150621914447111,"N",0.220386049918268,-0.963801886189788,0.150053034552554,1
"10683o",2004-10-18 07:23:20,23,3,0.3219,4.91990862844681,0.418355421703041,"N",0.188264729367584,-0.894153578005052,0.406258256060003,1
"10685",2004-10-18 07:23:20,23,8,0.5954,4.25266925540938,-0.0973893722612836,"S",-0.441594447015231,-0.891930268063025,-0.0972354939223993,1
"10687",2004-10-19 07:17:19,23,106,0.9958,3.1407199889638,0.153065375399903,"N",-0.988307972855347,0.000862461626435935,0.152468380166177,1
"10688",2004-10-20 11:32:30,23,18,0.7051,5.1077060559614,-0.122871179340401,"S",0.382197488093264,-0.915916795911806,-0.122562241583007,1
"10689",2004-10-21 14:26:33,23,99,0.9795,2.72533162698915,0.201410995680146,"N",-0.896118632844091,0.396169903266738,0.200052002277562,1
"10690",2004-10-23 07:14:19,23,177,0.9649,2.40942703237817,-0.00715584993317675,"S",-0.743709427376318,0.668464720323625,-0.00715578886269996,1
"10691",2004-10-23 07:14:19,23,77,0.9748,2.35183116706236,0.255690735417169,"N",-0.6811263820817,0.687096418160038,0.25291374771637,1
"10684m",2004-10-24 12:47:33,23,3,0.229,3.53638613039091,-0.115540796482025,"S",-0.916921485108201,-0.38205315529613,-0.115283895992641,1
"10692",2004-10-24 12:47:33,23,105,0.6653,2.82010300537244,-0.320267917740959,"S",-0.900522081441015,0.299912992314469,-0.314820866332146,1
"10694",2004-10-24 12:47:33,23,36,0.9642,2.11638625096832,0.291120919232654,"N",-0.497087627433421,0.818852779547518,0.287026159225804,1
"10690m",2004-10-26 10:06:54,23,1,0.5675,2.45236213197723,-0.186401164112994,"S",-0.758367234426699,0.624927434385474,-0.185323607509647,1
"10692n",2004-10-27 08:28:06,23,2,0.3738,3.08434585412438,-0.140848070635942,"S",-0.988475369260011,0.0566489480011739,-0.140382837471839,1
"10693",2004-10-27 08:28:06,23,112,0.9859,1.40551364663103,-0.256737932968366,"S",0.159138401183192,0.954042016592504,-0.253926760789337,1
"10695",2004-10-30 08:15:57,23,134,0.9724,0.789586953602235,-0.274889357189107,"S",0.677701944802492,0.683403362728021,-0.271440449865074,1
"10690r",2004-10-31 09:05:54,23,5,0.4308,2.22354946704078,-0.161617488734675,"S",-0.599460697962539,0.784062044869561,-0.160914826517719,1
"10693n",2004-10-31 09:05:54,23,2,0.3799,1.67935580626894,-0.272620429161514,"S",-0.104344994072679,0.957399249291966,-0.269256011385357,1
"10696",2004-11-02 07:55:05,23,191,0.8211,0.436681378848981,0.14451326206513,"N",0.896714503662946,0.41852597700645,0.144010782552252,1
"10696n",2004-11-05 08:10:05,23,4,0.8824,1.78808981866819,0.173660260573436,"N",-0.212344881857805,0.961797127597085,0.172788704766228,1
"10696p",2004-11-06 10:28:17,23,11,0.701,1.2308061885064,0.112573736753634,"N",0.331366969139814,0.936790546952041,0.112336115761536,1
"10698",2004-11-06 10:28:17,23,8,0.6096,1.06726883759453,-0.165980811864661,"S",0.47588685859272,0.863848444146931,-0.165219742657103,1
"10696r",2004-11-08 12:01:32,23,2,0.3451,0.319744318965361,0.170867733770245,"N",0.935491490233851,0.309746536283344,0.17003751045143,1
"10696t",2004-11-09 12:47:32,23,10,0.2997,0.0315904594610974,0.16318828506147,"N",0.986222006371441,0.0311655743040779,0.162464953534556,1
"10699",2004-11-09 12:47:32,23,35,0.9542,4.79599025155522,-0.263195651200745,"S",0.0806283389024321,-0.962191225123469,-0.260167479253716,1
"10700",2004-11-09 12:47:32,23,6,0.5003,5.50721192174291,0.062482787221397,"N",0.712346800574846,-0.699044358413728,0.0624421386622914,1
"10701",2004-11-11 08:28:42,23,131,0.9848,4.24027741772022,-0.282743338823081,"S",-0.436710720395026,-0.855247162779898,-0.278991106039229,1
"10699o",2004-11-12 12:47:32,23,2,0.421,5.03841648465723,-0.259879525621956,"S",0.309527553523098,-0.915511950865868,-0.256964124795229,1
"10699r",2004-11-14 12:47:32,23,2,0.2929,4.58340914866231,0.0349065850398866,"N",-0.128544161986879,-0.991089513388676,0.034899496702501,1
"10700n",2004-11-14 12:47:32,23,3,0.2457,5.11730536684737,0.119205987911213,"N",0.391146251911004,-0.912612581184718,0.118923867576441,1
"10700p",2004-11-14 12:47:32,23,3,0.201,5.00263723499135,0.209614043164519,"N",0.279925774943544,-0.93719969727946,0.208082406612249,1
"10705",2004-11-14 12:47:32,23,11,0.827,3.91390084759728,-0.0486946861306418,"S",-0.715452873499114,-0.696963332539822,-0.0486754444956164,1
"10699t",2004-11-15 12:47:32,23,3,0.3588,5.01363280927891,0.0205948851735331,"N",0.296645330808558,-0.954765656262478,0.0205934293200695,1
"10701n",2004-11-15 12:47:32,23,3,0.3065,4.4017203735297,-0.140324471860344,"S",-0.302690523791991,-0.942770595190039,-0.139864404519344,1
"10702",2004-11-16 10:01:20,23,16,0.2444,4.55146962335081,-0.173136661797837,"S",-0.157830258570233,-0.972322805184942,-0.172272957822577,1
"10703",2004-11-18 12:47:32,23,8,0.7729,3.08731291385277,0.227940000310459,"N",-0.972699274032417,0.0528497772272223,0.22597128875997,1
"10704",2004-11-18 12:47:32,23,118,0.9857,2.55690735417169,0.228638132011257,"N",-0.812184750148157,0.537573359146396,0.226651307436855,1
"10704m",2004-11-20 10:51:04,23,48,0.8735,2.45567825755602,0.176976386152225,"N",-0.761753221079974,0.623487787052319,0.176053996179826,1
"10704n",2004-11-20 10:51:04,23,1,0.9189,2.37504404611388,-0.232652389290844,"S",-0.700902664874487,0.674965096569284,-0.230559260896326,1
"10703n",2004-11-22 11:15:32,23,3,0.3593,2.97927703315432,0.391826417072727,"N",-0.912065015429374,0.149356374126047,0.381877049765675,1
"10706",2004-11-24 12:47:32,23,201,0.9782,1.22557020075042,-0.116238928182822,"S",0.336125835462345,0.934648959891255,-0.115977344808961,1
"10707",2004-11-24 12:47:32,23,125,0.97,1.27443941980626,-0.26459191460234,"S",0.281874751702029,0.923123131914445,-0.261515406195097,1
"10704r",2004-11-26 12:45:57,23,3,0.7495,2.87211381708187,-0.380307244009564,"S",-0.895039028619664,0.247207215146655,-0.37120577854743,1
"10708",2004-11-26 12:45:57,23,130,0.9973,0.618893752757189,0.165806278939461,"N",0.80335006526328,0.572178259322339,0.165047605860678,1
"10704s",2004-11-29 12:47:32,23,10,0.7574,2.27940000310459,-0.068940505453776,"S",-0.649228332016846,0.757467692067311,-0.0688859084344947,1
"10707o",2004-11-30 10:39:12,23,2,0.3293,0.986460093227195,-0.229859862487653,"S",0.537136664994485,0.812140780940549,-0.227841074110612,1
"10706n",2004-12-03 11:09:21,23,1,0.5658,1.11788338590237,-0.0164060949687467,"S",0.437527745121163,0.89905524660347,-0.016405359001362,1
"10709m",2004-12-03 11:09:21,23,1,0.9144,5.65504130938683,0.113620934304831,"N",0.803902433985098,-0.583854963136993,0.11337662304521,1
"10709o",2004-12-05 11:11:32,23,4,0.0603,0.0469493568786475,0.0631809189221947,"N",0.996905029577538,0.0468384695083071,0.063138892745501,1
"10709",2004-12-06 12:47:32,23,10,0.5775,5.49429648527815,0.10454522219446,"N",0.70078699446672,-0.705696568216092,0.104354884860902,1
"10709n",2004-12-06 12:47:32,23,3,0.4488,5.67598526041076,0.196524073774562,"N",0.805440763898177,-0.559587457960116,0.195261498367845,1
"10710",2004-12-08 11:11:32,23,7,0.8053,4.72757334487704,-0.120253185462409,"S",0.015074128209494,-0.99266384691514,-0.119963568162838,1
"10711",2004-12-10 08:40:25,23,9,0.2897,5.40982254948162,0.214675497995303,"N",0.627510112455488,-0.748898600138654,0.213030386274977,1
"10709p",2004-12-11 16:06:00,23,1,0.7543,5.67127287143037,-0.451167611640534,"S",0.73664560825086,-0.51695528214952,-0.436016609892823,1
"10710m",2004-12-12 10:28:03,23,3,0.8918,3.66100263898331,-0.284488668075076,"S",-0.833218678931476,-0.476416657541757,-0.280666708920788,1
"10711m",2004-12-14 13:37:32,23,2,0.4153,4.59423019002467,-0.273667626712711,"S",-0.113497117149052,-0.956072991820905,-0.270264386683628,1
"10712",2004-12-16 11:43:19,23,1,0.9375,2.59896978914476,-0.158824961931484,"S",-0.845578946124154,0.509884566969713,-0.158158067254484,1
"10710n",2004-12-17 12:59:32,23,2,0.2779,3.44266194955882,0.230383461263251,"N",-0.929787269746614,-0.288706621220996,0.228350870110656,1
"10712m",2004-12-17 12:59:32,23,4,0.4277,3.22938271496511,0.263021118275545,"N",-0.961890267913741,-0.0846620168899858,0.259998952668951,1
"10713",2004-12-17 12:59:32,23,138,0.972,2.23716303520633,-0.155508836352695,"S",-0.610674924854576,0.776587052188417,-0.154882815467571,1
"10714",2004-12-21 13:09:32,23,6,0.2767,2.36736459740511,-0.0513126800086333,"S",-0.714019926207595,0.698244129168643,-0.0512901653343342,1
"10713o",2004-12-25 10:01:29,23,1,0.3328,1.60395758258279,-0.342957198016886,"S",-0.0312243652694509,0.941246590366612,-0.336273542130134,1
"10713p",2004-12-25 10:01:29,23,3,0.5293,1.27758101245985,-0.339641072438097,"S",0.272520653946542,0.902631953512491,-0.333148690033106,1
"10713m",2004-12-26 13:59:32,23,2,0.2236,1.27513755150706,-0.119729586686811,"S",0.289284177663833,0.949762001189515,-0.119443734242728,1
"10713n",2004-12-26 13:59:32,23,5,0.2997,1.4786429422896,-0.343480796792484,"S",0.0866477747204641,0.937592885242734,-0.336766602676388,1
"10714o",2004-12-26 13:59:32,23,3,0.7376,0.681027474128187,-0.273493093787511,"S",0.748050455781436,0.606191784992605,-0.270096344685865,1
"10715",2004-12-28 08:33:50,23,390,0.9945,5.90567058997321,0.0925024503556995,"N",0.925609358389628,-0.367035407333295,0.0923705874465616,1
"10713r",2004-12-29 12:26:32,23,4,0.2184,0.877726080827948,-0.256039801267568,"S",0.618074196580609,0.744209641694119,-0.253251449612328,1
"10713s",2004-12-29 12:26:32,23,6,0.2765,1.08978358494526,-0.0607374579694027,"S",0.461824080643947,0.884892091637075,-0.0607001210504189,1
"10716",2004-12-30 08:55:25,23,9,0.8586,5.87495279513811,-0.239808239224021,"S",0.891559054504163,-0.385627322988656,-0.237516357534057,1
"10715n",2004-12-31 08:37:44,23,2,0.7783,1.26501464184549,0.106814150222053,"N",0.299323008596182,0.948177092271811,0.10661115427526,1
"10717",2005-01-01 01:11:00,23,10,0.8717,1.27513755150706,0.103148958792865,"N",0.289821432073066,0.951525885502102,0.102966143613121,1
"10716b",2005-01-03 09:07:58,23,1,0.649,5.27892285558205,-0.176976386152225,"S",0.52832753260223,-0.830587146977097,-0.176053996179826,1
"10715m",2005-01-04 00:48:00,23,1,0.2235,5.66045183006801,0.0904080552533063,"N",0.808969770346499,-0.580875665948283,0.0902849454486854,1
"10716c",2005-01-06 13:15:47,23,9,0.7899,4.35197848984786,-0.28012534494509,"S",-0.33891203565219,-0.899277261350001,-0.276476109833981,1
"10716m",2005-01-06 13:15:47,23,1,0.3573,4.88447844463133,-0.0589921287174083,"S",0.170943442788264,-0.983515278584762,-0.0589579185354508,1
"10718",2005-01-07 09:47:39,23,61,0.9981,3.5397022559697,-0.127234502470387,"S",-0.914344265640747,-0.384542733716705,-0.12689148842837,1
"10720",2005-01-10 10:47:29,23,5,0.9505,3.12815361834944,0.216246294322097,"N",-0.976621542536183,0.0131256415333199,0.214564862427624,1
"10718m",2005-01-11 07:28:39,23,1,0.3065,3.84565847384431,-0.040317105721069,"S",-0.76159720360139,-0.64679603506706,-0.0403061842410544,1
"10716n",2005-01-12 19:06:16,23,4,0.3165,4.04200801469367,-0.305781684949406,"S",-0.592464357719427,-0.74723603448653,-0.30103869119592,1
"10725b",2005-01-14 11:07:55,23,5,0.9725,2.0928243060664,-0.105941485596056,"S",-0.495843388295598,0.861949918990048,-0.105743422663494,1
"10721",2005-01-15 10:19:51,23,11,0.5802,2.59268660383758,-0.0376991118430775,"S",-0.852489657739381,0.521383576244688,-0.0376901826699345,1
"10724",2005-01-15 10:19:51,23,2,0.6512,2.50734000341505,-0.217991623574092,"S",-0.786451283059265,0.578551645132061,-0.216269214844421,1
"10722",2005-01-16 10:31:50,23,7,0.4325,2.81224902373846,0.33231068957972,"N",-0.894486229052715,0.305727928260349,0.326228171555873,1
"10723",2005-01-17 10:05:55,23,141,0.9914,1.32610116566529,0.102276294166868,"N",0.240994605924139,0.965141224038424,0.102098078224237,1
"10723m",2005-01-18 10:57:35,23,4,0.9798,1.16762526958421,0.168075206967054,"N",0.386808530298431,0.906859908121917,0.167284990149969,1
"10724m",2005-01-19 16:45:00,23,4,0.3777,1.9093902016818,-0.315031929984976,"S",-0.31581431536753,0.896803356460018,-0.309846829983759,1
"10726",2005-01-19 16:45:00,23,19,0.8553,1.20497531557689,-0.0317649923862968,"S",0.357535644940295,0.933359302294899,-0.0317596507648635,1
"10725",2005-01-21 18:06:29,23,270,0.5699,2.36108141209793,-0.0745255590601579,"S",-0.708581583496694,0.701689643281198,-0.0744565916573048,1
"10726m",2005-01-21 18:06:29,23,2,0.4946,1.25384453463273,-0.220260551601684,"S",0.304141823431013,0.927233812058329,-0.218483887314003,1
"10724n",2005-01-22 10:58:31,23,2,0.6497,2.20784150377283,-0.487470460082016,"S",-0.525538126840727,0.710224016608569,-0.468392488698454,1
"10723n",2005-01-23 10:45:08,23,0,0.4257,0.937241808320955,-0.202981792006941,"S",0.579859048290537,0.789382438551329,-0.201590797960499,1
"10725a",2005-01-23 10:45:08,23,2,0.7862,2.24972940582069,-0.384146968363952,"S",-0.582196142480526,0.721523588791683,-0.374768411819841,1
"10725n",2005-01-24 04:14:00,23,2,0.6173,1.86313897650395,-0.167900674041854,"S",-0.284143584118586,0.944105766080901,-0.16711291409415,1
"10727",2005-01-24 04:14:00,23,8,0.7466,0.354127305229649,-0.142593399887937,"S",0.928430012318788,0.343252487403222,-0.142110668555306,1
"10728m",2005-01-25 02:19:00,23,4,0.9703,5.93534118725712,-0.193207948195772,"S",0.922617466964014,-0.334529348731079,-0.19200813652152,1
"10728",2005-01-27 12:13:14,23,3,0.7478,5.86866960983093,-0.167028009415857,"S",0.902573292298843,-0.397141753513204,-0.166252457561638,1
"10728n",2005-01-28 13:07:55,23,1,0.7457,5.69623107973389,0.213104701668508,"N",0.813796414047708,-0.541299453927383,0.211495384491028,1
"10729p",2005-01-30 09:42:00,23,1,0.7475,5.21417114033306,0,"Equator",0.480988768919387,-0.876726755707508,0,1
"10729",2005-01-31 18:07:28,23,129,0.3428,5.39620898131607,-0.177674517853023,"S",0.621813208238591,-0.762961918570811,-0.176741180461086,1
"10729m",2005-02-02 12:05:41,23,0,0.5758,4.84049614748107,0.252200076913181,"N",0.123715554547242,-0.960430489448912,0.249535040625542,1
"10729n",2005-02-02 12:05:41,23,1,0.6354,4.64938259438769,-0.0952949771588904,"S",-0.0626790279560724,-0.993487625745985,-0.0951508115787117,1
"10730",2005-02-04 08:24:05,23,89,0.9822,3.5095080599102,-0.368439005096003,"S",-0.870460842642296,-0.335533842773946,-0.360159633745668,1
"10731",2005-02-05 13:02:24,23,7,0.7221,3.83605916295834,-0.0478220215046446,"S",-0.767516760445202,-0.63924394368426,-0.0478037958607564,1
"10732",2005-02-05 13:02:24,23,15,0.9906,3.2307789783667,0.146258591317125,"N",-0.985391234852904,-0.0881171805973579,0.145737698481356,1
"10731a",2005-02-07 18:34:34,23,7,0.4897,3.61510047965585,-0.102101761241668,"S",-0.885339300577761,-0.453636118671523,-0.10192445579505,1
"10733",2005-02-07 18:34:34,23,463,0.9902,2.68675985052007,-0.150447381521911,"S",-0.888187016556771,0.434349705548206,-0.149880475413474,1
"10731m",2005-02-08 13:37:50,23,1,0.3856,3.82698345084797,0.262846585350346,"N",-0.747582241329333,-0.611235589806129,0.259830418164165,1
"10734",2005-02-09 13:28:24,23,114,0.9668,2.40296931414579,-0.0713839664065681,"S",-0.737513064493744,0.671555997999531,-0.0713233569870432,1
"10735",2005-02-10 13:10:38,23,542,0.9797,2.11202292783834,-0.138753675533549,"S",-0.510236275999855,0.848840148336779,-0.138308876162719,1
"10733m",2005-02-12 13:31:54,23,1,0.5703,2.42653125904772,-0.252723675688779,"S",-0.731068715557382,0.63483660149825,-0.250042041527882,1
"10733n",2005-02-12 13:31:54,23,5,0.4405,2.56912465893565,-0.114668131856027,"S",-0.835046443221891,0.538150709746846,-0.114417005997516,1
"10734m",2005-02-14 13:34:03,23,2,0.3856,2.17328398458334,-0.06771877497738,"S",-0.565394991612414,0.822039948325847,-0.0676670290173707,1
"10736b",2005-02-15 18:07:26,23,9,0.848,1.27566115028266,-0.137531945057153,"S",0.288122617489157,0.947728484609785,-0.137098784642454,1
"10737",2005-02-16 18:44:44,23,4,0.8969,0.934798347368163,-0.220086018676485,"S",0.579653062530188,0.785074208763757,-0.218313567680379,1
"10736d",2005-02-17 12:47:33,23,6,0.4946,1.4156365562926,-0.386241363466345,"S",0.143153375327885,0.915203356465028,-0.376709340801872,1
"10736",2005-02-18 20:24:39,23,7,0.475,1.9088666029062,0.248709418409192,"N",-0.321462117624632,0.914368997321798,0.246153293028993,1
"10736a",2005-02-18 20:24:39,23,9,0.1188,1.46241138024605,-0.125663706143592,"S",0.107319890776898,0.986293070850622,-0.125333233564304,1
"10736n",2005-02-19 08:09:35,23,1,0.2693,1.31807265110612,0.103498024643264,"N",0.248704031238107,0.963053818331011,0.103313347849997,1
"10735o",2005-02-20 10:22:29,23,2,0.2519,1.08367493256328,-0.339990138288495,"S",0.44128996453111,0.833100070507363,-0.333477794950067,1
"10737n",2005-02-20 10:22:29,23,3,0.6722,0.477347550420449,-0.167028009415857,"S",0.875855533049872,0.453031130917777,-0.166252457561638,1
"10737o",2005-02-21 08:20:23,23,1,0.477,0.539830337641846,0.039095375244673,"N",0.857140433667313,0.513597709463881,0.0390854167953535,1
"10738",2005-02-23 13:33:30,23,1,0.2569,0.238935574598024,-0.157777764380287,"S",0.959522207615142,0.233728888282652,-0.157123963403168,1
"10739",2005-02-25 15:15:19,23,9,0.9149,5.14592876658008,-0.084648468721725,"S",0.418581593451558,-0.904235137653908,-0.0845474154281089,1
"10740m",2005-02-25 15:15:19,23,1,0.5345,5.74021337688415,-0.106290551446455,"S",0.851345064122743,-0.513766855973839,-0.106090525008594,1
"10740",2005-02-27 18:44:42,23,2,0.3263,5.4785885220102,-0.14154620233674,"S",0.686467151769987,-0.713344916568557,-0.141074021515655,1
"10738m",2005-03-01 18:34:44,23,2,0.313,5.61542233536656,0.053232542185827,"N",0.784096604755716,-0.618353852156805,0.0532074048737362,1
"10740n",2005-03-02 06:58:11,23,2,0.6213,5.8168333310467,-0.508414411105948,"S",0.780238453079647,-0.392760368321709,-0.486792819802918,1
"10740o",2005-03-03 17:44:55,23,2,0.6455,5.59988890502381,-0.275238423039506,"S",0.746306414712713,-0.607588945960243,-0.271776393576737,1
"10740p",2005-03-03 17:44:55,23,2,0.4847,5.40284123247365,-0.232477856365645,"S",0.619752735294473,-0.750218141056753,-0.230389426676591,1
"10741",2005-03-03 17:44:55,23,146,0.9979,3.43515703377524,0.239459173373622,"N",-0.929905646101087,-0.281109291421918,0.237177266249503,1
"10739m",2005-03-07 07:26:00,23,11,0.8378,5.0780354586775,-0.118682389135614,"S",0.355037906120739,-0.92732334463588,-0.118403968306501,1
"10742",2005-03-07 07:26:00,23,70,0.9677,2.76006367910383,-0.0933751149816966,"S",-0.924053365671338,0.370717919263798,-0.0932394858855002,1
"10739o",2005-03-08 15:41:00,23,2,0.0767,3.70393773858237,-0.162839219211071,"S",-0.834815248540432,-0.526118275010299,-0.162120515372252,1
"10741m",2005-03-08 15:41:00,23,1,0.7413,3.04036355697412,0.282394272972683,"N",-0.955474492202207,0.097053559665843,0.278655883316903,1
"10743",2005-03-09 18:24:05,23,400,0.9775,2.14902390798062,-0.128979831722381,"S",-0.542000744901495,0.830476634874086,-0.128622515347966,1
"10743a",2005-03-10 10:57:55,23,15,0.9669,2.08968271341281,0.232477856365645,"N",-0.48257260560808,0.845011474710409,0.230389426676591,1
"10743b",2005-03-14 11:15:46,23,8,0.6646,1.70728107430085,-0.241728101401215,"S",-0.132105517286552,0.9618965355898,-0.239380841177384,1
"10743o",2005-03-16 07:46:01,23,1,0.6204,1.38195170172911,0.108908545324446,"N",0.186611981105346,0.97640243658361,0.108693377634185,1
"10743c",2005-03-18 07:22:28,23,0,0.1573,1.40237205397744,-0.178198116628621,"S",0.164974667084673,0.970238881985864,-0.177256512159984,1
"10744",2005-03-19 13:51:36,23,32,0.3453,0.915076126820627,-0.216944426022895,"S",0.595437984362017,0.77403002048782,-0.215246682117339,1
"10743p",2005-03-20 09:32:53,23,1,0.3685,1.44408542310011,-0.0694641042293743,"S",0.12606733807303,0.989590582288303,-0.0694082539578582,1
"10745",2005-03-21 10:09:17,23,13,0.9115,6.02295671570723,0.228987197861656,"N",0.941106842228087,-0.250585060243012,0.22699127537085,1
"10743d",2005-03-22 12:07:30,23,4,0.4796,1.0464994194958,0.0691150383789754,"N",0.499409287885493,0.86360933067101,0.0690600257144058,1
"10744n",2005-03-22 12:07:30,23,0,0.0803,0.664446846234241,-0.103148958792865,"S",0.783073607865,0.613346311584846,-0.102966143613121,1
"10746m",2005-03-23 11:30:48,23,1,0.2538,0.266686309704734,-0.359363292985632,"S",0.903028557275562,0.246701883391166,-0.351678269837743,1
"10745a",2005-03-24 06:30:24,23,3,0.9313,5.27560673000326,0.0296705972839036,"N",0.533674703150468,-0.845169347041847,0.0296662440851108,1
"10745m",2005-03-24 06:30:24,23,2,0.9281,5.26757821544409,-0.120427718387609,"S",0.523286486806487,-0.843645892943563,-0.120136838834647,1
"10746",2005-03-24 06:30:24,23,103,0.0806,0.140499004785544,-0.188495559215388,"S",0.972608028153323,0.137556775608585,-0.187381314585725,1
"10745n",2005-03-27 10:58:10,23,3,0.8491,4.7092473877311,-0.146956723017923,"S",-0.00310772519432098,-0.989216398490179,-0.146428340843694,1
"10745o",2005-03-28 13:14:31,23,4,0.7799,4.61482507519821,0.114668131856027,"N",-0.0967694936482261,-0.988708457452261,0.114417005997516,1
"10745p",2005-03-29 09:33:53,23,1,0.6338,5.7559213401521,0.385543231765547,"N",0.800750726889675,-0.466235169881929,0.376062547657736,1
"10747m",2005-03-29 09:33:53,23,3,0.9334,4.07394754000516,-0.107512281922851,"S",-0.592503689546194,-0.798388974443881,-0.107305281140287,1
"10748",2005-03-30 10:31:46,23,16,0.9909,3.6332519038766,0.167202542341057,"N",-0.86925681910954,-0.46550558384116,0.166424559017789,1
"10747",2005-03-31 10:08:33,23,7,0.5022,4.28949570262646,-0.0973893722612836,"S",-0.408455839403927,-0.90758420324425,-0.0972354939223993,1
"10745r",2005-04-01 11:35:06,23,2,0.95,5.80775761893633,0.0813323431429357,"N",0.886157996433912,-0.456205686408276,0.0812427045647056,1
"10749",2005-04-02 07:02:51,23,54,0.9973,2.88136406211744,-0.102276294166868,"S",-0.96128146575954,0.255956883107502,-0.102098078224237,1
"10751m",2005-04-03 15:20:14,23,1,0.1993,3.9095375244673,-0.226369203983665,"S",-0.700987798564958,-0.676936048350902,-0.224440844558472,1
"10747o",2005-04-05 09:26:16,23,4,0.9703,4.97732996083743,0.111177473352039,"N",0.260235670955074,-0.959149523209767,0.11094858128448,1
"10750",2005-04-05 09:26:16,23,239,0.9966,2.17555291261093,-0.11379546723003,"S",-0.564884551749951,0.817319909299986,-0.113550028868864,1
"10751",2005-04-09 07:15:25,23,64,0.8996,3.89557489045134,-0.125489173218392,"S",-0.723236427071807,-0.679164211504541,-0.125160074975295,1
"10752",2005-04-11 17:17:38,23,125,0.9944,0.757472895365539,0.0282743338823081,"N",0.726284264633472,0.68681288718275,0.0282705667702733,1
"10750m",2005-04-12 14:35:18,23,1,0.3229,2.17869450526452,0.179594380030216,"N",-0.561957302290597,0.807647904540471,0.178630492060177,1
"10752m",2005-04-12 14:35:18,23,1,0.7977,1.09240157882325,-0.319569786040162,"S",0.437047275138157,0.842789612872192,-0.314158157190057,1
"10749b",2005-04-13 09:48:18,23,1,0.7867,2.63282917663345,0.323409510394549,"N",-0.828070865295896,0.461845286399727,0.317801153991705,1
"10753",2005-04-13 09:48:18,23,18,0.3055,1.80048165635735,0.207519648062126,"N",-0.222786434972923,0.952846494659709,0.206033400221324,1
"10753m",2005-04-13 09:48:18,23,1,0.1132,1.74463112029353,-0.180117978805815,"S",-0.170162550739638,0.968995120857182,-0.179145644883582,1
"10754",2005-04-14 08:47:41,23,13,0.8658,0.553094839957003,-0.160919357033877,"S",0.8399094811309,0.518536181399573,-0.160225753504146,1
"10753n",2005-04-15 07:46:26,23,5,0.5808,1.90537594440221,0.236841179495631,"N",-0.319205286944618,0.918180408996467,0.23463316330324,1
"10753q",2005-04-15 07:46:26,23,1,0.0978,1.28700579042062,-0.116762526958421,"S",0.278090072674913,0.953464350980463,-0.11649739434453,1
"10753p",2005-04-16 14:23:52,23,0,0.3708,1.45106674010809,-0.220958683302482,"S",0.116539792830588,0.968702810959571,-0.219165099242624,1
"10752p",2005-04-17 09:49:04,23,1,0.4326,0.597600735882858,0.231954257590046,"N",0.80454844176157,0.54759204225684,0.229879881929701,1
"10755",2005-04-17 09:49:04,23,57,0.9903,5.74265683783694,-0.206821516361328,"S",0.839163642022872,-0.503622555667129,-0.205350196810764,1
"10754m",2005-04-18 17:25:02,23,1,0.2127,0.444709893408155,-0.241379035550816,"S",0.876564527581261,0.417724304358432,-0.239041909577599,1
"10752o",2005-04-21 13:38:04,23,1,0.6003,0.497767902668783,0.242600766027212,"N",0.852920521213847,0.46348362657147,0.240228042477264,1
"10754p",2005-04-25 04:55:00,23,3,0.3341,5.25466277897933,0.229336263712055,"N",0.502572523025478,-0.834111130181359,0.227331215646646,1
"10756",2005-04-25 04:55:00,23,553,0.9798,4.01547901006335,-0.127932634171184,"S",-0.636605878168661,-0.760562484373201,-0.127583945875541,1
"10754a",2005-04-27 00:41:00,23,7,0.7444,5.77581809362484,0.146084058391925,"N",0.864717214738852,-0.480702570736931,0.145565026779061,1
"10757",2005-04-27 00:41:00,23,2,0.4631,4.49125576415701,-0.153065375399903,"S",-0.216770992806039,-0.964242567888074,-0.152468380166177,1
"10757m",2005-04-28 10:28:46,23,2,0.1226,4.54431377341764,-0.00558505360638185,"S",-0.16728238111114,-0.98589320540834,-0.00558502457082831,1
"10756b",2005-04-29 13:29:42,23,2,0.7332,3.57670323611198,-0.287804793653865,"S",-0.869525144622773,-0.404173649235226,-0.283847994765906,1
"10758",2005-05-02 14:49:54,23,191,0.9848,2.27067335684462,-0.152541776624304,"S",-0.636644095772398,0.756039168761861,-0.151950882248244,1
"10758a",2005-05-05 12:39:19,23,1,0.2302,2.9229028983149,-0.28012534494509,"S",-0.93813172228368,0.208494202164293,-0.276476109833981,1
"10759",2005-05-08 15:57:16,23,739,0.9736,0.957836693494488,0.212930168743308,"N",0.562298376773661,0.799476307266697,0.211324796455389,1
"10761",2005-05-08 15:57:16,23,19,0.9787,0.928689694986183,0.0453785605518526,"N",0.598267326292156,0.800011503416807,0.0453629881292538,1
"10764m",2005-05-08 15:57:16,23,3,0.8027,1.36432387628397,0.0790634151153431,"N",0.204368134598544,0.975702647428279,0.0789810696443064,1
"10762m",2005-05-09 09:03:44,23,1,0.5505,1.55124863917256,-0.199316600577752,"S",0.0191594646066506,0.980014851896272,-0.197999507521394,1
"10764",2005-05-09 09:03:44,23,2,0.6072,1.46886909847843,-0.0996583002888762,"S",0.101245965050842,0.989873888077625,-0.0994934181893923,1
"10762",2005-05-10 14:47:27,23,37,0.391,1.46276044609645,-0.213279234593707,"S",0.105382731441285,0.971643967055648,-0.21166596608415,1
"10763",2005-05-11 08:18:54,23,105,0.9828,0.269129770657526,-0.276634686441101,"S",0.927351285407807,0.255783400877606,-0.273119836862822,1
"10761m",2005-05-13 04:50:20,23,2,0.6279,0.562170552067374,-0.125140107367993,"S",0.839483806077326,0.528855810266198,-0.12481374636477,1
"10761n",2005-05-16 05:56:21,23,1,0.3131,0.819781149661737,-0.185179433636598,"S",0.670714687042515,0.718498827695809,-0.184122902391879,1
"10763m",2005-05-17 00:52:00,23,4,0.4732,6.19068285682389,-0.263544717051144,"S",0.961344943987691,-0.089181274077892,-0.260504508642648,1
"10763n",2005-05-17 00:52:00,23,1,0.5784,6.03482495462079,0.0909316540289046,"N",0.965312105193063,-0.244799384148112,0.0908063934337355,1
"10763a",2005-05-18 14:29:00,23,3,0.175,0.0101229096615671,-0.212581102892909,"S",0.97743951814191,0.00989486993076359,-0.210983601077342,1
"10763q",2005-05-18 14:29:00,23,2,0.5588,5.72904326967139,-0.288677458279862,"S",0.81516568829894,-0.504439834056294,-0.284684657888995,1
"10765",2005-05-18 14:29:00,23,11,0.9908,4.84974639251664,0.144164196214732,"N",0.135505473266937,-0.980305327392224,0.143665346556254,1
"10768m",2005-05-19 14:33:00,23,1,0.8058,5.12393761800495,-0.270176968208722,"S",0.385517551561476,-0.883255085201818,-0.266901989320376,1
"10763o",2005-05-20 12:17:59,23,1,0.1178,5.89362781813445,0.0651007810993885,"N",0.923117608797357,-0.378974606594155,0.0650548067790118,1
"10766",2005-05-21 16:54:58,23,61,0.9758,4.22666384955467,0.24329889772801,"N",-0.453100332705981,-0.858291643780043,0.240905671828376,1
"10767",2005-05-21 16:54:58,23,168,0.9911,4.11409011280103,-0.120253185462409,"S",-0.559170115539553,-0.820327693181891,-0.119963568162838,1
"10761p",2005-05-22 08:18:17,23,6,0.9886,0.544019127846633,-0.302291026445418,"S",0.816838253000299,0.494110450772207,-0.297708130344311,1
"10763p",2005-05-22 08:18:17,23,6,0.7952,6.26119415860446,0.344527994343681,"N",0.941007392072847,-0.0206971699339741,0.337752446654325,1
"10765m",2005-05-26 14:19:31,23,3,0.1891,4.56909744879596,-0.149574716895914,"S",-0.141207233916183,-0.978700295596455,-0.149017611338903,1
"10768",2005-05-26 14:19:31,23,18,0.7061,5.2030010331203,-0.139975406009945,"S",0.466557562783755,-0.873417744193138,-0.139518761239674,1
"10769",2005-05-28 15:18:43,23,39,0.9793,2.59041767580998,-0.168598805742652,"S",-0.83983043682904,0.516263110026979,-0.167801187721706,1
"10766n",2005-05-29 15:33:25,23,1,0.2304,3.94304784610559,0.0525344104850293,"N",-0.694702335128608,-0.717378100654067,0.052510249178828,1
"10767m",2005-05-29 15:33:25,23,1,0.1145,3.6329028380262,-0.0874409955249159,"S",-0.878346875484307,-0.469979047948216,-0.0873296101940437,1
"10770",2005-05-29 15:33:25,23,42,0.2314,3.64459654401456,0.202109127380943,"N",-0.858304996858199,-0.472247394549216,0.20073597263501,1
"10771",2005-05-30 05:05:57,23,1,0.5568,4.00361077114979,0.416610092451047,"N",-0.595232044328465,-0.694223889115561,0.404662829014257,1
"10772",2005-05-30 05:05:57,23,2,0.969,2.28550865548657,-0.326725635973338,"S",-0.620728390963826,0.715326124208656,-0.320943609807209,1
"10773",2005-06-01 14:13:05,23,188,0.9889,1.62088727632713,-0.245742358680802,"S",-0.0485657514680371,0.96874038718012,-0.243276447751229,1
"10773c",2005-06-04 15:10:27,23,2,0.8114,1.40464098200504,-0.14468779499033,"S",0.163663689582385,0.97592280267351,-0.144183493972653,1
"10774",2005-06-04 15:10:27,23,6,0.0787,2.35846341821994,0.0694641042293743,"N",-0.707000167500416,0.703799159872264,0.0694082539578582,1
"10775",2005-06-04 15:10:27,23,284,0.9781,0.987856356628791,0.187099295813792,"N",0.540873709917006,0.820278037247668,0.186009600638593,1
"10776",2005-06-05 05:28:57,23,512,0.9941,0.738099740668402,-0.100181899064475,"S",0.736039439362666,0.669509568588061,-0.100014405321035,1
"10773b",2005-06-07 04:37:10,23,3,0.1682,1.58999494856683,-0.0521853446346305,"S",-0.0191713080361964,0.998454616893296,-0.0521616617128153,1
"10777",2005-06-09 13:36:46,23,10,0.9639,6.1873667312451,0.0762708883121522,"N",0.992519032636513,-0.0953938825663398,0.0761969620339215,1
"10776m",2005-06-12 16:40:09,23,1,0.1358,0.442790031230961,-0.117635191584418,"S",0.897315217663517,0.425500969011392,-0.117364072525805,1
"10776n",2005-06-14 16:02:09,23,2,0.6644,0.745604656451978,0.00767944870877505,"N",0.734656164685498,0.678396157798983,0.00767937322778269,1
"10778",2005-06-14 16:02:09,23,7,0.3896,0.40631264986428,0.124965574442794,"N",0.911421237692235,0.392142900241412,0.124640576353804,1
"10779",2005-06-14 16:02:09,23,20,0.515,5.86832054398054,-0.306479816650204,"S",0.872525276929779,-0.384283902293932,-0.301704364496703,1
"10779a",2005-06-16 15:06:46,23,4,0.7054,5.0773373269767,0.124965574442794,"N",0.354117914227215,-0.926857718071959,0.124640576353804,1
"10780",2005-06-16 15:06:46,23,66,0.9946,4.39404092482092,-0.120602251312808,"S",-0.310724542486483,-0.942855098691033,-0.120310105846879,1
"10779m",2005-06-20 16:03:27,23,1,0.7601,5.77930875212882,0.00715584993317675,"N",0.875695032065104,-0.482811563140579,0.00715578886269996,1
"10779n",2005-06-21 04:57:17,23,2,0.421,5.15797153841884,-0.20629791758573,"S",0.421845030384697,-0.883226061266698,-0.204837728553725,1
"10780b",2005-06-21 04:57:17,23,1,0.9634,3.49886155147303,0.206646983436129,"N",-0.916923253630446,-0.342276450911645,0.205179380306805,1
"10780d",2005-06-22 05:43:11,23,1,0.3717,4.26872628452773,0.284837733925475,"N",-0.411954755768993,-0.866793694361961,0.281001727065251,1
"10780m",2005-06-22 05:43:11,23,1,0.4006,4.15248735634491,-0.0397935069454707,"S",-0.530682394465177,-0.846636585957516,-0.0397830054534298,1
"10780o",2005-06-25 05:54:08,23,1,0.2799,3.67252181204647,0.250629280586386,"N",-0.835394589599058,-0.490515157759636,0.248013628005926,1
"10787m",2005-06-26 14:29:21,23,1,0.7712,2.68326919201608,-0.114668131856027,"S",-0.890906107611902,0.439539595666163,-0.114417005997516,1
"10780q",2005-06-27 16:54:54,23,5,0.709,4.06696622299719,0.216420827247297,"N",-0.587503740828213,-0.780210288178328,0.214735327167063,1
"10781",2005-06-27 16:54:54,23,74,0.9857,1.89088971161066,0.247313155007596,"N",-0.305081397105829,0.92032517221938,0.244799751877576,1
"10781m",2005-06-27 16:54:54,23,3,0.6419,2.60560204030233,0.162839219211071,"N",-0.848389315614822,0.503937007617072,0.162120515372252,1
"10785m",2005-06-27 16:54:54,23,4,0.8675,2.29580609807334,-0.317475390937769,"S",-0.630003224902474,0.711088167461685,-0.312169112354931,1
"10782o",2005-06-28 05:56:04,23,4,0.4764,3.55122142903286,-0.271573231610318,"S",-0.883650901554882,-0.383672318948086,-0.268247340814857,1
"10787n",2005-06-28 05:56:04,23,1,0.5103,2.71276525637479,-0.239110107523223,"S",-0.883579183357281,0.403974651811076,-0.236838146065619,1
"10782",2005-06-29 05:21:19,23,2,0.4588,2.61275789023551,-0.298800367941429,"S",-0.825138767571466,0.482172164806638,-0.294373942013084,1
"10783",2005-06-29 05:21:19,23,14,0.9392,1.72857409117518,-0.0349065850398866,"S",-0.15702824773001,0.986977281676106,-0.034899496702501,1
"10784",2005-06-29 05:21:19,23,5,0.983,1.55439023182615,0.265988178003936,"N",0.01582843529708,0.964703372422541,0.262862823298812,1
"10787",2005-06-29 05:21:19,23,1,0.3913,2.60490390860154,-0.169995069144248,"S",-0.847018584678597,0.503923103585323,-0.169177489288622,1
"10785",2005-06-30 14:07:00,23,25,0.5349,2.19981298921365,-0.322362312843353,"S",-0.55804380880006,0.766954857266577,-0.316808071827608,1
"10781n",2005-07-01 05:50:59,23,1,0.0753,2.47156075374917,0.123394778115999,"N",-0.777842233950265,0.616289145511523,0.123081876033547,1
"10786",2005-07-01 05:50:59,23,180,0.9968,0.979827842069617,0.184481301935801,"N",0.547711269506946,0.81631082095518,0.183436661675276,1
"10788",2005-07-02 12:05:41,23,164,0.9712,0.865683308989187,-0.0935496479068961,"S",0.645285946230828,0.75820842187347,-0.0934132570737506,1
"10789",2005-07-04 04:49:03,23,56,0.9961,0.302814625221016,0.294960643587042,"N",0.913279453385989,0.28532941429189,0.290702193598252,1
"10783n",2005-07-06 14:04:35,23,1,0.3938,1.58807508638964,-0.14782938764392,"S",-0.0170894518598633,0.988945474674375,-0.147291543396775,1
"10788m",2005-07-06 14:04:35,23,1,0.6115,0.588699556697687,0.142767932813136,"N",0.823202112519533,0.549630519600798,0.14228342794133,1
"10786m",2005-07-07 10:20:51,23,1,0.3659,0.799186264488204,0.346796922371273,"N",0.655777894677937,0.674115764993598,0.339887169865042,1
"10786n",2005-07-07 10:20:51,23,0,0.2687,1.04405595854301,0.333008821280518,"N",0.475100433720027,0.816960093240393,0.326888029654942,1
"10789b",2005-07-09 14:19:45,23,1,0.7963,5.96570991624182,-0.264940980452739,"S",0.916878182524842,-0.301276894253036,-0.261852308370936,1
"10790",2005-07-11 07:38:00,23,2,0.2659,0.124441975667196,-0.197571271325758,"S",0.972963719568355,0.121706417690803,-0.196288431387544,1
"10790a",2005-07-13 11:41:22,23,5,0.7357,5.10526259500861,0.097563905186483,"N",0.38102402402384,-0.919419458788249,0.0974091983244013,1
"10790m",2005-07-13 11:41:22,23,1,0.6051,0.235095850243636,-0.20612338466053,"S",0.951905999045187,0.228005332750281,-0.204666893315013,1
"10790o",2005-07-17 06:34:39,23,1,0.4905,4.5860271425403,-0.119555053761612,"S",-0.125126232498539,-0.984945676643918,-0.119270448985392,1
"10789o",2005-07-18 15:16:08,23,1,0.4869,5.24436533639256,0.172962128872638,"N",0.499669229127257,-0.848947522736667,0.172101031672242,1
"10790n",2005-07-20 14:18:00,23,1,0.266,4.0336304342841,0.00349065850398866,"N",-0.627823394094107,-0.778347994910279,0.00349065141522373,1
"10790b",2005-07-22 15:43:04,23,9,0.5776,4.29630248670924,-0.297927703315432,"S",-0.386378380818417,-0.87438327599471,-0.293539832896486,1
"10791",2005-07-22 15:43:04,23,2,0.9192,2.64312661922021,0.242251700176813,"N",-0.852670340455913,0.464119025646261,0.239889183874477,1
"10790p",2005-07-23 07:52:14,23,1,0.5511,3.12466295984545,-0.145211393765928,"S",-0.989333543346595,0.016750714263145,-0.144701601860329,1
"10789m",2005-07-24 15:32:00,23,1,0.1332,3.46587482861034,0.164235482612666,"N",-0.935124680502189,-0.314340877334788,0.163498149078437,1
"10789n",2005-07-24 15:32:00,23,2,0.3756,3.29099283756051,0.469144502936076,"N",-0.882019499163893,-0.132763124420323,0.452123385691151,1
"10790d",2005-07-24 15:32:00,23,1,0.3109,3.62749231734501,0.253770873239975,"N",-0.855934772172634,-0.452047157077378,0.251055837542252,1
"10790e",2005-07-25 16:02:48,23,2,0.5035,2.73685080005231,-0.273144027937113,"S",-0.885126909181037,0.37918302930119,-0.269760236012642,1
"10791a",2005-07-27 15:31:35,23,2,0.6035,2.08514485735763,-0.200538331054148,"S",-0.482108488338258,0.853165868752188,-0.199196902256346,1
"10791m",2005-07-27 15:31:35,23,1,0.5706,2.24484248391511,-0.349589449174464,"S",-0.586399513266485,0.734044317218665,-0.342512118325488,1
"10791n",2005-07-27 15:31:35,23,2,0.5058,2.27294228487222,0.471937029739267,"N",-0.575258424067201,0.6800038860035,0.454612428954444,1
"10793n",2005-07-27 15:31:35,23,1,0.5701,2.05948851735331,0.0312413936106985,"N",-0.469242473505182,0.882516738585772,0.0312363117968641,1
"10792",2005-07-28 16:03:26,23,613,0.9882,0.994837673636768,0.177674517853023,"N",0.536064979978373,0.825467680996663,0.176741180461086,1
"10793",2005-07-28 16:03:26,23,5,0.4753,1.94499491842248,0.237888377046827,"N",-0.355232639768585,0.904587407926383,0.235650998436397,1
"10791p",2005-07-29 06:37:31,23,2,0.4332,2.0929988389916,-0.306654349575404,"S",-0.475521175503888,0.826289087420299,-0.301870759858471,1
"10793m",2005-07-30 11:59:47,23,57,0.1612,1.89490396889024,0.219736952826086,"N",-0.310805514775586,0.925142012427942,0.217972908467683,1
"10793o",2005-07-30 11:59:47,23,1,0.3806,1.63991136517387,0.253421807389577,"N",-0.0668542610818961,0.965748944760754,0.250717936072957,1
"10793p",2005-07-31 14:06:00,23,1,0.3307,1.85737938997237,-0.218166156499291,"S",-0.275975746300415,0.936478126264706,-0.216439613938103,1
"10794",2005-07-31 14:06:00,23,171,0.9785,0.420449816805434,-0.21223203704251,"S",0.892422743491652,0.399013075788645,-0.210642379991584,1
"10795",2005-07-31 14:06:00,23,159,0.9907,0.303512756921814,0.215722695546499,"N",0.932173870693285,0.291946920388045,0.21405342901396,1
"10792m",2005-08-01 11:07:22,23,0,0.5022,1.07041043024812,-0.11065387457644,"S",0.476829971392142,0.872031416314216,-0.110428199945451,1
"10793q",2005-08-01 11:07:22,23,1,0.3043,1.70221961947007,-0.16632987771506,"S",-0.129236743762567,0.977694443876078,-0.165564001146068,1
"10796",2005-08-03 06:11:37,23,1,0.3325,0.907222145186652,-0.146084058391925,"S",0.609375972484173,0.779404738975701,-0.145565026779061,1
"10794m",2005-08-06 10:24:43,23,1,0.4128,0.143989663289532,-0.229510796637254,"S",0.963700556026717,0.139729930600126,-0.227501175399776,1
"10795a",2005-08-07 07:39:38,23,2,0.6845,5.83131956383825,-0.278380015693096,"S",0.864999773774883,-0.419834771289815,-0.274798391890181,1
"10795m",2005-08-10 06:25:25,23,1,0.3268,6.13029446470488,0.0699877030049726,"N",0.985915362824375,-0.151923043888837,0.0699305804525552,1
"10799",2005-08-10 06:25:25,23,1,0.9139,4.6799258562976,-0.158126830230686,"S",-0.0320524830756885,-0.987003673713151,-0.157468683888021,1
"10797",2005-08-11 10:14:56,23,29,0.9044,4.46018890347151,-0.260577657322753,"S",-0.24111106515456,-0.935675012027015,-0.257638751216269,1
"10798m",2005-08-13 14:54:49,23,10,0.9516,3.79993084744205,-0.170169602069447,"S",-0.779584719525505,-0.602966342865361,-0.169349503849025,1
"10799m",2005-08-15 06:47:49,23,2,0.4666,4.21060682043632,-0.102450827092067,"S",-0.478466705660853,-0.872129641427039,-0.102271697543339,1
"10798",2005-08-18 14:06:00,23,28,0.308,3.94426957658199,-0.186052098262596,"S",-0.682793450523302,-0.706806402090255,-0.184980577052598,1
"10800",2005-08-18 14:06:00,23,9,0.8853,2.78432375570655,0.279078147393893,"N",-0.900608294860053,0.336186272521481,0.27546957980398,1
"10801",2005-08-19 09:37:42,23,10,0.9654,2.37783657291707,0.108559479474047,"N",-0.717991560906892,0.687567583489448,0.108346373270942,1
"10798o",2005-08-23 07:08:11,23,1,0.5514,3.23025537959111,-0.267384441405531,"S",-0.96067686457887,-0.0854001260294062,-0.264209727938003,1
"10800m",2005-08-23 07:08:11,23,1,0.4173,2.69182130535085,-0.294437044811443,"S",-0.861792112486588,0.416050041850603,-0.290201167351228,1
"10804",2005-08-23 07:08:11,23,1,0.6127,2.13715566906706,0.242600766027212,"N",-0.520850941587874,0.819148816915808,0.240228042477264,1
"10804m",2005-08-23 07:08:11,23,1,0.6237,2.13733020199226,-0.0193731546971371,"S",-0.536609963412922,0.843608010272264,-0.0193719428673069,1
"10798n",2005-08-24 09:46:39,23,1,0.554,3.12047416964066,0.249931148885588,"N",-0.968713394882597,0.0204608001448177,0.247337247968167,1
"10800o",2005-08-24 09:46:39,23,1,0.5364,2.35933608284593,0.662177918206649,"N",-0.559412523401539,0.555908627141237,0.61483593497084,1
"10802",2005-08-24 09:46:39,23,11,0.4811,2.16543000294936,-0.21223203704251,"S",-0.547636124666203,0.809768153678609,-0.210642379991584,1
"10803",2005-08-24 09:46:39,23,153,0.9925,1.07512281922851,0.186052098262596,"N",0.467415970573008,0.864467753341084,0.184980577052598,1
"10802m",2005-08-25 10:27:45,23,1,0.3247,2.25199833384828,-0.202458193231342,"S",-0.616865196202551,0.76095006363204,-0.201077921145965,1
"10802o",2005-08-25 10:27:45,23,1,0.551,2.00259078373829,-0.378736447682769,"S",-0.388843124277484,0.843853281197397,-0.369746757273829,1
"10801m",2005-08-26 06:38:36,23,1,0.1227,2.22599292799357,0.159348560707082,"N",-0.601595646863061,0.782882433604506,0.158675054211118,1
"10804n",2005-08-27 08:44:03,23,2,0.1839,1.73154115090357,0.261101256098352,"N",-0.154628665541965,0.953651572290268,0.258144638644718,1
"10805",2005-08-27 08:44:03,23,120,0.9963,0.400553063332699,-0.176976386152225,"S",0.906462344289752,0.383837216556498,-0.176053996179826,1
"10804p",2005-08-29 08:31:52,23,1,0.3184,1.7226399717184,0.157603231455088,"N",-0.149386138461826,0.976242786480494,0.156951595978711,1
"10806",2005-08-29 08:31:52,23,39,0.8723,0.422020613132229,-0.307003415425803,"S",0.869608851925725,0.390452910534174,-0.30220352299041,1
"10804a",2005-09-01 15:29:52,23,5,0.875,1.57830124257847,-0.410152374218667,"S",-0.00688239401926278,0.917034248370154,-0.398749068925246,1
"10806m",2005-09-02 14:48:00,23,2,0.6619,6.09608601136579,-0.277856416917497,"S",0.944862911383617,-0.178875317946127,-0.274294913043147,1
"10805o",2005-09-06 06:00:39,23,1,0.6822,5.17263230413559,-0.172787595947439,"S",0.437552191780133,-0.882603231325104,-0.17192910027941,1
"10808",2005-09-07 15:07:19,23,29,0.9926,4.12857634559259,-0.201934594455744,"S",-0.540008724419849,-0.817413152974513,-0.200564989204778,1
"10809",2005-09-07 15:07:19,23,33,0.97,4.20694162900713,0.156556033903891,"N",-0.478277205075592,-0.864257318977084,0.155917291214355,1
"10805a",2005-09-08 15:21:00,23,3,0.7205,4.53645979178366,-0.0865683308989187,"S",-0.174367650390113,-0.980877437949555,-0.0864602464659229,1
"10805p",2005-09-09 14:43:45,23,3,0.4228,4.82025032815794,-0.218689755274889,"S",0.105088320659751,-0.970509560769953,-0.216950771639621,1
"10806p",2005-09-11 07:40:34,23,1,0.4409,5.12655561188294,-0.012915436464758,"S",0.402393597679832,-0.915375656942015,-0.0129150774003242,1
"10805q",2005-09-12 09:57:48,23,1,0.3655,4.42458418673082,-0.245916891606001,"S",-0.275308291412733,-0.930021246817234,-0.243445733476516,1
"10809n",2005-09-12 09:57:48,23,1,0.8735,3.37546677335703,0.0925024503556995,"N",-0.968616967731293,-0.230757111261629,0.0923705874465616,1
"10809m",2005-09-13 10:40:50,23,1,0.1487,4.32719481446954,0.211184839491314,"N",-0.367391376100116,-0.906136653520538,0.209618562903822,1
"10808a",2005-09-15 09:24:08,23,2,0.7433,2.91103465940134,0.217468024798493,"N",-0.950609144366876,0.223138408955157,0.215757978056517,1
"10810",2005-09-17 09:43:17,23,130,0.9939,1.81776041595209,0.152541776624304,"N",-0.241622618628511,0.958399415458441,0.151950882248244,1
"10808b",2005-09-18 00:38:00,23,2,0.5226,2.68117479691369,-0.165282680163863,"S",-0.883657935366906,0.438267211754867,-0.16453116532655,1
"10808m",2005-09-19 15:06:00,23,1,0.2676,2.91888864103532,-0.105592419745657,"S",-0.969871635624957,0.219637494042967,-0.10539630743388,1
"10810p",2005-09-19 15:06:00,23,1,0.6391,2.08479579150723,0.23701571242083,"N",-0.477918408525211,0.846440565148763,0.234802820390582,1
"10812",2005-09-23 11:42:43,23,17,0.9809,0.524820506074695,-0.0354301838154849,"S",0.864870773059059,0.500743220775625,-0.0354227717080148,1
"10810n",2005-09-24 14:55:33,23,1,0.6387,2.1863739539733,-0.291644518008252,"S",-0.553046681828806,0.78196368004342,-0.287527687033959,1
"10812p",2005-09-24 14:55:33,23,2,0.9698,0.289026524130261,0.208741378538522,"N",0.937714688876285,0.27883221027742,0.207228764358283,1
"10808o",2005-09-25 08:34:15,23,4,0.897,2.50350027906067,-0.280823476645888,"S",-0.771768890000527,0.572330623126145,-0.27714696148324,1
"10810m",2005-09-25 08:34:15,23,1,0.2499,1.20672064482888,0.101229096615671,"N",0.354262808223818,0.9296695582351,0.101056297182946,1
"10810r",2005-09-25 08:34:15,23,2,0.6767,0.713316065290082,0.213104701668508,"N",0.739090270258043,0.639543020248744,0.211495384491028,1
"10810a",2005-09-26 05:47:49,23,5,0.0937,1.21911248251804,0.0342084533390889,"N",0.34427753975774,0.9382447515108,0.0342017818365527,1
"10812n",2005-09-26 05:47:49,23,4,0.4347,1.2000883936713,-0.323409510394549,"S",0.343494064304666,0.883750108519938,-0.317801153991705,1
"10812t",2005-09-27 10:59:23,23,1,0.596,0.387637626867941,0.414341164423454,"N",0.847464664999052,0.346016479338607,0.402586931735446,1
"10812u",2005-09-28 10:00:23,23,1,0.3738,0.368962603871601,0.122173047639603,"N",0.925749763166907,0.357959828939526,0.121869343405147,1
"10812a",2005-10-01 15:22:00,23,9,0.4115,0.424289541159821,0.229685329562454,"N",0.887398130759751,0.400862089624158,0.227671128222824,1
"10812b",2005-10-02 11:55:48,23,25,0.6289,0.42463860701022,-0.183085038534205,"S",0.895958728994422,0.405105773538316,-0.182063912362179,1
"10813",2005-10-03 14:46:28,23,19,0.7543,5.02375571894048,-0.134564885328763,"S",0.303590386860302,-0.943310236067644,-0.134159142573357,1
"10812r",2005-10-04 10:44:23,23,1,0.3681,5.99188985502173,-0.0357792496658837,"S",0.957259586952017,-0.287009537566133,-0.0357716163253496,1
"10814",2005-10-06 10:49:58,23,1,0.8197,4.27605666738611,-0.194604211597368,"S",-0.414641039140872,-0.889200577964876,-0.193378232505908,1
"10814n",2005-10-12 09:21:48,23,1,0.4558,3.48978583936266,-0.233350520991642,"S",-0.914514245524522,-0.33195246366977,-0.231238527491168,1
"10815",2005-10-14 17:24:57,23,128,0.9674,1.96175007924163,0.121823981789204,"N",-0.378246123403704,0.917693882351756,0.121522872020996,1
"10816",2005-10-17 10:07:11,23,5,0.3524,2.58919594533359,-0.252025543987981,"S",-0.824377157194621,0.508152426161564,-0.249366025115354,1
"10816m",2005-10-18 11:26:41,23,4,0.4703,2.7401669256311,-0.269827902358323,"S",-0.887198029300927,0.376593220429034,-0.266565570041296,1
"10815b",2005-10-22 18:07:32,23,2,0.1182,1.33639860825206,0.160395758258279,"N",0.229275998237884,0.960169560389461,0.159708897477666,1
"10815n",2005-10-22 18:07:32,23,1,0.3141,1.21195663258486,-0.137706477982353,"S",0.347863525804401,0.927441349485649,-0.137271667430567,1
"10817",2005-10-22 18:07:32,23,4,0.645,0.732689219987219,0.0752236907609556,"N",0.741276100713706,0.666979612937729,0.0751527673217723,1
"10817m",2005-10-24 14:15:37,23,4,0.4929,0.56025068989018,-0.166853476490658,"S",0.835357281324524,0.52401863472223,-0.166080351041148,1
"10815a",2005-10-25 10:29:23,23,1,0.7787,1.68249739892253,-0.117809724509617,"S",-0.110696280504549,0.986879574052121,-0.117537397457838,1
"10815o",2005-10-25 10:29:23,23,1,0.2523,0.722915376176051,-0.148876585195116,"S",0.741585259152606,0.654255556930235,-0.148327238339658,1
"10818",2005-10-29 13:49:41,23,5,0.907,5.02951530547206,-0.117809724509617,"S",0.309675956660842,-0.943549554641954,-0.117537397457838,1
"10819",2005-10-31 12:28:31,23,25,0.5738,5.13353692889092,-0.152367243699105,"S",0.404072134936365,-0.902047135715016,-0.151778373677883,1
"10819m",2005-11-04 07:11:44,23,1,0.5317,5.3860860716545,0.139277274309147,"N",0.617838314151727,-0.77395268846919,0.138827423722637,1
"10819n",2005-11-04 07:11:44,23,2,0.579,5.36444398892977,-0.238586508747625,"S",0.589631661781243,-0.772323062321388,-0.236329411693938,1
"10820",2005-11-04 07:11:44,23,2,0.3672,4.94696123185273,-0.285186799775873,"S",0.22303904169684,-0.933329117160315,-0.281336710970506,1
"10821",2005-11-04 07:11:44,23,5,0.6003,4.25965057241736,-0.200363798128949,"S",-0.428678577131875,-0.881262380313749,-0.199025864027609,1
"10821m",2005-11-06 08:56:44,23,1,0.9421,3.1381019950858,-0.102625360017267,"S",-0.994732577591762,0.00347228583409329,-0.102445313747067,1
"10821n",2005-11-06 08:56:44,23,1,0.4061,3.93484479862122,0.0818559419185341,"N",-0.69918246888013,-0.710252371850202,0.0817645613444447,1
"10822",2005-11-12 09:57:40,23,236,0.9972,1.4777702776636,-0.120427718387609,"S",0.0922191504709109,0.988464854327781,-0.120136838834647,1
"10823m",2005-11-15 08:39:11,23,2,0.2898,2.01079383122267,0.157777764380287,"N",-0.42064659345787,0.893514691282001,0.157123963403168,1
"10820d",2005-11-16 10:29:25,23,5,0.8478,3.04367968255291,0.170867733770245,"N",-0.980717692825869,0.0963330266200711,0.17003751045143,1
"10823",2005-11-17 11:24:14,23,3,0.362,1.85388873146838,-0.32009338481576,"S",-0.265138205622072,0.911424069728718,-0.314655203418995,1
"10822m",2005-11-19 11:57:50,23,1,0.6817,0.614879495477602,-0.179768912955416,"S",0.803679573652732,0.567564014682793,-0.17880221511635,1
"10824",2005-11-20 12:31:30,23,159,0.9746,6.05646703734552,-0.239284640448423,"S",0.946646216265827,-0.218376479366272,-0.237007709767395,1
"10825",2005-11-23 08:18:06,23,2,0.7918,5.83201769553905,-0.125314640293193,"S",0.892881650564783,-0.432597537868635,-0.124986912573692,1
"10824o",2005-11-28 12:13:22,23,3,0.3077,5.36967997668576,-0.239633706298821,"S",0.593515903229377,-0.76902884327092,-0.237346815506779,1
"10826",2005-11-28 12:13:22,23,23,0.9321,4.34778969964307,-0.0595157274930066,"S",-0.355943614888823,-0.932612567701703,-0.0594805983890075,1
"10827",2005-11-29 12:33:06,23,3,0.956,4.04078628421727,0.124267442741996,"N",-0.617443146842541,-0.776788831547206,0.123947858395002,1
"10828",2005-12-01 20:16:00,23,65,0.7012,4.00570516625219,-0.0818559419185341,"S",-0.647141202279744,-0.757972836465844,-0.0817645613444447,1
"10829",2005-12-02 11:14:54,23,13,0.215,4.4942228238854,0.178896248329419,"N",-0.212985388697945,-0.960715003955587,0.177943545473842,1
"10830",2005-12-02 11:14:54,23,120,0.9933,3.18138616053526,0.193382481120972,"N",-0.980582906570628,-0.0390414425556895,0.192179419045508,1
"10826m",2005-12-03 10:47:25,23,2,0.2451,4.47502420211346,-0.226892802759263,"S",-0.229115435977508,-0.94704970310244,-0.224951054343865,1
"10827m",2005-12-03 10:47:25,23,2,0.2302,4.22352225690108,0.151843644923507,"N",-0.464222093070127,-0.872707289166149,0.151260820247219,1
"10831",2005-12-05 11:56:52,23,34,0.2593,4.17552570247123,-0.0933751149816966,"S",-0.509215078918505,-0.85557372661497,-0.0932394858855002,1
"10832",2005-12-08 11:54:49,23,32,0.8267,4.19489885716837,-0.239284640448423,"S",-0.480605336283815,-0.844301993510815,-0.237007709767395,1
"10832m",2005-12-09 12:34:25,23,3,0.8397,3.98685561033065,-0.211882971192112,"S",-0.648695724275957,-0.731414581932978,-0.210301133239691,1
"10833",2005-12-09 12:34:25,23,6,0.7619,3.82960144472596,-0.308399678827398,"S",-0.736065267929922,-0.605041243715472,-0.303534206886944,1
"10834",2005-12-09 12:34:25,23,144,0.9937,1.55456476475135,-0.132994089001968,"S",0.0160875197761966,0.991038748020532,-0.132602381688062,1
"10835",2005-12-09 12:34:25,23,60,0.9949,1.55124863917256,0.32620203719774,"N",0.0185156849497915,0.947085245666485,0.320447666322747,1
"10830n",2005-12-12 10:13:00,23,1,0.0668,2.34694424515678,0.056025068989018,"N",-0.699436575047496,0.712497685466986,0.05599576492928,1
"10835a",2005-12-12 10:13:00,23,2,0.8975,1.23656577503798,-0.160744824108678,"S",0.323813388516978,0.932484731878409,-0.160053473035744,1
"10836",2005-12-13 18:17:29,23,69,0.6179,2.68501452126808,-0.154287105876299,"S",-0.886904491106618,0.435642283347679,-0.153675712506992,1
"10836m",2005-12-15 03:48:00,23,8,0.2582,1.97274565352919,-0.0300196631343025,"S",-0.39103678663614,0.919885493960323,-0.0300151544832513,1
"10837",2005-12-17 11:56:56,23,10,0.4836,0.695339173994541,-0.179245314179818,"S",0.755534581941711,0.630381813313389,-0.178287029628876,1
"10835b",2005-12-18 12:30:31,23,1,0.0795,0.973370123837238,0.0481710873550435,"N",0.561863838781073,0.825827080745763,0.0481524597204341,1
"10839m",2005-12-18 12:30:31,23,1,0.9485,6.0007910342069,0.281870674197084,"N",0.922490897027131,-0.267659226467175,0.278152985583603,1
"10835c",2005-12-19 10:37:31,23,5,0.2045,0.916297857297023,-0.10768681484805,"S",0.605235102959431,0.78875774271089,-0.107478804697994,1
"10839",2005-12-21 16:58:00,23,12,0.371,0.0621337213709981,0.319046187264563,"N",0.947702726296298,0.0589601905640822,0.313661024832878,1
"10838",2005-12-22 02:11:00,23,36,0.7579,5.59430385141742,0.280474410795489,"N",0.741792688004028,-0.610834652269828,0.276811552522934,1
"10842",2005-12-23 00:18:00,23,7,0.9533,4.92933340640759,-0.118856922060814,"S",0.213728079664745,-0.969669912188918,-0.118577271676977,1
"10840",2005-12-24 08:55:38,23,87,0.9618,4.5874234059419,-0.0427605666738611,"S",-0.124526643183714,-0.991294993043367,-0.0427475368243222,1
"10841",2005-12-24 08:55:38,23,195,0.9882,4.47746766306625,0.208566845613322,"N",-0.227722104822902,-0.951456578406056,0.207058016949038,1
"10840m",2005-12-28 01:02:00,23,1,0.5284,4.50923265545255,-0.240506370924819,"S",-0.19595453410774,-0.951244039670347,-0.238194453239908,1
"10840n",2005-12-28 01:02:00,23,2,0.7023,4.25825430901576,-0.0972148393360842,"S",-0.436613545462605,-0.89439791005383,-0.0970617865584348,1
"10840p",2005-12-30 18:34:38,23,3,0.5204,3.9095375244673,-0.29251718263425,"S",-0.688782998396932,-0.665150009829877,-0.288363391474449,1
"10844",2005-12-30 18:34:38,23,106,0.9278,5.59308212094103,-0.251327412287183,"S",0.746952280876409,-0.616616274611254,-0.248689887164855,1
"10840o",2006-01-03 11:11:32,23,2,0.4995,4.05195639143003,-0.224972940582069,"S",-0.597999469629192,-0.76982592496901,-0.223079984688928,1
"10843a",2006-01-03 11:11:32,23,2,0.6602,2.83755629789238,-0.149749249821113,"S",-0.943457691333529,0.296023429648035,-0.149190193253517,1
"10843m",2006-01-04 11:11:32,23,4,0.1623,3.42311426193648,-0.187448361664191,"S",-0.943806338023739,-0.272951128381955,-0.186352563226903,1
"10843n",2006-01-06 11:11:32,23,2,0.4251,3.21699087727595,-0.330565360327726,"S",-0.943171711538974,-0.0712485362924359,-0.324577831388448,1
"10845",2006-01-06 11:11:32,23,50,0.9787,1.537635071007,0.319220720189763,"N",0.0314801875691869,0.948958256089454,0.313826745179996,1
"10843o",2006-01-07 11:11:32,23,2,0.3198,2.91033652770054,0.10471975511966,"N",-0.96804698503625,0.227944807199308,0.104528463267653,1
"10845n",2006-01-10 11:52:32,23,3,0.2902,1.64584548463065,-0.109955742875643,"S",-0.0745259269551093,0.991163088084325,-0.109734311091045,1
"10845m",2006-01-12 12:47:32,23,6,0.4499,1.00338978697154,-0.070162235930172,"S",0.53612448706726,0.841222840574127,-0.0701046850307777,1
"10846",2006-01-14 12:42:32,23,6,0.2432,1.19397974128932,0.0827286065445312,"N",0.366703817454674,0.926660610595741,0.0826342727595425,1
"10847",2006-01-15 15:17:32,23,48,0.0891,0.825366203268118,-0.132994089001968,"S",0.672298178416935,0.728307467810076,-0.132602381688062,1
"10847m",2006-01-18 12:48:32,23,5,0.6407,0.769864733054699,-0.26459191460234,"S",0.693017757882336,0.671815510078737,-0.261515406195097,1
"10848",2006-01-18 12:48:32,23,61,0.6985,5.62275271822493,-0.326725635973338,"S",0.747949036821812,-0.581005540112348,-0.320943609807209,1
"10847n",2006-01-19 12:47:32,23,3,0.691,0.623082542961976,-0.111177473352039,"S",0.807069843328937,0.57993851424092,-0.11094858128448,1
"10848m",2006-01-21 11:11:32,23,5,0.3613,5.3852134070285,-0.291120919232654,"S",0.596974919513552,-0.749157479700945,-0.287026159225804,1
"10849",2006-01-21 11:11:32,23,3,0.9013,4.57363530485114,-0.125140107367993,"S",-0.137227326980324,-0.982644487822644,-0.12481374636477,1
"10848n",2006-01-22 12:47:32,23,2,0.4236,5.58330827712986,0.324805773796145,"N",0.724925746555135,-0.610444161475841,0.319124721232213,1
"10848o",2006-01-22 12:47:32,23,6,0.5997,5.95907766508424,0.309795942228993,"N",0.902809585470277,-0.303302838036749,0.304864299028011,1
"10850",2006-01-23 12:47:32,23,20,0.1804,5.20474636237229,0.0860447321233204,"N",0.470955773040965,-0.877960829113074,0.085938596581922,1
"10850n",2006-01-23 12:47:32,23,3,0.6187,4.62634424826137,0.203505390782539,"N",-0.084165180096838,-0.975740923319876,0.202103619507773,1
"10848p",2006-01-24 14:49:32,23,4,0.6481,5.67912685306435,-0.0785398163397448,"S",0.820500099405441,-0.566236485201395,-0.0784590957278449,1
"10850m",2006-01-24 14:49:32,23,4,0.2985,4.91240371266324,0.200363798128949,"N",0.194708949075725,-0.960456730205942,0.199025864027609,1
"10849m",2006-01-25 12:50:32,23,2,0.5408,4.20851242533393,-0.256388867117967,"S",-0.467041389531283,-0.84709202472486,-0.253589120650365,1
"10850o",2006-01-26 13:01:32,23,6,0.3044,4.83578375850069,-0.0429350995990605,"S",0.122968447492989,-0.991481956770294,-0.0429219095581005,1
"10848q",2006-01-27 11:11:32,23,10,0.8228,5.28712590306642,-0.253421807389577,"S",0.526251067359666,-0.812527126091264,-0.250717936072957,1
"10849a",2006-01-29 11:11:32,23,8,0.4604,4.32963827542233,-0.213104701668508,"S",-0.365025198887236,-0.906656664077602,-0.211495384491028,1
"10852m",2006-02-03 11:11:32,23,2,0.6519,2.00276531666349,-0.21223203704251,"S",-0.409266347975309,0.88776733673099,-0.210642379991584,1
"10852o",2006-02-04 11:11:32,23,4,0.9599,1.21631995571485,0.112050137978036,"N",0.344922661000051,0.931947198747866,0.111815815852006,1
"10852n",2006-02-05 11:11:32,23,5,0.4202,2.64504648139741,0.0692895713041749,"N",-0.877123402957777,0.475248534683596,0.0692341408906283,1
"10852",2006-02-07 11:34:33,23,5,0.277,1.51442219195548,-0.177674517853023,"S",0.0554572720943434,0.982693770256572,-0.176741180461086,1
"10852p",2006-02-07 11:34:33,23,4,0.3798,1.48056280446679,0.122871179340401,"N",0.0894317607663845,0.988423217606898,0.122562241583007,1
"10852q",2006-02-07 11:34:33,23,1,0.0617,1.74271125811634,-0.153414441250302,"S",-0.16906016671121,0.973687187135918,-0.152813355564627,1
"10852r",2006-02-07 11:34:33,23,3,0.3871,1.48963851657716,-0.382750704962356,"S",0.07520268013998,0.924587512257308,-0.37347354535175,1
"10853",2006-02-09 10:49:33,23,29,0.6801,2.08758831831042,-0.16929693744345,"S",-0.48702978992032,0.856979178687539,-0.168489379565003,1
"10854b",2006-02-13 11:11:33,23,13,0.9415,5.45799363683667,-0.228812664936457,"S",0.660734190804457,-0.715529474795186,-0.226821294858538,1
"10855",2006-02-13 11:11:33,23,22,0.9824,5.32726847586229,0.0488692190558412,"N",0.576171401477913,-0.815867768765192,0.0488497697956133,1
"10854",2006-02-15 09:11:33,23,33,0.5006,5.73148673062418,-0.119205987911213,"S",0.845591731523133,-0.520414966445403,-0.118923867576441,1
"10854n",2006-02-16 12:47:33,23,2,0.4286,5.65242331550884,-0.416610092451047,"S",0.738502912693303,-0.539315717143202,-0.404662829014257,1
"10854a",2006-02-17 15:56:33,23,4,0.201,5.62973403523291,0.050789081233035,"N",0.792966557428862,-0.607146378773039,0.0507672487161165,1
"10854m",2006-02-18 11:11:33,23,2,0.08,5.51995282528247,-0.196524073774562,"S",0.70869602811177,-0.677954929913298,-0.195261498367845,1
"10855n",2006-02-19 12:47:33,23,2,0.5043,4.77399910298009,-0.12007865253721,"S",0.0611277927939605,-0.990915575844203,-0.119790293836729,1
"10855m",2006-02-22 11:30:33,23,6,0.429,4.4642031607511,0.272271363311115,"N",-0.236596811504687,-0.933650940590791,0.268919820615266,1
"10856",2006-02-27 13:42:33,23,18,0.9385,2.22651652676917,-0.154287105876299,"S",-0.602487457987437,0.783193870221994,-0.153675712506992,1
"10857",2006-03-04 12:43:33,23,3,0.8755,1.28822752089701,0.145036860840729,"N",0.275896013649347,0.950259325482968,0.144528903631952,1
"10856a",2006-03-05 03:38:33,23,7,0.6744,1.43972209997012,-0.29548424236264,"S",0.125034887650025,0.94845506379507,-0.291203140147622,1
"10856m",2006-03-07 05:47:33,23,2,0.6273,2.21098309642642,0.316079127536173,"N",-0.567753647345476,0.762255106433324,0.310842321189106,1
"10857a",2006-03-12 20:53:33,23,6,0.7686,1.28246793436543,-0.133517687777566,"S",0.281819231617844,0.950187681418375,-0.133121338526552,1
"10858",2006-03-12 20:53:33,23,34,0.4837,0.145909525466726,0.306479816650204,"N",0.943270758319679,0.138617289479549,0.301704364496703,1
"10860",2006-03-12 20:53:33,23,17,0.9772,5.32744300878749,-0.0539306738866248,"S",0.576163742591254,-0.815554806784262,-0.0539045346360017,1
"10861",2006-03-14 13:29:26,23,6,0.897,5.17315590291119,-0.183259571459405,"S",0.437189722009158,-0.880712984018151,-0.182235525492147,1
"10858m",2006-03-16 20:59:33,23,2,0.3874,6.10149653204698,-0.348716784548467,"S",0.924342598721489,-0.169815380909622,-0.341692107891483,1
"10860m",2006-03-17 08:59:33,23,7,0.2475,5.4173274652652,-0.224274808881271,"S",0.631758562093016,-0.742576346164629,-0.222399391498615,1
"10863",2006-03-20 10:14:33,23,2,0.421,5.30772078823996,0.11711159280882,"N",0.55694229504139,-0.822291153927607,0.116844076300142,1
"10861n",2006-03-22 11:25:32,23,3,0.2048,4.26959894915373,-0.115017197706426,"S",-0.425631159279063,-0.897589768644315,-0.11476377248856,1
"10861m",2006-03-23 11:11:32,23,5,0.3724,4.35023316059587,0.23073252711365,"N",-0.344902018699643,-0.910353316867977,0.228690699339486,1
"10861a",2006-03-24 10:17:32,23,23,0.8148,4.98047155349102,-0.0799360797413403,"S",0.26403716620145,-0.961201433716917,-0.0798509779830591,1
"10865",2006-03-28 11:11:32,23,62,0.9052,1.95616502563524,-0.205250720034533,"S",-0.368010630685885,0.907209231720823,-0.203812623707885,1
"10866",2006-03-28 11:11:32,23,74,0.9986,1.57219259019649,-0.119555053761612,"S",-0.00138629614802847,0.992860835254273,-0.119270448985392,1
"10861o",2006-03-29 11:11:32,23,4,0.3134,3.14194171944019,-0.280474410795489,"S",-0.960924165519506,-0.000335425824629288,-0.276811552522934,1
"10867",2006-03-31 11:11:32,23,10,0.776,1.51913458093586,-0.281172542496286,"S",0.0496109523271026,0.959448959686298,-0.277482336674028,1
"10865m",2006-04-01 12:47:32,23,2,0.3226,2.47190981959957,-0.233175988066442,"S",-0.76280102567046,0.603938607168627,-0.231068721395418,1
"10868",2006-04-04 11:11:32,23,12,0.2442,1.24023096646717,-0.122173047639603,"S",0.32215847745269,0.938808701782937,-0.121869343405147,1
"10869",2006-04-05 11:11:32,23,11,0.7114,0.46478117980609,-0.220086018676485,"S",0.872357140345216,0.43741536993501,-0.218313567680379,1
"10871",2006-04-08 11:11:32,23,91,0.991,5.40685548975323,-0.118158790360016,"S",0.635513284729186,-0.763037495050801,-0.117884036575442,1
"10870",2006-04-10 11:11:32,23,20,0.456,5.91492083500878,-0.13229595730117,"S",0.924801056620807,-0.356851028590417,-0.131910382711142,1
"10873",2006-04-10 11:11:32,23,28,0.924,5.21102954767947,-0.050789081233035,"S",0.47761540692531,-0.877101025837598,-0.0507672487161165,1
"10870m",2006-04-11 11:11:31,23,3,0.1981,6.09678414306659,0.0856956662729216,"N",0.979071486447149,-0.184643538986587,0.0855908168945634,1
"10872",2006-04-11 11:11:31,23,34,0.9822,4.7720792408029,-0.111352006277238,"S",0.0592853652779885,-0.992036863632645,-0.111122034978494,1
"10873m",2006-04-12 11:11:31,23,3,0.723,5.11887616317417,-0.105068820970059,"S",0.393204785423481,-0.913450109769217,-0.104875610523512,1
"10870a",2006-04-13 11:11:31,23,11,0.1066,5.76569518396327,-0.18151424220741,"S",0.854786116942937,-0.486573254998282,-0.18051914525056,1
"10874",2006-04-16 11:11:31,23,1,0.7898,4.10030201171028,-0.0284488668075076,"S",-0.574344293311523,-0.818119498017847,-0.0284450295045266,1
"10874b",2006-04-22 11:11:31,23,7,0.7173,2.83406563938839,-0.271573231610318,"S",-0.91815456523987,0.291608570647269,-0.268247340814857,1
"10874n",2006-04-22 11:11:31,23,1,0.4028,3.46011524207876,0.292691715559449,"N",-0.909309089996213,-0.299845169945915,0.288530506030758,1
"10875",2006-04-23 11:11:31,23,330,0.9814,2.00800130441948,-0.186226631187795,"S",-0.416088209570876,0.890274847188079,-0.185152095101151,1
"10876",2006-04-24 11:11:31,23,169,0.9977,1.64357655660306,-0.26162485487395,"S",-0.0702415407352184,0.9634137573896,-0.258650455301349,1
"10875m",2006-04-25 11:11:31,23,2,0.4783,2.47295701715077,-0.292168116783851,"S",-0.751415240510229,0.593644972298714,-0.288029136014769,1
"10877",2006-04-25 11:11:31,23,16,0.9559,1.65806278939461,-0.0966912405604859,"S",-0.0867486420072439,0.991541515336316,-0.0965406467476809,1
"10874a",2006-04-27 11:11:31,23,2,0.5167,2.98922540989069,-0.256912465893565,"S",-0.955973911618348,0.146796873223354,-0.254095569258817,1
"10874c",2006-04-27 11:11:31,23,4,0.3513,2.82743338823081,-0.119729586686811,"S",-0.944247875427562,0.306804732852491,-0.119443734242728,1
"10876b",2006-04-29 11:11:31,23,2,0.603,1.39731059914666,0.130550628049176,"N",0.171147888150287,0.976607157824395,0.13018010473131,1
"10878",2006-04-30 11:11:31,23,57,0.9376,0.598996999284454,0.248011286708394,"N",0.800631031482386,0.546563078685628,0.245476582274437,1
"10876m",2006-05-01 11:11:31,23,2,0.1289,1.42104707697378,-0.0949459113084915,"S",0.148518243905165,0.984354946674985,-0.0948033236960294,1
"10879",2006-05-01 11:11:31,23,4,0.5478,1.08297680086248,0.276809219366301,"N",0.45085851929761,0.849729611270018,0.273287729888612,1
"10880",2006-05-03 11:11:31,23,107,0.9868,5.95785593460784,-0.151145513222709,"S",0.936742770158407,-0.315976979411595,-0.150570684523508,1
"10882",2006-05-03 11:11:31,23,2,0.5243,0.548556983901818,-0.204552588333735,"S",0.835488713035249,0.510585135557393,-0.203129096238182,1
"10881",2006-05-05 11:11:31,23,34,0.9959,5.42151625546999,-0.211882971192112,"S",0.636609305983624,-0.741958236623296,-0.210301133239691,1
"10880n",2006-05-06 11:11:31,23,2,0.6268,6.03779201434918,0.157603231455088,"N",0.958019442976881,-0.239926954296517,0.156951595978711,1
"10883",2006-05-06 11:11:31,23,16,0.9715,5.34646709763423,-0.0783652834145454,"S",0.590616904681366,-0.80314576203806,-0.0782850996352895,1
"10880m",2006-05-07 11:11:31,23,5,0.4894,5.94982742004867,0.0523598775598299,"N",0.943653892514715,-0.326769458220872,0.0523359562429438,1
"10883m",2006-05-12 11:11:31,23,3,0.5052,4.76527245672012,-0.0944223125328932,"S",0.0526233718791975,-0.994153746643812,-0.0942820702261801,1
"10884",2006-05-18 11:11:31,23,8,0.9177,2.75046436821786,-0.227590934460061,"S",-0.900639755433604,0.371400828386243,-0.225631238099938,1
"10884m",2006-05-19 11:11:31,23,1,0.7818,2.91836504225972,-0.583987167717303,"S",-0.813571018685222,0.184689482030434,-0.551354688728426,1
"10884n",2006-05-19 11:11:31,23,2,0.2103,3.81406801438321,0.121998514714404,"N",-0.776467717008668,-0.618294380824942,0.121696109566609,1
"10885",2006-05-20 11:11:31,23,40,0.7869,2.55044963593931,-0.206472450510929,"S",-0.812668694665886,0.545473266109528,-0.205008557552724,1
"10883p",2006-05-21 11:11:31,23,2,0.6115,3.77078384893375,0.325852971347341,"N",-0.765958679364616,-0.557523466024835,0.320116988517741,1
"10886m",2006-05-21 11:11:31,23,7,0.9288,2.032959512723,0.106988683147252,"N",-0.443335897171894,0.889972084996655,0.106784690876074,1
"10886",2006-05-22 11:11:31,23,11,0.9216,1.82247280493248,0.130725160974375,"N",-0.246903171870528,0.960232721732157,0.130353150461073,1
"10885m",2006-05-23 13:10:31,23,2,0.2026,2.52915661906498,-0.0254818070791172,"S",-0.817984422601535,0.574675823762362,-0.0254790495169005,1
"10890",2006-05-24 09:35:31,23,6,0.5356,2.00276531666349,-0.221133216227682,"S",-0.408465172566152,0.886029452923146,-0.219335385547371,1
"10885n",2006-05-25 11:11:31,23,2,0.4121,2.5226989008326,-0.381354441560761,"S",-0.756006693322907,0.538458403784125,-0.372177950777872,1
"10888",2006-05-25 11:11:31,23,7,0.6912,3.04210888622612,0.0848230016469244,"N",-0.991478032386116,0.0989626640216104,0.0847213221420735,1
"10890m",2006-05-25 11:11:31,23,5,0.6063,1.71251706205684,-0.345400658969678,"S",-0.132904752807902,0.931506401518022,-0.338573700413982,1
"10887",2006-05-26 11:11:31,23,26,0.9517,0.804073186393788,-0.206646983436129,"S",0.679018437751699,0.704865507093486,-0.205179380306805,1
"10889",2006-05-27 14:48:31,23,16,0.211,1.58126830230686,-0.0370009801422798,"S",-0.0104646166180423,0.999260748723796,-0.036992537882612,1
"10891",2006-05-28 15:15:31,23,4,0.7662,0.706509281207304,-0.238237442897226,"S",0.739148878373163,0.63084669447273,-0.235990219442513,1
"10892",2006-06-03 09:29:45,23,4,0.9915,5.07314853677192,-0.120427718387609,"S",0.350428448354346,-0.928852540793631,-0.120136838834647,1
"10892m",2006-06-04 15:01:31,23,2,0.1708,6.11388836973614,0.126885436619988,"N",0.977779238717856,-0.1671348660621,0.126545236491677,1
"10893",2006-06-06 09:33:49,23,5,0.9433,4.5865507413159,-0.0331612557878923,"S",-0.125437386923931,-0.991547374615919,-0.0331551783885263,1
"10892n",2006-06-08 14:40:31,23,6,0.8871,0.103148958792865,0.127583568320785,"N",0.98660031192574,0.102129260593416,0.127237724903721,1
"10891n",2006-06-09 03:11:31,23,6,0.4688,5.62659244257932,-0.191811684794177,"S",0.777550302171976,-0.599226841701244,-0.190637666207445,1
"10894",2006-06-10 13:39:31,23,6,0.8276,3.88423025031338,-0.100007366139275,"S",-0.733006581750384,-0.672854498797548,-0.0998407459833803,1
"10892o",2006-06-11 14:42:31,23,4,0.644,5.29881960905478,0.124092909816797,"N",0.549136162051856,-0.826516368094893,0.123774669452943,1
"10891a",2006-06-12 17:38:31,23,4,0.8994,5.45869176853746,-0.12007865253721,"S",0.674040079055088,-0.728917181393004,-0.119790293836729,1
"10894n",2006-06-15 11:11:31,23,3,0.625,3.04996286786009,0.100530964914873,"N",-0.9907771254054,0.0910396285445875,0.100361714851215,1
"10896",2006-06-15 11:11:31,23,3,0.8771,2.66633949827174,-0.183434104384604,"S",-0.874259271261195,0.449887057402965,-0.182407133070904,1
"10894a",2006-06-16 11:11:31,23,17,0.4989,2.96723426131556,0.0268780704807127,"N",-0.984482328147006,0.173413635119674,0.0268748343405192,1
"10894m",2006-06-16 11:11:31,23,2,0.4512,3.02430652785577,-0.032637657012294,"S",-0.992600960978375,0.116955093025824,-0.0326318629582591,1
"10896m",2006-06-23 11:11:31,23,2,0.3937,2.25863058500586,-0.068940505453776,"S",-0.633357276493811,0.770787449256601,-0.0688859084344947,1
"10897",2006-06-25 11:11:31,23,160,0.9761,0.0518362787842316,0.118333323285216,"N",0.99167297258755,0.0514507276251443,0.118057350750454,1
"10898",2006-06-27 14:52:31,23,305,0.9959,5.72118928803741,-0.0865683308989187,"S",0.843024427853685,-0.530880815082839,-0.0864602464659229,1
"10897m",2006-06-28 12:47:31,23,54,0.5261,0.146084058391925,0.0699877030049726,"N",0.986926622416208,0.145208663252934,0.0699305804525552,1
"10897p",2006-06-29 11:11:31,23,2,0.2856,0.399854931631901,-0.229685329562454,"S",0.896927167337902,0.379061358971016,-0.227671128222824,1
"10898n",2006-07-03 11:11:31,23,2,0.4488,5.43163916513155,0.283965069299477,"N",0.63243639419111,-0.722171914792338,0.280164117594875,1
"10898m",2006-07-04 15:16:31,23,3,0.5195,5.07175227337032,-0.164060949687467,"S",0.34695599086402,-0.923550848876993,-0.163325962241622,1
"10899",2006-07-05 11:00:31,23,154,0.9705,4.05946130721361,-0.0891863247769102,"S",-0.605099937090753,-0.791151649824461,-0.0890681374723863,1
"10898q",2006-07-06 11:11:31,23,1,0.6263,5.59657277944502,-0.455356401845321,"S",0.694591959383153,-0.569327169718269,-0.439782427776347,1
"10899m",2006-07-07 11:11:31,23,3,0.7002,4.18774300723519,0.370533400198396,"N",-0.466912260241222,-0.806763500201687,0.362112684089851,1
"10900m",2006-07-13 11:11:31,23,2,0.9262,2.37853470461787,-0.219387886975687,"S",-0.705402810317019,0.674568818462136,-0.217632222695651,1
"10900",2006-07-14 11:11:31,23,26,0.7746,2.42949831877611,-0.0808087443673375,"S",-0.754524791357214,0.651288329049465,-0.0807208255118183,1
"10900n",2006-07-16 11:11:31,23,3,0.52,2.31622645032167,-0.0813323431429357,"S",-0.676045742362916,0.732367242022734,-0.0812427045647056,1
"10900o",2006-07-22 11:11:31,23,4,0.3872,1.80641577581413,-0.0905825881785057,"S",-0.232488284977349,0.968383399964869,-0.0904587642009986,1
"10901",2006-07-22 11:11:31,23,81,0.9591,0.164933614313464,0.10157816246607,"N",0.981344582210601,0.163340524602636,0.101403569899865,1
"10900p",2006-07-23 11:11:31,23,4,0.2643,1.46502937412404,-0.0193731546971371,"S",0.105550056081347,0.99422528306756,-0.0193719428673069,1
"10900q",2006-07-23 11:11:31,23,3,0.6075,1.24791041517595,-0.561472420366576,"S",0.268589527260993,0.802729481275151,-0.532433137339744,1
"10900r",2006-07-25 15:41:31,23,2,0.5733,1.17739911339537,-0.311541271480988,"S",0.364875769514177,0.879151543402695,-0.306526078097928,1
"10901m",2006-07-26 12:47:31,23,3,0.4151,0.449771348238939,-0.328994564000931,"S",0.852248125372281,0.411442461692005,-0.323091679738515,1
"10901n",2006-07-27 12:47:31,23,6,0.2363,0.478045682121247,-0.0408407044966673,"S",0.887155305903751,0.459661209178931,-0.04082935197851,1
"10902m",2006-07-28 11:11:31,23,4,0.4781,5.91561896670958,-0.143989663289532,"S",0.923547258872678,-0.355626669504494,-0.143492621991179,1
"10902",2006-07-30 11:11:32,23,36,0.4894,0.0466002910282486,-0.158824961931484,"S",0.986341873200708,0.0459971187493865,-0.158158067254484,1
"10902o",2006-08-03 11:11:32,23,2,0.3179,5.16826898100561,-0.14765485471872,"S",0.435462142687877,-0.888104018719147,-0.147118911838637,1
"10903",2006-08-08 07:59:32,23,13,0.9021,2.74976623651707,-0.1537635071007,"S",-0.913308959102816,0.37737153652959,-0.153158312343234,1
"10904",2006-08-09 09:39:32,23,204,0.9932,2.17747277478813,-0.237713844121628,"S",-0.554107167876447,0.798444592640745,-0.235481377163245,1
"10903o",2006-08-13 11:11:32,23,2,0.099,2.75133703284386,0.0785398163397448,"N",-0.921960959314797,0.379252105856919,0.0784590957278449,1
"10903p",2006-08-15 15:13:32,23,7,0.3614,2.44834787469765,-0.112748269678834,"S",-0.764292760717493,0.634978880611405,-0.112509542227848,1
"10904q",2006-08-16 11:10:32,23,1,0.8269,0.991870613908377,0.0921533845053006,"N",0.54480350308379,0.833499195538987,0.0920230083375472,1
"10904m",2006-08-19 11:11:32,23,10,0.2741,1.25436813340832,-0.15690509975429,"S",0.307351497950063,0.938678443090849,-0.156262078523203,1
"10905",2006-08-21 11:15:32,23,333,0.9839,5.72014209048622,-0.128456232946783,"S",0.838667353591188,-0.529364362068481,-0.128103248171869,1
"10905n",2006-08-27 11:11:32,23,2,0.3948,6.11702996238973,0.0715584993317675,"N",0.983703957617757,-0.164968600712547,0.0714974443326859,1
"10906",2006-08-30 14:56:00,23,2,0.6005,5.58173748080307,-0.121823981789204,"S",0.758247062034981,-0.640541633690651,-0.121522872020996,1
"10905d",2006-09-01 13:42:25,23,1,0.9355,5.75731760355369,0.148527519344717,"N",0.855366330707033,-0.4964370661582,0.147982024709169,1
"10909",2006-09-04 07:54:39,23,1,0.8506,2.91277998865334,-0.0982620368872808,"S",-0.969238290024651,0.225727147327024,-0.0981039862069587,1
"10907",2006-09-05 15:17:21,23,19,0.7863,2.77350271434419,-0.241553568476015,"S",-0.905928569131866,0.349387097325609,-0.239211379020889,1
"10908",2006-09-05 15:17:21,23,370,0.9809,2.27224415317142,-0.245742358680802,"S",-0.625936886328754,0.740958557749763,-0.243276447751229,1
"10909m",2006-09-05 15:17:21,23,2,0.5809,2.98835274526469,0.0436332312998582,"N",-0.987341098154846,0.152495589904282,0.043619387365336,1
"10909n",2006-09-05 15:17:21,23,2,0.3894,3.22327406258313,0.270002435283523,"N",-0.96055696743488,-0.0786346038473092,0.266733783743424,1
"10907a",2006-09-09 21:04:32,23,4,0.1745,2.45096586857564,0.0987856356628791,"N",-0.767088755295326,0.633914774909452,0.0986250457590038,1
"10907m",2006-09-10 22:48:32,23,3,0.2633,2.54172298967934,-0.0830776723949301,"S",-0.82256239338297,0.56258783623169,-0.0829821397423839,1
"10910",2006-09-16 17:30:32,23,66,0.9871,5.94686036032028,-0.149749249821113,"S",0.933409412917565,-0.32632675972691,-0.149190193253517,1
"10911",2006-09-26 13:39:32,23,8,0.964,3.7545522868902,0.137531945057153,"N",-0.810225371818887,-0.569858552722085,0.137098784642454,1
"10913",2006-09-27 15:59:32,23,85,0.9976,3.36063147471508,-0.331438024953723,"S",-0.922982520392665,-0.205465503296355,-0.325403125376478,1
"10912",2006-09-28 11:11:32,23,19,0.9627,3.33061181158078,0.0493928178314395,"N",-0.980991148091446,-0.187666460062605,0.0493727367460686,1
"10914",2006-09-28 11:11:32,23,64,0.995,3.18505135196445,-0.174881991049832,"S",-0.983817299264362,-0.0427823564095423,-0.173991929836482,1
"10915",2006-09-29 13:55:32,23,33,0.6625,5.06128029785836,-0.0958185759344887,"S",0.34028800647053,-0.935441573229195,-0.0956720216510583,1
"10912m",2006-10-02 09:35:32,23,5,0.2572,3.46151150548035,0.130725160974375,"N",-0.941161493383465,-0.311806189061538,0.130353150461073,1
"10914m",2006-10-03 13:13:32,23,3,0.476,2.96339453696117,0.0663225115757845,"N",-0.982000968593795,0.176866808097559,0.0662739004000001,1
"10914n",2006-10-06 11:11:32,23,4,0.6166,2.20155831846565,-0.204203522483337,"S",-0.577506735695713,0.790799142050668,-0.202787295356512,1
"10914o",2006-10-07 14:11:32,23,2,0.2733,2.66424510316934,-0.128456232946783,"S",-0.880898485369076,0.455639568389626,-0.128103248171869,1
"10914p",2006-10-08 11:11:32,23,2,0.3008,2.62794225472786,0.06771877497738,"N",-0.868960387496769,0.490233636285218,0.0676670290173707,1
"10916",2006-10-09 09:35:31,23,11,0.4065,1.86802589840953,-0.23090706003885,"S",-0.285099318754729,0.930774517597036,-0.228860603507013,1
"10917m",2006-10-17 13:12:31,23,2,0.4895,6.05349997761713,-0.112573736753634,"S",0.967574581311106,-0.226230030491643,-0.112336115761536,1
"10917",2006-10-19 11:11:31,23,9,0.1805,6.04756585816035,-0.0820304748437335,"S",0.969100216485603,-0.232660377398135,-0.0819385086300409,1
"10917o",2006-10-19 11:11:31,23,3,0.2002,5.98543213678935,-0.0827286065445312,"S",0.952728490079861,-0.292369631042026,-0.0826342727595425,1
"10917p",2006-10-19 11:11:31,23,3,0.6409,5.41470947138721,-0.111875605052837,"S",0.641952316438342,-0.758573136461411,-0.111642375729576,1
"10917q",2006-10-23 11:11:31,23,5,0.0209,5.17472669923799,0.0818559419185341,"N",0.444548117458272,-0.892015430232267,0.0817645613444447,1
"10918",2006-10-23 11:11:31,23,37,0.9098,0.00331612557878923,-0.054803338512622,"S",0.998493182773689,0.00331114092084688,-0.0547759098534336,1
"10919",2006-10-27 11:11:31,23,18,0.3607,4.14533150641173,-0.272445896236315,"S",-0.517339865589104,-0.812373777721299,-0.269087920098755,1
"10917a",2006-10-28 11:11:31,23,38,0.9628,5.28625323844043,-0.109432144100044,"S",0.539633967911064,-0.834785908844934,-0.109213859333415,1
"10921",2006-10-30 14:01:31,23,63,0.9039,2.40628543972458,-0.115715329407224,"S",-0.736665051306881,0.666328914645993,-0.115457263477546,1
"10919m",2006-10-31 11:11:31,23,2,0.4561,3.29151643633611,-0.393397213399522,"S",-0.91325149224372,-0.137953268802464,-0.383328328644433,1
"10922",2006-10-31 11:11:31,23,36,0.9067,2.2174408146588,-0.230034395412853,"S",-0.586640703966361,0.777086650492809,-0.228011013057965,1
"10919b",2006-11-01 11:11:31,23,11,0.7902,3.96294459957832,-0.160919357033877,"S",-0.672430865211428,-0.722609465358045,-0.160225753504146,1
"10922m",2006-11-03 14:13:31,23,4,0.6178,1.98042510223797,-0.184655834861,"S",-0.39149807345309,0.901674706458642,-0.183608230249193,1
"10921m",2006-11-04 11:11:31,23,3,0.4013,2.47836753783195,0.473158760215663,"N",-0.701434599515725,0.548020770536132,0.45570027173922,1
"10919o",2006-11-05 09:35:31,23,2,0.5719,2.78380015693096,0.139975406009945,"N",-0.927510999306634,0.346782152694392,0.139518761239674,1
"10922n",2006-11-06 11:11:31,23,3,0.1023,1.96489167189522,0.163711883837068,"N",-0.37883897799706,0.910998372886294,0.162981573647658,1
"10923",2006-11-08 14:38:31,23,753,0.9733,0.11065387457644,-0.0748746249105567,"S",0.991099444320142,0.110118802722104,-0.0748046840469005,1
"10923m",2006-11-11 11:11:31,23,7,0.4829,0.325154839646544,-0.153414441250302,"S",0.936471760364854,0.315703532448135,-0.152813355564627,1
"10925",2006-11-12 11:11:31,23,145,0.995,5.37474143151654,-0.0944223125328932,"S",0.61223418713131,-0.785035152933631,-0.0942820702261801,1
"10924",2006-11-13 11:11:31,23,32,0.8855,5.53531172270002,-0.13840460968315,"S",0.726125940068172,-0.673577973622461,-0.137963156715018,1
"10924m",2006-11-16 11:11:31,23,3,0.888,5.50581565834131,-0.989776218805984,"S",0.391218043843767,-0.384986143328951,-0.835903171196136,1
"10925m",2006-11-16 11:11:31,23,2,0.7333,5.11346564249299,-0.137881010907552,"S",0.386704589437617,-0.911903809221415,-0.137444546037147,1
"10925o",2006-11-22 11:11:31,23,2,0.4697,4.81833046598075,0.436157780073383,"N",0.0958438856477307,-0.901299858438666,0.422460074755456,1
"10925a",2006-11-23 15:59:31,23,2,0.6749,3.52224896344976,-0.0399680398706701,"S",-0.927679545161698,-0.371233171612753,-0.0399573996015808,1
"10926",2006-11-25 11:26:31,23,288,0.9819,2.47051355619797,-0.151320046147908,"S",-0.774201999459374,0.614725747016445,-0.150743225347543,1
"10927",2006-11-27 14:46:31,23,90,0.895,2.24501701684031,0.157428698529888,"N",-0.616568556881461,0.771533207100106,0.156779223773236,1
"10925p",2006-11-28 05:48:31,23,2,0.5585,3.79068060240648,-0.0310668606854991,"S",-0.79625102298754,-0.604168411143136,-0.0310618635640874,1
"10928",2006-11-29 07:20:31,23,2,0.269,3.16271113753892,-0.158475896081085,"S",-0.987248761537869,-0.020852297191052,-0.157813385185794,1
"10926m",2006-12-02 07:59:31,23,3,0.3962,2.64382475092101,-0.123743843966398,"S",-0.871931894122561,0.47381455406433,-0.123428280262926,1
"10929",2006-12-04 07:59:31,23,12,0.9697,0.481187274774837,0.0305432619099008,"N",0.886032592422651,0.462616087458845,0.0305385132098227,1
"10927m",2006-12-05 07:59:31,23,5,0.2783,1.33255888389767,-0.142593399887937,"S",0.233595101740465,0.961892866345117,-0.142110668555306,1
"10930",2006-12-05 07:59:31,23,825,0.9881,0.160570291183478,-0.0902335223281068,"S",0.983120315592575,0.159230745807207,-0.0901111239461356,1
"10929m",2006-12-10 11:14:31,23,10,0.1538,0.431445391092998,-0.152018177848706,"S",0.897886545649822,0.413361456679477,-0.151433342672116,1
"10930m",2006-12-13 12:07:31,23,13,0.9259,0.867254105315982,0.0720820981073658,"N",0.645242957676221,0.760575235824165,0.0720196932807821,1
"10932o",2006-12-22 14:47:31,23,2,0.2446,4.12176956150981,-0.00523598775598299,"S",-0.556867982975023,-0.830584513592738,-0.00523596383141958,1
"10931",2006-12-24 11:11:31,23,6,0.957,2.17677464308733,-0.136833813356355,"S",-0.564242648876805,0.814262430524027,-0.136407211779988,1
"10932",2006-12-25 13:10:31,23,5,0.646,2.50716547048985,-0.135263017029561,"S",-0.798054636595585,0.58730232726646,-0.134850930273723,1
"10932m",2006-12-26 15:42:31,23,2,0.6026,2.31727364787287,-0.191462618943778,"S",-0.666648592239601,0.720671541739682,-0.190294990452998,1
"10932p",2006-12-27 13:02:31,23,3,0.1634,2.75552582304865,-0.204901654184134,"S",-0.907017943147393,0.368670659133589,-0.203470872369188,1
"10932q",2006-12-30 12:47:31,23,2,0.399,2.41640834938615,0.146433124242324,"N",-0.740367918857594,0.656174908004612,0.145910365744226,1
"10933",2006-12-30 12:47:31,23,328,0.9879,0.642630230584312,-0.0811578102177363,"S",0.797887314320018,0.597330471222248,-0.0810687473481388,1
"10934",2006-12-30 12:47:31,23,136,0.993,0.610865238198015,0.0446804288510548,"N",0.818334527014263,0.573004004592665,0.044665564108286,1
"10935",2007-01-01 12:47:31,23,361,0.9903,0.165108147238664,-0.0993092344384773,"S",0.981540481330436,0.163549193433696,-0.0991460782724331,1
"10933m",2007-01-02 11:09:31,23,3,0.5293,0.828507795921708,-0.00715584993317675,"S",0.675958845493196,0.736904630115226,-0.00715578886269996,1
"10933n",2007-01-03 09:56:31,23,3,0.5838,0.544193660771832,-0.123918376891597,"S",0.84898466112434,0.513758425841523,-0.123601476740493,1
"10936",2007-01-04 12:47:31,23,4,0.9628,5.91369910453239,0.180816110506613,"N",0.917310499719294,-0.355248843808395,0.179832438891144,1
"10937",2007-01-08 11:11:31,23,17,0.2829,6.05524530686913,-0.238586508747625,"S",0.946539664732007,-0.219570198928308,-0.236329411693938,1
"10936a",2007-01-11 12:47:31,23,3,0.3095,5.53688251902681,0.238062909972027,"N",0.713496977987931,-0.65978079777112,0.235820612531208,1
"10938",2007-01-12 12:47:31,23,120,0.9799,3.98929907128344,0.0488692190558412,"N",-0.660914547560498,-0.748869588656008,0.0488497697956133,1
"10937m",2007-01-14 12:47:31,23,2,0.4858,4.57695143042993,-0.484503400353626,"S",-0.119483478463395,-0.876802692988263,-0.465768972713744,1
"10938m",2007-01-18 12:47:31,23,4,0.6477,3.33672046396276,0.221133216227682,"N",-0.957134519143928,-0.189170560367905,0.219335385547371,1
"10938b",2007-01-19 12:47:31,23,8,0.2935,3.79905818281606,0.204378055408536,"N",-0.775069540667781,-0.598393830710963,0.202958198888578,1
"10939",2007-01-20 12:47:31,23,58,0.2069,3.71999476770071,-0.0743510261349584,"S",-0.835023895785878,-0.545176299385819,-0.0742825420577398,1
"10939m",2007-01-20 12:47:31,23,4,0.7525,2.66337243854335,-0.0404916386462684,"S",-0.887087665595089,0.459822570802317,-0.0404805747217525,1
"10939n",2007-01-21 10:42:31,23,5,0.6734,2.58814874778239,-0.326551103048139,"S",-0.805762527922482,0.497843376559916,-0.320778305082176,1
"10939p",2007-01-23 15:53:31,23,6,0.1737,2.63876329609023,-0.173834793498635,"S",-0.863016808448316,0.474643672411956,-0.172960609894204,1
"10939o",2007-01-24 12:47:31,23,11,0.2175,2.78449828863175,0.0113446401379631,"N",-0.936856161512063,0.349530881751861,0.0113443967953723,1
"10940",2007-01-26 11:04:31,23,303,0.9894,0.722915376176051,-0.0837758040957278,"S",0.74725024720092,0.659253431233707,-0.0836778433323155,1
"10939a",2007-01-29 08:41:22,23,4,0.3606,1.76819306519546,0.137706477982353,"N",-0.194260734064377,0.971297717757847,0.137271667430567,1
"10941",2007-01-29 08:41:22,23,235,0.9744,0.137182879206754,-0.136484747505957,"S",0.981392950727446,0.135481259163858,-0.136061400396481,1
"10939s",2007-01-31 00:52:00,23,4,0.5121,0.590619418874881,0.0521853446346305,"N",0.829465170701176,0.556117516035079,0.0521616617128153,1
"10940m",2007-02-02 15:59:32,23,2,0.2217,0.306305283725005,-0.229161730786855,"S",0.928528171898304,0.293654901130927,-0.227161248968612,1
"10940n",2007-02-05 12:47:32,23,2,0.476,0.311541271480988,0.0280998009571087,"N",0.951486490823639,0.306405069746743,0.0280961031748492,1
"10940a",2007-02-06 13:57:32,23,4,0.8048,0.529881960905478,-0.0598647933434055,"S",0.861321030814398,0.504526082122108,-0.0598290425741441,1
"10941a",2007-02-07 11:01:32,23,3,0.534,5.11486190589458,-0.183434104384604,"S",0.38512343363477,-0.904658818931324,-0.182407133070904,1
"10941m",2007-02-07 11:01:32,23,4,0.3447,5.67005114095398,0.239110107523223,"N",0.794580022763267,-0.5590619643597,0.236838146065619,1
"10941o",2007-02-08 12:47:32,23,2,0.8013,6.27602945724641,0.283441470523879,"N",0.960074097747694,-0.00687026343528118,0.27966144946038,1
"10941p",2007-02-11 11:59:32,23,2,0.204,4.87627539714696,-0.279252680319093,"S",0.156833470061902,-0.948381416280684,-0.275637355816999,1
"10941n",2007-02-12 12:59:32,23,1,0.3919,4.13451046504937,0.0237364778271229,"N",-0.546094285745689,-0.837387435123369,0.023734248954022,1
"10941q",2007-02-15 12:27:32,23,8,0.1196,3.94496770828278,-0.13857914260835,"S",-0.687625737529904,-0.712803819762212,-0.138136018542801,1
"10941r",2007-02-17 13:07:32,23,8,0.2599,3.61510047965585,-0.0565486677646163,"S",-0.888551580739115,-0.455282048433741,-0.0565185344820245,1
"10941s",2007-02-17 13:07:32,23,2,0.1599,3.47529960657111,-0.234746784393237,"S",-0.918920909247104,-0.318564165202369,-0.232596722241292,1
"10942",2007-02-17 13:07:32,23,35,0.8615,2.31465565399488,-0.192335283569775,"S",-0.6646468958406,0.722291877152054,-0.191151636272402,1
"10943",2007-02-18 13:01:32,23,6,0.3588,2.77297911556859,-0.213453767518907,"S",-0.911657391581579,0.352144970395104,-0.211836541229557,1
"10943n",2007-02-22 00:54:32,23,3,0.402,2.70194421501242,-0.318522588488965,"S",-0.859384022523646,0.404212236504149,-0.31316380648375,1
"10944",2007-02-23 23:24:32,23,144,0.8853,0.792728546255825,-0.113271868454432,"S",0.69740638042259,0.707706580880957,-0.113029801042237,1
"10945",2007-02-25 23:16:32,23,53,0.9601,0.133168621927167,-0.105766952670856,"S",0.985607519502736,0.132033407718538,-0.105569866656608,1
"10944m",2007-02-26 15:10:32,23,2,0.4126,0.876329817426353,0.022165681500328,"N",0.639818389816931,0.768206476850267,0.0221638664806144,1
"10944o",2007-02-28 23:20:32,23,5,0.2239,0.531801823082672,-0.227416401534861,"S",0.839702848573023,0.494030740222409,-0.225461202457651,1
"10944a",2007-03-02 15:03:32,23,4,0.9092,1.50028502501433,-0.0932005820564972,"S",0.0701471200374385,0.9931858611695,-0.0930657118570127,1
"10944n",2007-03-02 15:03:32,23,2,0.6873,1.08332586671288,0.0790634151153431,"N",0.466929284894139,0.880760485913218,0.0789810696443064,1
"10945n",2007-03-09 12:46:32,23,3,0.4272,4.60924002159182,-0.13247049022637,"S",-0.102064016891839,-0.985970037546451,-0.132083388495878,1
"10946",2007-03-10 11:26:32,23,4,0.6852,5.54613276406238,0.122696646415201,"N",0.734886210411834,-0.66705560854197,0.12238902262554,1
"10946m",2007-03-12 12:11:32,23,2,0.1163,4.34883689719427,-0.0123918376891597,"S",-0.355569085366162,-0.934567855080828,-0.0123915205480335,1
"10947a",2007-03-18 09:40:32,23,5,0.6731,3.755250418591,-0.187273828738992,"S",-0.803252678841798,-0.565793016577546,-0.186181084768448,1
"10947",2007-03-20 05:59:32,23,2,0.1979,2.76372887053302,-0.221307749152881,"S",-0.906786616907905,0.359937903470376,-0.21950566517078,1
"10947m",2007-03-21 12:47:32,23,3,0.9509,1.05208447310218,0.0551524043630208,"N",0.495008037798842,0.867138015378421,0.0551244482975797,1
"10947q",2007-03-25 12:47:32,23,3,0.457,0.900240828178675,-0.0788888821901437,"S",0.619488611714681,0.78103988629354,-0.0788070807376535,1
"10948",2007-03-26 12:47:32,23,40,0.6159,1.80030712343215,-0.0329867228626928,"S",-0.227377411891455,0.973248058456971,-0.0329807409146501,1
"10948m",2007-03-26 12:47:32,23,3,0.7329,0.324631240870945,-0.0432841654494594,"S",0.946880717563195,0.318660567784236,-0.0432706510979171,1
"10949",2007-03-28 09:57:32,23,18,0.9441,5.78489380573521,0.130201562198777,"N",0.870965373042711,-0.473880207485072,0.129834001380518,1
"10948n",2007-03-29 11:11:32,23,3,0.2002,0.655022068273472,-0.196175007924163,"S",0.777823540286889,0.597492317227388,-0.194919139721621,1
"10949b",2007-04-01 12:47:31,23,1,0.1435,5.90130726684323,-0.120776784238008,"S",0.921206480354077,-0.369949156373217,-0.120483369194255,1
"10949a",2007-04-03 11:34:31,23,3,0.4352,6.0330796253688,-0.242077167251614,"S",0.940635611857546,-0.240289596589725,-0.23971974360934,1
"10949o",2007-04-08 12:47:31,23,3,0.3292,4.18128528900282,0.112224670903235,"N",-0.503299218458771,-0.856824546805224,0.111989252568331,1
"10949q",2007-04-09 07:59:31,23,3,0.8586,3.21350021877196,-0.28326693759868,"S",-0.957666227791715,-0.068982383391812,-0.279493876370793,1
"10949r",2007-04-11 12:47:31,23,3,0.3778,4.12700554926579,-0.16301375213627,"S",-0.545194077811939,-0.822450293367384,-0.162292736925264,1
"10951",2007-04-12 12:47:31,23,4,0.8964,2.39459173373622,-0.214850030920502,"S",-0.716860225349405,0.663819847123989,-0.213200909651632,1
"10949n",2007-04-15 04:47:31,23,8,0.5337,3.34736697239992,0.241029969700417,"N",-0.950605555157796,-0.198418700511925,0.238702948851282,1
"10952",2007-04-17 11:11:31,23,13,0.9128,3.52957934630813,-0.13840460968315,"S",-0.916820748442202,-0.37470772959082,-0.137963156715018,1
"10951a",2007-04-20 11:11:31,23,2,0.2145,1.89909275909503,-0.109432144100044,"S",-0.320502219047416,0.940930741614484,-0.109213859333415,1
"10951o",2007-04-21 09:35:31,23,2,0.4597,0.995186739487167,-0.164235482612666,"S",0.537021331920037,0.827572621774521,-0.163498149078437,1
"10951p",2007-04-22 18:12:31,23,2,0.4196,0.892037780694302,0.256388867117967,"N",0.607304819948232,0.752909963777489,0.253589120650365,1
"10951q",2007-04-23 12:47:31,23,2,0.5192,0.48328166987723,0.145385926691128,"N",0.876133044809555,0.459785087017531,0.144874295680843,1
"10951r",2007-04-24 12:47:31,23,2,0.6888,1.50342661766792,-0.0460766922526503,"S",0.0672473108313905,0.996672583978927,-0.0460603900408522,1
"10953",2007-04-25 12:47:31,23,671,0.9872,5.38050101804812,-0.16929693744345,"S",0.610648282236165,-0.773769994491788,-0.168489379565003,1
"10953m",2007-04-27 12:47:31,23,3,0.795,5.43233729683235,-0.318348055563766,"S",0.626216173052745,-0.714062690936686,-0.312998047948278,1
"10951m",2007-04-28 12:47:31,23,0,0.5108,5.57632696012188,-0.167202542341057,"S",0.749801488688802,-0.640390969420861,-0.166424559017789,1
"10954",2007-04-28 12:47:31,23,10,0.8815,5.02672277866887,-0.102799892942466,"S",0.307550723821552,-0.945981980871238,-0.102618926830133,1
"10954m",2007-05-04 11:11:31,23,7,0.2691,4.46717022047949,-0.100181899064475,"S",-0.241551302022967,-0.965220227315657,-0.100014405321035,1
"10954o",2007-05-05 11:11:31,23,3,0.7691,3.82907784595036,-0.687659725285766,"S",-0.597202771001313,-0.490373353597378,-0.634730513202268,1
"10955",2007-05-07 12:47:31,23,6,0.8181,3.07335027983682,-0.158650429006285,"S",-0.985143019733248,0.0673330544475897,-0.157985728626399,1
"10954p",2007-05-09 12:47:31,23,7,0.3261,3.89697115385294,-0.0958185759344887,"S",-0.724672653067671,-0.682419526515078,-0.0956720216510583,1
"10955m",2007-05-11 12:47:31,23,7,0.1674,3.02727358758416,0.0944223125328932,"N",-0.989047289113158,0.11356210253328,0.0942820702261801,1
"10956",2007-05-13 11:11:31,23,11,0.9867,1.25855692361311,0.0364773813666815,"N",0.306986177466029,0.951014972307803,0.0364692924415251,1
"10955p",2007-05-15 12:47:31,23,3,0.2201,2.39738426053941,-0.0968657734856853,"S",-0.732175883267607,0.674214215184924,-0.096714362965784,1
"10957",2007-05-16 12:47:31,23,13,0.4708,2.43735230041008,-0.0982620368872808,"S",-0.758427349998977,0.644331873077713,-0.0981039862069587,1
"10958a",2007-05-22 13:17:31,23,37,0.993,5.39219472403648,-0.172613063022239,"S",0.619299915680201,-0.766137775581936,-0.171757163649317,1
"10958",2007-05-28 14:17:31,23,75,0.9869,4.04288067931966,-0.209090444388921,"S",-0.607083900645391,-0.767048716149378,-0.207570240233923,1
"10958m",2007-05-28 14:17:31,23,3,0.055,5.43565342241114,-0.0726056968829641,"S",0.660091685179082,-0.747674151378611,-0.0725419224842709,1
"10960",2007-05-31 17:22:31,23,117,0.9985,3.21192942244516,-0.0790634151153431,"S",-0.99441122925621,-0.0700592446932886,-0.0789810696443064,1
"10959",2007-06-01 18:07:31,23,30,0.802,3.56867472155281,-0.180816110506613,"S",-0.895339876666541,-0.407463862413841,-0.179832438891144,1
"10960n",2007-06-08 11:11:31,23,2,0.3488,2.59338473553837,-0.0954695100840898,"S",-0.849573405273785,0.518785368909715,-0.0953245511750099,1
"10960o",2007-06-12 12:47:31,23,2,0.2622,1.77796690900662,-0.139975406009945,"S",-0.203680027445834,0.96904538680178,-0.139518761239674,1
"10960q",2007-06-15 12:47:31,23,1,0.0802,1.3231341059369,0.0949459113084915,"N",0.24403408503174,0.965121596048346,0.0948033236960294,1
"10960t",2007-06-19 13:50:31,23,2,0.2862,0.548382450976618,-0.198967534727354,"S",0.836532913018224,0.511022759993619,-0.197657340379126,1
"10960w",2007-06-23 12:47:31,23,2,0.3747,6.05594343856993,-0.176103721526228,"S",0.959222868724704,-0.221806755556967,-0.175194895202002,1
"10961",2007-06-25 12:47:31,23,220,0.9868,3.8781215979314,-0.158301363155886,"S",-0.731541933249271,-0.663321719357249,-0.157641036937918,1
"10962",2007-06-28 12:47:31,23,15,0.9701,3.26620916218219,-0.13543754995476,"S",-0.983158766212273,-0.123155981486309,-0.135023866942499,1
"10961o",2007-06-29 11:11:31,23,4,0.2188,4.57066824512275,-0.0291469985083053,"S",-0.141186813106483,-0.989553928208332,-0.0291428717235446,1
"10962m",2007-07-06 12:47:31,23,5,0.445,2.35410009508995,-0.205425252959733,"S",-0.69078804628965,0.693687689730308,-0.203983490067104,1
"10963",2007-07-07 12:47:31,23,28,0.9979,1.00670591255033,-0.108559479474047,"S",0.531500009154859,0.840100472364715,-0.108346373270942,1
"10964m",2007-07-09 12:47:31,23,3,0.2272,1.89228597501225,-0.11082840750164,"S",-0.314041640940812,0.942944918713776,-0.110601663762674,1
"10964",2007-07-12 12:47:31,23,5,0.1249,1.47009082895482,0.0630063859969953,"N",0.100335878158796,0.992959292828445,0.0629647070964145,1
"10963m",2007-07-13 11:11:31,23,5,0.5473,0.553792971657801,0.139277274309147,"N",0.842299768216284,0.520824391599826,0.138827423722637,1
"10963n",2007-07-16 12:47:31,23,3,0.1786,0.31101767270539,-0.0603883921190038,"S",0.950287256395682,0.305469807382156,-0.0603516951698553,1
"10963p",2007-07-16 12:47:31,23,6,0.2126,0.595680873705665,-0.0460766922526503,"S",0.826888126882353,0.560476998716521,-0.0460603900408522,1
"10963r",2007-07-17 13:37:31,23,2,0.3747,6.22820743574177,-0.222354946704078,"S",0.973907119247305,-0.0535973517961238,-0.220527202312682,1
"10963s",2007-07-17 13:37:31,23,2,0.6166,5.85662683799217,-0.185703032412197,"S",0.89474233109167,-0.406626543234735,-0.184637524056227,1
"10964a",2007-07-24 04:42:32,23,2,0.8313,3.99017173590944,-0.173660260573436,"S",-0.651107077593308,-0.739055909260667,-0.172788704766228,1
"10965",2007-07-27 15:19:32,23,2,0.7043,3.40950069377092,-0.179768912955416,"S",-0.948786689078599,-0.260448817422459,-0.17880221511635,1
"10965m",2007-07-29 11:11:32,23,1,0.4212,3.39414179635337,0.39409534510032,"N",-0.894054537033799,-0.230718856676229,0.383973038094205,1
"10963a",2007-07-30 12:47:32,23,17,0.4229,3.83029957642676,-0.151494579073108,"S",-0.763225673277549,-0.628260300000611,-0.150915761579677,1
"10965n",2007-07-30 12:47:32,23,3,0.692,2.7078783344692,0.16004669240788,"N",-0.89581423602679,0.414873322392897,0.159364302459544,1
"10965o",2007-07-30 12:47:32,23,2,0.0167,3.46308230180715,0.11082840750164,"N",-0.942944918713777,-0.314041640940812,0.110601663762674,1
"10963o",2007-08-02 12:47:32,23,3,0.7786,3.65646478292812,-0.0570722665402146,"S",-0.868938600391012,-0.491621806017815,-0.0570412885398923,1
"10966",2007-08-03 09:35:32,23,60,0.9889,1.17565378414338,-0.100705497840073,"S",0.382989448407561,0.918265605795034,-0.100535365033161,1
"10966a",2007-08-08 12:47:32,23,15,0.9229,2.57593144301843,0.0970403064108847,"N",-0.840262509459016,0.533452543231894,0.0968880762377992,1
"10968",2007-08-12 13:17:32,23,13,0.0509,0.470191700487272,0.0652753140245879,"N",0.88958288578055,0.452092325670098,0.0652289689980715,1
"10968m",2007-08-12 13:17:32,23,1,0.4446,0.167377075266256,-0.234746784393237,"S",0.958981683349286,0.162027453856366,-0.232596722241292,1
"10968a",2007-08-14 19:43:32,23,9,0.9544,4.99129259485338,-0.157428698529888,"S",0.271897323785175,-0.949469388822789,-0.156779223773236,1
"10968n",2007-08-17 17:30:32,23,4,0.4194,5.62624337672892,0.543146463220635,"N",0.677903823236998,-0.522810570663537,0.516832190989617,1
"10969",2007-08-21 19:25:32,23,164,0.9748,3.29151643633611,-0.0907571211037051,"S",-0.984713030347413,-0.148748052998038,-0.0906325801977802,1
"10970",2007-08-31 02:59:32,23,22,0.3914,2.13610847151586,-0.0940732466824944,"S",-0.533310849963175,0.840687716671308,-0.0939345535441454,1
"10970m",2007-09-02 03:59:32,23,2,0.1135,2.04971467354214,0.0223402144255274,"N",-0.46070449534515,0.887272430435737,0.0223383561935737,1
"10970n",2007-09-05 14:39:32,23,2,0.1818,1.26030225286511,-0.0488692190558412,"S",0.305164362569546,0.951045956727874,-0.0488497697956133,1
"10970r",2007-09-24 06:38:32,23,2,0.8179,4.08459404844233,-0.231256125889249,"S",-0.571725570848455,-0.787779824848937,-0.229200390922414,1
"10970s",2007-09-25 13:14:32,23,1,0.3837,3.2318261759179,-0.0867428638241182,"S",-0.992187209326989,-0.0897723237975245,-0.0866341245001928,1
"10971",2007-09-27 17:50:32,23,9,0.4035,1.98723188632074,0.0375245789178781,"N",-0.404218462566304,0.913892773405661,0.0375157731819847,1
"10970t",2007-09-28 11:11:32,23,2,0.3312,2.41623381646095,-0.159523093632282,"S",-0.738760853929055,0.654980849050207,-0.158847373536625,1
"10972",2007-10-05 11:11:31,23,2,0.351,0.330390827402527,-0.102101761241668,"S",0.94098943189682,0.32272324733335,-0.10192445579505,1
"10972m",2007-10-14 12:47:31,23,2,0.2828,5.03213329935005,-0.0778416846389471,"S",0.313372033973399,-0.946441159849549,-0.0777630970706214,1
"10972n",2007-10-15 11:11:31,23,2,0.4604,4.17604930124683,-0.123569311041199,"S",-0.507096754867653,-0.853030519061656,-0.123255080025519,1
"10972q",2007-10-17 11:11:31,23,5,0.7218,4.67311907221482,-0.515919326889524,"S",-0.0341497406324244,-0.869168939289421,-0.493334724288937,1
"10972v",2007-10-22 06:58:31,23,0,0.7293,2.20923776717442,0.208566845613322,"N",-0.583029687621529,0.785622912706264,0.207058016949038,1
"10972w",2007-10-25 11:11:31,23,1,0.7451,3.06026031044686,-0.265115513377939,"S",-0.961872080309144,0.0784042664848602,-0.262020747496704,1
"10972x",2007-10-28 11:26:31,23,2,0.1886,1.78878795036899,0.0603883921190038,"N",-0.215874993934446,0.974554082585429,0.0603516951698553,1
"10973",2007-11-06 09:35:31,23,11,0.7545,0.365471945367613,-0.17558012275063,"S",0.919595980167242,0.351895369066725,-0.174679370532536,1
"10973a",2007-11-13 04:47:31,23,4,0.9313,5.44595086499791,-0.128107167096384,"S",0.664033241122182,-0.736707534048288,-0.127757050534444,1
"10974",2007-11-16 11:11:31,23,40,0.1604,3.54266931569809,0.20629791758573,"N",-0.901119863288519,-0.382131517867646,0.204837728553725,1
"10975",2007-11-23 10:48:31,23,7,0.103,1.80205245268415,0.0453785605518526,"N",-0.228964445116018,0.972377232446698,0.0453629881292538,1
"10975m",2007-11-24 13:01:31,23,4,0.6989,0.904778684233861,-0.167377075266256,"S",0.609225104509735,0.775300152484948,-0.166596655404358,1
"10976",2007-12-01 13:02:31,23,14,0.5347,5.78454473988481,-0.147131255943122,"S",0.868744806791425,-0.473065122702026,-0.146600990296271,1
"10977",2007-12-01 13:02:31,23,7,0.9465,5.08920556589027,-0.0919788515801011,"S",0.366406867022953,-0.925910216803047,-0.0918492145756212,1
"10978",2007-12-06 12:47:31,23,194,0.9569,3.90552326718771,-0.140149938935145,"S",-0.71504216788213,-0.684982451766918,-0.139691585007133,1
"10977m",2007-12-07 12:47:31,23,6,0.7618,4.08843377279672,-0.108734012399247,"S",-0.580799250333088,-0.806781052755671,-0.108519877105416,1
"10979",2007-12-07 12:47:31,23,2,0.7226,5.74283137076214,0.120776784238008,"N",0.851279871019063,-0.510692019660939,0.120483369194255,1
"10978m",2007-12-12 12:10:31,23,5,0.9317,2.65447125935818,0.449596815313739,"N",-0.795865558144099,0.421566983797101,0.43460245228507,1
"10978a",2007-12-13 12:47:31,23,1,0.8183,2.63021118275545,0.216595360172496,"N",-0.851693186451379,0.477947925582719,0.214905785365291,1
"10978b",2007-12-25 09:35:31,23,2,0.1742,0.765850475775112,-0.19704767255016,"S",0.706844929784798,0.679737006390608,-0.195774991714107,1
"10978c",2007-12-26 06:23:31,23,3,0.6404,0.883136601509131,0.612785100375209,"N",0.519240882236929,0.6321341956803,0.575148037348156,1
"10978u",2007-12-27 10:26:31,23,3,0.726,5.84214060520062,-0.121474915938805,"S",0.897642348970032,-0.42373871295036,-0.121176385829651,1
"10980",2008-01-01 12:47:31,23,35,0.9686,4.15894507457729,-0.119555053761612,"S",-0.521868157568042,-0.844646781865272,-0.119270448985392,1
"10981",2008-01-02 14:23:31,23,3,0.8392,4.37274790794659,0.49567350756639,"N",-0.293053769740004,-0.829398034593432,0.475624209070275,1
"10981m",2008-01-04 09:35:31,23,2,0.3935,5.21050594890387,-0.162490153360672,"S",0.471478718231471,-0.866911947944418,-0.161776057456054,1
"10980a",2008-01-06 10:23:11,23,5,0.7468,3.51614031106778,-0.142418866962737,"S",-0.921250665537721,-0.362147542330249,-0.141937904840344,1
"10980b",2008-01-09 15:59:31,23,11,0.5698,3.00458430730824,-0.121649448864005,"S",-0.983308108383477,0.135570760484787,-0.121349630773584,1
"10980m",2008-01-15 04:47:31,23,2,0.545,1.76609867009306,-0.015707963267949,"S",-0.194039198201835,0.980868018514242,-0.0157073173118207,1
"10980n",2008-01-17 04:47:31,23,3,0.5393,2.35322743046395,0.231605191739647,"N",-0.686181424191096,0.690265436223364,0.229540150410443,1
"10982",2008-01-29 12:33:54,23,3,0.8495,4.31480297678038,-0.159523093632282,"S",-0.38227763103867,-0.910291889850711,-0.158847373536625,1
"10982m",2008-01-29 12:33:54,23,1,0.4672,4.92863527470679,-0.386939495167143,"S",0.198701716284784,-0.904499925199901,-0.377355950342452,1
"10982n",2008-02-02 12:47:32,23,4,0.37,4.0612066364656,-0.238411975822425,"S",-0.588982450454397,-0.772870113841012,-0.236159819165145,1
"10983m",2008-02-09 14:17:23,23,10,0.6726,2.06769156483768,0.0310668606854991,"N",-0.4764685230485,0.878642650442093,0.0310618635640874,1
"10983n",2008-02-13 07:08:45,23,2,0.7206,2.68780704807127,0.173485727648236,"N",-0.885302300051251,0.431790782467308,0.172616794374807,1
"10983",2008-02-24 14:09:32,23,5,0.3448,5.97757815515538,-0.0932005820564972,"S",0.94952551958566,-0.299566454951369,-0.0930657118570127,1
"10984m",2008-02-27 08:15:18,23,2,0.4793,4.49177936293261,-0.164235482612666,"S",-0.215879925452151,-0.962633997443836,-0.163498149078437,1
"10984a",2008-03-03 13:18:50,23,8,0.2339,3.56274060209602,-0.0830776723949301,"S",-0.909472655080119,-0.407398397327842,-0.0829821397423839,1
"10984",2008-03-05 14:23:32,23,12,0.8904,4.4319145695892,-0.142069801112338,"S",-0.274022689652154,-0.951242959441367,-0.141592364444656,1
"10985",2008-03-10 09:59:07,23,24,0.9464,3.47163441514192,-0.186226631187795,"S",-0.929671855350058,-0.31847910928291,-0.185152095101151,1
"10986b",2008-03-14 04:47:32,23,2,0.2943,1.39626340159546,0.167900674041854,"N",0.171206295964199,0.97095915370585,0.16711291409415,1
"10986",2008-03-15 10:22:38,23,8,0.5638,1.6620770466742,-0.089884456477708,"S",-0.090786032997852,0.991816724591436,-0.0897634727115055,1
"10986m",2008-03-17 06:54:16,23,2,0.7855,6.17846555205993,0.410152374218667,"N",0.912036323344063,-0.0958588802995978,0.398749068925246,1
"10987",2008-03-23 12:47:31,23,8,0.8297,4.50294947014537,-0.136135681655558,"S",-0.205988058686462,-0.969097623089342,-0.135715572434304,1
"10988",2008-03-24 05:57:29,23,31,0.9184,4.14777496736452,-0.125140107367993,"S",-0.530905475359289,-0.838189062772784,-0.12481374636477,1
"10989",2008-03-25 11:30:39,23,109,0.9828,3.63621896360499,-0.178198116628621,"S",-0.866208771983071,-0.467185714931928,-0.177256512159984,1
"10987m",2008-03-26 06:05:19,23,3,0.0396,4.86789781673738,-0.155857902203094,"S",0.153005438141023,-0.975957842112331,-0.155227659644524,1
"10988m",2008-03-28 11:41:15,23,2,0.6341,3.72680155178349,0.187273828738992,"N",-0.819021648346869,-0.542715526969352,0.186181084768448,1
"10989m",2008-03-31 10:28:53,23,3,0.6297,3.00720230118623,0.0619591884457987,"N",-0.989081645127151,0.133729085150959,0.0619195531093018,1
"10989n",2008-04-08 05:58:56,23,2,0.4169,1.64741628095745,-0.481536340625236,"S",-0.0678406488669371,0.883684180230236,-0.463141356361239,1
"10990",2008-04-11 08:59:28,23,1,0.944,0.0218166156499291,0.484677933278825,"N",0.884614489019585,0.0193023568160854,0.465923410914243,1
"10991",2008-04-18 11:48:28,23,4,0.7335,4.96249466219548,-0.157777764380287,"S",0.244432050157274,-0.956851625373753,-0.157123963403168,1
"10992",2008-04-22 10:13:44,23,35,0.3243,4.80017904176,0.232128790515246,"N",0.0853257320879332,-0.969431089796146,0.230049737188104,1
"10992m",2008-04-22 10:13:44,23,2,0.5792,4.26261763214575,-0.131946891450771,"S",-0.430980542792796,-0.89271865173226,-0.131564359092282,1
"10992n",2008-04-26 07:59:31,23,4,0.2968,3.76484972947697,0.120951317163207,"N",-0.806049574806257,-0.579418726711536,0.120656628871498,1
"10992o",2008-05-01 06:23:31,23,7,0.707,3.58560441529715,0.185004900711399,"N",-0.887625631983188,-0.422235287552097,0.18395135061272,1
"10993",2008-05-04 13:44:31,23,19,0.6402,1.52053084433746,-0.509287075731945,"S",0.0438679282877898,0.871989565745548,-0.487554922135577,1
"10993m",2008-05-13 17:40:31,23,4,0.5743,0.373674992851986,0.412595835171459,"N",0.852866062284371,0.334406281147828,0.400988676813237,1
"10994",2008-05-16 17:42:31,23,7,0.2005,5.42937023710396,-0.199491133502952,"S",0.644080016498232,-0.738843253172408,-0.198170582048019,1
"10994m",2008-05-16 17:42:31,23,4,0.563,4.96197106341988,-0.124791041517595,"S",0.245078273660561,-0.961480371865694,-0.124467402546069,1
"10995",2008-05-16 17:42:31,23,8,0.4687,5.12917360576094,0.198094870101356,"N",0.396905432421012,-0.896512756430611,0.196801817247394,1
"10996",2008-05-16 17:42:31,23,13,0.8903,4.47292980701107,0.150621914447111,"N",-0.234491933142914,-0.960467396694166,0.150053034552554,1
"10994n",2008-05-20 07:21:16,23,4,0.4712,5.14208904222569,-0.309272343453395,"S",0.396832774103857,-0.865959202665951,-0.30436558398608,1
"10997",2008-05-22 05:27:40,23,5,0.8826,3.21000956026797,-0.141022603561142,"S",-0.987756482410877,-0.0676848841667439,-0.140555639910411,1
"10996m",2008-05-24 08:01:31,23,3,0.1708,3.96713338978311,0.000523598775598299,"N",-0.678159576907411,-0.734914494409458,0.000523598751673703,1
"10997m",2008-06-01 11:26:31,23,2,0.4074,2.25513992650187,-0.260228591472354,"S",-0.610880316130772,0.748746419889525,-0.25730145368145,1
"10997n",2008-06-05 17:35:31,23,12,0.3326,1.20340451925009,-0.205599785884932,"S",0.351617669090353,0.913611523609858,-0.204154350212632,1
"10997o",2008-06-06 04:47:31,23,5,0.5439,1.37566851642193,0.166853476490658,"N",0.191199193744527,0.967398669272132,0.166080351041148,1
"10998",2008-06-10 09:53:51,23,36,0.8732,5.09007823051626,-0.164060949687467,"S",0.363821737468677,-0.917037825502918,-0.163325962241622,1
"10998m",2008-06-14 11:11:31,23,2,0.178,5.34733976226023,-0.0804596785169386,"S",0.591219008918863,-0.802496281255431,-0.0803728938399102,1
"10999",2008-06-15 09:49:18,23,19,0.9852,3.59118946890353,-0.0294960643587042,"S",-0.90023065024116,-0.434413410054053,-0.0294917875278552,1
"10999n",2008-06-17 13:15:13,23,2,0.4002,4.09838214953308,-0.100705497840073,"S",-0.5732279862721,-0.813204965634176,-0.100535365033161,1
"10999m",2008-06-20 13:23:06,23,3,0.8899,4.86074196680421,-0.259181393921158,"S",0.142872591876941,-0.955982834421968,-0.256289373132997,1
"10999a",2008-06-24 15:27:31,23,2,0.5086,3.36272586981747,-0.0883136601509131,"S",-0.97184730069678,-0.218480609800628,-0.0881989074168673,1
"10999o",2008-06-27 08:23:31,23,5,0.3822,2.33507600624321,0.417308224151844,"N",-0.632630512696857,0.659931522064268,0.405301148025575,1
"10999p",2008-06-28 17:35:31,23,3,0.2302,2.12197130457471,-0.0242600766027212,"S",-0.523534464027426,0.851659103816722,-0.0242576969560779,1
"11000o",2008-07-17 06:51:37,23,1,0.7253,3.29570522654089,-0.475253155318056,"S",-0.878638517630975,-0.136491546758307,-0.457563561703473,1
"11000",2008-07-18 12:43:50,23,8,0.5689,3.09743582351434,-0.229859862487653,"S",-0.972749216890912,0.0429814609598184,-0.227841074110612,1
"11000m",2008-07-18 12:43:50,23,3,0.3248,3.92245296093206,-0.0408407044966673,"S",-0.709715936908821,-0.703303812668928,-0.04082935197851,1
"11000r",2008-07-28 06:02:02,23,1,0.6206,1.66940742953258,-0.505796417227957,"S",-0.0861241573340688,0.870539040868854,-0.484504290844398,1
"11000b",2008-08-21 12:38:39,23,4,0.8099,1.10304808726042,0.238411975822425,"N",0.438124121121673,0.867338339002288,0.236159819165145,1
"11001m",2008-09-02 10:46:13,23,1,0.4194,5.86884414275613,-0.201760061530544,"S",0.896813595543481,-0.394420612730424,-0.200393999664986,1
"11001n",2008-09-07 15:59:32,23,2,0.2719,4.53087473817728,-0.108035880698449,"S",-0.179466682218327,-0.977837050726513,-0.107825841986148,1
"11001",2008-09-11 13:18:43,23,3,0.3219,3.16131487413733,0.10471975511966,"N",-0.994328484044112,-0.0196129086430568,0.104528463267653,1
"11002",2008-09-22 10:48:35,23,29,0.4424,1.31248759749974,0.44924774946334,"N",0.230098910085788,0.870889419973276,0.434288049289805,1
"11002a",2008-09-29 09:58:44,23,2,0.5025,6.15804519981159,-0.039095375244673,"S",0.991422038121266,-0.12471837283018,-0.0390854167953535,1
"11002b",2008-09-30 05:51:21,23,2,0.397,5.17367950168679,0.411199571769864,"N",0.408001124391535,-0.820833505277651,0.399709193175298,1
"11003",2008-10-04 09:19:58,23,5,0.7165,3.86834775412023,-0.369835268497598,"S",-0.696804806621307,-0.619522717302226,-0.361461843374802,1
"11004",2008-10-09 10:56:40,23,1,0.2538,3.27755380232015,-0.137531945057153,"S",-0.981416033409098,-0.134262774502517,-0.137098784642454,1
"11004m",2008-10-11 11:00:33,23,1,0.5796,3.48961130643746,0.267035375555132,"N",-0.90673245985084,-0.328948719035074,0.263873049965373,1
"11005",2008-10-11 11:00:33,23,69,0.7559,2.06891329531408,0.465653844432087,"N",-0.426902899102799,0.784950008417206,0.449007125804762,1
"11006",2008-10-16 10:46:37,23,8,0.89,2.71398698685118,-0.439648438577372,"S",-0.823425183546375,0.375256475608821,-0.425621362968619,1
"11006m",2008-10-16 10:46:37,23,2,0.9088,2.88049139749144,0.318697121414165,"N",-0.91745747173801,0.245145624507127,0.313329555479706,1
"11005m",2008-10-17 09:35:31,23,2,0.4529,1.88076680194909,-0.200712863979348,"S",-0.298906941043932,0.933224017758855,-0.199367934417197,1
"11005n",2008-10-19 12:47:31,23,3,0.4759,0.871966494296367,0.567755605673755,"N",0.542391425164264,0.645481227732122,0.537741133403156,1
"11006n",2008-10-21 07:06:33,23,3,0.4051,0.277507351067098,0.34173546754049,"N",0.906128127912399,0.258117387173973,0.335122709234173,1
"11006o",2008-10-23 07:00:37,23,2,0.8063,0.904080552533063,-0.511381470834338,"S",0.539294959405378,0.685321649067239,-0.489382451748846,1
"11006p",2008-10-24 09:35:31,23,3,0.6072,5.80374336165674,-0.441044701978967,"S",0.802347911895811,-0.417142077884268,-0.426884428311489,1
"11007",2008-10-30 14:50:31,23,4,0.6048,4.38531427856095,0.626573201465964,"N",-0.260245471837909,-0.767098268570579,0.586372356735789,1
"11007n",2008-11-03 06:58:07,23,1,0.3171,3.83291757030475,0.383797902513553,"N",-0.71435463589531,-0.591175585749962,0.374444763600814,1
"11008",2008-11-11 10:58:11,23,106,0.5011,2.09596589871999,0.574213323906134,"N",-0.420951590360236,0.726471799517349,0.543174449950671,1
"11008m",2008-11-11 10:58:11,23,1,0.3436,2.35497275971595,-0.0776671517137477,"S",-0.70411333752019,0.705835916350871,-0.077589091471066,1
"11008a",2008-11-20 08:17:34,23,1,0.1173,0.104370689269261,0.0363028484414821,"N",0.993903031449059,0.104112660711105,0.0362948750655758,1
"11008n",2008-11-27 05:20:31,23,2,0.2166,4.5849799449891,-0.168773338667852,"S",-0.125259218073124,-0.977801164757874,-0.167973243362908,1
